"Nome","Pasta","CaminhoCompleto","Extensao","TamanhoBytes","ModificadoEm"
"metadata.json","C:\pdf_tts_env\Lib\site-packages\pypiwin32-223.dist-info","C:\pdf_tts_env\Lib\site-packages\pypiwin32-223.dist-info\metadata.json",".json","321","12/02/2026 10:26:40"
"importlib.metadata.html","C:\Python313\Doc\html\library","C:\Python313\Doc\html\library\importlib.metadata.html",".html","84487","03/12/2024 20:57:42"
"metadata.json","C:\Python313\Lib\site-packages\text_unidecode-1.3.dist-info","C:\Python313\Lib\site-packages\text_unidecode-1.3.dist-info\metadata.json",".json","1299","31/01/2026 08:43:56"
"metadata.json","C:\Python313\Lib\site-packages\webencodings-0.5.1.dist-info","C:\Python313\Lib\site-packages\webencodings-0.5.1.dist-info\metadata.json",".json","1092","31/01/2026 08:43:56"
"V.10_Projeto de Tese de Doutorado_David Lopes Maciel.docx","C:\RECUPERACAO_TESE\discos\G\001_TESE_V7_09-12-2025","C:\RECUPERACAO_TESE\discos\G\001_TESE_V7_09-12-2025\V.10_Projeto de Tese de Doutorado_David Lopes Maciel.docx",".docx","372924","23/12/2025 16:37:36"
"V.11_Projeto de Tese de Doutorado_David Lopes Maciel.docx","C:\RECUPERACAO_TESE\discos\G\001_TESE_V7_09-12-2025","C:\RECUPERACAO_TESE\discos\G\001_TESE_V7_09-12-2025\V.11_Projeto de Tese de Doutorado_David Lopes Maciel.docx",".docx","377871","26/12/2025 10:43:58"
"V.7_Projeto de Tese de Doutorado_David Lopes Maciel.docx","C:\RECUPERACAO_TESE\discos\G\001_TESE_V7_09-12-2025","C:\RECUPERACAO_TESE\discos\G\001_TESE_V7_09-12-2025\V.7_Projeto de Tese de Doutorado_David Lopes Maciel.docx",".docx","209067","19/12/2025 06:08:25"
"V.8_Projeto de Tese de Doutorado_David Lopes Maciel.docx","C:\RECUPERACAO_TESE\discos\G\001_TESE_V7_09-12-2025","C:\RECUPERACAO_TESE\discos\G\001_TESE_V7_09-12-2025\V.8_Projeto de Tese de Doutorado_David Lopes Maciel.docx",".docx","217338","19/12/2025 08:35:36"
"V.9_Projeto de Tese de Doutorado_David Lopes Maciel.docx","C:\RECUPERACAO_TESE\discos\G\001_TESE_V7_09-12-2025","C:\RECUPERACAO_TESE\discos\G\001_TESE_V7_09-12-2025\V.9_Projeto de Tese de Doutorado_David Lopes Maciel.docx",".docx","364367","20/12/2025 17:20:35"
"base_bibliometrica_unificada.xlsx","C:\RECUPERACAO_TESE\github\Capitulo_01_Estudo-Bibliom-trico_Enzimas-Microbianas-na-Ind.-Bioquimica-e-suas-tend-ncias\Arquivos","C:\RECUPERACAO_TESE\github\Capitulo_01_Estudo-Bibliom-trico_Enzimas-Microbianas-na-Ind.-Bioquimica-e-suas-tend-ncias\Arquivos\base_bibliometrica_unificada.xlsx",".xlsx","1608355","19/01/2026 08:05:08"
"comparativo_variaveis_bases.xlsx","C:\RECUPERACAO_TESE\github\Capitulo_01_Estudo-Bibliom-trico_Enzimas-Microbianas-na-Ind.-Bioquimica-e-suas-tend-ncias\Arquivos","C:\RECUPERACAO_TESE\github\Capitulo_01_Estudo-Bibliom-trico_Enzimas-Microbianas-na-Ind.-Bioquimica-e-suas-tend-ncias\Arquivos\comparativo_variaveis_bases.xlsx",".xlsx","7378","19/01/2026 08:05:08"
"artigos_sem_doi.xlsx","C:\RECUPERACAO_TESE\github\Capitulo_01_Estudo-Bibliom-trico_Enzimas-Microbianas-na-Ind.-Bioquimica-e-suas-tend-ncias\Arquivos\Priemira tentativa","C:\RECUPERACAO_TESE\github\Capitulo_01_Estudo-Bibliom-trico_Enzimas-Microbianas-na-Ind.-Bioquimica-e-suas-tend-ncias\Arquivos\Priemira tentativa\artigos_sem_doi.xlsx",".xlsx","8590","19/01/2026 08:05:08"
"artigos_sem_doi_com_dois_final.xlsx","C:\RECUPERACAO_TESE\github\Capitulo_01_Estudo-Bibliom-trico_Enzimas-Microbianas-na-Ind.-Bioquimica-e-suas-tend-ncias\Arquivos\Priemira tentativa","C:\RECUPERACAO_TESE\github\Capitulo_01_Estudo-Bibliom-trico_Enzimas-Microbianas-na-Ind.-Bioquimica-e-suas-tend-ncias\Arquivos\Priemira tentativa\artigos_sem_doi_com_dois_final.xlsx",".xlsx","11055","19/01/2026 08:05:08"
"base_bibliometrica_unificada.xlsx","C:\RECUPERACAO_TESE\github\Capitulo_01_Estudo-Bibliom-trico_Enzimas-Microbianas-na-Ind.-Bioquimica-e-suas-tend-ncias\Arquivos\Priemira tentativa","C:\RECUPERACAO_TESE\github\Capitulo_01_Estudo-Bibliom-trico_Enzimas-Microbianas-na-Ind.-Bioquimica-e-suas-tend-ncias\Arquivos\Priemira tentativa\base_bibliometrica_unificada.xlsx",".xlsx","876294","19/01/2026 08:05:08"
"base_bibliometrica_unificada_SANITIZADA.xlsx","C:\RECUPERACAO_TESE\github\Capitulo_01_Estudo-Bibliom-trico_Enzimas-Microbianas-na-Ind.-Bioquimica-e-suas-tend-ncias\Arquivos\Priemira tentativa","C:\RECUPERACAO_TESE\github\Capitulo_01_Estudo-Bibliom-trico_Enzimas-Microbianas-na-Ind.-Bioquimica-e-suas-tend-ncias\Arquivos\Priemira tentativa\base_bibliometrica_unificada_SANITIZADA.xlsx",".xlsx","775507","19/01/2026 08:05:08"
"base_bibliometrica_unificadaa.xlsx","C:\RECUPERACAO_TESE\github\Capitulo_01_Estudo-Bibliom-trico_Enzimas-Microbianas-na-Ind.-Bioquimica-e-suas-tend-ncias\Arquivos\Priemira tentativa","C:\RECUPERACAO_TESE\github\Capitulo_01_Estudo-Bibliom-trico_Enzimas-Microbianas-na-Ind.-Bioquimica-e-suas-tend-ncias\Arquivos\Priemira tentativa\base_bibliometrica_unificadaa.xlsx",".xlsx","846343","19/01/2026 08:05:08"
"pubmed_bibdata.xlsx","C:\RECUPERACAO_TESE\github\Capitulo_01_Estudo-Bibliom-trico_Enzimas-Microbianas-na-Ind.-Bioquimica-e-suas-tend-ncias\Arquivos\Priemira tentativa","C:\RECUPERACAO_TESE\github\Capitulo_01_Estudo-Bibliom-trico_Enzimas-Microbianas-na-Ind.-Bioquimica-e-suas-tend-ncias\Arquivos\Priemira tentativa\pubmed_bibdata.xlsx",".xlsx","16690","19/01/2026 08:05:08"
"pubmed_bibdata_tratada.xlsx","C:\RECUPERACAO_TESE\github\Capitulo_01_Estudo-Bibliom-trico_Enzimas-Microbianas-na-Ind.-Bioquimica-e-suas-tend-ncias\Arquivos\Priemira tentativa","C:\RECUPERACAO_TESE\github\Capitulo_01_Estudo-Bibliom-trico_Enzimas-Microbianas-na-Ind.-Bioquimica-e-suas-tend-ncias\Arquivos\Priemira tentativa\pubmed_bibdata_tratada.xlsx",".xlsx","59527","19/01/2026 08:05:08"
"scopus_bibdata.xlsx","C:\RECUPERACAO_TESE\github\Capitulo_01_Estudo-Bibliom-trico_Enzimas-Microbianas-na-Ind.-Bioquimica-e-suas-tend-ncias\Arquivos\Priemira tentativa","C:\RECUPERACAO_TESE\github\Capitulo_01_Estudo-Bibliom-trico_Enzimas-Microbianas-na-Ind.-Bioquimica-e-suas-tend-ncias\Arquivos\Priemira tentativa\scopus_bibdata.xlsx",".xlsx","820169","19/01/2026 08:05:08"
"scopus_bibdata_tratada.xlsx","C:\RECUPERACAO_TESE\github\Capitulo_01_Estudo-Bibliom-trico_Enzimas-Microbianas-na-Ind.-Bioquimica-e-suas-tend-ncias\Arquivos\Priemira tentativa","C:\RECUPERACAO_TESE\github\Capitulo_01_Estudo-Bibliom-trico_Enzimas-Microbianas-na-Ind.-Bioquimica-e-suas-tend-ncias\Arquivos\Priemira tentativa\scopus_bibdata_tratada.xlsx",".xlsx","897629","19/01/2026 08:05:08"
"wos_bibdata.xlsx","C:\RECUPERACAO_TESE\github\Capitulo_01_Estudo-Bibliom-trico_Enzimas-Microbianas-na-Ind.-Bioquimica-e-suas-tend-ncias\Arquivos\Priemira tentativa","C:\RECUPERACAO_TESE\github\Capitulo_01_Estudo-Bibliom-trico_Enzimas-Microbianas-na-Ind.-Bioquimica-e-suas-tend-ncias\Arquivos\Priemira tentativa\wos_bibdata.xlsx",".xlsx","276654","19/01/2026 08:05:08"
"wos_bibdata_tratada.xlsx","C:\RECUPERACAO_TESE\github\Capitulo_01_Estudo-Bibliom-trico_Enzimas-Microbianas-na-Ind.-Bioquimica-e-suas-tend-ncias\Arquivos\Priemira tentativa","C:\RECUPERACAO_TESE\github\Capitulo_01_Estudo-Bibliom-trico_Enzimas-Microbianas-na-Ind.-Bioquimica-e-suas-tend-ncias\Arquivos\Priemira tentativa\wos_bibdata_tratada.xlsx",".xlsx","355114","19/01/2026 08:05:08"
"pubmed-enzimasmic-set.bib","C:\RECUPERACAO_TESE\github\Capitulo_01_Estudo-Bibliom-trico_Enzimas-Microbianas-na-Ind.-Bioquimica-e-suas-tend-ncias\Arquivos","C:\RECUPERACAO_TESE\github\Capitulo_01_Estudo-Bibliom-trico_Enzimas-Microbianas-na-Ind.-Bioquimica-e-suas-tend-ncias\Arquivos\pubmed-enzimasmic-set.bib",".bib","265962","19/01/2026 08:05:08"
"savedrecs.bib","C:\RECUPERACAO_TESE\github\Capitulo_01_Estudo-Bibliom-trico_Enzimas-Microbianas-na-Ind.-Bioquimica-e-suas-tend-ncias\Arquivos","C:\RECUPERACAO_TESE\github\Capitulo_01_Estudo-Bibliom-trico_Enzimas-Microbianas-na-Ind.-Bioquimica-e-suas-tend-ncias\Arquivos\savedrecs.bib",".bib","1202712","19/01/2026 08:05:08"
"scopus.bib","C:\RECUPERACAO_TESE\github\Capitulo_01_Estudo-Bibliom-trico_Enzimas-Microbianas-na-Ind.-Bioquimica-e-suas-tend-ncias\Arquivos","C:\RECUPERACAO_TESE\github\Capitulo_01_Estudo-Bibliom-trico_Enzimas-Microbianas-na-Ind.-Bioquimica-e-suas-tend-ncias\Arquivos\scopus.bib",".bib","462458","19/01/2026 08:05:08"
"scopus.csv","C:\RECUPERACAO_TESE\github\Capitulo_01_Estudo-Bibliom-trico_Enzimas-Microbianas-na-Ind.-Bioquimica-e-suas-tend-ncias\Arquivos","C:\RECUPERACAO_TESE\github\Capitulo_01_Estudo-Bibliom-trico_Enzimas-Microbianas-na-Ind.-Bioquimica-e-suas-tend-ncias\Arquivos\scopus.csv",".csv","2819416","19/01/2026 08:05:08"
"~$TUDO BIBLIOMÉTRICO ENZIMAS MICROBIANAS NA BIOTECNOLOGIA INDUSTRIAL E SUAS TENDÊNCIAS.docx","C:\RECUPERACAO_TESE\github\Capitulo_01_Estudo-Bibliom-trico_Enzimas-Microbianas-na-Ind.-Bioquimica-e-suas-tend-ncias\Capitulo-Texto","C:\RECUPERACAO_TESE\github\Capitulo_01_Estudo-Bibliom-trico_Enzimas-Microbianas-na-Ind.-Bioquimica-e-suas-tend-ncias\Capitulo-Texto\~$TUDO BIBLIOMÉTRICO ENZIMAS MICROBIANAS NA BIOTECNOLOGIA INDUSTRIAL E SUAS TENDÊNCIAS.docx",".docx","162","19/01/2026 08:05:08"
"ESTUDO BIBLIOMÉTRICO ENZIMAS MICROBIANAS NA BIOTECNOLOGIA INDUSTRIAL E SUAS TENDÊNCIAS.docx","C:\RECUPERACAO_TESE\github\Capitulo_01_Estudo-Bibliom-trico_Enzimas-Microbianas-na-Ind.-Bioquimica-e-suas-tend-ncias\Capitulo-Texto","C:\RECUPERACAO_TESE\github\Capitulo_01_Estudo-Bibliom-trico_Enzimas-Microbianas-na-Ind.-Bioquimica-e-suas-tend-ncias\Capitulo-Texto\ESTUDO BIBLIOMÉTRICO ENZIMAS MICROBIANAS NA BIOTECNOLOGIA INDUSTRIAL E SUAS TENDÊNCIAS.docx",".docx","159553","19/01/2026 08:05:08"
"modelo em Inglês.docx","C:\RECUPERACAO_TESE\github\Capitulo_01_Estudo-Bibliom-trico_Enzimas-Microbianas-na-Ind.-Bioquimica-e-suas-tend-ncias\Capitulo-Texto","C:\RECUPERACAO_TESE\github\Capitulo_01_Estudo-Bibliom-trico_Enzimas-Microbianas-na-Ind.-Bioquimica-e-suas-tend-ncias\Capitulo-Texto\modelo em Inglês.docx",".docx","49672","19/01/2026 08:05:08"
"pubmed_bibdata.xlsx","C:\RECUPERACAO_TESE\github\Capitulo_01_Estudo-Bibliom-trico_Enzimas-Microbianas-na-Ind.-Bioquimica-e-suas-tend-ncias\data\processed","C:\RECUPERACAO_TESE\github\Capitulo_01_Estudo-Bibliom-trico_Enzimas-Microbianas-na-Ind.-Bioquimica-e-suas-tend-ncias\data\processed\pubmed_bibdata.xlsx",".xlsx","15525","19/01/2026 08:05:08"
"pubmed_bibdata_tratada.xlsx","C:\RECUPERACAO_TESE\github\Capitulo_01_Estudo-Bibliom-trico_Enzimas-Microbianas-na-Ind.-Bioquimica-e-suas-tend-ncias\data\processed","C:\RECUPERACAO_TESE\github\Capitulo_01_Estudo-Bibliom-trico_Enzimas-Microbianas-na-Ind.-Bioquimica-e-suas-tend-ncias\data\processed\pubmed_bibdata_tratada.xlsx",".xlsx","59527","19/01/2026 08:05:08"
"BiblioshinyReport-01_2025-08-22.xlsx","C:\RECUPERACAO_TESE\github\Capitulo_01_Estudo-Bibliom-trico_Enzimas-Microbianas-na-Ind.-Bioquimica-e-suas-tend-ncias\Figuras","C:\RECUPERACAO_TESE\github\Capitulo_01_Estudo-Bibliom-trico_Enzimas-Microbianas-na-Ind.-Bioquimica-e-suas-tend-ncias\Figuras\BiblioshinyReport-01_2025-08-22.xlsx",".xlsx","11139774","19/01/2026 08:05:08"
"BiblioshinyReport-02_2025-08-22 .xlsx","C:\RECUPERACAO_TESE\github\Capitulo_01_Estudo-Bibliom-trico_Enzimas-Microbianas-na-Ind.-Bioquimica-e-suas-tend-ncias\Figuras","C:\RECUPERACAO_TESE\github\Capitulo_01_Estudo-Bibliom-trico_Enzimas-Microbianas-na-Ind.-Bioquimica-e-suas-tend-ncias\Figuras\BiblioshinyReport-02_2025-08-22 .xlsx",".xlsx","10674904","19/01/2026 08:05:08"
"tallFile-2025-08-22.csv","C:\RECUPERACAO_TESE\github\Capitulo_01_Estudo-Bibliom-trico_Enzimas-Microbianas-na-Ind.-Bioquimica-e-suas-tend-ncias\Figuras","C:\RECUPERACAO_TESE\github\Capitulo_01_Estudo-Bibliom-trico_Enzimas-Microbianas-na-Ind.-Bioquimica-e-suas-tend-ncias\Figuras\tallFile-2025-08-22.csv",".csv","484838","19/01/2026 08:05:08"
"Abstracts Guidelines  - .docx","C:\RECUPERACAO_TESE\github\Capitulo_01_Estudo-Bibliom-trico_Enzimas-Microbianas-na-Ind.-Bioquimica-e-suas-tend-ncias\Orientações","C:\RECUPERACAO_TESE\github\Capitulo_01_Estudo-Bibliom-trico_Enzimas-Microbianas-na-Ind.-Bioquimica-e-suas-tend-ncias\Orientações\Abstracts Guidelines  - .docx",".docx","7705","19/01/2026 08:05:08"
"Guidelines for Editors - .docx","C:\RECUPERACAO_TESE\github\Capitulo_01_Estudo-Bibliom-trico_Enzimas-Microbianas-na-Ind.-Bioquimica-e-suas-tend-ncias\Orientações","C:\RECUPERACAO_TESE\github\Capitulo_01_Estudo-Bibliom-trico_Enzimas-Microbianas-na-Ind.-Bioquimica-e-suas-tend-ncias\Orientações\Guidelines for Editors - .docx",".docx","16427","19/01/2026 08:05:08"
"how-to-write-a-successful-book-proposal.pdf","C:\RECUPERACAO_TESE\github\Capitulo_01_Estudo-Bibliom-trico_Enzimas-Microbianas-na-Ind.-Bioquimica-e-suas-tend-ncias\Orientações","C:\RECUPERACAO_TESE\github\Capitulo_01_Estudo-Bibliom-trico_Enzimas-Microbianas-na-Ind.-Bioquimica-e-suas-tend-ncias\Orientações\how-to-write-a-successful-book-proposal.pdf",".pdf","3446840","19/01/2026 08:05:08"
"Manuscript Guidelines (blank) REVISED - Copia.docx","C:\RECUPERACAO_TESE\github\Capitulo_01_Estudo-Bibliom-trico_Enzimas-Microbianas-na-Ind.-Bioquimica-e-suas-tend-ncias\Orientações","C:\RECUPERACAO_TESE\github\Capitulo_01_Estudo-Bibliom-trico_Enzimas-Microbianas-na-Ind.-Bioquimica-e-suas-tend-ncias\Orientações\Manuscript Guidelines (blank) REVISED - Copia.docx",".docx","110569","19/01/2026 08:05:08"
"Manuscript Guidelines (blank) REVISED.docx","C:\RECUPERACAO_TESE\github\Capitulo_01_Estudo-Bibliom-trico_Enzimas-Microbianas-na-Ind.-Bioquimica-e-suas-tend-ncias\Orientações","C:\RECUPERACAO_TESE\github\Capitulo_01_Estudo-Bibliom-trico_Enzimas-Microbianas-na-Ind.-Bioquimica-e-suas-tend-ncias\Orientações\Manuscript Guidelines (blank) REVISED.docx",".docx","109179","19/01/2026 08:05:08"
"Overview of the book publishing process.pdf","C:\RECUPERACAO_TESE\github\Capitulo_01_Estudo-Bibliom-trico_Enzimas-Microbianas-na-Ind.-Bioquimica-e-suas-tend-ncias\Orientações","C:\RECUPERACAO_TESE\github\Capitulo_01_Estudo-Bibliom-trico_Enzimas-Microbianas-na-Ind.-Bioquimica-e-suas-tend-ncias\Orientações\Overview of the book publishing process.pdf",".pdf","70084","19/01/2026 08:05:08"
"Products customers and readers.pdf","C:\RECUPERACAO_TESE\github\Capitulo_01_Estudo-Bibliom-trico_Enzimas-Microbianas-na-Ind.-Bioquimica-e-suas-tend-ncias\Orientações","C:\RECUPERACAO_TESE\github\Capitulo_01_Estudo-Bibliom-trico_Enzimas-Microbianas-na-Ind.-Bioquimica-e-suas-tend-ncias\Orientações\Products customers and readers.pdf",".pdf","86475","19/01/2026 08:05:08"
"Proposal guidelines.pdf","C:\RECUPERACAO_TESE\github\Capitulo_01_Estudo-Bibliom-trico_Enzimas-Microbianas-na-Ind.-Bioquimica-e-suas-tend-ncias\Orientações","C:\RECUPERACAO_TESE\github\Capitulo_01_Estudo-Bibliom-trico_Enzimas-Microbianas-na-Ind.-Bioquimica-e-suas-tend-ncias\Orientações\Proposal guidelines.pdf",".pdf","88318","19/01/2026 08:05:08"
"README.md","C:\RECUPERACAO_TESE\github\Capitulo_01_Estudo-Bibliom-trico_Enzimas-Microbianas-na-Ind.-Bioquimica-e-suas-tend-ncias","C:\RECUPERACAO_TESE\github\Capitulo_01_Estudo-Bibliom-trico_Enzimas-Microbianas-na-Ind.-Bioquimica-e-suas-tend-ncias\README.md",".md","2230","19/01/2026 08:05:08"
"settings.json","C:\RECUPERACAO_TESE\github\Capitulo_01_Estudo-Bibliom-trico_Enzimas-Microbianas-na-Ind.-Bioquimica-e-suas-tend-ncias\renv","C:\RECUPERACAO_TESE\github\Capitulo_01_Estudo-Bibliom-trico_Enzimas-Microbianas-na-Ind.-Bioquimica-e-suas-tend-ncias\renv\settings.json",".json","431","19/01/2026 08:05:08"
"scripts_bibliometria.zip","C:\RECUPERACAO_TESE\github\Capitulo_01_Estudo-Bibliom-trico_Enzimas-Microbianas-na-Ind.-Bioquimica-e-suas-tend-ncias\Scripts","C:\RECUPERACAO_TESE\github\Capitulo_01_Estudo-Bibliom-trico_Enzimas-Microbianas-na-Ind.-Bioquimica-e-suas-tend-ncias\Scripts\scripts_bibliometria.zip",".zip","2249","19/01/2026 08:05:08"
"settings.json","C:\RECUPERACAO_TESE\github\Capitulo_01_Estudo-Bibliom-trico_Enzimas-Microbianas-na-Ind.-Bioquimica-e-suas-tend-ncias\Scripts\scripts_bibliometria\renv","C:\RECUPERACAO_TESE\github\Capitulo_01_Estudo-Bibliom-trico_Enzimas-Microbianas-na-Ind.-Bioquimica-e-suas-tend-ncias\Scripts\scripts_bibliometria\renv\settings.json",".json","431","19/01/2026 08:05:08"
"NASA_NTRS_EO1_HYPERION_OVERVIEW_20260429.pdf","C:\RECUPERACAO_TESE\github\PROJETO_2025_TESE\00_FONTES_TECNICAS\HYPERION_EO1","C:\RECUPERACAO_TESE\github\PROJETO_2025_TESE\00_FONTES_TECNICAS\HYPERION_EO1\NASA_NTRS_EO1_HYPERION_OVERVIEW_20260429.pdf",".pdf","785499","29/04/2026 00:34:29"
"USGS_EO1_USER_GUIDE_V23_20260429.pdf","C:\RECUPERACAO_TESE\github\PROJETO_2025_TESE\00_FONTES_TECNICAS\HYPERION_EO1","C:\RECUPERACAO_TESE\github\PROJETO_2025_TESE\00_FONTES_TECNICAS\HYPERION_EO1\USGS_EO1_USER_GUIDE_V23_20260429.pdf",".pdf","4856382","29/04/2026 00:34:22"
"MANIFESTO_FONTES_TECNICAS_OFICIAIS.md","C:\RECUPERACAO_TESE\github\PROJETO_2025_TESE\00_FONTES_TECNICAS","C:\RECUPERACAO_TESE\github\PROJETO_2025_TESE\00_FONTES_TECNICAS\MANIFESTO_FONTES_TECNICAS_OFICIAIS.md",".md","2088","29/04/2026 00:34:29"
"MAPBIOMAS_COLECAO_9_CODIGOS_LEGENDA_20260429.pdf","C:\RECUPERACAO_TESE\github\PROJETO_2025_TESE\00_FONTES_TECNICAS\MAPBIOMAS","C:\RECUPERACAO_TESE\github\PROJETO_2025_TESE\00_FONTES_TECNICAS\MAPBIOMAS\MAPBIOMAS_COLECAO_9_CODIGOS_LEGENDA_20260429.pdf",".pdf","76899","29/04/2026 00:29:13"
"MAPBIOMAS_COLECAO_9_DESCRICAO_DETALHADA_20260429.pdf","C:\RECUPERACAO_TESE\github\PROJETO_2025_TESE\00_FONTES_TECNICAS\MAPBIOMAS","C:\RECUPERACAO_TESE\github\PROJETO_2025_TESE\00_FONTES_TECNICAS\MAPBIOMAS\MAPBIOMAS_COLECAO_9_DESCRICAO_DETALHADA_20260429.pdf",".pdf","93095","29/04/2026 00:29:14"
"MAPBIOMAS_COLECAO_9_PAGE_20260429.html","C:\RECUPERACAO_TESE\github\PROJETO_2025_TESE\00_FONTES_TECNICAS\MAPBIOMAS","C:\RECUPERACAO_TESE\github\PROJETO_2025_TESE\00_FONTES_TECNICAS\MAPBIOMAS\MAPBIOMAS_COLECAO_9_PAGE_20260429.html",".html","159525","29/04/2026 00:29:12"
"MAPBIOMAS_COMO_CITAR_DADOS_20260429.html","C:\RECUPERACAO_TESE\github\PROJETO_2025_TESE\00_FONTES_TECNICAS\NORMAS_USO_E_CITACAO","C:\RECUPERACAO_TESE\github\PROJETO_2025_TESE\00_FONTES_TECNICAS\NORMAS_USO_E_CITACAO\MAPBIOMAS_COMO_CITAR_DADOS_20260429.html",".html","135982","29/04/2026 00:29:13"
"MAPBIOMAS_TERMOS_DE_USO_20260429.html","C:\RECUPERACAO_TESE\github\PROJETO_2025_TESE\00_FONTES_TECNICAS\NORMAS_USO_E_CITACAO","C:\RECUPERACAO_TESE\github\PROJETO_2025_TESE\00_FONTES_TECNICAS\NORMAS_USO_E_CITACAO\MAPBIOMAS_TERMOS_DE_USO_20260429.html",".html","137408","29/04/2026 00:29:13"
"README_FONTES_TECNICAS.md","C:\RECUPERACAO_TESE\github\PROJETO_2025_TESE\00_FONTES_TECNICAS","C:\RECUPERACAO_TESE\github\PROJETO_2025_TESE\00_FONTES_TECNICAS\README_FONTES_TECNICAS.md",".md","986","29/04/2026 00:24:44"
"MOD17_GPP_REFERENCIA_CENA_20151229_20260402_021219.csv","C:\RECUPERACAO_TESE\github\PROJETO_2025_TESE\dados_validacao_externa\01_MOD17A2HGF_061","C:\RECUPERACAO_TESE\github\PROJETO_2025_TESE\dados_validacao_externa\01_MOD17A2HGF_061\MOD17_GPP_REFERENCIA_CENA_20151229_20260402_021219.csv",".csv","460","02/04/2026 02:12:19"
"MOD17_GPP_RESUMO_20260402_021032.csv","C:\RECUPERACAO_TESE\github\PROJETO_2025_TESE\dados_validacao_externa\01_MOD17A2HGF_061","C:\RECUPERACAO_TESE\github\PROJETO_2025_TESE\dados_validacao_externa\01_MOD17A2HGF_061\MOD17_GPP_RESUMO_20260402_021032.csv",".csv","858","02/04/2026 02:10:32"
"MOD17-GPP-POINT-HYPERION-CENTROID-2015-MOD17A2HGF-061-results.csv","C:\RECUPERACAO_TESE\github\PROJETO_2025_TESE\dados_validacao_externa\01_MOD17A2HGF_061","C:\RECUPERACAO_TESE\github\PROJETO_2025_TESE\dados_validacao_externa\01_MOD17A2HGF_061\MOD17-GPP-POINT-HYPERION-CENTROID-2015-MOD17A2HGF-061-results.csv",".csv","1534","02/04/2026 02:08:40"
"FLX_AA-Flx_BIF_DD_20200501.xlsx","C:\RECUPERACAO_TESE\github\PROJETO_2025_TESE\dados_validacao_externa\02_FLUXNET2015_SUBSET\BIF_ALL","C:\RECUPERACAO_TESE\github\PROJETO_2025_TESE\dados_validacao_externa\02_FLUXNET2015_SUBSET\BIF_ALL\FLX_AA-Flx_BIF_DD_20200501.xlsx",".xlsx","12687140","06/05/2020 17:45:26"
"FLX_AA-Flx_BIF_HH_20200501.xlsx","C:\RECUPERACAO_TESE\github\PROJETO_2025_TESE\dados_validacao_externa\02_FLUXNET2015_SUBSET\BIF_ALL","C:\RECUPERACAO_TESE\github\PROJETO_2025_TESE\dados_validacao_externa\02_FLUXNET2015_SUBSET\BIF_ALL\FLX_AA-Flx_BIF_HH_20200501.xlsx",".xlsx","8954748","06/05/2020 17:45:26"
"FLX_AA-Flx_BIF_MM_20200501.xlsx","C:\RECUPERACAO_TESE\github\PROJETO_2025_TESE\dados_validacao_externa\02_FLUXNET2015_SUBSET\BIF_ALL","C:\RECUPERACAO_TESE\github\PROJETO_2025_TESE\dados_validacao_externa\02_FLUXNET2015_SUBSET\BIF_ALL\FLX_AA-Flx_BIF_MM_20200501.xlsx",".xlsx","12414906","06/05/2020 17:45:28"
"FLX_AA-Flx_BIF_WW_20200501.xlsx","C:\RECUPERACAO_TESE\github\PROJETO_2025_TESE\dados_validacao_externa\02_FLUXNET2015_SUBSET\BIF_ALL","C:\RECUPERACAO_TESE\github\PROJETO_2025_TESE\dados_validacao_externa\02_FLUXNET2015_SUBSET\BIF_ALL\FLX_AA-Flx_BIF_WW_20200501.xlsx",".xlsx","12416597","06/05/2020 17:45:28"
"FLX_AA-Flx_BIF_YY_20200501.xlsx","C:\RECUPERACAO_TESE\github\PROJETO_2025_TESE\dados_validacao_externa\02_FLUXNET2015_SUBSET\BIF_ALL","C:\RECUPERACAO_TESE\github\PROJETO_2025_TESE\dados_validacao_externa\02_FLUXNET2015_SUBSET\BIF_ALL\FLX_AA-Flx_BIF_YY_20200501.xlsx",".xlsx","11471816","06/05/2020 17:45:28"
"FLX_AA-Flx_BIF_ALL_20200501.zip","C:\RECUPERACAO_TESE\github\PROJETO_2025_TESE\dados_validacao_externa\02_FLUXNET2015_SUBSET","C:\RECUPERACAO_TESE\github\PROJETO_2025_TESE\dados_validacao_externa\02_FLUXNET2015_SUBSET\FLX_AA-Flx_BIF_ALL_20200501.zip",".zip","30389420","02/04/2026 01:24:11"
"FLX_US-Ne2_FLUXNET2015_SUBSET_2001-2013_1-4.zip","C:\RECUPERACAO_TESE\github\PROJETO_2025_TESE\dados_validacao_externa\02_FLUXNET2015_SUBSET","C:\RECUPERACAO_TESE\github\PROJETO_2025_TESE\dados_validacao_externa\02_FLUXNET2015_SUBSET\FLX_US-Ne2_FLUXNET2015_SUBSET_2001-2013_1-4.zip",".zip","18476839","02/04/2026 01:24:11"
"FLX_US-Ne3_FLUXNET2015_SUBSET_2001-2013_1-4.zip","C:\RECUPERACAO_TESE\github\PROJETO_2025_TESE\dados_validacao_externa\02_FLUXNET2015_SUBSET","C:\RECUPERACAO_TESE\github\PROJETO_2025_TESE\dados_validacao_externa\02_FLUXNET2015_SUBSET\FLX_US-Ne3_FLUXNET2015_SUBSET_2001-2013_1-4.zip",".zip","18433275","02/04/2026 01:24:14"
"FLX_US-Ne2_FLUXNET2015_AUXMETEO_2001-2013_1-4.csv","C:\RECUPERACAO_TESE\github\PROJETO_2025_TESE\dados_validacao_externa\02_FLUXNET2015_SUBSET\US-Ne2_SUBSET","C:\RECUPERACAO_TESE\github\PROJETO_2025_TESE\dados_validacao_externa\02_FLUXNET2015_SUBSET\US-Ne2_SUBSET\FLX_US-Ne2_FLUXNET2015_AUXMETEO_2001-2013_1-4.csv",".csv","1006","28/01/2020 06:47:04"
"FLX_US-Ne2_FLUXNET2015_AUXNEE_2001-2013_1-4.csv","C:\RECUPERACAO_TESE\github\PROJETO_2025_TESE\dados_validacao_externa\02_FLUXNET2015_SUBSET\US-Ne2_SUBSET","C:\RECUPERACAO_TESE\github\PROJETO_2025_TESE\dados_validacao_externa\02_FLUXNET2015_SUBSET\US-Ne2_SUBSET\FLX_US-Ne2_FLUXNET2015_AUXNEE_2001-2013_1-4.csv",".csv","84731","28/01/2020 06:47:04"
"FLX_US-Ne2_FLUXNET2015_SUBSET_DD_2001-2013_1-4.csv","C:\RECUPERACAO_TESE\github\PROJETO_2025_TESE\dados_validacao_externa\02_FLUXNET2015_SUBSET\US-Ne2_SUBSET","C:\RECUPERACAO_TESE\github\PROJETO_2025_TESE\dados_validacao_externa\02_FLUXNET2015_SUBSET\US-Ne2_SUBSET\FLX_US-Ne2_FLUXNET2015_SUBSET_DD_2001-2013_1-4.csv",".csv","2622401","28/01/2020 06:48:40"
"FLX_US-Ne2_FLUXNET2015_SUBSET_HR_2001-2013_1-4.csv","C:\RECUPERACAO_TESE\github\PROJETO_2025_TESE\dados_validacao_externa\02_FLUXNET2015_SUBSET\US-Ne2_SUBSET","C:\RECUPERACAO_TESE\github\PROJETO_2025_TESE\dados_validacao_externa\02_FLUXNET2015_SUBSET\US-Ne2_SUBSET\FLX_US-Ne2_FLUXNET2015_SUBSET_HR_2001-2013_1-4.csv",".csv","48847582","28/01/2020 06:48:34"
"FLX_US-Ne2_FLUXNET2015_SUBSET_MM_2001-2013_1-4.csv","C:\RECUPERACAO_TESE\github\PROJETO_2025_TESE\dados_validacao_externa\02_FLUXNET2015_SUBSET\US-Ne2_SUBSET","C:\RECUPERACAO_TESE\github\PROJETO_2025_TESE\dados_validacao_externa\02_FLUXNET2015_SUBSET\US-Ne2_SUBSET\FLX_US-Ne2_FLUXNET2015_SUBSET_MM_2001-2013_1-4.csv",".csv","91442","28/01/2020 06:48:40"
"FLX_US-Ne2_FLUXNET2015_SUBSET_WW_2001-2013_1-4.csv","C:\RECUPERACAO_TESE\github\PROJETO_2025_TESE\dados_validacao_externa\02_FLUXNET2015_SUBSET\US-Ne2_SUBSET","C:\RECUPERACAO_TESE\github\PROJETO_2025_TESE\dados_validacao_externa\02_FLUXNET2015_SUBSET\US-Ne2_SUBSET\FLX_US-Ne2_FLUXNET2015_SUBSET_WW_2001-2013_1-4.csv",".csv","385701","28/01/2020 06:48:40"
"FLX_US-Ne2_FLUXNET2015_SUBSET_YY_2001-2013_1-4.csv","C:\RECUPERACAO_TESE\github\PROJETO_2025_TESE\dados_validacao_externa\02_FLUXNET2015_SUBSET\US-Ne2_SUBSET","C:\RECUPERACAO_TESE\github\PROJETO_2025_TESE\dados_validacao_externa\02_FLUXNET2015_SUBSET\US-Ne2_SUBSET\FLX_US-Ne2_FLUXNET2015_SUBSET_YY_2001-2013_1-4.csv",".csv","8651","28/01/2020 06:48:40"
"FLX_US-Ne3_FLUXNET2015_AUXMETEO_2001-2013_1-4.csv","C:\RECUPERACAO_TESE\github\PROJETO_2025_TESE\dados_validacao_externa\02_FLUXNET2015_SUBSET\US-Ne3_SUBSET","C:\RECUPERACAO_TESE\github\PROJETO_2025_TESE\dados_validacao_externa\02_FLUXNET2015_SUBSET\US-Ne3_SUBSET\FLX_US-Ne3_FLUXNET2015_AUXMETEO_2001-2013_1-4.csv",".csv","1006","28/01/2020 06:49:02"
"FLX_US-Ne3_FLUXNET2015_AUXNEE_2001-2013_1-4.csv","C:\RECUPERACAO_TESE\github\PROJETO_2025_TESE\dados_validacao_externa\02_FLUXNET2015_SUBSET\US-Ne3_SUBSET","C:\RECUPERACAO_TESE\github\PROJETO_2025_TESE\dados_validacao_externa\02_FLUXNET2015_SUBSET\US-Ne3_SUBSET\FLX_US-Ne3_FLUXNET2015_AUXNEE_2001-2013_1-4.csv",".csv","84851","28/01/2020 06:49:02"
"FLX_US-Ne3_FLUXNET2015_SUBSET_DD_2001-2013_1-4.csv","C:\RECUPERACAO_TESE\github\PROJETO_2025_TESE\dados_validacao_externa\02_FLUXNET2015_SUBSET\US-Ne3_SUBSET","C:\RECUPERACAO_TESE\github\PROJETO_2025_TESE\dados_validacao_externa\02_FLUXNET2015_SUBSET\US-Ne3_SUBSET\FLX_US-Ne3_FLUXNET2015_SUBSET_DD_2001-2013_1-4.csv",".csv","2639952","28/01/2020 06:50:38"
"FLX_US-Ne3_FLUXNET2015_SUBSET_HR_2001-2013_1-4.csv","C:\RECUPERACAO_TESE\github\PROJETO_2025_TESE\dados_validacao_externa\02_FLUXNET2015_SUBSET\US-Ne3_SUBSET","C:\RECUPERACAO_TESE\github\PROJETO_2025_TESE\dados_validacao_externa\02_FLUXNET2015_SUBSET\US-Ne3_SUBSET\FLX_US-Ne3_FLUXNET2015_SUBSET_HR_2001-2013_1-4.csv",".csv","48675985","28/01/2020 06:50:34"
"FLX_US-Ne3_FLUXNET2015_SUBSET_MM_2001-2013_1-4.csv","C:\RECUPERACAO_TESE\github\PROJETO_2025_TESE\dados_validacao_externa\02_FLUXNET2015_SUBSET\US-Ne3_SUBSET","C:\RECUPERACAO_TESE\github\PROJETO_2025_TESE\dados_validacao_externa\02_FLUXNET2015_SUBSET\US-Ne3_SUBSET\FLX_US-Ne3_FLUXNET2015_SUBSET_MM_2001-2013_1-4.csv",".csv","92717","28/01/2020 06:50:38"
"FLX_US-Ne3_FLUXNET2015_SUBSET_WW_2001-2013_1-4.csv","C:\RECUPERACAO_TESE\github\PROJETO_2025_TESE\dados_validacao_externa\02_FLUXNET2015_SUBSET\US-Ne3_SUBSET","C:\RECUPERACAO_TESE\github\PROJETO_2025_TESE\dados_validacao_externa\02_FLUXNET2015_SUBSET\US-Ne3_SUBSET\FLX_US-Ne3_FLUXNET2015_SUBSET_WW_2001-2013_1-4.csv",".csv","389237","28/01/2020 06:50:38"
"FLX_US-Ne3_FLUXNET2015_SUBSET_YY_2001-2013_1-4.csv","C:\RECUPERACAO_TESE\github\PROJETO_2025_TESE\dados_validacao_externa\02_FLUXNET2015_SUBSET\US-Ne3_SUBSET","C:\RECUPERACAO_TESE\github\PROJETO_2025_TESE\dados_validacao_externa\02_FLUXNET2015_SUBSET\US-Ne3_SUBSET\FLX_US-Ne3_FLUXNET2015_SUBSET_YY_2001-2013_1-4.csv",".csv","8766","28/01/2020 06:50:38"
"APPEEARS_BUNDLE_MOD17_20260402_020400.json","C:\RECUPERACAO_TESE\github\PROJETO_2025_TESE\dados_validacao_externa\03_DOCUMENTACAO","C:\RECUPERACAO_TESE\github\PROJETO_2025_TESE\dados_validacao_externa\03_DOCUMENTACAO\APPEEARS_BUNDLE_MOD17_20260402_020400.json",".json","2931","02/04/2026 02:04:00"
"APPEEARS_TASK_BODY_MOD17_POINT_20260402_004746.json","C:\RECUPERACAO_TESE\github\PROJETO_2025_TESE\dados_validacao_externa\03_DOCUMENTACAO","C:\RECUPERACAO_TESE\github\PROJETO_2025_TESE\dados_validacao_externa\03_DOCUMENTACAO\APPEEARS_TASK_BODY_MOD17_POINT_20260402_004746.json",".json","1343","02/04/2026 00:47:46"
"APPEEARS_TASK_RESP_MOD17_POINT_20260402_004746.json","C:\RECUPERACAO_TESE\github\PROJETO_2025_TESE\dados_validacao_externa\03_DOCUMENTACAO","C:\RECUPERACAO_TESE\github\PROJETO_2025_TESE\dados_validacao_externa\03_DOCUMENTACAO\APPEEARS_TASK_RESP_MOD17_POINT_20260402_004746.json",".json","92","02/04/2026 00:47:50"
"APPEEARS_TASK_STATUS_FINAL_MOD17_20260402_005553.json","C:\RECUPERACAO_TESE\github\PROJETO_2025_TESE\dados_validacao_externa\03_DOCUMENTACAO","C:\RECUPERACAO_TESE\github\PROJETO_2025_TESE\dados_validacao_externa\03_DOCUMENTACAO\APPEEARS_TASK_STATUS_FINAL_MOD17_20260402_005553.json",".json","1938","02/04/2026 01:05:57"
"APPEEARS_TASK_STATUS_MOD17_20260402_004906.json","C:\RECUPERACAO_TESE\github\PROJETO_2025_TESE\dados_validacao_externa\03_DOCUMENTACAO","C:\RECUPERACAO_TESE\github\PROJETO_2025_TESE\dados_validacao_externa\03_DOCUMENTACAO\APPEEARS_TASK_STATUS_MOD17_20260402_004906.json",".json","1938","02/04/2026 00:49:06"
"APPEEARS_TASK_STATUS_MOD17_20260402_005148.json","C:\RECUPERACAO_TESE\github\PROJETO_2025_TESE\dados_validacao_externa\03_DOCUMENTACAO","C:\RECUPERACAO_TESE\github\PROJETO_2025_TESE\dados_validacao_externa\03_DOCUMENTACAO\APPEEARS_TASK_STATUS_MOD17_20260402_005148.json",".json","1938","02/04/2026 00:51:49"
"APPEEARS_TASK_STATUS_MOD17_20260402_005451.json","C:\RECUPERACAO_TESE\github\PROJETO_2025_TESE\dados_validacao_externa\03_DOCUMENTACAO","C:\RECUPERACAO_TESE\github\PROJETO_2025_TESE\dados_validacao_externa\03_DOCUMENTACAO\APPEEARS_TASK_STATUS_MOD17_20260402_005451.json",".json","1938","02/04/2026 00:54:52"
"APPEEARS_TASK_STATUS_MOD17_20260402_020243.json","C:\RECUPERACAO_TESE\github\PROJETO_2025_TESE\dados_validacao_externa\03_DOCUMENTACAO","C:\RECUPERACAO_TESE\github\PROJETO_2025_TESE\dados_validacao_externa\03_DOCUMENTACAO\APPEEARS_TASK_STATUS_MOD17_20260402_020243.json",".json","2158","02/04/2026 02:02:44"
"FLUXNET2015_SUBSET_ACESSO_20260402_010117.txt","C:\RECUPERACAO_TESE\github\PROJETO_2025_TESE\dados_validacao_externa\03_DOCUMENTACAO","C:\RECUPERACAO_TESE\github\PROJETO_2025_TESE\dados_validacao_externa\03_DOCUMENTACAO\FLUXNET2015_SUBSET_ACESSO_20260402_010117.txt",".txt","332","02/04/2026 01:01:17"
"FLUXNET2015_SUBSET_ACESSO_20260402_010744.txt","C:\RECUPERACAO_TESE\github\PROJETO_2025_TESE\dados_validacao_externa\03_DOCUMENTACAO","C:\RECUPERACAO_TESE\github\PROJETO_2025_TESE\dados_validacao_externa\03_DOCUMENTACAO\FLUXNET2015_SUBSET_ACESSO_20260402_010744.txt",".txt","332","02/04/2026 01:07:44"
"MOD17A2HGF_061_METADATA_20260402_002937.json","C:\RECUPERACAO_TESE\github\PROJETO_2025_TESE\dados_validacao_externa\03_DOCUMENTACAO","C:\RECUPERACAO_TESE\github\PROJETO_2025_TESE\dados_validacao_externa\03_DOCUMENTACAO\MOD17A2HGF_061_METADATA_20260402_002937.json",".json","4911","02/04/2026 00:29:37"
"ETAPA_01_ESTRUTURA_TESE_20260402_002725.txt","C:\RECUPERACAO_TESE\github\PROJETO_2025_TESE\dados_validacao_externa\04_LOGS","C:\RECUPERACAO_TESE\github\PROJETO_2025_TESE\dados_validacao_externa\04_LOGS\ETAPA_01_ESTRUTURA_TESE_20260402_002725.txt",".txt","747","02/04/2026 00:27:25"
"ETAPA_02_APPEEARS_LOGIN_20260402_002822.txt","C:\RECUPERACAO_TESE\github\PROJETO_2025_TESE\dados_validacao_externa\04_LOGS","C:\RECUPERACAO_TESE\github\PROJETO_2025_TESE\dados_validacao_externa\04_LOGS\ETAPA_02_APPEEARS_LOGIN_20260402_002822.txt",".txt","308","02/04/2026 00:28:24"
"ETAPA_03_MOD17_METADATA_20260402_002937.txt","C:\RECUPERACAO_TESE\github\PROJETO_2025_TESE\dados_validacao_externa\04_LOGS","C:\RECUPERACAO_TESE\github\PROJETO_2025_TESE\dados_validacao_externa\04_LOGS\ETAPA_03_MOD17_METADATA_20260402_002937.txt",".txt","414","02/04/2026 00:29:37"
"ETAPA_04_QC_MOD17_METADATA_20260402_003136.txt","C:\RECUPERACAO_TESE\github\PROJETO_2025_TESE\dados_validacao_externa\04_LOGS","C:\RECUPERACAO_TESE\github\PROJETO_2025_TESE\dados_validacao_externa\04_LOGS\ETAPA_04_QC_MOD17_METADATA_20260402_003136.txt",".txt","283","02/04/2026 00:31:36"
"ETAPA_05_MOD17_CAMADAS_20260402_003223.txt","C:\RECUPERACAO_TESE\github\PROJETO_2025_TESE\dados_validacao_externa\04_LOGS","C:\RECUPERACAO_TESE\github\PROJETO_2025_TESE\dados_validacao_externa\04_LOGS\ETAPA_05_MOD17_CAMADAS_20260402_003223.txt",".txt","5178","02/04/2026 00:32:23"
"ETAPA_06_MOD17_CAMADAS_RESUMO_20260402_003312.txt","C:\RECUPERACAO_TESE\github\PROJETO_2025_TESE\dados_validacao_externa\04_LOGS","C:\RECUPERACAO_TESE\github\PROJETO_2025_TESE\dados_validacao_externa\04_LOGS\ETAPA_06_MOD17_CAMADAS_RESUMO_20260402_003312.txt",".txt","200","02/04/2026 00:33:12"
"ETAPA_07_MOD17_ESTRUTURA_JSON_20260402_003816.txt","C:\RECUPERACAO_TESE\github\PROJETO_2025_TESE\dados_validacao_externa\04_LOGS","C:\RECUPERACAO_TESE\github\PROJETO_2025_TESE\dados_validacao_externa\04_LOGS\ETAPA_07_MOD17_ESTRUTURA_JSON_20260402_003816.txt",".txt","1191","02/04/2026 00:38:16"
"ETAPA_08_QC_GPP_MOD17_20260402_004050.txt","C:\RECUPERACAO_TESE\github\PROJETO_2025_TESE\dados_validacao_externa\04_LOGS","C:\RECUPERACAO_TESE\github\PROJETO_2025_TESE\dados_validacao_externa\04_LOGS\ETAPA_08_QC_GPP_MOD17_20260402_004050.txt",".txt","547","02/04/2026 00:40:50"
"ETAPA_09_BUSCA_GEOMETRIAS_AOI_20260402_004215.txt","C:\RECUPERACAO_TESE\github\PROJETO_2025_TESE\dados_validacao_externa\04_LOGS","C:\RECUPERACAO_TESE\github\PROJETO_2025_TESE\dados_validacao_externa\04_LOGS\ETAPA_09_BUSCA_GEOMETRIAS_AOI_20260402_004215.txt",".txt","110","02/04/2026 00:42:15"
"ETAPA_10_BUSCA_COORDENADAS_20260402_004318.txt","C:\RECUPERACAO_TESE\github\PROJETO_2025_TESE\dados_validacao_externa\04_LOGS","C:\RECUPERACAO_TESE\github\PROJETO_2025_TESE\dados_validacao_externa\04_LOGS\ETAPA_10_BUSCA_COORDENADAS_20260402_004318.txt",".txt","110","02/04/2026 00:43:18"
"ETAPA_12_SUBMISSAO_TASK_MOD17_POINT_20260402_004746.txt","C:\RECUPERACAO_TESE\github\PROJETO_2025_TESE\dados_validacao_externa\04_LOGS","C:\RECUPERACAO_TESE\github\PROJETO_2025_TESE\dados_validacao_externa\04_LOGS\ETAPA_12_SUBMISSAO_TASK_MOD17_POINT_20260402_004746.txt",".txt","583","02/04/2026 00:47:50"
"ETAPA_13_TASK_ID_STATUS_MOD17_20260402_004826.txt","C:\RECUPERACAO_TESE\github\PROJETO_2025_TESE\dados_validacao_externa\04_LOGS","C:\RECUPERACAO_TESE\github\PROJETO_2025_TESE\dados_validacao_externa\04_LOGS\ETAPA_13_TASK_ID_STATUS_MOD17_20260402_004826.txt",".txt","221","02/04/2026 00:48:26"
"ETAPA_14_STATUS_TASK_MOD17_20260402_004906.txt","C:\RECUPERACAO_TESE\github\PROJETO_2025_TESE\dados_validacao_externa\04_LOGS","C:\RECUPERACAO_TESE\github\PROJETO_2025_TESE\dados_validacao_externa\04_LOGS\ETAPA_14_STATUS_TASK_MOD17_20260402_004906.txt",".txt","199","02/04/2026 00:49:06"
"ETAPA_15_STATUS_TASK_MOD17_20260402_005148.txt","C:\RECUPERACAO_TESE\github\PROJETO_2025_TESE\dados_validacao_externa\04_LOGS","C:\RECUPERACAO_TESE\github\PROJETO_2025_TESE\dados_validacao_externa\04_LOGS\ETAPA_15_STATUS_TASK_MOD17_20260402_005148.txt",".txt","199","02/04/2026 00:51:49"
"ETAPA_16_STATUS_TASK_MOD17_20260402_005451.txt","C:\RECUPERACAO_TESE\github\PROJETO_2025_TESE\dados_validacao_externa\04_LOGS","C:\RECUPERACAO_TESE\github\PROJETO_2025_TESE\dados_validacao_externa\04_LOGS\ETAPA_16_STATUS_TASK_MOD17_20260402_005451.txt",".txt","333","02/04/2026 00:54:52"
"ETAPA_17_MONITORAMENTO_TASK_MOD17_20260402_005553.txt","C:\RECUPERACAO_TESE\github\PROJETO_2025_TESE\dados_validacao_externa\04_LOGS","C:\RECUPERACAO_TESE\github\PROJETO_2025_TESE\dados_validacao_externa\04_LOGS\ETAPA_17_MONITORAMENTO_TASK_MOD17_20260402_005553.txt",".txt","890","02/04/2026 01:05:57"
"ETAPA_18_ABRIR_PORTAL_FLUXNET_20260402_010117.txt","C:\RECUPERACAO_TESE\github\PROJETO_2025_TESE\dados_validacao_externa\04_LOGS","C:\RECUPERACAO_TESE\github\PROJETO_2025_TESE\dados_validacao_externa\04_LOGS\ETAPA_18_ABRIR_PORTAL_FLUXNET_20260402_010117.txt",".txt","322","02/04/2026 01:01:17"
"ETAPA_18_ABRIR_PORTAL_FLUXNET_20260402_010744.txt","C:\RECUPERACAO_TESE\github\PROJETO_2025_TESE\dados_validacao_externa\04_LOGS","C:\RECUPERACAO_TESE\github\PROJETO_2025_TESE\dados_validacao_externa\04_LOGS\ETAPA_18_ABRIR_PORTAL_FLUXNET_20260402_010744.txt",".txt","322","02/04/2026 01:07:44"
"ETAPA_19_COPIA_FLUXNET_20260402_013140.txt","C:\RECUPERACAO_TESE\github\PROJETO_2025_TESE\dados_validacao_externa\04_LOGS","C:\RECUPERACAO_TESE\github\PROJETO_2025_TESE\dados_validacao_externa\04_LOGS\ETAPA_19_COPIA_FLUXNET_20260402_013140.txt",".txt","435","02/04/2026 01:31:41"
"ETAPA_20_LOCALIZAR_FLUXNET_20260402_013232.txt","C:\RECUPERACAO_TESE\github\PROJETO_2025_TESE\dados_validacao_externa\04_LOGS","C:\RECUPERACAO_TESE\github\PROJETO_2025_TESE\dados_validacao_externa\04_LOGS\ETAPA_20_LOCALIZAR_FLUXNET_20260402_013232.txt",".txt","76","02/04/2026 01:32:33"
"ETAPA_21_COPIA_FLUXNET_D_DOWNLOADS_20260402_013444.txt","C:\RECUPERACAO_TESE\github\PROJETO_2025_TESE\dados_validacao_externa\04_LOGS","C:\RECUPERACAO_TESE\github\PROJETO_2025_TESE\dados_validacao_externa\04_LOGS\ETAPA_21_COPIA_FLUXNET_D_DOWNLOADS_20260402_013444.txt",".txt","665","02/04/2026 01:34:45"
"ETAPA_22_EXTRACAO_FLUXNET_20260402_013701.txt","C:\RECUPERACAO_TESE\github\PROJETO_2025_TESE\dados_validacao_externa\04_LOGS","C:\RECUPERACAO_TESE\github\PROJETO_2025_TESE\dados_validacao_externa\04_LOGS\ETAPA_22_EXTRACAO_FLUXNET_20260402_013701.txt",".txt","646","02/04/2026 01:37:02"
"ETAPA_23_QC_ARQUIVOS_EXTRAIDOS_FLUXNET_20260402_013737.txt","C:\RECUPERACAO_TESE\github\PROJETO_2025_TESE\dados_validacao_externa\04_LOGS","C:\RECUPERACAO_TESE\github\PROJETO_2025_TESE\dados_validacao_externa\04_LOGS\ETAPA_23_QC_ARQUIVOS_EXTRAIDOS_FLUXNET_20260402_013737.txt",".txt","4914","02/04/2026 01:37:37"
"ETAPA_24_HEADERS_FLUXNET_DD_20260402_013848.txt","C:\RECUPERACAO_TESE\github\PROJETO_2025_TESE\dados_validacao_externa\04_LOGS","C:\RECUPERACAO_TESE\github\PROJETO_2025_TESE\dados_validacao_externa\04_LOGS\ETAPA_24_HEADERS_FLUXNET_DD_20260402_013848.txt",".txt","2051","02/04/2026 01:38:48"
"ETAPA_25_CONCLUSAO_FLUXNET_TEMPORAL_20260402_014256.txt","C:\RECUPERACAO_TESE\github\PROJETO_2025_TESE\dados_validacao_externa\04_LOGS","C:\RECUPERACAO_TESE\github\PROJETO_2025_TESE\dados_validacao_externa\04_LOGS\ETAPA_25_CONCLUSAO_FLUXNET_TEMPORAL_20260402_014256.txt",".txt","637","02/04/2026 01:42:56"
"ETAPA_26_STATUS_MOD17_20260402_020243.txt","C:\RECUPERACAO_TESE\github\PROJETO_2025_TESE\dados_validacao_externa\04_LOGS","C:\RECUPERACAO_TESE\github\PROJETO_2025_TESE\dados_validacao_externa\04_LOGS\ETAPA_26_STATUS_MOD17_20260402_020243.txt",".txt","325","02/04/2026 02:02:44"
"ETAPA_27_BUNDLE_MOD17_20260402_020400.txt","C:\RECUPERACAO_TESE\github\PROJETO_2025_TESE\dados_validacao_externa\04_LOGS","C:\RECUPERACAO_TESE\github\PROJETO_2025_TESE\dados_validacao_externa\04_LOGS\ETAPA_27_BUNDLE_MOD17_20260402_020400.txt",".txt","3237","02/04/2026 02:04:00"
"ETAPA_28_QC_BUNDLE_MOD17_20260402_020450.txt","C:\RECUPERACAO_TESE\github\PROJETO_2025_TESE\dados_validacao_externa\04_LOGS","C:\RECUPERACAO_TESE\github\PROJETO_2025_TESE\dados_validacao_externa\04_LOGS\ETAPA_28_QC_BUNDLE_MOD17_20260402_020450.txt",".txt","835","02/04/2026 02:04:50"
"ETAPA_29_LISTA_ARQUIVOS_BUNDLE_MOD17_20260402_020550.txt","C:\RECUPERACAO_TESE\github\PROJETO_2025_TESE\dados_validacao_externa\04_LOGS","C:\RECUPERACAO_TESE\github\PROJETO_2025_TESE\dados_validacao_externa\04_LOGS\ETAPA_29_LISTA_ARQUIVOS_BUNDLE_MOD17_20260402_020550.txt",".txt","914","02/04/2026 02:05:50"
"ETAPA_30_DOWNLOAD_MOD17_RESULTS_20260402_020835.txt","C:\RECUPERACAO_TESE\github\PROJETO_2025_TESE\dados_validacao_externa\04_LOGS","C:\RECUPERACAO_TESE\github\PROJETO_2025_TESE\dados_validacao_externa\04_LOGS\ETAPA_30_DOWNLOAD_MOD17_RESULTS_20260402_020835.txt",".txt","331","02/04/2026 02:08:40"
"ETAPA_31_QC_CSV_MOD17_RESULTS_20260402_020922.txt","C:\RECUPERACAO_TESE\github\PROJETO_2025_TESE\dados_validacao_externa\04_LOGS","C:\RECUPERACAO_TESE\github\PROJETO_2025_TESE\dados_validacao_externa\04_LOGS\ETAPA_31_QC_CSV_MOD17_RESULTS_20260402_020922.txt",".txt","1440","02/04/2026 02:09:22"
"ETAPA_32_RESUMO_MOD17_20260402_021032.txt","C:\RECUPERACAO_TESE\github\PROJETO_2025_TESE\dados_validacao_externa\04_LOGS","C:\RECUPERACAO_TESE\github\PROJETO_2025_TESE\dados_validacao_externa\04_LOGS\ETAPA_32_RESUMO_MOD17_20260402_021032.txt",".txt","1683","02/04/2026 02:10:32"
"ETAPA_33_SELECAO_MOD17_DATA_ALVO_20260402_021219.txt","C:\RECUPERACAO_TESE\github\PROJETO_2025_TESE\dados_validacao_externa\04_LOGS","C:\RECUPERACAO_TESE\github\PROJETO_2025_TESE\dados_validacao_externa\04_LOGS\ETAPA_33_SELECAO_MOD17_DATA_ALVO_20260402_021219.txt",".txt","1204","02/04/2026 02:12:19"
"ETAPA_34_CONCLUSAO_MOD17_REFERENCIA_20260402_021317.txt","C:\RECUPERACAO_TESE\github\PROJETO_2025_TESE\dados_validacao_externa\04_LOGS","C:\RECUPERACAO_TESE\github\PROJETO_2025_TESE\dados_validacao_externa\04_LOGS\ETAPA_34_CONCLUSAO_MOD17_REFERENCIA_20260402_021317.txt",".txt","924","02/04/2026 02:13:17"
"P1_2_d_campos_data_hora.txt","C:\RECUPERACAO_TESE\github\PROJETO_2025_TESE\evidencias\P1_2","C:\RECUPERACAO_TESE\github\PROJETO_2025_TESE\evidencias\P1_2\P1_2_d_campos_data_hora.txt",".txt","141","19/01/2026 08:01:18"
"P1_2_e_operacoes.txt","C:\RECUPERACAO_TESE\github\PROJETO_2025_TESE\evidencias\P1_2","C:\RECUPERACAO_TESE\github\PROJETO_2025_TESE\evidencias\P1_2\P1_2_e_operacoes.txt",".txt","315","19/01/2026 08:01:18"
"P1_2_f_normalizacao_hora.txt","C:\RECUPERACAO_TESE\github\PROJETO_2025_TESE\evidencias\P1_2","C:\RECUPERACAO_TESE\github\PROJETO_2025_TESE\evidencias\P1_2\P1_2_f_normalizacao_hora.txt",".txt","915","19/01/2026 08:01:18"
"P1_2_f_normalizacao_hora_RESUMO.txt","C:\RECUPERACAO_TESE\github\PROJETO_2025_TESE\evidencias\P1_2","C:\RECUPERACAO_TESE\github\PROJETO_2025_TESE\evidencias\P1_2\P1_2_f_normalizacao_hora_RESUMO.txt",".txt","24","19/01/2026 08:01:18"
"P1_2_g_datetime_raw.txt","C:\RECUPERACAO_TESE\github\PROJETO_2025_TESE\evidencias\P1_2","C:\RECUPERACAO_TESE\github\PROJETO_2025_TESE\evidencias\P1_2\P1_2_g_datetime_raw.txt",".txt","1196","19/01/2026 08:01:18"
"P1_2_h_datetime_iso.txt","C:\RECUPERACAO_TESE\github\PROJETO_2025_TESE\evidencias\P1_2","C:\RECUPERACAO_TESE\github\PROJETO_2025_TESE\evidencias\P1_2\P1_2_h_datetime_iso.txt",".txt","1181","19/01/2026 08:01:18"
"P1_2_i_fuso_utc.txt","C:\RECUPERACAO_TESE\github\PROJETO_2025_TESE\evidencias\P1_2","C:\RECUPERACAO_TESE\github\PROJETO_2025_TESE\evidencias\P1_2\P1_2_i_fuso_utc.txt",".txt","1006","19/01/2026 08:01:18"
"P1_2_j_saida.txt","C:\RECUPERACAO_TESE\github\PROJETO_2025_TESE\evidencias\P1_2","C:\RECUPERACAO_TESE\github\PROJETO_2025_TESE\evidencias\P1_2\P1_2_j_saida.txt",".txt","191","19/01/2026 08:01:18"
"P1_2_k_campo_temporal_unificado.txt","C:\RECUPERACAO_TESE\github\PROJETO_2025_TESE\evidencias\P1_2","C:\RECUPERACAO_TESE\github\PROJETO_2025_TESE\evidencias\P1_2\P1_2_k_campo_temporal_unificado.txt",".txt","862","19/01/2026 08:01:18"
"P1_2_l_serie_ordenavel.txt","C:\RECUPERACAO_TESE\github\PROJETO_2025_TESE\evidencias\P1_2","C:\RECUPERACAO_TESE\github\PROJETO_2025_TESE\evidencias\P1_2\P1_2_l_serie_ordenavel.txt",".txt","722","19/01/2026 08:01:18"
"P1_4_c_entrada.txt","C:\RECUPERACAO_TESE\github\PROJETO_2025_TESE\evidencias\P1_4","C:\RECUPERACAO_TESE\github\PROJETO_2025_TESE\evidencias\P1_4\P1_4_c_entrada.txt",".txt","465","19/01/2026 08:01:18"
"P1_4_d_diagnostico_estrutural.txt","C:\RECUPERACAO_TESE\github\PROJETO_2025_TESE\evidencias\P1_4","C:\RECUPERACAO_TESE\github\PROJETO_2025_TESE\evidencias\P1_4\P1_4_d_diagnostico_estrutural.txt",".txt","752","19/01/2026 08:01:18"
"P1_4_e_campos_auxiliares_definidos.txt","C:\RECUPERACAO_TESE\github\PROJETO_2025_TESE\evidencias\P1_4","C:\RECUPERACAO_TESE\github\PROJETO_2025_TESE\evidencias\P1_4\P1_4_e_campos_auxiliares_definidos.txt",".txt","1387","19/01/2026 08:01:18"
"P1_4_f_campos_removidos.txt","C:\RECUPERACAO_TESE\github\PROJETO_2025_TESE\evidencias\P1_4","C:\RECUPERACAO_TESE\github\PROJETO_2025_TESE\evidencias\P1_4\P1_4_f_campos_removidos.txt",".txt","519","19/01/2026 08:01:18"
"P1_4_g_verificacao_pos_limpeza.txt","C:\RECUPERACAO_TESE\github\PROJETO_2025_TESE\evidencias\P1_4","C:\RECUPERACAO_TESE\github\PROJETO_2025_TESE\evidencias\P1_4\P1_4_g_verificacao_pos_limpeza.txt",".txt","415","19/01/2026 08:01:18"
"P1_4_h_saida.txt","C:\RECUPERACAO_TESE\github\PROJETO_2025_TESE\evidencias\P1_4","C:\RECUPERACAO_TESE\github\PROJETO_2025_TESE\evidencias\P1_4\P1_4_h_saida.txt",".txt","849","19/01/2026 08:01:18"
"STEP_BAIXAR_FONTES_TECNICAS_OFICIAIS_20260429_002909_v01.txt","C:\RECUPERACAO_TESE\github\PROJETO_2025_TESE\logs","C:\RECUPERACAO_TESE\github\PROJETO_2025_TESE\logs\STEP_BAIXAR_FONTES_TECNICAS_OFICIAIS_20260429_002909_v01.txt",".txt","1954","29/04/2026 00:29:14"
"STEP_BAIXAR_HYPERION_USGS_MEDIA_20260429_003417_v01.txt","C:\RECUPERACAO_TESE\github\PROJETO_2025_TESE\logs","C:\RECUPERACAO_TESE\github\PROJETO_2025_TESE\logs\STEP_BAIXAR_HYPERION_USGS_MEDIA_20260429_003417_v01.txt",".txt","844","29/04/2026 00:34:29"
"STEP_BUSCAR_FONTES_TECNICAS_20260429_002711_v01.txt","C:\RECUPERACAO_TESE\github\PROJETO_2025_TESE\logs","C:\RECUPERACAO_TESE\github\PROJETO_2025_TESE\logs\STEP_BUSCAR_FONTES_TECNICAS_20260429_002711_v01.txt",".txt","1708","29/04/2026 00:27:11"
"STEP_CONFERIR_FONTES_TECNICAS_20260429_003541_v01.txt","C:\RECUPERACAO_TESE\github\PROJETO_2025_TESE\logs","C:\RECUPERACAO_TESE\github\PROJETO_2025_TESE\logs\STEP_CONFERIR_FONTES_TECNICAS_20260429_003541_v01.txt",".txt","2866","29/04/2026 00:35:41"
"STEP_FONTES_TECNICAS_GIT_20260429_002444_v01.txt","C:\RECUPERACAO_TESE\github\PROJETO_2025_TESE\logs","C:\RECUPERACAO_TESE\github\PROJETO_2025_TESE\logs\STEP_FONTES_TECNICAS_GIT_20260429_002444_v01.txt",".txt","50","29/04/2026 00:24:44"
"VARREDURA_PC_FONTES_TESE_LOG.txt","C:\RECUPERACAO_TESE\github\PROJETO_2025_TESE\logs\STEP_VARREDURA_PC_FONTES_TESE_20260429_003721_v01","C:\RECUPERACAO_TESE\github\PROJETO_2025_TESE\logs\STEP_VARREDURA_PC_FONTES_TESE_20260429_003721_v01\VARREDURA_PC_FONTES_TESE_LOG.txt",".txt","180","29/04/2026 00:37:22"
"README.md","C:\RECUPERACAO_TESE\github\PROJETO_2025_TESE","C:\RECUPERACAO_TESE\github\PROJETO_2025_TESE\README.md",".md","41","19/01/2026 08:01:18"
"confirmacao_resumo.txt","C:\RECUPERACAO_TESE\github\PROJETO_2025_TESE\resultados\capitulo_5\evidencias\confirmacao_p1_1b","C:\RECUPERACAO_TESE\github\PROJETO_2025_TESE\resultados\capitulo_5\evidencias\confirmacao_p1_1b\confirmacao_resumo.txt",".txt","4964","19/01/2026 08:01:18"
"confirmacao_schema.csv","C:\RECUPERACAO_TESE\github\PROJETO_2025_TESE\resultados\capitulo_5\evidencias\confirmacao_p1_1b","C:\RECUPERACAO_TESE\github\PROJETO_2025_TESE\resultados\capitulo_5\evidencias\confirmacao_p1_1b\confirmacao_schema.csv",".csv","619","19/01/2026 08:01:18"
"meteo_bruta_PVH_2017_full.csv","C:\RECUPERACAO_TESE\github\PROJETO_2025_TESE\resultados\capitulo_5\evidencias","C:\RECUPERACAO_TESE\github\PROJETO_2025_TESE\resultados\capitulo_5\evidencias\meteo_bruta_PVH_2017_full.csv",".csv","73012","19/01/2026 08:01:18"
"run_20251223_033611.json","C:\RECUPERACAO_TESE\github\PROJETO_2025_TESE\resultados\capitulo_5\evidencias\xiv_validacao_gpu\metadata","C:\RECUPERACAO_TESE\github\PROJETO_2025_TESE\resultados\capitulo_5\evidencias\xiv_validacao_gpu\metadata\run_20251223_033611.json",".json","3923","19/01/2026 08:01:18"
"README.md","C:\RECUPERACAO_TESE\github\PROJETO_2025_TESE\resultados\capitulo_5\evidencias\xiv_validacao_gpu","C:\RECUPERACAO_TESE\github\PROJETO_2025_TESE\resultados\capitulo_5\evidencias\xiv_validacao_gpu\README.md",".md","807","19/01/2026 08:01:18"
"describe_numerico_20251223_033611.csv","C:\RECUPERACAO_TESE\github\PROJETO_2025_TESE\resultados\capitulo_5\evidencias\xiv_validacao_gpu\tabelas","C:\RECUPERACAO_TESE\github\PROJETO_2025_TESE\resultados\capitulo_5\evidencias\xiv_validacao_gpu\tabelas\describe_numerico_20251223_033611.csv",".csv","1276","19/01/2026 08:01:18"
"duplicatas_20251223_033611.json","C:\RECUPERACAO_TESE\github\PROJETO_2025_TESE\resultados\capitulo_5\evidencias\xiv_validacao_gpu\tabelas","C:\RECUPERACAO_TESE\github\PROJETO_2025_TESE\resultados\capitulo_5\evidencias\xiv_validacao_gpu\tabelas\duplicatas_20251223_033611.json",".json","51","19/01/2026 08:01:18"
"perdas_limpeza_20251223_033531.csv","C:\RECUPERACAO_TESE\github\PROJETO_2025_TESE\resultados\capitulo_5\evidencias\xiv_validacao_gpu\tabelas","C:\RECUPERACAO_TESE\github\PROJETO_2025_TESE\resultados\capitulo_5\evidencias\xiv_validacao_gpu\tabelas\perdas_limpeza_20251223_033531.csv",".csv","485","19/01/2026 08:01:18"
"quantis_numericos_20251223_033611.csv","C:\RECUPERACAO_TESE\github\PROJETO_2025_TESE\resultados\capitulo_5\evidencias\xiv_validacao_gpu\tabelas","C:\RECUPERACAO_TESE\github\PROJETO_2025_TESE\resultados\capitulo_5\evidencias\xiv_validacao_gpu\tabelas\quantis_numericos_20251223_033611.csv",".csv","738","19/01/2026 08:01:18"
"ranges_flags_20251223_033611.csv","C:\RECUPERACAO_TESE\github\PROJETO_2025_TESE\resultados\capitulo_5\evidencias\xiv_validacao_gpu\tabelas","C:\RECUPERACAO_TESE\github\PROJETO_2025_TESE\resultados\capitulo_5\evidencias\xiv_validacao_gpu\tabelas\ranges_flags_20251223_033611.csv",".csv","1014","19/01/2026 08:01:18"
"schema_nulos_20251223_033611.csv","C:\RECUPERACAO_TESE\github\PROJETO_2025_TESE\resultados\capitulo_5\evidencias\xiv_validacao_gpu\tabelas","C:\RECUPERACAO_TESE\github\PROJETO_2025_TESE\resultados\capitulo_5\evidencias\xiv_validacao_gpu\tabelas\schema_nulos_20251223_033611.csv",".csv","563","19/01/2026 08:01:18"
"classificacao_preliminar_v4.csv","C:\RECUPERACAO_TESE\github\PROJETO_2025_TESE\resultados\diagnostico","C:\RECUPERACAO_TESE\github\PROJETO_2025_TESE\resultados\diagnostico\classificacao_preliminar_v4.csv",".csv","305160","19/01/2026 08:01:18"
"classificacao_resumo_v4.txt","C:\RECUPERACAO_TESE\github\PROJETO_2025_TESE\resultados\diagnostico","C:\RECUPERACAO_TESE\github\PROJETO_2025_TESE\resultados\diagnostico\classificacao_resumo_v4.txt",".txt","417","19/01/2026 08:01:18"
"scan_D_hits.txt","C:\RECUPERACAO_TESE","C:\RECUPERACAO_TESE\scan_D_hits.txt",".txt","7145","19/01/2026 08:20:26"
"scan_D_list.txt","C:\RECUPERACAO_TESE","C:\RECUPERACAO_TESE\scan_D_list.txt",".txt","848738","19/01/2026 08:16:26"
"scan_E_hits.txt","C:\RECUPERACAO_TESE","C:\RECUPERACAO_TESE\scan_E_hits.txt",".txt","16163","19/01/2026 08:07:28"
"scan_E_list.txt","C:\RECUPERACAO_TESE","C:\RECUPERACAO_TESE\scan_E_list.txt",".txt","16163","19/01/2026 08:07:23"
"top_level.txt","C:\Users\macie\.vscode\extensions\ms-python.python-2026.4.0-win32-x64\python_files\lib\jedilsp\importlib_metadata-8.7.0.dist-info","C:\Users\macie\.vscode\extensions\ms-python.python-2026.4.0-win32-x64\python_files\lib\jedilsp\importlib_metadata-8.7.0.dist-info\top_level.txt",".txt","19","27/03/2026 11:12:45"
"top_level.txt","C:\Users\macie\.vscode\extensions\ms-python.python-2026.4.0-win32-x64\python_files\lib\python\importlib_metadata-8.7.1.dist-info","C:\Users\macie\.vscode\extensions\ms-python.python-2026.4.0-win32-x64\python_files\lib\python\importlib_metadata-8.7.1.dist-info\top_level.txt",".txt","19","27/03/2026 11:12:45"
"usgsipj.csv","C:\Users\Visitante01\OneDrive\Documentos\Geosoft\Desktop Applications\csv","C:\Users\Visitante01\OneDrive\Documentos\Geosoft\Desktop Applications\csv\usgsipj.csv",".csv","423","30/11/2024 10:17:44"
"Produto em aerossol MODIS.docx","C:\Users\Visitante01\OneDrive\Documentos","C:\Users\Visitante01\OneDrive\Documentos\Produto em aerossol MODIS.docx",".docx","14139","16/11/2025 10:26:13"
"Tese Doutorado v14 - Versão Final_Jackson.pdf","C:\Users\Visitante01\OneDrive\Documentos","C:\Users\Visitante01\OneDrive\Documentos\Tese Doutorado v14 - Versão Final_Jackson.pdf",".pdf","2998745","10/09/2025 10:19:39"
"15- Sintese de Execuo do Projeto Saber Viver - 01-22.pdf","D:\Downloads","D:\Downloads\15- Sintese de Execuo do Projeto Saber Viver - 01-22.pdf",".pdf","271929","17/02/2026 23:57:26"
"16- Sintese de Execuo do Projeto Saber Viver - 02-22.pdf","D:\Downloads","D:\Downloads\16- Sintese de Execuo do Projeto Saber Viver - 02-22.pdf",".pdf","272538","17/02/2026 23:57:59"
"18- Sintese de Execuo do Projeto Saber Viver - 04-22 (1).pdf","D:\Downloads","D:\Downloads\18- Sintese de Execuo do Projeto Saber Viver - 04-22 (1).pdf",".pdf","269430","17/02/2026 23:58:18"
"18- Sintese de Execuo do Projeto Saber Viver - 04-22.pdf","D:\Downloads","D:\Downloads\18- Sintese de Execuo do Projeto Saber Viver - 04-22.pdf",".pdf","269430","17/02/2026 23:58:18"
"20- Sintese de Execuo do Projeto Saber Viver - ms 06-22.pdf","D:\Downloads","D:\Downloads\20- Sintese de Execuo do Projeto Saber Viver - ms 06-22.pdf",".pdf","269271","17/02/2026 23:58:33"
"INMET_CO_DF_A001_BRASILIA_01-01-2017_A_31-12-2017.CSV","D:\Downloads\2017\2017","D:\Downloads\2017\2017\INMET_CO_DF_A001_BRASILIA_01-01-2017_A_31-12-2017.CSV",".CSV","802580","19/01/2026 09:27:54"
"INMET_CO_DF_A042_BRAZLANDIA_19-07-2017_A_31-12-2017.CSV","D:\Downloads\2017\2017","D:\Downloads\2017\2017\INMET_CO_DF_A042_BRAZLANDIA_19-07-2017_A_31-12-2017.CSV",".CSV","368877","19/01/2026 09:27:54"
"INMET_CO_DF_A045_AGUAS EMENDADAS_01-01-2017_A_31-12-2017.CSV","D:\Downloads\2017\2017","D:\Downloads\2017\2017\INMET_CO_DF_A045_AGUAS EMENDADAS_01-01-2017_A_31-12-2017.CSV",".CSV","810032","19/01/2026 09:27:54"
"INMET_CO_DF_A046_GAMA (PONTE ALTA)_01-01-2017_A_31-12-2017.CSV","D:\Downloads\2017\2017","D:\Downloads\2017\2017\INMET_CO_DF_A046_GAMA (PONTE ALTA)_01-01-2017_A_31-12-2017.CSV",".CSV","813189","19/01/2026 09:27:54"
"INMET_CO_DF_A047_PARANOA (COOPA-DF)_07-02-2017_A_31-12-2017.CSV","D:\Downloads\2017\2017","D:\Downloads\2017\2017\INMET_CO_DF_A047_PARANOA (COOPA-DF)_07-02-2017_A_31-12-2017.CSV",".CSV","733555","19/01/2026 09:27:54"
"INMET_CO_GO_A002_GOIANIA_01-01-2017_A_31-12-2017.CSV","D:\Downloads\2017\2017","D:\Downloads\2017\2017\INMET_CO_GO_A002_GOIANIA_01-01-2017_A_31-12-2017.CSV",".CSV","802490","19/01/2026 09:27:54"
"INMET_CO_GO_A003_MORRINHOS_01-01-2017_A_31-12-2017.CSV","D:\Downloads\2017\2017","D:\Downloads\2017\2017\INMET_CO_GO_A003_MORRINHOS_01-01-2017_A_31-12-2017.CSV",".CSV","810860","19/01/2026 09:27:54"
"INMET_CO_GO_A011_SAO SIMAO_01-01-2017_A_31-12-2017.CSV","D:\Downloads\2017\2017","D:\Downloads\2017\2017\INMET_CO_GO_A011_SAO SIMAO_01-01-2017_A_31-12-2017.CSV",".CSV","839095","19/01/2026 09:27:54"
"INMET_CO_GO_A012_LUZIANIA_01-01-2017_A_31-12-2017.CSV","D:\Downloads\2017\2017","D:\Downloads\2017\2017\INMET_CO_GO_A012_LUZIANIA_01-01-2017_A_31-12-2017.CSV",".CSV","805756","19/01/2026 09:27:54"
"INMET_CO_GO_A013_ARAGARCAS_01-01-2017_A_31-12-2017.CSV","D:\Downloads\2017\2017","D:\Downloads\2017\2017\INMET_CO_GO_A013_ARAGARCAS_01-01-2017_A_31-12-2017.CSV",".CSV","804672","19/01/2026 09:27:54"
"INMET_CO_GO_A014_GOIAS_01-01-2017_A_31-12-2017.CSV","D:\Downloads\2017\2017","D:\Downloads\2017\2017\INMET_CO_GO_A014_GOIAS_01-01-2017_A_31-12-2017.CSV",".CSV","815575","19/01/2026 09:27:54"
"INMET_CO_GO_A015_ITAPACI_01-01-2017_A_31-12-2017.CSV","D:\Downloads\2017\2017","D:\Downloads\2017\2017\INMET_CO_GO_A015_ITAPACI_01-01-2017_A_31-12-2017.CSV",".CSV","814457","19/01/2026 09:27:54"
"INMET_CO_GO_A016_JATAI_01-01-2017_A_31-12-2017.CSV","D:\Downloads\2017\2017","D:\Downloads\2017\2017\INMET_CO_GO_A016_JATAI_01-01-2017_A_31-12-2017.CSV",".CSV","821215","19/01/2026 09:27:54"
"INMET_CO_GO_A017_POSSE_01-01-2017_A_31-12-2017.CSV","D:\Downloads\2017\2017","D:\Downloads\2017\2017\INMET_CO_GO_A017_POSSE_01-01-2017_A_31-12-2017.CSV",".CSV","822491","19/01/2026 09:27:54"
"INMET_CO_GO_A022_GOIANESIA_01-01-2017_A_31-12-2017.CSV","D:\Downloads\2017\2017","D:\Downloads\2017\2017\INMET_CO_GO_A022_GOIANESIA_01-01-2017_A_31-12-2017.CSV",".CSV","812819","19/01/2026 09:27:54"
"INMET_CO_GO_A023_CAIAPONIA_01-01-2017_A_31-12-2017.CSV","D:\Downloads\2017\2017","D:\Downloads\2017\2017\INMET_CO_GO_A023_CAIAPONIA_01-01-2017_A_31-12-2017.CSV",".CSV","824095","19/01/2026 09:27:54"
"INMET_CO_GO_A024_ALTO PARAISO DE GOIAS_01-01-2017_A_31-12-2017.CSV","D:\Downloads\2017\2017","D:\Downloads\2017\2017\INMET_CO_GO_A024_ALTO PARAISO DE GOIAS_01-01-2017_A_31-12-2017.CSV",".CSV","810336","19/01/2026 09:27:54"
"INMET_CO_GO_A025_RIO VERDE_01-01-2017_A_31-12-2017.CSV","D:\Downloads\2017\2017","D:\Downloads\2017\2017\INMET_CO_GO_A025_RIO VERDE_01-01-2017_A_31-12-2017.CSV",".CSV","802307","19/01/2026 09:27:54"
"INMET_CO_GO_A026_MINEIROS_01-01-2017_A_31-12-2017.CSV","D:\Downloads\2017\2017","D:\Downloads\2017\2017\INMET_CO_GO_A026_MINEIROS_01-01-2017_A_31-12-2017.CSV",".CSV","901726","19/01/2026 09:27:54"
"INMET_CO_GO_A027_PARAUNA_01-01-2017_A_31-12-2017.CSV","D:\Downloads\2017\2017","D:\Downloads\2017\2017\INMET_CO_GO_A027_PARAUNA_01-01-2017_A_31-12-2017.CSV",".CSV","830775","19/01/2026 09:27:54"
"INMET_CO_GO_A028_IPORA_01-01-2017_A_31-12-2017.CSV","D:\Downloads\2017\2017","D:\Downloads\2017\2017\INMET_CO_GO_A028_IPORA_01-01-2017_A_31-12-2017.CSV",".CSV","802965","19/01/2026 09:27:54"
"INMET_CO_GO_A029_EDEIA_26-08-2017_A_31-12-2017.CSV","D:\Downloads\2017\2017","D:\Downloads\2017\2017\INMET_CO_GO_A029_EDEIA_26-08-2017_A_31-12-2017.CSV",".CSV","285138","19/01/2026 09:27:54"
"INMET_CO_GO_A031_SAO MIGUEL DO ARAGUAIA_29-06-2017_A_31-12-2017.CSV","D:\Downloads\2017\2017","D:\Downloads\2017\2017\INMET_CO_GO_A031_SAO MIGUEL DO ARAGUAIA_29-06-2017_A_31-12-2017.CSV",".CSV","418187","19/01/2026 09:27:54"
"INMET_CO_GO_A032_MONTE ALEGRE DE GOIAS_01-01-2017_A_31-12-2017.CSV","D:\Downloads\2017\2017","D:\Downloads\2017\2017\INMET_CO_GO_A032_MONTE ALEGRE DE GOIAS_01-01-2017_A_31-12-2017.CSV",".CSV","856503","19/01/2026 09:27:54"
"INMET_CO_GO_A033_PIRES DO RIO_01-01-2017_A_31-12-2017.CSV","D:\Downloads\2017\2017","D:\Downloads\2017\2017\INMET_CO_GO_A033_PIRES DO RIO_01-01-2017_A_31-12-2017.CSV",".CSV","822421","19/01/2026 09:27:54"
"INMET_CO_GO_A034_CATALAO_01-01-2017_A_31-12-2017.CSV","D:\Downloads\2017\2017","D:\Downloads\2017\2017\INMET_CO_GO_A034_CATALAO_01-01-2017_A_31-12-2017.CSV",".CSV","801315","19/01/2026 09:27:54"
"INMET_CO_GO_A035_ITUMBIARA_01-01-2017_A_31-12-2017.CSV","D:\Downloads\2017\2017","D:\Downloads\2017\2017\INMET_CO_GO_A035_ITUMBIARA_01-01-2017_A_31-12-2017.CSV",".CSV","812484","19/01/2026 09:27:54"
"INMET_CO_GO_A036_CRISTALINA_01-01-2017_A_31-12-2017.CSV","D:\Downloads\2017\2017","D:\Downloads\2017\2017\INMET_CO_GO_A036_CRISTALINA_01-01-2017_A_31-12-2017.CSV",".CSV","797484","19/01/2026 09:27:54"
"INMET_CO_GO_A037_SILVANIA_01-01-2017_A_31-12-2017.CSV","D:\Downloads\2017\2017","D:\Downloads\2017\2017\INMET_CO_GO_A037_SILVANIA_01-01-2017_A_31-12-2017.CSV",".CSV","802955","19/01/2026 09:27:54"
"INMET_CO_MS_A702_CAMPO GRANDE_01-01-2017_A_31-12-2017.CSV","D:\Downloads\2017\2017","D:\Downloads\2017\2017\INMET_CO_MS_A702_CAMPO GRANDE_01-01-2017_A_31-12-2017.CSV",".CSV","808077","19/01/2026 09:27:54"
"INMET_CO_MS_A703_PONTA PORA_01-01-2017_A_31-12-2017.CSV","D:\Downloads\2017\2017","D:\Downloads\2017\2017\INMET_CO_MS_A703_PONTA PORA_01-01-2017_A_31-12-2017.CSV",".CSV","810902","19/01/2026 09:27:54"
"INMET_CO_MS_A704_TRES LAGOAS_01-01-2017_A_31-12-2017.CSV","D:\Downloads\2017\2017","D:\Downloads\2017\2017\INMET_CO_MS_A704_TRES LAGOAS_01-01-2017_A_31-12-2017.CSV",".CSV","861802","19/01/2026 09:27:54"
"INMET_CO_MS_A709_IVINHEMA_01-01-2017_A_31-12-2017.CSV","D:\Downloads\2017\2017","D:\Downloads\2017\2017\INMET_CO_MS_A709_IVINHEMA_01-01-2017_A_31-12-2017.CSV",".CSV","882266","19/01/2026 09:27:54"
"INMET_CO_MS_A710_PARANAIBA_01-01-2017_A_31-12-2017.CSV","D:\Downloads\2017\2017","D:\Downloads\2017\2017\INMET_CO_MS_A710_PARANAIBA_01-01-2017_A_31-12-2017.CSV",".CSV","830059","19/01/2026 09:27:54"
"INMET_CO_MS_A717_NHUMIRIM_01-01-2017_A_31-12-2017.CSV","D:\Downloads\2017\2017","D:\Downloads\2017\2017\INMET_CO_MS_A717_NHUMIRIM_01-01-2017_A_31-12-2017.CSV",".CSV","805073","19/01/2026 09:27:54"
"INMET_CO_MS_A719_AQUIDAUANA_01-01-2017_A_31-12-2017.CSV","D:\Downloads\2017\2017","D:\Downloads\2017\2017\INMET_CO_MS_A719_AQUIDAUANA_01-01-2017_A_31-12-2017.CSV",".CSV","852892","19/01/2026 09:27:54"
"INMET_CO_MS_A720_COXIM_01-01-2017_A_31-12-2017.CSV","D:\Downloads\2017\2017","D:\Downloads\2017\2017\INMET_CO_MS_A720_COXIM_01-01-2017_A_31-12-2017.CSV",".CSV","822652","19/01/2026 09:27:54"
"INMET_CO_MS_A721_DOURADOS_01-01-2017_A_31-12-2017.CSV","D:\Downloads\2017\2017","D:\Downloads\2017\2017\INMET_CO_MS_A721_DOURADOS_01-01-2017_A_31-12-2017.CSV",".CSV","811767","19/01/2026 09:27:54"
"INMET_CO_MS_A722_MIRANDA_01-01-2017_A_31-12-2017.CSV","D:\Downloads\2017\2017","D:\Downloads\2017\2017\INMET_CO_MS_A722_MIRANDA_01-01-2017_A_31-12-2017.CSV",".CSV","825847","19/01/2026 09:27:54"
"INMET_CO_MS_A723_PORTO MURTINHO_01-01-2017_A_31-12-2017.CSV","D:\Downloads\2017\2017","D:\Downloads\2017\2017\INMET_CO_MS_A723_PORTO MURTINHO_01-01-2017_A_31-12-2017.CSV",".CSV","851835","19/01/2026 09:27:54"
"INMET_CO_MS_A724_CORUMBA_01-01-2017_A_31-12-2017.CSV","D:\Downloads\2017\2017","D:\Downloads\2017\2017\INMET_CO_MS_A724_CORUMBA_01-01-2017_A_31-12-2017.CSV",".CSV","894831","19/01/2026 09:27:54"
"INMET_CO_MS_A730_CHAPADAO DO SUL_01-01-2017_A_31-12-2017.CSV","D:\Downloads\2017\2017","D:\Downloads\2017\2017\INMET_CO_MS_A730_CHAPADAO DO SUL_01-01-2017_A_31-12-2017.CSV",".CSV","894255","19/01/2026 09:27:54"
"INMET_CO_MS_A731_MARACAJU_01-01-2017_A_31-12-2017.CSV","D:\Downloads\2017\2017","D:\Downloads\2017\2017\INMET_CO_MS_A731_MARACAJU_01-01-2017_A_31-12-2017.CSV",".CSV","818228","19/01/2026 09:27:54"
"INMET_CO_MS_A732_SAO GABRIEL DO OESTE_01-01-2017_A_31-12-2017.CSV","D:\Downloads\2017\2017","D:\Downloads\2017\2017\INMET_CO_MS_A732_SAO GABRIEL DO OESTE_01-01-2017_A_31-12-2017.CSV",".CSV","800426","19/01/2026 09:27:54"
"INMET_CO_MS_A742_CASSILANDIA_01-01-2017_A_31-12-2017.CSV","D:\Downloads\2017\2017","D:\Downloads\2017\2017\INMET_CO_MS_A742_CASSILANDIA_01-01-2017_A_31-12-2017.CSV",".CSV","807506","19/01/2026 09:27:54"
"INMET_CO_MS_A743_RIO BRILHANTE_01-01-2017_A_31-12-2017.CSV","D:\Downloads\2017\2017","D:\Downloads\2017\2017\INMET_CO_MS_A743_RIO BRILHANTE_01-01-2017_A_31-12-2017.CSV",".CSV","903702","19/01/2026 09:27:54"
"INMET_CO_MS_A749_JUTI_01-01-2017_A_31-12-2017.CSV","D:\Downloads\2017\2017","D:\Downloads\2017\2017\INMET_CO_MS_A749_JUTI_01-01-2017_A_31-12-2017.CSV",".CSV","806329","19/01/2026 09:27:54"
"INMET_CO_MS_A750_AMAMBAI_01-01-2017_A_31-12-2017.CSV","D:\Downloads\2017\2017","D:\Downloads\2017\2017\INMET_CO_MS_A750_AMAMBAI_01-01-2017_A_31-12-2017.CSV",".CSV","808506","19/01/2026 09:27:54"
"INMET_CO_MS_A751_SETE QUEDAS_01-01-2017_A_31-12-2017.CSV","D:\Downloads\2017\2017","D:\Downloads\2017\2017\INMET_CO_MS_A751_SETE QUEDAS_01-01-2017_A_31-12-2017.CSV",".CSV","824031","19/01/2026 09:27:54"
"INMET_CO_MS_A752_ITAQUIRAI_01-01-2017_A_31-12-2017.CSV","D:\Downloads\2017\2017","D:\Downloads\2017\2017\INMET_CO_MS_A752_ITAQUIRAI_01-01-2017_A_31-12-2017.CSV",".CSV","795325","19/01/2026 09:27:54"
"INMET_CO_MS_A754_SIDROLANDIA_01-01-2017_A_31-12-2017.CSV","D:\Downloads\2017\2017","D:\Downloads\2017\2017\INMET_CO_MS_A754_SIDROLANDIA_01-01-2017_A_31-12-2017.CSV",".CSV","889851","19/01/2026 09:27:54"
"INMET_CO_MS_A756_AGUA CLARA_01-01-2017_A_31-12-2017.CSV","D:\Downloads\2017\2017","D:\Downloads\2017\2017\INMET_CO_MS_A756_AGUA CLARA_01-01-2017_A_31-12-2017.CSV",".CSV","820476","19/01/2026 09:27:54"
"INMET_CO_MS_A757_BELA VISTA_01-01-2017_A_31-12-2017.CSV","D:\Downloads\2017\2017","D:\Downloads\2017\2017\INMET_CO_MS_A757_BELA VISTA_01-01-2017_A_31-12-2017.CSV",".CSV","896096","19/01/2026 09:27:54"
"INMET_CO_MS_A758_JARDIM_01-01-2017_A_31-12-2017.CSV","D:\Downloads\2017\2017","D:\Downloads\2017\2017\INMET_CO_MS_A758_JARDIM_01-01-2017_A_31-12-2017.CSV",".CSV","814553","19/01/2026 09:27:54"
"INMET_CO_MS_A759_BATAGUASSU_01-01-2017_A_31-12-2017.CSV","D:\Downloads\2017\2017","D:\Downloads\2017\2017\INMET_CO_MS_A759_BATAGUASSU_01-01-2017_A_31-12-2017.CSV",".CSV","819093","19/01/2026 09:27:54"
"INMET_CO_MS_A760_COSTA RICA_01-01-2017_A_31-12-2017.CSV","D:\Downloads\2017\2017","D:\Downloads\2017\2017\INMET_CO_MS_A760_COSTA RICA_01-01-2017_A_31-12-2017.CSV",".CSV","827478","19/01/2026 09:27:54"
"INMET_CO_MS_A761_SONORA_01-01-2017_A_31-12-2017.CSV","D:\Downloads\2017\2017","D:\Downloads\2017\2017\INMET_CO_MS_A761_SONORA_01-01-2017_A_31-12-2017.CSV",".CSV","836379","19/01/2026 09:27:54"
"INMET_CO_MT_A901_CUIABA_01-01-2017_A_31-12-2017.CSV","D:\Downloads\2017\2017","D:\Downloads\2017\2017\INMET_CO_MT_A901_CUIABA_01-01-2017_A_31-12-2017.CSV",".CSV","838391","19/01/2026 09:27:54"
"INMET_CO_MT_A902_TANGARA DA SERRA_01-01-2017_A_31-12-2017.CSV","D:\Downloads\2017\2017","D:\Downloads\2017\2017\INMET_CO_MT_A902_TANGARA DA SERRA_01-01-2017_A_31-12-2017.CSV",".CSV","831557","19/01/2026 09:27:54"
"INMET_CO_MT_A903_S.J. DO RIO CLARO_01-01-2017_A_31-12-2017.CSV","D:\Downloads\2017\2017","D:\Downloads\2017\2017\INMET_CO_MT_A903_S.J. DO RIO CLARO_01-01-2017_A_31-12-2017.CSV",".CSV","813013","19/01/2026 09:27:54"
"INMET_CO_MT_A904_SORRISO_01-01-2017_A_31-12-2017.CSV","D:\Downloads\2017\2017","D:\Downloads\2017\2017\INMET_CO_MT_A904_SORRISO_01-01-2017_A_31-12-2017.CSV",".CSV","797988","19/01/2026 09:27:54"
"INMET_CO_MT_A905_CAMPO NOVO DOS PARECIS_01-01-2017_A_31-12-2017.CSV","D:\Downloads\2017\2017","D:\Downloads\2017\2017\INMET_CO_MT_A905_CAMPO NOVO DOS PARECIS_01-01-2017_A_31-12-2017.CSV",".CSV","845784","19/01/2026 09:27:54"
"INMET_CO_MT_A906_GUARANTA DO NORTE_01-01-2017_A_31-12-2017.CSV","D:\Downloads\2017\2017","D:\Downloads\2017\2017\INMET_CO_MT_A906_GUARANTA DO NORTE_01-01-2017_A_31-12-2017.CSV",".CSV","812596","19/01/2026 09:27:54"
"INMET_CO_MT_A907_RONDONOPOLIS_01-01-2017_A_31-12-2017.CSV","D:\Downloads\2017\2017","D:\Downloads\2017\2017\INMET_CO_MT_A907_RONDONOPOLIS_01-01-2017_A_31-12-2017.CSV",".CSV","807639","19/01/2026 09:27:54"
"INMET_CO_MT_A908_AGUA BOA_01-01-2017_A_31-12-2017.CSV","D:\Downloads\2017\2017","D:\Downloads\2017\2017\INMET_CO_MT_A908_AGUA BOA_01-01-2017_A_31-12-2017.CSV",".CSV","806926","19/01/2026 09:27:54"
"INMET_CO_MT_A909_ALTO ARAGUAIA_01-01-2017_A_31-12-2017.CSV","D:\Downloads\2017\2017","D:\Downloads\2017\2017\INMET_CO_MT_A909_ALTO ARAGUAIA_01-01-2017_A_31-12-2017.CSV",".CSV","854055","19/01/2026 09:27:54"
"INMET_CO_MT_A910_APIACAS_01-01-2017_A_31-12-2017.CSV","D:\Downloads\2017\2017","D:\Downloads\2017\2017\INMET_CO_MT_A910_APIACAS_01-01-2017_A_31-12-2017.CSV",".CSV","831511","19/01/2026 09:27:54"
"INMET_CO_MT_A911_SAPEZAL_20-10-2017_A_31-12-2017.CSV","D:\Downloads\2017\2017","D:\Downloads\2017\2017\INMET_CO_MT_A911_SAPEZAL_20-10-2017_A_31-12-2017.CSV",".CSV","163693","19/01/2026 09:27:54"
"INMET_CO_MT_A912_CAMPO VERDE_01-01-2017_A_31-12-2017.CSV","D:\Downloads\2017\2017","D:\Downloads\2017\2017\INMET_CO_MT_A912_CAMPO VERDE_01-01-2017_A_31-12-2017.CSV",".CSV","842166","19/01/2026 09:27:54"
"INMET_CO_MT_A913_COMODORO_01-01-2017_A_31-12-2017.CSV","D:\Downloads\2017\2017","D:\Downloads\2017\2017\INMET_CO_MT_A913_COMODORO_01-01-2017_A_31-12-2017.CSV",".CSV","845534","19/01/2026 09:27:54"
"INMET_CO_MT_A914_JUARA_01-01-2017_A_31-12-2017.CSV","D:\Downloads\2017\2017","D:\Downloads\2017\2017\INMET_CO_MT_A914_JUARA_01-01-2017_A_31-12-2017.CSV",".CSV","881913","19/01/2026 09:27:54"
"INMET_CO_MT_A915_PARANATINGA_01-01-2017_A_31-12-2017.CSV","D:\Downloads\2017\2017","D:\Downloads\2017\2017\INMET_CO_MT_A915_PARANATINGA_01-01-2017_A_31-12-2017.CSV",".CSV","971197","19/01/2026 09:27:54"
"INMET_CO_MT_A916_QUERENCIA_01-01-2017_A_31-12-2017.CSV","D:\Downloads\2017\2017","D:\Downloads\2017\2017\INMET_CO_MT_A916_QUERENCIA_01-01-2017_A_31-12-2017.CSV",".CSV","868542","19/01/2026 09:27:54"
"INMET_CO_MT_A917_SINOP_01-01-2017_A_31-12-2017.CSV","D:\Downloads\2017\2017","D:\Downloads\2017\2017\INMET_CO_MT_A917_SINOP_01-01-2017_A_31-12-2017.CSV",".CSV","874750","19/01/2026 09:27:54"
"INMET_CO_MT_A919_COTRIGUACU_01-01-2017_A_31-12-2017.CSV","D:\Downloads\2017\2017","D:\Downloads\2017\2017\INMET_CO_MT_A919_COTRIGUACU_01-01-2017_A_31-12-2017.CSV",".CSV","778832","19/01/2026 09:27:54"
"INMET_CO_MT_A920_JUINA_01-01-2017_A_31-12-2017.CSV","D:\Downloads\2017\2017","D:\Downloads\2017\2017\INMET_CO_MT_A920_JUINA_01-01-2017_A_31-12-2017.CSV",".CSV","801233","19/01/2026 09:27:54"
"INMET_CO_MT_A921_SAO FELIX  DO ARAGUAIA_01-01-2017_A_31-12-2017.CSV","D:\Downloads\2017\2017","D:\Downloads\2017\2017\INMET_CO_MT_A921_SAO FELIX  DO ARAGUAIA_01-01-2017_A_31-12-2017.CSV",".CSV","892158","19/01/2026 09:27:54"
"INMET_CO_MT_A922_VILA BELA DA SANTISSIMA TRINDADE_01-01-2017_A_31-12-2017.CSV","D:\Downloads\2017\2017","D:\Downloads\2017\2017\INMET_CO_MT_A922_VILA BELA DA SANTISSIMA TRINDADE_01-01-2017_A_31-12-2017.CSV",".CSV","833486","19/01/2026 09:27:54"
"INMET_CO_MT_A923_PRIMAVERA DO LESTE_26-10-2017_A_31-12-2017.CSV","D:\Downloads\2017\2017","D:\Downloads\2017\2017\INMET_CO_MT_A923_PRIMAVERA DO LESTE_26-10-2017_A_31-12-2017.CSV",".CSV","159913","19/01/2026 09:27:54"
"INMET_CO_MT_A924_ALTA FLORESTA_01-01-2017_A_31-12-2017.CSV","D:\Downloads\2017\2017","D:\Downloads\2017\2017\INMET_CO_MT_A924_ALTA FLORESTA_01-01-2017_A_31-12-2017.CSV",".CSV","914560","19/01/2026 09:27:54"
"INMET_CO_MT_A926_CARLINDA_01-01-2017_A_31-12-2017.CSV","D:\Downloads\2017\2017","D:\Downloads\2017\2017\INMET_CO_MT_A926_CARLINDA_01-01-2017_A_31-12-2017.CSV",".CSV","799851","19/01/2026 09:27:54"
"INMET_CO_MT_A927_BRASNORTE (MUNDO NOVO)_01-01-2017_A_31-12-2017.CSV","D:\Downloads\2017\2017","D:\Downloads\2017\2017\INMET_CO_MT_A927_BRASNORTE (MUNDO NOVO)_01-01-2017_A_31-12-2017.CSV",".CSV","861916","19/01/2026 09:27:54"
"INMET_CO_MT_A928_NOVA MARINGA_01-01-2017_A_31-12-2017.CSV","D:\Downloads\2017\2017","D:\Downloads\2017\2017\INMET_CO_MT_A928_NOVA MARINGA_01-01-2017_A_31-12-2017.CSV",".CSV","792828","19/01/2026 09:27:54"
"INMET_CO_MT_A929_NOVA UBIRATA_01-01-2017_A_31-12-2017.CSV","D:\Downloads\2017\2017","D:\Downloads\2017\2017\INMET_CO_MT_A929_NOVA UBIRATA_01-01-2017_A_31-12-2017.CSV",".CSV","894136","19/01/2026 09:27:54"
"INMET_CO_MT_A930_GAUCHA DO NORTE_01-01-2017_A_31-12-2017.CSV","D:\Downloads\2017\2017","D:\Downloads\2017\2017\INMET_CO_MT_A930_GAUCHA DO NORTE_01-01-2017_A_31-12-2017.CSV",".CSV","805599","19/01/2026 09:27:54"
"INMET_CO_MT_A931_SANTO ANTONIO DO LESTE_01-01-2017_A_31-12-2017.CSV","D:\Downloads\2017\2017","D:\Downloads\2017\2017\INMET_CO_MT_A931_SANTO ANTONIO DO LESTE_01-01-2017_A_31-12-2017.CSV",".CSV","893948","19/01/2026 09:27:54"
"INMET_CO_MT_A932_GUIRATINGA_01-01-2017_A_31-12-2017.CSV","D:\Downloads\2017\2017","D:\Downloads\2017\2017\INMET_CO_MT_A932_GUIRATINGA_01-01-2017_A_31-12-2017.CSV",".CSV","782198","19/01/2026 09:27:54"
"INMET_CO_MT_A933_ITIQUIRA_01-01-2017_A_31-12-2017.CSV","D:\Downloads\2017\2017","D:\Downloads\2017\2017\INMET_CO_MT_A933_ITIQUIRA_01-01-2017_A_31-12-2017.CSV",".CSV","818740","19/01/2026 09:27:54"
"INMET_CO_MT_A934_ALTO TAQUARI_01-01-2017_A_31-12-2017.CSV","D:\Downloads\2017\2017","D:\Downloads\2017\2017\INMET_CO_MT_A934_ALTO TAQUARI_01-01-2017_A_31-12-2017.CSV",".CSV","808381","19/01/2026 09:27:54"
"INMET_CO_MT_A935_PORTO ESTRELA_01-01-2017_A_31-12-2017.CSV","D:\Downloads\2017\2017","D:\Downloads\2017\2017\INMET_CO_MT_A935_PORTO ESTRELA_01-01-2017_A_31-12-2017.CSV",".CSV","836832","19/01/2026 09:27:54"
"INMET_CO_MT_A936_SALTO DO CEU_01-01-2017_A_31-12-2017.CSV","D:\Downloads\2017\2017","D:\Downloads\2017\2017\INMET_CO_MT_A936_SALTO DO CEU_01-01-2017_A_31-12-2017.CSV",".CSV","906778","19/01/2026 09:27:54"
"INMET_CO_MT_A937_PONTES E LACERDA_01-01-2017_A_31-12-2017.CSV","D:\Downloads\2017\2017","D:\Downloads\2017\2017\INMET_CO_MT_A937_PONTES E LACERDA_01-01-2017_A_31-12-2017.CSV",".CSV","830999","19/01/2026 09:27:54"
"INMET_CO_MT_A941_CACERES_01-01-2017_A_31-12-2017.CSV","D:\Downloads\2017\2017","D:\Downloads\2017\2017\INMET_CO_MT_A941_CACERES_01-01-2017_A_31-12-2017.CSV",".CSV","828254","19/01/2026 09:27:54"
"INMET_N_AC_A102_PARQUE ESTADUAL CHANDLESS_01-01-2017_A_31-12-2017.CSV","D:\Downloads\2017\2017","D:\Downloads\2017\2017\INMET_N_AC_A102_PARQUE ESTADUAL CHANDLESS_01-01-2017_A_31-12-2017.CSV",".CSV","833839","19/01/2026 09:27:55"
"INMET_N_AC_A104_RIO BRANCO_01-01-2017_A_31-12-2017.CSV","D:\Downloads\2017\2017","D:\Downloads\2017\2017\INMET_N_AC_A104_RIO BRANCO_01-01-2017_A_31-12-2017.CSV",".CSV","903611","19/01/2026 09:27:55"
"INMET_N_AC_A108_CRUZEIRO DO SUL_01-01-2017_A_31-12-2017.CSV","D:\Downloads\2017\2017","D:\Downloads\2017\2017\INMET_N_AC_A108_CRUZEIRO DO SUL_01-01-2017_A_31-12-2017.CSV",".CSV","897404","19/01/2026 09:27:55"
"INMET_N_AC_A136_PORTO WALTER_01-01-2017_A_31-12-2017.CSV","D:\Downloads\2017\2017","D:\Downloads\2017\2017\INMET_N_AC_A136_PORTO WALTER_01-01-2017_A_31-12-2017.CSV",".CSV","969466","19/01/2026 09:27:55"
"INMET_N_AC_A137_MARECHAL THAUMATURGO_01-01-2017_A_31-12-2017.CSV","D:\Downloads\2017\2017","D:\Downloads\2017\2017\INMET_N_AC_A137_MARECHAL THAUMATURGO_01-01-2017_A_31-12-2017.CSV",".CSV","970255","19/01/2026 09:27:55"
"INMET_N_AC_A138_FEIJO_01-01-2017_A_31-12-2017.CSV","D:\Downloads\2017\2017","D:\Downloads\2017\2017\INMET_N_AC_A138_FEIJO_01-01-2017_A_31-12-2017.CSV",".CSV","959751","19/01/2026 09:27:55"
"INMET_N_AC_A140_EPITACIOLANDIA_01-01-2017_A_31-12-2017.CSV","D:\Downloads\2017\2017","D:\Downloads\2017\2017\INMET_N_AC_A140_EPITACIOLANDIA_01-01-2017_A_31-12-2017.CSV",".CSV","809446","19/01/2026 09:27:55"
"INMET_N_AM_A101_MANAUS_01-01-2017_A_31-12-2017.CSV","D:\Downloads\2017\2017","D:\Downloads\2017\2017\INMET_N_AM_A101_MANAUS_01-01-2017_A_31-12-2017.CSV",".CSV","836898","19/01/2026 09:27:55"
"INMET_N_AM_A109_EIRUNEPE_01-01-2017_A_31-12-2017.CSV","D:\Downloads\2017\2017","D:\Downloads\2017\2017\INMET_N_AM_A109_EIRUNEPE_01-01-2017_A_31-12-2017.CSV",".CSV","1052074","19/01/2026 09:27:55"
"INMET_N_AM_A110_BOCA DO ACRE_01-01-2017_A_31-12-2017.CSV","D:\Downloads\2017\2017","D:\Downloads\2017\2017\INMET_N_AM_A110_BOCA DO ACRE_01-01-2017_A_31-12-2017.CSV",".CSV","812205","19/01/2026 09:27:55"
"INMET_N_AM_A111_LABREA_01-01-2017_A_31-12-2017.CSV","D:\Downloads\2017\2017","D:\Downloads\2017\2017\INMET_N_AM_A111_LABREA_01-01-2017_A_31-12-2017.CSV",".CSV","832104","19/01/2026 09:27:55"
"INMET_N_AM_A112_HUMAITA_01-01-2017_A_31-12-2017.CSV","D:\Downloads\2017\2017","D:\Downloads\2017\2017\INMET_N_AM_A112_HUMAITA_01-01-2017_A_31-12-2017.CSV",".CSV","815092","19/01/2026 09:27:55"
"INMET_N_AM_A113_APUI_01-01-2017_A_31-12-2017.CSV","D:\Downloads\2017\2017","D:\Downloads\2017\2017\INMET_N_AM_A113_APUI_01-01-2017_A_31-12-2017.CSV",".CSV","935969","19/01/2026 09:27:55"
"INMET_N_AM_A117_COARI_01-01-2017_A_31-12-2017.CSV","D:\Downloads\2017\2017","D:\Downloads\2017\2017\INMET_N_AM_A117_COARI_01-01-2017_A_31-12-2017.CSV",".CSV","866802","19/01/2026 09:27:55"
"INMET_N_AM_A119_MANACAPURU_01-01-2017_A_31-12-2017.CSV","D:\Downloads\2017\2017","D:\Downloads\2017\2017\INMET_N_AM_A119_MANACAPURU_01-01-2017_A_31-12-2017.CSV",".CSV","845930","19/01/2026 09:27:55"
"INMET_N_AM_A120_AUTAZES_01-01-2017_A_31-12-2017.CSV","D:\Downloads\2017\2017","D:\Downloads\2017\2017\INMET_N_AM_A120_AUTAZES_01-01-2017_A_31-12-2017.CSV",".CSV","929815","19/01/2026 09:27:55"
"INMET_N_AM_A121_ITACOATIARA_01-01-2017_A_31-12-2017.CSV","D:\Downloads\2017\2017","D:\Downloads\2017\2017\INMET_N_AM_A121_ITACOATIARA_01-01-2017_A_31-12-2017.CSV",".CSV","838489","19/01/2026 09:27:55"
"INMET_N_AM_A122_MAUES_01-01-2017_A_31-12-2017.CSV","D:\Downloads\2017\2017","D:\Downloads\2017\2017\INMET_N_AM_A122_MAUES_01-01-2017_A_31-12-2017.CSV",".CSV","856148","19/01/2026 09:27:55"
"INMET_N_AM_A123_PARINTINS_01-01-2017_A_31-12-2017.CSV","D:\Downloads\2017\2017","D:\Downloads\2017\2017\INMET_N_AM_A123_PARINTINS_01-01-2017_A_31-12-2017.CSV",".CSV","864710","19/01/2026 09:27:55"
"INMET_N_AM_A124_URUCARA_01-01-2017_A_31-12-2017.CSV","D:\Downloads\2017\2017","D:\Downloads\2017\2017\INMET_N_AM_A124_URUCARA_01-01-2017_A_31-12-2017.CSV",".CSV","836612","19/01/2026 09:27:55"
"INMET_N_AM_A125_RIO URUBU_01-01-2017_A_31-12-2017.CSV","D:\Downloads\2017\2017","D:\Downloads\2017\2017\INMET_N_AM_A125_RIO URUBU_01-01-2017_A_31-12-2017.CSV",".CSV","912172","19/01/2026 09:27:55"
"INMET_N_AM_A126_PRESIDENTE FIGUEIREDO_01-01-2017_A_31-12-2017.CSV","D:\Downloads\2017\2017","D:\Downloads\2017\2017\INMET_N_AM_A126_PRESIDENTE FIGUEIREDO_01-01-2017_A_31-12-2017.CSV",".CSV","828906","19/01/2026 09:27:55"
"INMET_N_AM_A128_BARCELOS_01-01-2017_A_31-12-2017.CSV","D:\Downloads\2017\2017","D:\Downloads\2017\2017\INMET_N_AM_A128_BARCELOS_01-01-2017_A_31-12-2017.CSV",".CSV","952442","19/01/2026 09:27:55"
"INMET_N_AM_A133_MANICORE_01-01-2017_A_31-12-2017.CSV","D:\Downloads\2017\2017","D:\Downloads\2017\2017\INMET_N_AM_A133_MANICORE_01-01-2017_A_31-12-2017.CSV",".CSV","871403","19/01/2026 09:27:55"
"INMET_N_AM_A134_S. G. DA CACHOEIRA_01-01-2017_A_31-12-2017.CSV","D:\Downloads\2017\2017","D:\Downloads\2017\2017\INMET_N_AM_A134_S. G. DA CACHOEIRA_01-01-2017_A_31-12-2017.CSV",".CSV","824646","19/01/2026 09:27:55"
"INMET_N_AM_S102_PEF IPIRANGA_01-01-2017_A_31-12-2017.CSV","D:\Downloads\2017\2017","D:\Downloads\2017\2017\INMET_N_AM_S102_PEF IPIRANGA_01-01-2017_A_31-12-2017.CSV",".CSV","1039171","19/01/2026 09:27:55"
"INMET_N_AM_S103_CRMN MANAUS_01-01-2017_A_31-12-2017.CSV","D:\Downloads\2017\2017","D:\Downloads\2017\2017\INMET_N_AM_S103_CRMN MANAUS_01-01-2017_A_31-12-2017.CSV",".CSV","847435","19/01/2026 09:27:55"
"INMET_N_AM_S105_DTCEA TABATINGA_01-01-2017_A_31-12-2017.CSV","D:\Downloads\2017\2017","D:\Downloads\2017\2017\INMET_N_AM_S105_DTCEA TABATINGA_01-01-2017_A_31-12-2017.CSV",".CSV","1038773","19/01/2026 09:27:55"
"INMET_N_AM_S115_PEF YAUARETE_01-01-2017_A_31-12-2017.CSV","D:\Downloads\2017\2017","D:\Downloads\2017\2017\INMET_N_AM_S115_PEF YAUARETE_01-01-2017_A_31-12-2017.CSV",".CSV","1052074","19/01/2026 09:27:55"
"INMET_N_AM_S116_PEF ESTIRAO DO EQUADOR_01-01-2017_A_31-12-2017.CSV","D:\Downloads\2017\2017","D:\Downloads\2017\2017\INMET_N_AM_S116_PEF ESTIRAO DO EQUADOR_01-01-2017_A_31-12-2017.CSV",".CSV","898331","19/01/2026 09:27:55"
"INMET_N_AM_S117_DTCEA TEFE_01-01-2017_A_31-12-2017.CSV","D:\Downloads\2017\2017","D:\Downloads\2017\2017\INMET_N_AM_S117_DTCEA TEFE_01-01-2017_A_31-12-2017.CSV",".CSV","820315","19/01/2026 09:27:55"
"INMET_N_AM_S121_SANTA ISABEL DO RIO NEGRO_01-01-2017_A_31-12-2017.CSV","D:\Downloads\2017\2017","D:\Downloads\2017\2017\INMET_N_AM_S121_SANTA ISABEL DO RIO NEGRO_01-01-2017_A_31-12-2017.CSV",".CSV","1052088","19/01/2026 09:27:55"
"INMET_N_AP_A242_OIAPOQUE_01-01-2017_A_31-12-2017.CSV","D:\Downloads\2017\2017","D:\Downloads\2017\2017\INMET_N_AP_A242_OIAPOQUE_01-01-2017_A_31-12-2017.CSV",".CSV","948205","19/01/2026 09:27:55"
"INMET_N_AP_A249_MACAPA_01-01-2017_A_31-12-2017.CSV","D:\Downloads\2017\2017","D:\Downloads\2017\2017\INMET_N_AP_A249_MACAPA_01-01-2017_A_31-12-2017.CSV",".CSV","873273","19/01/2026 09:27:55"
"INMET_N_AP_A251_ITAUBAL_24-08-2017_A_31-12-2017.CSV","D:\Downloads\2017\2017","D:\Downloads\2017\2017\INMET_N_AP_A251_ITAUBAL_24-08-2017_A_31-12-2017.CSV",".CSV","326916","19/01/2026 09:27:55"
"INMET_N_PA_A201_BELEM_01-01-2017_A_31-12-2017.CSV","D:\Downloads\2017\2017","D:\Downloads\2017\2017\INMET_N_PA_A201_BELEM_01-01-2017_A_31-12-2017.CSV",".CSV","830082","19/01/2026 09:27:55"
"INMET_N_PA_A202_CASTANHAL_01-01-2017_A_31-12-2017.CSV","D:\Downloads\2017\2017","D:\Downloads\2017\2017\INMET_N_PA_A202_CASTANHAL_01-01-2017_A_31-12-2017.CSV",".CSV","823839","19/01/2026 09:27:55"
"INMET_N_PA_A209_MEDICILANDIA_01-01-2017_A_31-12-2017.CSV","D:\Downloads\2017\2017","D:\Downloads\2017\2017\INMET_N_PA_A209_MEDICILANDIA_01-01-2017_A_31-12-2017.CSV",".CSV","836620","19/01/2026 09:27:55"
"INMET_N_PA_A210_PACAJA_01-01-2017_A_31-12-2017.CSV","D:\Downloads\2017\2017","D:\Downloads\2017\2017\INMET_N_PA_A210_PACAJA_01-01-2017_A_31-12-2017.CSV",".CSV","886372","19/01/2026 09:27:55"
"INMET_N_PA_A211_PLACAS_01-01-2017_A_31-12-2017.CSV","D:\Downloads\2017\2017","D:\Downloads\2017\2017\INMET_N_PA_A211_PLACAS_01-01-2017_A_31-12-2017.CSV",".CSV","807801","19/01/2026 09:27:55"
"INMET_N_PA_A212_PARAGOMINAS_01-01-2017_A_31-12-2017.CSV","D:\Downloads\2017\2017","D:\Downloads\2017\2017\INMET_N_PA_A212_PARAGOMINAS_01-01-2017_A_31-12-2017.CSV",".CSV","857184","19/01/2026 09:27:55"
"INMET_N_PA_A213_TOME ACU_01-01-2017_A_31-12-2017.CSV","D:\Downloads\2017\2017","D:\Downloads\2017\2017\INMET_N_PA_A213_TOME ACU_01-01-2017_A_31-12-2017.CSV",".CSV","891297","19/01/2026 09:27:55"
"INMET_N_PA_A214_RONDON DO PARA_01-01-2017_A_31-12-2017.CSV","D:\Downloads\2017\2017","D:\Downloads\2017\2017\INMET_N_PA_A214_RONDON DO PARA_01-01-2017_A_31-12-2017.CSV",".CSV","821618","19/01/2026 09:27:55"
"INMET_N_PA_A215_SALINOPOLIS_01-01-2017_A_31-12-2017.CSV","D:\Downloads\2017\2017","D:\Downloads\2017\2017\INMET_N_PA_A215_SALINOPOLIS_01-01-2017_A_31-12-2017.CSV",".CSV","834860","19/01/2026 09:27:55"
"INMET_N_PA_A216_SAO FELIX DO XINGU_01-01-2017_A_31-12-2017.CSV","D:\Downloads\2017\2017","D:\Downloads\2017\2017\INMET_N_PA_A216_SAO FELIX DO XINGU_01-01-2017_A_31-12-2017.CSV",".CSV","810409","19/01/2026 09:27:55"
"INMET_N_PA_A226_BRAGANCA_01-01-2017_A_31-12-2017.CSV","D:\Downloads\2017\2017","D:\Downloads\2017\2017\INMET_N_PA_A226_BRAGANCA_01-01-2017_A_31-12-2017.CSV",".CSV","825524","19/01/2026 09:27:55"
"INMET_N_PA_A227_SOURE_01-01-2017_A_31-12-2017.CSV","D:\Downloads\2017\2017","D:\Downloads\2017\2017\INMET_N_PA_A227_SOURE_01-01-2017_A_31-12-2017.CSV",".CSV","877994","19/01/2026 09:27:55"
"INMET_N_PA_A228_BREVES_20-10-2017_A_31-12-2017.CSV","D:\Downloads\2017\2017","D:\Downloads\2017\2017\INMET_N_PA_A228_BREVES_20-10-2017_A_31-12-2017.CSV",".CSV","167511","19/01/2026 09:27:55"
"INMET_N_PA_A229_TUCURUI_01-01-2017_A_31-12-2017.CSV","D:\Downloads\2017\2017","D:\Downloads\2017\2017\INMET_N_PA_A229_TUCURUI_01-01-2017_A_31-12-2017.CSV",".CSV","797232","19/01/2026 09:27:55"
"INMET_N_PA_A230_SERRA DOS CARAJAS_01-01-2017_A_31-12-2017.CSV","D:\Downloads\2017\2017","D:\Downloads\2017\2017\INMET_N_PA_A230_SERRA DOS CARAJAS_01-01-2017_A_31-12-2017.CSV",".CSV","814729","19/01/2026 09:27:55"
"INMET_N_PA_A231_ITAITUBA_01-01-2017_A_31-12-2017.CSV","D:\Downloads\2017\2017","D:\Downloads\2017\2017\INMET_N_PA_A231_ITAITUBA_01-01-2017_A_31-12-2017.CSV",".CSV","887440","19/01/2026 09:27:55"
"INMET_N_PA_A232_OBIDOS_01-01-2017_A_31-12-2017.CSV","D:\Downloads\2017\2017","D:\Downloads\2017\2017\INMET_N_PA_A232_OBIDOS_01-01-2017_A_31-12-2017.CSV",".CSV","846688","19/01/2026 09:27:55"
"INMET_N_PA_A233_SANTANA DO ARAGUAIA_01-01-2017_A_31-12-2017.CSV","D:\Downloads\2017\2017","D:\Downloads\2017\2017\INMET_N_PA_A233_SANTANA DO ARAGUAIA_01-01-2017_A_31-12-2017.CSV",".CSV","900969","19/01/2026 09:27:55"
"INMET_N_PA_A234_TUCUMA_01-01-2017_A_31-12-2017.CSV","D:\Downloads\2017\2017","D:\Downloads\2017\2017\INMET_N_PA_A234_TUCUMA_01-01-2017_A_31-12-2017.CSV",".CSV","806772","19/01/2026 09:27:55"
"INMET_N_PA_A235_NOVO REPARTIMENTO_01-01-2017_A_31-12-2017.CSV","D:\Downloads\2017\2017","D:\Downloads\2017\2017\INMET_N_PA_A235_NOVO REPARTIMENTO_01-01-2017_A_31-12-2017.CSV",".CSV","856886","19/01/2026 09:27:55"
"INMET_N_PA_A236_CAMETA_01-01-2017_A_31-12-2017.CSV","D:\Downloads\2017\2017","D:\Downloads\2017\2017\INMET_N_PA_A236_CAMETA_01-01-2017_A_31-12-2017.CSV",".CSV","849478","19/01/2026 09:27:55"
"INMET_N_PA_A239_MONTE ALEGRE_01-01-2017_A_31-12-2017.CSV","D:\Downloads\2017\2017","D:\Downloads\2017\2017\INMET_N_PA_A239_MONTE ALEGRE_01-01-2017_A_31-12-2017.CSV",".CSV","844123","19/01/2026 09:27:55"
"INMET_N_PA_A240_MARABA_01-01-2017_A_31-12-2017.CSV","D:\Downloads\2017\2017","D:\Downloads\2017\2017\INMET_N_PA_A240_MARABA_01-01-2017_A_31-12-2017.CSV",".CSV","818042","19/01/2026 09:27:55"
"INMET_N_PA_A241_CONCEICAO DO ARAGUAIA_01-01-2017_A_31-12-2017.CSV","D:\Downloads\2017\2017","D:\Downloads\2017\2017\INMET_N_PA_A241_CONCEICAO DO ARAGUAIA_01-01-2017_A_31-12-2017.CSV",".CSV","817654","19/01/2026 09:27:55"
"INMET_N_PA_A246_MINA DO PALITO_01-01-2017_A_31-12-2017.CSV","D:\Downloads\2017\2017","D:\Downloads\2017\2017\INMET_N_PA_A246_MINA DO PALITO_01-01-2017_A_31-12-2017.CSV",".CSV","928375","19/01/2026 09:27:55"
"INMET_N_PA_A247_XINGUARA_01-01-2017_A_31-12-2017.CSV","D:\Downloads\2017\2017","D:\Downloads\2017\2017\INMET_N_PA_A247_XINGUARA_01-01-2017_A_31-12-2017.CSV",".CSV","809435","19/01/2026 09:27:55"
"INMET_N_PA_A248_CAPITAO POCO_01-01-2017_A_31-12-2017.CSV","D:\Downloads\2017\2017","D:\Downloads\2017\2017\INMET_N_PA_A248_CAPITAO POCO_01-01-2017_A_31-12-2017.CSV",".CSV","926217","19/01/2026 09:27:55"
"INMET_N_PA_A250_SANTAREM_01-01-2017_A_31-12-2017.CSV","D:\Downloads\2017\2017","D:\Downloads\2017\2017\INMET_N_PA_A250_SANTAREM_01-01-2017_A_31-12-2017.CSV",".CSV","827148","19/01/2026 09:27:55"
"INMET_N_PA_S107_DOM ELISEU_01-01-2017_A_31-12-2017.CSV","D:\Downloads\2017\2017","D:\Downloads\2017\2017\INMET_N_PA_S107_DOM ELISEU_01-01-2017_A_31-12-2017.CSV",".CSV","892633","19/01/2026 09:27:55"
"INMET_N_PA_S111_ULIANOPOLIS_01-01-2017_A_31-12-2017.CSV","D:\Downloads\2017\2017","D:\Downloads\2017\2017\INMET_N_PA_S111_ULIANOPOLIS_01-01-2017_A_31-12-2017.CSV",".CSV","1052062","19/01/2026 09:27:55"
"INMET_N_PA_S120_DTCEA JACAREACANGA_01-01-2017_A_31-12-2017.CSV","D:\Downloads\2017\2017","D:\Downloads\2017\2017\INMET_N_PA_S120_DTCEA JACAREACANGA_01-01-2017_A_31-12-2017.CSV",".CSV","821428","19/01/2026 09:27:55"
"INMET_N_RO_A938_VILHENA_01-01-2017_A_31-12-2017.CSV","D:\Downloads\2017\2017","D:\Downloads\2017\2017\INMET_N_RO_A938_VILHENA_01-01-2017_A_31-12-2017.CSV",".CSV","808565","19/01/2026 09:27:55"
"INMET_N_RO_A939_CACOAL_01-01-2017_A_31-12-2017.CSV","D:\Downloads\2017\2017","D:\Downloads\2017\2017\INMET_N_RO_A939_CACOAL_01-01-2017_A_31-12-2017.CSV",".CSV","809250","19/01/2026 09:27:55"
"INMET_N_RO_A940_ARIQUEMES_01-01-2017_A_31-12-2017.CSV","D:\Downloads\2017\2017","D:\Downloads\2017\2017\INMET_N_RO_A940_ARIQUEMES_01-01-2017_A_31-12-2017.CSV",".CSV","952438","19/01/2026 09:27:55"
"INMET_N_RO_S101_FORTE PRINCIPE_01-01-2017_A_31-12-2017.CSV","D:\Downloads\2017\2017","D:\Downloads\2017\2017\INMET_N_RO_S101_FORTE PRINCIPE_01-01-2017_A_31-12-2017.CSV",".CSV","1052079","19/01/2026 09:27:55"
"INMET_N_RO_S104_DTCEA VILHENA_01-01-2017_A_31-12-2017.CSV","D:\Downloads\2017\2017","D:\Downloads\2017\2017\INMET_N_RO_S104_DTCEA VILHENA_01-01-2017_A_31-12-2017.CSV",".CSV","921421","19/01/2026 09:27:55"
"INMET_N_RO_S110_DTCEA GUAJARA-MIRIM_01-01-2017_A_31-12-2017.CSV","D:\Downloads\2017\2017","D:\Downloads\2017\2017\INMET_N_RO_S110_DTCEA GUAJARA-MIRIM_01-01-2017_A_31-12-2017.CSV",".CSV","813378","19/01/2026 09:27:55"
"INMET_N_RR_A135_BOA VISTA_01-01-2017_A_31-12-2017.CSV","D:\Downloads\2017\2017","D:\Downloads\2017\2017\INMET_N_RR_A135_BOA VISTA_01-01-2017_A_31-12-2017.CSV",".CSV","841530","19/01/2026 09:27:55"
"INMET_N_RR_S113_BALIZA_01-01-2017_A_31-12-2017.CSV","D:\Downloads\2017\2017","D:\Downloads\2017\2017\INMET_N_RR_S113_BALIZA_01-01-2017_A_31-12-2017.CSV",".CSV","976101","19/01/2026 09:27:55"
"INMET_N_RR_S114_PACARAIMA_01-01-2017_A_31-12-2017.CSV","D:\Downloads\2017\2017","D:\Downloads\2017\2017\INMET_N_RR_S114_PACARAIMA_01-01-2017_A_31-12-2017.CSV",".CSV","907190","19/01/2026 09:27:55"
"INMET_N_TO_A009_PALMAS_01-01-2017_A_31-12-2017.CSV","D:\Downloads\2017\2017","D:\Downloads\2017\2017\INMET_N_TO_A009_PALMAS_01-01-2017_A_31-12-2017.CSV",".CSV","804193","19/01/2026 09:27:55"
"INMET_N_TO_A010_PARANA_01-01-2017_A_31-12-2017.CSV","D:\Downloads\2017\2017","D:\Downloads\2017\2017\INMET_N_TO_A010_PARANA_01-01-2017_A_31-12-2017.CSV",".CSV","815945","19/01/2026 09:27:55"
"INMET_N_TO_A018_PEIXE_01-01-2017_A_31-12-2017.CSV","D:\Downloads\2017\2017","D:\Downloads\2017\2017\INMET_N_TO_A018_PEIXE_01-01-2017_A_31-12-2017.CSV",".CSV","930448","19/01/2026 09:27:55"
"INMET_N_TO_A019_GURUPI_01-01-2017_A_31-12-2017.CSV","D:\Downloads\2017\2017","D:\Downloads\2017\2017\INMET_N_TO_A019_GURUPI_01-01-2017_A_31-12-2017.CSV",".CSV","808352","19/01/2026 09:27:55"
"INMET_N_TO_A020_PEDRO AFONSO_01-01-2017_A_31-12-2017.CSV","D:\Downloads\2017\2017","D:\Downloads\2017\2017\INMET_N_TO_A020_PEDRO AFONSO_01-01-2017_A_31-12-2017.CSV",".CSV","799174","19/01/2026 09:27:55"
"INMET_N_TO_A021_ARAGUAINA_01-01-2017_A_31-12-2017.CSV","D:\Downloads\2017\2017","D:\Downloads\2017\2017\INMET_N_TO_A021_ARAGUAINA_01-01-2017_A_31-12-2017.CSV",".CSV","800825","19/01/2026 09:27:55"
"INMET_N_TO_A038_DIANOPOLIS_01-01-2017_A_31-12-2017.CSV","D:\Downloads\2017\2017","D:\Downloads\2017\2017\INMET_N_TO_A038_DIANOPOLIS_01-01-2017_A_31-12-2017.CSV",".CSV","809328","19/01/2026 09:27:55"
"INMET_N_TO_A039_FORMOSO DO ARAGUAIA_01-01-2017_A_31-12-2017.CSV","D:\Downloads\2017\2017","D:\Downloads\2017\2017\INMET_N_TO_A039_FORMOSO DO ARAGUAIA_01-01-2017_A_31-12-2017.CSV",".CSV","834249","19/01/2026 09:27:55"
"INMET_N_TO_A040_MATEIROS_01-01-2017_A_31-12-2017.CSV","D:\Downloads\2017\2017","D:\Downloads\2017\2017\INMET_N_TO_A040_MATEIROS_01-01-2017_A_31-12-2017.CSV",".CSV","807306","19/01/2026 09:27:55"
"INMET_N_TO_A041_MARIANOPOLIS DO TO_01-01-2017_A_31-12-2017.CSV","D:\Downloads\2017\2017","D:\Downloads\2017\2017\INMET_N_TO_A041_MARIANOPOLIS DO TO_01-01-2017_A_31-12-2017.CSV",".CSV","856688","19/01/2026 09:27:55"
"INMET_N_TO_A043_CAMPOS LINDOS_01-01-2017_A_31-12-2017.CSV","D:\Downloads\2017\2017","D:\Downloads\2017\2017\INMET_N_TO_A043_CAMPOS LINDOS_01-01-2017_A_31-12-2017.CSV",".CSV","903636","19/01/2026 09:27:55"
"INMET_N_TO_A044_ARAGUATINS_01-01-2017_A_31-12-2017.CSV","D:\Downloads\2017\2017","D:\Downloads\2017\2017\INMET_N_TO_A044_ARAGUATINS_01-01-2017_A_31-12-2017.CSV",".CSV","838383","19/01/2026 09:27:55"
"INMET_N_TO_A048_SANTA FE DO ARAGUAIA_01-01-2017_A_31-12-2017.CSV","D:\Downloads\2017\2017","D:\Downloads\2017\2017\INMET_N_TO_A048_SANTA FE DO ARAGUAIA_01-01-2017_A_31-12-2017.CSV",".CSV","843477","19/01/2026 09:27:55"
"INMET_N_TO_A049_COLINAS DO TOCANTINS_01-01-2017_A_31-12-2017.CSV","D:\Downloads\2017\2017","D:\Downloads\2017\2017\INMET_N_TO_A049_COLINAS DO TOCANTINS_01-01-2017_A_31-12-2017.CSV",".CSV","813589","19/01/2026 09:27:55"
"INMET_N_TO_A050_RIO SONO_01-01-2017_A_31-12-2017.CSV","D:\Downloads\2017\2017","D:\Downloads\2017\2017\INMET_N_TO_A050_RIO SONO_01-01-2017_A_31-12-2017.CSV",".CSV","856993","19/01/2026 09:27:55"
"INMET_N_TO_A051_PIUM_01-01-2017_A_31-12-2017.CSV","D:\Downloads\2017\2017","D:\Downloads\2017\2017\INMET_N_TO_A051_PIUM_01-01-2017_A_31-12-2017.CSV",".CSV","822243","19/01/2026 09:27:55"
"INMET_N_TO_A052_SANTA ROSA DO TOCANTINS_01-01-2017_A_31-12-2017.CSV","D:\Downloads\2017\2017","D:\Downloads\2017\2017\INMET_N_TO_A052_SANTA ROSA DO TOCANTINS_01-01-2017_A_31-12-2017.CSV",".CSV","855831","19/01/2026 09:27:55"
"INMET_N_TO_A053_ALMAS_01-01-2017_A_31-12-2017.CSV","D:\Downloads\2017\2017","D:\Downloads\2017\2017\INMET_N_TO_A053_ALMAS_01-01-2017_A_31-12-2017.CSV",".CSV","845145","19/01/2026 09:27:55"
"INMET_N_TO_A054_ARAGUACU_01-01-2017_A_31-12-2017.CSV","D:\Downloads\2017\2017","D:\Downloads\2017\2017\INMET_N_TO_A054_ARAGUACU_01-01-2017_A_31-12-2017.CSV",".CSV","828278","19/01/2026 09:27:55"
"INMET_N_TO_A055_LAGOA DA CONFUSAO_01-01-2017_A_31-12-2017.CSV","D:\Downloads\2017\2017","D:\Downloads\2017\2017\INMET_N_TO_A055_LAGOA DA CONFUSAO_01-01-2017_A_31-12-2017.CSV",".CSV","813683","19/01/2026 09:27:55"
"INMET_NE_AL_A303_MACEIO_01-01-2017_A_31-12-2017.CSV","D:\Downloads\2017\2017","D:\Downloads\2017\2017\INMET_NE_AL_A303_MACEIO_01-01-2017_A_31-12-2017.CSV",".CSV","837265","19/01/2026 09:27:54"
"INMET_NE_AL_A323_PAO DE ACUCAR_01-01-2017_A_31-12-2017.CSV","D:\Downloads\2017\2017","D:\Downloads\2017\2017\INMET_NE_AL_A323_PAO DE ACUCAR_01-01-2017_A_31-12-2017.CSV",".CSV","858210","19/01/2026 09:27:54"
"INMET_NE_AL_A327_PALMEIRA DOS INDIOS_01-01-2017_A_31-12-2017.CSV","D:\Downloads\2017\2017","D:\Downloads\2017\2017\INMET_NE_AL_A327_PALMEIRA DOS INDIOS_01-01-2017_A_31-12-2017.CSV",".CSV","808331","19/01/2026 09:27:54"
"INMET_NE_AL_A353_ARAPIRACA_01-01-2017_A_31-12-2017.CSV","D:\Downloads\2017\2017","D:\Downloads\2017\2017\INMET_NE_AL_A353_ARAPIRACA_01-01-2017_A_31-12-2017.CSV",".CSV","819546","19/01/2026 09:27:54"
"INMET_NE_AL_A355_CORURIPE_01-01-2017_A_31-12-2017.CSV","D:\Downloads\2017\2017","D:\Downloads\2017\2017\INMET_NE_AL_A355_CORURIPE_01-01-2017_A_31-12-2017.CSV",".CSV","872248","19/01/2026 09:27:54"
"INMET_NE_AL_A356_SAO LUIS DO QUITUNDE_01-01-2017_A_31-12-2017.CSV","D:\Downloads\2017\2017","D:\Downloads\2017\2017\INMET_NE_AL_A356_SAO LUIS DO QUITUNDE_01-01-2017_A_31-12-2017.CSV",".CSV","874803","19/01/2026 09:27:54"
"INMET_NE_AL_A371_PIRANHAS_20-09-2017_A_31-12-2017.CSV","D:\Downloads\2017\2017","D:\Downloads\2017\2017\INMET_NE_AL_A371_PIRANHAS_20-09-2017_A_31-12-2017.CSV",".CSV","245114","19/01/2026 09:27:54"
"INMET_NE_BA_A401_SALVADOR_01-01-2017_A_31-12-2017.CSV","D:\Downloads\2017\2017","D:\Downloads\2017\2017\INMET_NE_BA_A401_SALVADOR_01-01-2017_A_31-12-2017.CSV",".CSV","837296","19/01/2026 09:27:54"
"INMET_NE_BA_A402_BARREIRAS_01-01-2017_A_31-12-2017.CSV","D:\Downloads\2017\2017","D:\Downloads\2017\2017\INMET_NE_BA_A402_BARREIRAS_01-01-2017_A_31-12-2017.CSV",".CSV","832916","19/01/2026 09:27:54"
"INMET_NE_BA_A404_LUIZ EDUARDO MAGALHAES_01-01-2017_A_31-12-2017.CSV","D:\Downloads\2017\2017","D:\Downloads\2017\2017\INMET_NE_BA_A404_LUIZ EDUARDO MAGALHAES_01-01-2017_A_31-12-2017.CSV",".CSV","806259","19/01/2026 09:27:54"
"INMET_NE_BA_A405_CARAVELAS_01-01-2017_A_31-12-2017.CSV","D:\Downloads\2017\2017","D:\Downloads\2017\2017\INMET_NE_BA_A405_CARAVELAS_01-01-2017_A_31-12-2017.CSV",".CSV","873699","19/01/2026 09:27:54"
"INMET_NE_BA_A406_CRUZ DAS ALMAS_01-01-2017_A_31-12-2017.CSV","D:\Downloads\2017\2017","D:\Downloads\2017\2017\INMET_NE_BA_A406_CRUZ DAS ALMAS_01-01-2017_A_31-12-2017.CSV",".CSV","814130","19/01/2026 09:27:54"
"INMET_NE_BA_A407_ITIRUCU_01-01-2017_A_31-12-2017.CSV","D:\Downloads\2017\2017","D:\Downloads\2017\2017\INMET_NE_BA_A407_ITIRUCU_01-01-2017_A_31-12-2017.CSV",".CSV","840695","19/01/2026 09:27:54"
"INMET_NE_BA_A408_ITABERABA_01-01-2017_A_31-12-2017.CSV","D:\Downloads\2017\2017","D:\Downloads\2017\2017\INMET_NE_BA_A408_ITABERABA_01-01-2017_A_31-12-2017.CSV",".CSV","810460","19/01/2026 09:27:54"
"INMET_NE_BA_A410_ILHEUS_01-01-2017_A_31-12-2017.CSV","D:\Downloads\2017\2017","D:\Downloads\2017\2017\INMET_NE_BA_A410_ILHEUS_01-01-2017_A_31-12-2017.CSV",".CSV","867817","19/01/2026 09:27:54"
"INMET_NE_BA_A412_MACAJUBA_01-01-2017_A_31-12-2017.CSV","D:\Downloads\2017\2017","D:\Downloads\2017\2017\INMET_NE_BA_A412_MACAJUBA_01-01-2017_A_31-12-2017.CSV",".CSV","833751","19/01/2026 09:27:54"
"INMET_NE_BA_A413_FEIRA DE SANTANA_01-01-2017_A_31-12-2017.CSV","D:\Downloads\2017\2017","D:\Downloads\2017\2017\INMET_NE_BA_A413_FEIRA DE SANTANA_01-01-2017_A_31-12-2017.CSV",".CSV","836241","19/01/2026 09:27:54"
"INMET_NE_BA_A414_VITORIA DA CONQUISTA_01-01-2017_A_31-12-2017.CSV","D:\Downloads\2017\2017","D:\Downloads\2017\2017\INMET_NE_BA_A414_VITORIA DA CONQUISTA_01-01-2017_A_31-12-2017.CSV",".CSV","812148","19/01/2026 09:27:54"
"INMET_NE_BA_A415_SANTA RITA DE CASSIA_01-01-2017_A_31-12-2017.CSV","D:\Downloads\2017\2017","D:\Downloads\2017\2017\INMET_NE_BA_A415_SANTA RITA DE CASSIA_01-01-2017_A_31-12-2017.CSV",".CSV","862628","19/01/2026 09:27:54"
"INMET_NE_BA_A416_CORRENTINA_01-01-2017_A_31-12-2017.CSV","D:\Downloads\2017\2017","D:\Downloads\2017\2017\INMET_NE_BA_A416_CORRENTINA_01-01-2017_A_31-12-2017.CSV",".CSV","818169","19/01/2026 09:27:54"
"INMET_NE_BA_A418_BOM JESUS DA LAPA_01-01-2017_A_31-12-2017.CSV","D:\Downloads\2017\2017","D:\Downloads\2017\2017\INMET_NE_BA_A418_BOM JESUS DA LAPA_01-01-2017_A_31-12-2017.CSV",".CSV","807854","19/01/2026 09:27:54"
"INMET_NE_BA_A422_ABROLHOS_01-01-2017_A_31-12-2017.CSV","D:\Downloads\2017\2017","D:\Downloads\2017\2017\INMET_NE_BA_A422_ABROLHOS_01-01-2017_A_31-12-2017.CSV",".CSV","902517","19/01/2026 09:27:54"
"INMET_NE_BA_A423_REMANSO_01-01-2017_A_31-12-2017.CSV","D:\Downloads\2017\2017","D:\Downloads\2017\2017\INMET_NE_BA_A423_REMANSO_01-01-2017_A_31-12-2017.CSV",".CSV","809669","19/01/2026 09:27:54"
"INMET_NE_BA_A424_IRECE_01-01-2017_A_31-12-2017.CSV","D:\Downloads\2017\2017","D:\Downloads\2017\2017\INMET_NE_BA_A424_IRECE_01-01-2017_A_31-12-2017.CSV",".CSV","807322","19/01/2026 09:27:54"
"INMET_NE_BA_A425_LENCOIS_01-01-2017_A_31-12-2017.CSV","D:\Downloads\2017\2017","D:\Downloads\2017\2017\INMET_NE_BA_A425_LENCOIS_01-01-2017_A_31-12-2017.CSV",".CSV","831814","19/01/2026 09:27:54"
"INMET_NE_BA_A426_GUANAMBI_01-01-2017_A_31-12-2017.CSV","D:\Downloads\2017\2017","D:\Downloads\2017\2017\INMET_NE_BA_A426_GUANAMBI_01-01-2017_A_31-12-2017.CSV",".CSV","832333","19/01/2026 09:27:54"
"INMET_NE_BA_A427_PORTO SEGURO_01-01-2017_A_31-12-2017.CSV","D:\Downloads\2017\2017","D:\Downloads\2017\2017\INMET_NE_BA_A427_PORTO SEGURO_01-01-2017_A_31-12-2017.CSV",".CSV","870521","19/01/2026 09:27:54"
"INMET_NE_BA_A428_SENHOR DO BONFIM_01-01-2017_A_31-12-2017.CSV","D:\Downloads\2017\2017","D:\Downloads\2017\2017\INMET_NE_BA_A428_SENHOR DO BONFIM_01-01-2017_A_31-12-2017.CSV",".CSV","848339","19/01/2026 09:27:54"
"INMET_NE_BA_A429_BARRA_01-01-2017_A_31-12-2017.CSV","D:\Downloads\2017\2017","D:\Downloads\2017\2017\INMET_NE_BA_A429_BARRA_01-01-2017_A_31-12-2017.CSV",".CSV","845279","19/01/2026 09:27:54"
"INMET_NE_BA_A430_PIATA_01-01-2017_A_31-12-2017.CSV","D:\Downloads\2017\2017","D:\Downloads\2017\2017\INMET_NE_BA_A430_PIATA_01-01-2017_A_31-12-2017.CSV",".CSV","817867","19/01/2026 09:27:54"
"INMET_NE_BA_A431_CONDE_01-01-2017_A_31-12-2017.CSV","D:\Downloads\2017\2017","D:\Downloads\2017\2017\INMET_NE_BA_A431_CONDE_01-01-2017_A_31-12-2017.CSV",".CSV","920650","19/01/2026 09:27:54"
"INMET_NE_BA_A432_BURITIRAMA_01-01-2017_A_31-12-2017.CSV","D:\Downloads\2017\2017","D:\Downloads\2017\2017\INMET_NE_BA_A432_BURITIRAMA_01-01-2017_A_31-12-2017.CSV",".CSV","807556","19/01/2026 09:27:54"
"INMET_NE_BA_A433_BRUMADO_01-01-2017_A_31-12-2017.CSV","D:\Downloads\2017\2017","D:\Downloads\2017\2017\INMET_NE_BA_A433_BRUMADO_01-01-2017_A_31-12-2017.CSV",".CSV","803562","19/01/2026 09:27:54"
"INMET_NE_BA_A434_AMARGOSA_01-01-2017_A_31-12-2017.CSV","D:\Downloads\2017\2017","D:\Downloads\2017\2017\INMET_NE_BA_A434_AMARGOSA_01-01-2017_A_31-12-2017.CSV",".CSV","799320","19/01/2026 09:27:54"
"INMET_NE_BA_A435_UAUA_01-01-2017_A_31-12-2017.CSV","D:\Downloads\2017\2017","D:\Downloads\2017\2017\INMET_NE_BA_A435_UAUA_01-01-2017_A_31-12-2017.CSV",".CSV","816476","19/01/2026 09:27:54"
"INMET_NE_BA_A436_QUEIMADAS_01-01-2017_A_31-12-2017.CSV","D:\Downloads\2017\2017","D:\Downloads\2017\2017\INMET_NE_BA_A436_QUEIMADAS_01-01-2017_A_31-12-2017.CSV",".CSV","817109","19/01/2026 09:27:54"
"INMET_NE_BA_A437_UNA_01-01-2017_A_31-12-2017.CSV","D:\Downloads\2017\2017","D:\Downloads\2017\2017\INMET_NE_BA_A437_UNA_01-01-2017_A_31-12-2017.CSV",".CSV","899115","19/01/2026 09:27:54"
"INMET_NE_BA_A438_MARAU_01-01-2017_A_31-12-2017.CSV","D:\Downloads\2017\2017","D:\Downloads\2017\2017\INMET_NE_BA_A438_MARAU_01-01-2017_A_31-12-2017.CSV",".CSV","871629","19/01/2026 09:27:54"
"INMET_NE_BA_A439_IBOTIRAMA_01-01-2017_A_31-12-2017.CSV","D:\Downloads\2017\2017","D:\Downloads\2017\2017\INMET_NE_BA_A439_IBOTIRAMA_01-01-2017_A_31-12-2017.CSV",".CSV","827736","19/01/2026 09:27:54"
"INMET_NE_BA_A440_JACOBINA_01-01-2017_A_31-12-2017.CSV","D:\Downloads\2017\2017","D:\Downloads\2017\2017\INMET_NE_BA_A440_JACOBINA_01-01-2017_A_31-12-2017.CSV",".CSV","882647","19/01/2026 09:27:54"
"INMET_NE_BA_A441_SERRINHA_01-01-2017_A_31-12-2017.CSV","D:\Downloads\2017\2017","D:\Downloads\2017\2017\INMET_NE_BA_A441_SERRINHA_01-01-2017_A_31-12-2017.CSV",".CSV","814158","19/01/2026 09:27:54"
"INMET_NE_BA_A442_EUCLIDES DA CUNHA_01-01-2017_A_31-12-2017.CSV","D:\Downloads\2017\2017","D:\Downloads\2017\2017\INMET_NE_BA_A442_EUCLIDES DA CUNHA_01-01-2017_A_31-12-2017.CSV",".CSV","861288","19/01/2026 09:27:54"
"INMET_NE_BA_A443_DELFINO_01-01-2017_A_31-12-2017.CSV","D:\Downloads\2017\2017","D:\Downloads\2017\2017\INMET_NE_BA_A443_DELFINO_01-01-2017_A_31-12-2017.CSV",".CSV","808693","19/01/2026 09:27:54"
"INMET_NE_BA_A444_VALENCA_01-01-2017_A_31-12-2017.CSV","D:\Downloads\2017\2017","D:\Downloads\2017\2017\INMET_NE_BA_A444_VALENCA_01-01-2017_A_31-12-2017.CSV",".CSV","896500","19/01/2026 09:27:54"
"INMET_NE_BA_A445_IPIAU_01-01-2017_A_31-12-2017.CSV","D:\Downloads\2017\2017","D:\Downloads\2017\2017\INMET_NE_BA_A445_IPIAU_01-01-2017_A_31-12-2017.CSV",".CSV","851241","19/01/2026 09:27:54"
"INMET_NE_BA_A446_ITAPETINGA_01-01-2017_A_31-12-2017.CSV","D:\Downloads\2017\2017","D:\Downloads\2017\2017\INMET_NE_BA_A446_ITAPETINGA_01-01-2017_A_31-12-2017.CSV",".CSV","832213","19/01/2026 09:27:54"
"INMET_NE_BA_A447_BELMONTE_01-01-2017_A_31-12-2017.CSV","D:\Downloads\2017\2017","D:\Downloads\2017\2017\INMET_NE_BA_A447_BELMONTE_01-01-2017_A_31-12-2017.CSV",".CSV","844008","19/01/2026 09:27:54"
"INMET_NE_BA_A448_CURACA_01-01-2017_A_31-12-2017.CSV","D:\Downloads\2017\2017","D:\Downloads\2017\2017\INMET_NE_BA_A448_CURACA_01-01-2017_A_31-12-2017.CSV",".CSV","863422","19/01/2026 09:27:54"
"INMET_NE_BA_A449_PILAO ARCADO_01-01-2017_A_31-12-2017.CSV","D:\Downloads\2017\2017","D:\Downloads\2017\2017\INMET_NE_BA_A449_PILAO ARCADO_01-01-2017_A_31-12-2017.CSV",".CSV","933561","19/01/2026 09:27:54"
"INMET_NE_BA_A450_JEREMOABO_01-01-2017_A_31-12-2017.CSV","D:\Downloads\2017\2017","D:\Downloads\2017\2017\INMET_NE_BA_A450_JEREMOABO_01-01-2017_A_31-12-2017.CSV",".CSV","823343","19/01/2026 09:27:54"
"INMET_NE_BA_A452_FORMOSO DO RIO PRETO_01-01-2017_A_31-12-2017.CSV","D:\Downloads\2017\2017","D:\Downloads\2017\2017\INMET_NE_BA_A452_FORMOSO DO RIO PRETO_01-01-2017_A_31-12-2017.CSV",".CSV","866915","19/01/2026 09:27:54"
"INMET_NE_BA_A454_MACAUBAS_01-01-2017_A_31-12-2017.CSV","D:\Downloads\2017\2017","D:\Downloads\2017\2017\INMET_NE_BA_A454_MACAUBAS_01-01-2017_A_31-12-2017.CSV",".CSV","839432","19/01/2026 09:27:54"
"INMET_NE_BA_A455_ITAMARAJU_01-01-2017_A_31-12-2017.CSV","D:\Downloads\2017\2017","D:\Downloads\2017\2017\INMET_NE_BA_A455_ITAMARAJU_01-01-2017_A_31-12-2017.CSV",".CSV","833617","19/01/2026 09:27:54"
"INMET_NE_CE_A305_FORTALEZA_01-01-2017_A_31-12-2017.CSV","D:\Downloads\2017\2017","D:\Downloads\2017\2017\INMET_NE_CE_A305_FORTALEZA_01-01-2017_A_31-12-2017.CSV",".CSV","838360","19/01/2026 09:27:54"
"INMET_NE_CE_A306_SOBRAL_01-01-2017_A_31-12-2017.CSV","D:\Downloads\2017\2017","D:\Downloads\2017\2017\INMET_NE_CE_A306_SOBRAL_01-01-2017_A_31-12-2017.CSV",".CSV","827347","19/01/2026 09:27:54"
"INMET_NE_CE_A314_GUARAMIRANGA_01-01-2017_A_31-12-2017.CSV","D:\Downloads\2017\2017","D:\Downloads\2017\2017\INMET_NE_CE_A314_GUARAMIRANGA_01-01-2017_A_31-12-2017.CSV",".CSV","829806","19/01/2026 09:27:54"
"INMET_NE_CE_A315_BARBALHA_01-01-2017_A_31-12-2017.CSV","D:\Downloads\2017\2017","D:\Downloads\2017\2017\INMET_NE_CE_A315_BARBALHA_01-01-2017_A_31-12-2017.CSV",".CSV","940595","19/01/2026 09:27:54"
"INMET_NE_CE_A319_IGUATU_01-01-2017_A_31-12-2017.CSV","D:\Downloads\2017\2017","D:\Downloads\2017\2017\INMET_NE_CE_A319_IGUATU_01-01-2017_A_31-12-2017.CSV",".CSV","820023","19/01/2026 09:27:54"
"INMET_NE_CE_A324_TAUA_01-01-2017_A_31-12-2017.CSV","D:\Downloads\2017\2017","D:\Downloads\2017\2017\INMET_NE_CE_A324_TAUA_01-01-2017_A_31-12-2017.CSV",".CSV","800554","19/01/2026 09:27:54"
"INMET_NE_CE_A325_QUIXERAMOBIM_01-01-2017_A_31-12-2017.CSV","D:\Downloads\2017\2017","D:\Downloads\2017\2017\INMET_NE_CE_A325_QUIXERAMOBIM_01-01-2017_A_31-12-2017.CSV",".CSV","805627","19/01/2026 09:27:54"
"INMET_NE_CE_A332_MORADA NOVA_01-01-2017_A_31-12-2017.CSV","D:\Downloads\2017\2017","D:\Downloads\2017\2017\INMET_NE_CE_A332_MORADA NOVA_01-01-2017_A_31-12-2017.CSV",".CSV","848324","19/01/2026 09:27:54"
"INMET_NE_CE_A339_JAGUARUANA_01-01-2017_A_31-12-2017.CSV","D:\Downloads\2017\2017","D:\Downloads\2017\2017\INMET_NE_CE_A339_JAGUARUANA_01-01-2017_A_31-12-2017.CSV",".CSV","853002","19/01/2026 09:27:54"
"INMET_NE_CE_A342_CRATEUS_01-01-2017_A_31-12-2017.CSV","D:\Downloads\2017\2017","D:\Downloads\2017\2017\INMET_NE_CE_A342_CRATEUS_01-01-2017_A_31-12-2017.CSV",".CSV","809739","19/01/2026 09:27:54"
"INMET_NE_CE_A347_CAMPOS SALES_01-01-2017_A_31-12-2017.CSV","D:\Downloads\2017\2017","D:\Downloads\2017\2017\INMET_NE_CE_A347_CAMPOS SALES_01-01-2017_A_31-12-2017.CSV",".CSV","839087","19/01/2026 09:27:54"
"INMET_NE_CE_A358_JAGUARIBE_01-01-2017_A_31-12-2017.CSV","D:\Downloads\2017\2017","D:\Downloads\2017\2017\INMET_NE_CE_A358_JAGUARIBE_01-01-2017_A_31-12-2017.CSV",".CSV","839208","19/01/2026 09:27:54"
"INMET_NE_CE_A359_ITAPIPOCA_01-01-2017_A_31-12-2017.CSV","D:\Downloads\2017\2017","D:\Downloads\2017\2017\INMET_NE_CE_A359_ITAPIPOCA_01-01-2017_A_31-12-2017.CSV",".CSV","855226","19/01/2026 09:27:54"
"INMET_NE_CE_A360_ACARAU_01-01-2017_A_31-12-2017.CSV","D:\Downloads\2017\2017","D:\Downloads\2017\2017\INMET_NE_CE_A360_ACARAU_01-01-2017_A_31-12-2017.CSV",".CSV","838193","19/01/2026 09:27:54"
"INMET_NE_MA_A203_SAO LUIS_01-01-2017_A_31-12-2017.CSV","D:\Downloads\2017\2017","D:\Downloads\2017\2017\INMET_NE_MA_A203_SAO LUIS_01-01-2017_A_31-12-2017.CSV",".CSV","853038","19/01/2026 09:27:54"
"INMET_NE_MA_A204_BALSAS_01-01-2017_A_31-12-2017.CSV","D:\Downloads\2017\2017","D:\Downloads\2017\2017\INMET_NE_MA_A204_BALSAS_01-01-2017_A_31-12-2017.CSV",".CSV","808082","19/01/2026 09:27:54"
"INMET_NE_MA_A205_CAROLINA_01-01-2017_A_31-12-2017.CSV","D:\Downloads\2017\2017","D:\Downloads\2017\2017\INMET_NE_MA_A205_CAROLINA_01-01-2017_A_31-12-2017.CSV",".CSV","796678","19/01/2026 09:27:54"
"INMET_NE_MA_A206_CHAPADINHA_01-01-2017_A_31-12-2017.CSV","D:\Downloads\2017\2017","D:\Downloads\2017\2017\INMET_NE_MA_A206_CHAPADINHA_01-01-2017_A_31-12-2017.CSV",".CSV","875838","19/01/2026 09:27:54"
"INMET_NE_MA_A207_GRAJAU_01-01-2017_A_31-12-2017.CSV","D:\Downloads\2017\2017","D:\Downloads\2017\2017\INMET_NE_MA_A207_GRAJAU_01-01-2017_A_31-12-2017.CSV",".CSV","886789","19/01/2026 09:27:54"
"INMET_NE_MA_A217_FAROL de SANTANA_01-01-2017_A_31-12-2017.CSV","D:\Downloads\2017\2017","D:\Downloads\2017\2017\INMET_NE_MA_A217_FAROL de SANTANA_01-01-2017_A_31-12-2017.CSV",".CSV","902486","19/01/2026 09:27:54"
"INMET_NE_MA_A218_PREGUICAS_01-01-2017_A_31-12-2017.CSV","D:\Downloads\2017\2017","D:\Downloads\2017\2017\INMET_NE_MA_A218_PREGUICAS_01-01-2017_A_31-12-2017.CSV",".CSV","874061","19/01/2026 09:27:54"
"INMET_NE_MA_A219_TURIACU_01-01-2017_A_31-12-2017.CSV","D:\Downloads\2017\2017","D:\Downloads\2017\2017\INMET_NE_MA_A219_TURIACU_01-01-2017_A_31-12-2017.CSV",".CSV","834810","19/01/2026 09:27:54"
"INMET_NE_MA_A220_BACABAL_01-01-2017_A_31-12-2017.CSV","D:\Downloads\2017\2017","D:\Downloads\2017\2017\INMET_NE_MA_A220_BACABAL_01-01-2017_A_31-12-2017.CSV",".CSV","831491","19/01/2026 09:27:54"
"INMET_NE_MA_A221_BARRA DO CORDA_01-01-2017_A_31-12-2017.CSV","D:\Downloads\2017\2017","D:\Downloads\2017\2017\INMET_NE_MA_A221_BARRA DO CORDA_01-01-2017_A_31-12-2017.CSV",".CSV","808983","19/01/2026 09:27:54"
"INMET_NE_MA_A222_COLINAS_01-01-2017_A_31-12-2017.CSV","D:\Downloads\2017\2017","D:\Downloads\2017\2017\INMET_NE_MA_A222_COLINAS_01-01-2017_A_31-12-2017.CSV",".CSV","824782","19/01/2026 09:27:54"
"INMET_NE_MA_A223_ALTO PARNAIBA_01-01-2017_A_31-12-2017.CSV","D:\Downloads\2017\2017","D:\Downloads\2017\2017\INMET_NE_MA_A223_ALTO PARNAIBA_01-01-2017_A_31-12-2017.CSV",".CSV","800157","19/01/2026 09:27:54"
"INMET_NE_MA_A224_ESTREITO_01-01-2017_A_31-12-2017.CSV","D:\Downloads\2017\2017","D:\Downloads\2017\2017\INMET_NE_MA_A224_ESTREITO_01-01-2017_A_31-12-2017.CSV",".CSV","837490","19/01/2026 09:27:54"
"INMET_NE_MA_A225_IMPERATRIZ_01-01-2017_A_31-12-2017.CSV","D:\Downloads\2017\2017","D:\Downloads\2017\2017\INMET_NE_MA_A225_IMPERATRIZ_01-01-2017_A_31-12-2017.CSV",".CSV","816920","19/01/2026 09:27:54"
"INMET_NE_MA_A237_CAXIAS_01-01-2017_A_31-12-2017.CSV","D:\Downloads\2017\2017","D:\Downloads\2017\2017\INMET_NE_MA_A237_CAXIAS_01-01-2017_A_31-12-2017.CSV",".CSV","831996","19/01/2026 09:27:55"
"INMET_NE_MA_A238_BURITICUPU_01-01-2017_A_31-12-2017.CSV","D:\Downloads\2017\2017","D:\Downloads\2017\2017\INMET_NE_MA_A238_BURITICUPU_01-01-2017_A_31-12-2017.CSV",".CSV","808805","19/01/2026 09:27:55"
"INMET_NE_MA_S108_SAO BENTO_01-01-2017_A_31-12-2017.CSV","D:\Downloads\2017\2017","D:\Downloads\2017\2017\INMET_NE_MA_S108_SAO BENTO_01-01-2017_A_31-12-2017.CSV",".CSV","1042694","19/01/2026 09:27:55"
"INMET_NE_PB_A310_AREIA_01-01-2017_A_31-12-2017.CSV","D:\Downloads\2017\2017","D:\Downloads\2017\2017\INMET_NE_PB_A310_AREIA_01-01-2017_A_31-12-2017.CSV",".CSV","838399","19/01/2026 09:27:55"
"INMET_NE_PB_A313_CAMPINA GRANDE_01-01-2017_A_31-12-2017.CSV","D:\Downloads\2017\2017","D:\Downloads\2017\2017\INMET_NE_PB_A313_CAMPINA GRANDE_01-01-2017_A_31-12-2017.CSV",".CSV","821360","19/01/2026 09:27:55"
"INMET_NE_PB_A320_JOAO PESSOA_01-01-2017_A_31-12-2017.CSV","D:\Downloads\2017\2017","D:\Downloads\2017\2017\INMET_NE_PB_A320_JOAO PESSOA_01-01-2017_A_31-12-2017.CSV",".CSV","857730","19/01/2026 09:27:55"
"INMET_NE_PB_A321_PATOS_01-01-2017_A_31-12-2017.CSV","D:\Downloads\2017\2017","D:\Downloads\2017\2017\INMET_NE_PB_A321_PATOS_01-01-2017_A_31-12-2017.CSV",".CSV","810517","19/01/2026 09:27:55"
"INMET_NE_PB_A333_SAO GONCALO_01-01-2017_A_31-12-2017.CSV","D:\Downloads\2017\2017","D:\Downloads\2017\2017\INMET_NE_PB_A333_SAO GONCALO_01-01-2017_A_31-12-2017.CSV",".CSV","809422","19/01/2026 09:27:55"
"INMET_NE_PB_A334_MONTEIRO_01-01-2017_A_31-12-2017.CSV","D:\Downloads\2017\2017","D:\Downloads\2017\2017\INMET_NE_PB_A334_MONTEIRO_01-01-2017_A_31-12-2017.CSV",".CSV","817116","19/01/2026 09:27:55"
"INMET_NE_PB_A348_CABACEIRAS_01-01-2017_A_31-12-2017.CSV","D:\Downloads\2017\2017","D:\Downloads\2017\2017\INMET_NE_PB_A348_CABACEIRAS_01-01-2017_A_31-12-2017.CSV",".CSV","817666","19/01/2026 09:27:55"
"INMET_NE_PB_A352_CAMARATUBA_01-01-2017_A_31-12-2017.CSV","D:\Downloads\2017\2017","D:\Downloads\2017\2017\INMET_NE_PB_A352_CAMARATUBA_01-01-2017_A_31-12-2017.CSV",".CSV","834503","19/01/2026 09:27:55"
"INMET_NE_PB_A373_ITAPORANGA_03-11-2017_A_31-12-2017.CSV","D:\Downloads\2017\2017","D:\Downloads\2017\2017\INMET_NE_PB_A373_ITAPORANGA_03-11-2017_A_31-12-2017.CSV",".CSV","133213","19/01/2026 09:27:55"
"INMET_NE_PE_A301_RECIFE_01-01-2017_A_31-12-2017.CSV","D:\Downloads\2017\2017","D:\Downloads\2017\2017\INMET_NE_PE_A301_RECIFE_01-01-2017_A_31-12-2017.CSV",".CSV","855511","19/01/2026 09:27:55"
"INMET_NE_PE_A307_PETROLINA_01-01-2017_A_31-12-2017.CSV","D:\Downloads\2017\2017","D:\Downloads\2017\2017\INMET_NE_PE_A307_PETROLINA_01-01-2017_A_31-12-2017.CSV",".CSV","814516","19/01/2026 09:27:55"
"INMET_NE_PE_A309_ARCO VERDE_01-01-2017_A_31-12-2017.CSV","D:\Downloads\2017\2017","D:\Downloads\2017\2017\INMET_NE_PE_A309_ARCO VERDE_01-01-2017_A_31-12-2017.CSV",".CSV","818484","19/01/2026 09:27:55"
"INMET_NE_PE_A322_GARANHUNS_01-01-2017_A_31-12-2017.CSV","D:\Downloads\2017\2017","D:\Downloads\2017\2017\INMET_NE_PE_A322_GARANHUNS_01-01-2017_A_31-12-2017.CSV",".CSV","811085","19/01/2026 09:27:55"
"INMET_NE_PE_A328_SURUBIM_01-01-2017_A_31-12-2017.CSV","D:\Downloads\2017\2017","D:\Downloads\2017\2017\INMET_NE_PE_A328_SURUBIM_01-01-2017_A_31-12-2017.CSV",".CSV","805409","19/01/2026 09:27:55"
"INMET_NE_PE_A329_CABROBO_01-01-2017_A_31-12-2017.CSV","D:\Downloads\2017\2017","D:\Downloads\2017\2017\INMET_NE_PE_A329_CABROBO_01-01-2017_A_31-12-2017.CSV",".CSV","810331","19/01/2026 09:27:55"
"INMET_NE_PE_A341_CARUARU_01-01-2017_A_31-12-2017.CSV","D:\Downloads\2017\2017","D:\Downloads\2017\2017\INMET_NE_PE_A341_CARUARU_01-01-2017_A_31-12-2017.CSV",".CSV","854274","19/01/2026 09:27:55"
"INMET_NE_PE_A349_IBIMIRIM_01-01-2017_A_31-12-2017.CSV","D:\Downloads\2017\2017","D:\Downloads\2017\2017\INMET_NE_PE_A349_IBIMIRIM_01-01-2017_A_31-12-2017.CSV",".CSV","834351","19/01/2026 09:27:55"
"INMET_NE_PE_A350_SERRA TALHADA_01-01-2017_A_31-12-2017.CSV","D:\Downloads\2017\2017","D:\Downloads\2017\2017\INMET_NE_PE_A350_SERRA TALHADA_01-01-2017_A_31-12-2017.CSV",".CSV","812273","19/01/2026 09:27:55"
"INMET_NE_PE_A351_FLORESTA_01-01-2017_A_31-12-2017.CSV","D:\Downloads\2017\2017","D:\Downloads\2017\2017\INMET_NE_PE_A351_FLORESTA_01-01-2017_A_31-12-2017.CSV",".CSV","861753","19/01/2026 09:27:55"
"INMET_NE_PE_A357_PALMARES_01-01-2017_A_31-12-2017.CSV","D:\Downloads\2017\2017","D:\Downloads\2017\2017\INMET_NE_PE_A357_PALMARES_01-01-2017_A_31-12-2017.CSV",".CSV","950730","19/01/2026 09:27:55"
"INMET_NE_PE_A366_OURICURI_01-01-2017_A_31-12-2017.CSV","D:\Downloads\2017\2017","D:\Downloads\2017\2017\INMET_NE_PE_A366_OURICURI_01-01-2017_A_31-12-2017.CSV",".CSV","835254","19/01/2026 09:27:55"
"INMET_NE_PE_A370_SALGUEIRO_15-09-2017_A_31-12-2017.CSV","D:\Downloads\2017\2017","D:\Downloads\2017\2017\INMET_NE_PE_A370_SALGUEIRO_15-09-2017_A_31-12-2017.CSV",".CSV","255946","19/01/2026 09:27:55"
"INMET_NE_PI_A308_PARNAIBA_01-01-2017_A_31-12-2017.CSV","D:\Downloads\2017\2017","D:\Downloads\2017\2017\INMET_NE_PI_A308_PARNAIBA_01-01-2017_A_31-12-2017.CSV",".CSV","847644","19/01/2026 09:27:55"
"INMET_NE_PI_A311_FLORIANO_01-01-2017_A_31-12-2017.CSV","D:\Downloads\2017\2017","D:\Downloads\2017\2017\INMET_NE_PI_A311_FLORIANO_01-01-2017_A_31-12-2017.CSV",".CSV","818922","19/01/2026 09:27:55"
"INMET_NE_PI_A312_TERESINA_01-01-2017_A_31-12-2017.CSV","D:\Downloads\2017\2017","D:\Downloads\2017\2017\INMET_NE_PI_A312_TERESINA_01-01-2017_A_31-12-2017.CSV",".CSV","830210","19/01/2026 09:27:55"
"INMET_NE_PI_A326_BOM JESUS DO PIAUI_01-01-2017_A_31-12-2017.CSV","D:\Downloads\2017\2017","D:\Downloads\2017\2017\INMET_NE_PI_A326_BOM JESUS DO PIAUI_01-01-2017_A_31-12-2017.CSV",".CSV","797554","19/01/2026 09:27:55"
"INMET_NE_PI_A330_PAULISTANA_01-01-2017_A_31-12-2017.CSV","D:\Downloads\2017\2017","D:\Downloads\2017\2017\INMET_NE_PI_A330_PAULISTANA_01-01-2017_A_31-12-2017.CSV",".CSV","846475","19/01/2026 09:27:55"
"INMET_NE_PI_A331_SAO JOAO DO PIAUI_01-01-2017_A_31-12-2017.CSV","D:\Downloads\2017\2017","D:\Downloads\2017\2017\INMET_NE_PI_A331_SAO JOAO DO PIAUI_01-01-2017_A_31-12-2017.CSV",".CSV","831810","19/01/2026 09:27:55"
"INMET_NE_PI_A335_PIRIPIRI_01-01-2017_A_31-12-2017.CSV","D:\Downloads\2017\2017","D:\Downloads\2017\2017\INMET_NE_PI_A335_PIRIPIRI_01-01-2017_A_31-12-2017.CSV",".CSV","932525","19/01/2026 09:27:55"
"INMET_NE_PI_A336_ALVORADA DO GURGUEIA_01-01-2017_A_31-12-2017.CSV","D:\Downloads\2017\2017","D:\Downloads\2017\2017\INMET_NE_PI_A336_ALVORADA DO GURGUEIA_01-01-2017_A_31-12-2017.CSV",".CSV","806780","19/01/2026 09:27:55"
"INMET_NE_PI_A337_CARACOL_01-01-2017_A_31-12-2017.CSV","D:\Downloads\2017\2017","D:\Downloads\2017\2017\INMET_NE_PI_A337_CARACOL_01-01-2017_A_31-12-2017.CSV",".CSV","834761","19/01/2026 09:27:55"
"INMET_NE_PI_A338_ESPERANTINA_01-01-2017_A_31-12-2017.CSV","D:\Downloads\2017\2017","D:\Downloads\2017\2017\INMET_NE_PI_A338_ESPERANTINA_01-01-2017_A_31-12-2017.CSV",".CSV","841389","19/01/2026 09:27:55"
"INMET_NE_PI_A343_PICOS_01-01-2017_A_31-12-2017.CSV","D:\Downloads\2017\2017","D:\Downloads\2017\2017\INMET_NE_PI_A343_PICOS_01-01-2017_A_31-12-2017.CSV",".CSV","839706","19/01/2026 09:27:55"
"INMET_NE_PI_A345_SAO RAIMUNDO NONATO_01-01-2017_A_31-12-2017.CSV","D:\Downloads\2017\2017","D:\Downloads\2017\2017\INMET_NE_PI_A345_SAO RAIMUNDO NONATO_01-01-2017_A_31-12-2017.CSV",".CSV","807807","19/01/2026 09:27:55"
"INMET_NE_PI_A346_URUCUI_01-01-2017_A_31-12-2017.CSV","D:\Downloads\2017\2017","D:\Downloads\2017\2017\INMET_NE_PI_A346_URUCUI_01-01-2017_A_31-12-2017.CSV",".CSV","828577","19/01/2026 09:27:55"
"INMET_NE_PI_A354_OEIRAS_01-01-2017_A_31-12-2017.CSV","D:\Downloads\2017\2017","D:\Downloads\2017\2017\INMET_NE_PI_A354_OEIRAS_01-01-2017_A_31-12-2017.CSV",".CSV","836286","19/01/2026 09:27:55"
"INMET_NE_PI_A361_CASTELO DO PIAUI_01-01-2017_A_31-12-2017.CSV","D:\Downloads\2017\2017","D:\Downloads\2017\2017\INMET_NE_PI_A361_CASTELO DO PIAUI_01-01-2017_A_31-12-2017.CSV",".CSV","868344","19/01/2026 09:27:55"
"INMET_NE_PI_A362_SAO PEDRO DO PIAUI_01-01-2017_A_31-12-2017.CSV","D:\Downloads\2017\2017","D:\Downloads\2017\2017\INMET_NE_PI_A362_SAO PEDRO DO PIAUI_01-01-2017_A_31-12-2017.CSV",".CSV","850451","19/01/2026 09:27:55"
"INMET_NE_PI_A363_VALENCA DO PIAUI_01-01-2017_A_31-12-2017.CSV","D:\Downloads\2017\2017","D:\Downloads\2017\2017\INMET_NE_PI_A363_VALENCA DO PIAUI_01-01-2017_A_31-12-2017.CSV",".CSV","809350","19/01/2026 09:27:55"
"INMET_NE_PI_A364_GILBUES_01-01-2017_A_31-12-2017.CSV","D:\Downloads\2017\2017","D:\Downloads\2017\2017\INMET_NE_PI_A364_GILBUES_01-01-2017_A_31-12-2017.CSV",".CSV","862694","19/01/2026 09:27:55"
"INMET_NE_PI_A365_CANTO DO BURITI_01-01-2017_A_31-12-2017.CSV","D:\Downloads\2017\2017","D:\Downloads\2017\2017\INMET_NE_PI_A365_CANTO DO BURITI_01-01-2017_A_31-12-2017.CSV",".CSV","813029","19/01/2026 09:27:55"
"INMET_NE_RN_A302_ARQ.SAO PEDRO E SAO PAULO_01-01-2017_A_31-12-2017.CSV","D:\Downloads\2017\2017","D:\Downloads\2017\2017\INMET_NE_RN_A302_ARQ.SAO PEDRO E SAO PAULO_01-01-2017_A_31-12-2017.CSV",".CSV","1052082","19/01/2026 09:27:55"
"INMET_NE_RN_A304_NATAL_01-01-2017_A_31-12-2017.CSV","D:\Downloads\2017\2017","D:\Downloads\2017\2017\INMET_NE_RN_A304_NATAL_01-01-2017_A_31-12-2017.CSV",".CSV","853490","19/01/2026 09:27:55"
"INMET_NE_RN_A316_CAICO_01-01-2017_A_31-12-2017.CSV","D:\Downloads\2017\2017","D:\Downloads\2017\2017\INMET_NE_RN_A316_CAICO_01-01-2017_A_31-12-2017.CSV",".CSV","856985","19/01/2026 09:27:55"
"INMET_NE_RN_A317_MACAU_01-01-2017_A_31-12-2017.CSV","D:\Downloads\2017\2017","D:\Downloads\2017\2017\INMET_NE_RN_A317_MACAU_01-01-2017_A_31-12-2017.CSV",".CSV","859629","19/01/2026 09:27:55"
"INMET_NE_RN_A318_MOSSORO_01-01-2017_A_31-12-2017.CSV","D:\Downloads\2017\2017","D:\Downloads\2017\2017\INMET_NE_RN_A318_MOSSORO_01-01-2017_A_31-12-2017.CSV",".CSV","837023","19/01/2026 09:27:55"
"INMET_NE_RN_A340_APODI_01-01-2017_A_31-12-2017.CSV","D:\Downloads\2017\2017","D:\Downloads\2017\2017\INMET_NE_RN_A340_APODI_01-01-2017_A_31-12-2017.CSV",".CSV","821942","19/01/2026 09:27:55"
"INMET_NE_RN_A344_CALCANHAR_01-01-2017_A_31-12-2017.CSV","D:\Downloads\2017\2017","D:\Downloads\2017\2017\INMET_NE_RN_A344_CALCANHAR_01-01-2017_A_31-12-2017.CSV",".CSV","911056","19/01/2026 09:27:55"
"INMET_NE_RN_A367_SANTA CRUZ_01-01-2017_A_31-12-2017.CSV","D:\Downloads\2017\2017","D:\Downloads\2017\2017\INMET_NE_RN_A367_SANTA CRUZ_01-01-2017_A_31-12-2017.CSV",".CSV","813932","19/01/2026 09:27:55"
"INMET_NE_RN_A372_IPANGUACU_08-11-2017_A_31-12-2017.CSV","D:\Downloads\2017\2017","D:\Downloads\2017\2017\INMET_NE_RN_A372_IPANGUACU_08-11-2017_A_31-12-2017.CSV",".CSV","128360","19/01/2026 09:27:55"
"INMET_NE_SE_A409_ARACAJU_01-01-2017_A_31-12-2017.CSV","D:\Downloads\2017\2017","D:\Downloads\2017\2017\INMET_NE_SE_A409_ARACAJU_01-01-2017_A_31-12-2017.CSV",".CSV","866688","19/01/2026 09:27:55"
"INMET_NE_SE_A417_ITABAIANINHA_01-01-2017_A_31-12-2017.CSV","D:\Downloads\2017\2017","D:\Downloads\2017\2017\INMET_NE_SE_A417_ITABAIANINHA_01-01-2017_A_31-12-2017.CSV",".CSV","815611","19/01/2026 09:27:55"
"INMET_NE_SE_A419_POCO VERDE_01-01-2017_A_31-12-2017.CSV","D:\Downloads\2017\2017","D:\Downloads\2017\2017\INMET_NE_SE_A419_POCO VERDE_01-01-2017_A_31-12-2017.CSV",".CSV","849144","19/01/2026 09:27:55"
"INMET_NE_SE_A420_CARIRA_01-01-2017_A_31-12-2017.CSV","D:\Downloads\2017\2017","D:\Downloads\2017\2017\INMET_NE_SE_A420_CARIRA_01-01-2017_A_31-12-2017.CSV",".CSV","825177","19/01/2026 09:27:55"
"INMET_NE_SE_A421_BREJO GRANDE_01-01-2017_A_31-12-2017.CSV","D:\Downloads\2017\2017","D:\Downloads\2017\2017\INMET_NE_SE_A421_BREJO GRANDE_01-01-2017_A_31-12-2017.CSV",".CSV","843353","19/01/2026 09:27:55"
"INMET_NE_SE_A451_ITABAIANA_24-04-2017_A_31-12-2017.CSV","D:\Downloads\2017\2017","D:\Downloads\2017\2017\INMET_NE_SE_A451_ITABAIANA_24-04-2017_A_31-12-2017.CSV",".CSV","566279","19/01/2026 09:27:55"
"INMET_NE_SE_A453_NOSSA SENHORA DA GLORIA_24-03-2017_A_31-12-2017.CSV","D:\Downloads\2017\2017","D:\Downloads\2017\2017\INMET_NE_SE_A453_NOSSA SENHORA DA GLORIA_24-03-2017_A_31-12-2017.CSV",".CSV","656168","19/01/2026 09:27:55"
"INMET_S_PR_A807_CURITIBA_01-01-2017_A_31-12-2017.CSV","D:\Downloads\2017\2017","D:\Downloads\2017\2017\INMET_S_PR_A807_CURITIBA_01-01-2017_A_31-12-2017.CSV",".CSV","844216","19/01/2026 09:27:56"
"INMET_S_PR_A818_IVAI_01-01-2017_A_31-12-2017.CSV","D:\Downloads\2017\2017","D:\Downloads\2017\2017\INMET_S_PR_A818_IVAI_01-01-2017_A_31-12-2017.CSV",".CSV","827277","19/01/2026 09:27:56"
"INMET_S_PR_A819_CASTRO_01-01-2017_A_31-12-2017.CSV","D:\Downloads\2017\2017","D:\Downloads\2017\2017\INMET_S_PR_A819_CASTRO_01-01-2017_A_31-12-2017.CSV",".CSV","801039","19/01/2026 09:27:56"
"INMET_S_PR_A820_MAL. CANDIDO RONDON_01-01-2017_A_31-12-2017.CSV","D:\Downloads\2017\2017","D:\Downloads\2017\2017\INMET_S_PR_A820_MAL. CANDIDO RONDON_01-01-2017_A_31-12-2017.CSV",".CSV","816606","19/01/2026 09:27:56"
"INMET_S_PR_A821_JOAQUIM TAVORA_01-01-2017_A_31-12-2017.CSV","D:\Downloads\2017\2017","D:\Downloads\2017\2017\INMET_S_PR_A821_JOAQUIM TAVORA_01-01-2017_A_31-12-2017.CSV",".CSV","809021","19/01/2026 09:27:56"
"INMET_S_PR_A822_NOVA TEBAS_01-01-2017_A_31-12-2017.CSV","D:\Downloads\2017\2017","D:\Downloads\2017\2017\INMET_S_PR_A822_NOVA TEBAS_01-01-2017_A_31-12-2017.CSV",".CSV","813627","19/01/2026 09:27:56"
"INMET_S_PR_A823_INACIO MARTINS_01-01-2017_A_31-12-2017.CSV","D:\Downloads\2017\2017","D:\Downloads\2017\2017\INMET_S_PR_A823_INACIO MARTINS_01-01-2017_A_31-12-2017.CSV",".CSV","872889","19/01/2026 09:27:56"
"INMET_S_PR_A824_ICARAIMA_01-01-2017_A_31-12-2017.CSV","D:\Downloads\2017\2017","D:\Downloads\2017\2017\INMET_S_PR_A824_ICARAIMA_01-01-2017_A_31-12-2017.CSV",".CSV","823769","19/01/2026 09:27:56"
"INMET_S_PR_A835_MARINGA_01-01-2017_A_31-12-2017.CSV","D:\Downloads\2017\2017","D:\Downloads\2017\2017\INMET_S_PR_A835_MARINGA_01-01-2017_A_31-12-2017.CSV",".CSV","804311","19/01/2026 09:27:56"
"INMET_S_PR_A842_NOVA FATIMA_01-01-2017_A_31-12-2017.CSV","D:\Downloads\2017\2017","D:\Downloads\2017\2017\INMET_S_PR_A842_NOVA FATIMA_01-01-2017_A_31-12-2017.CSV",".CSV","847761","19/01/2026 09:27:56"
"INMET_S_PR_A843_DOIS VIZINHOS_01-01-2017_A_31-12-2017.CSV","D:\Downloads\2017\2017","D:\Downloads\2017\2017\INMET_S_PR_A843_DOIS VIZINHOS_01-01-2017_A_31-12-2017.CSV",".CSV","833999","19/01/2026 09:27:56"
"INMET_S_PR_A846_FOZ DO IGUACU_01-01-2017_A_31-12-2017.CSV","D:\Downloads\2017\2017","D:\Downloads\2017\2017\INMET_S_PR_A846_FOZ DO IGUACU_01-01-2017_A_31-12-2017.CSV",".CSV","868679","19/01/2026 09:27:56"
"INMET_S_PR_A847_ILHA DO MEL_01-01-2017_A_31-12-2017.CSV","D:\Downloads\2017\2017","D:\Downloads\2017\2017\INMET_S_PR_A847_ILHA DO MEL_01-01-2017_A_31-12-2017.CSV",".CSV","855897","19/01/2026 09:27:56"
"INMET_S_PR_A849_DIAMANTE DO NORTE_01-01-2017_A_31-12-2017.CSV","D:\Downloads\2017\2017","D:\Downloads\2017\2017\INMET_S_PR_A849_DIAMANTE DO NORTE_01-01-2017_A_31-12-2017.CSV",".CSV","820131","19/01/2026 09:27:56"
"INMET_S_PR_A850_PARANAPOEMA_01-01-2017_A_31-12-2017.CSV","D:\Downloads\2017\2017","D:\Downloads\2017\2017\INMET_S_PR_A850_PARANAPOEMA_01-01-2017_A_31-12-2017.CSV",".CSV","866142","19/01/2026 09:27:56"
"INMET_S_PR_A855_PLANALTO_01-01-2017_A_31-12-2017.CSV","D:\Downloads\2017\2017","D:\Downloads\2017\2017\INMET_S_PR_A855_PLANALTO_01-01-2017_A_31-12-2017.CSV",".CSV","841695","19/01/2026 09:27:56"
"INMET_S_PR_A869_CIDADE GAUCHA_01-01-2017_A_31-12-2017.CSV","D:\Downloads\2017\2017","D:\Downloads\2017\2017\INMET_S_PR_A869_CIDADE GAUCHA_01-01-2017_A_31-12-2017.CSV",".CSV","850634","19/01/2026 09:27:56"
"INMET_S_PR_A871_JAPIRA_01-01-2017_A_31-12-2017.CSV","D:\Downloads\2017\2017","D:\Downloads\2017\2017\INMET_S_PR_A871_JAPIRA_01-01-2017_A_31-12-2017.CSV",".CSV","835255","19/01/2026 09:27:56"
"INMET_S_PR_A872_VENTANIA_01-01-2017_A_31-12-2017.CSV","D:\Downloads\2017\2017","D:\Downloads\2017\2017\INMET_S_PR_A872_VENTANIA_01-01-2017_A_31-12-2017.CSV",".CSV","847481","19/01/2026 09:27:56"
"INMET_S_PR_A873_MORRETES_01-01-2017_A_31-12-2017.CSV","D:\Downloads\2017\2017","D:\Downloads\2017\2017\INMET_S_PR_A873_MORRETES_01-01-2017_A_31-12-2017.CSV",".CSV","826651","19/01/2026 09:27:56"
"INMET_S_PR_A874_SAO MATEUS DO SUL_01-01-2017_A_31-12-2017.CSV","D:\Downloads\2017\2017","D:\Downloads\2017\2017\INMET_S_PR_A874_SAO MATEUS DO SUL_01-01-2017_A_31-12-2017.CSV",".CSV","794499","19/01/2026 09:27:56"
"INMET_S_PR_A875_GENERAL CARNEIRO_01-01-2017_A_31-12-2017.CSV","D:\Downloads\2017\2017","D:\Downloads\2017\2017\INMET_S_PR_A875_GENERAL CARNEIRO_01-01-2017_A_31-12-2017.CSV",".CSV","808858","19/01/2026 09:27:56"
"INMET_S_PR_A876_CLEVELANDIA_01-01-2017_A_31-12-2017.CSV","D:\Downloads\2017\2017","D:\Downloads\2017\2017\INMET_S_PR_A876_CLEVELANDIA_01-01-2017_A_31-12-2017.CSV",".CSV","867261","19/01/2026 09:27:56"
"INMET_S_PR_B803_CAMPINA DA LAGOA_01-01-2017_A_31-12-2017.CSV","D:\Downloads\2017\2017","D:\Downloads\2017\2017\INMET_S_PR_B803_CAMPINA DA LAGOA_01-01-2017_A_31-12-2017.CSV",".CSV","814678","19/01/2026 09:27:56"
"INMET_S_PR_B804_LARANJEIRAS DO SUL_01-01-2017_A_31-12-2017.CSV","D:\Downloads\2017\2017","D:\Downloads\2017\2017\INMET_S_PR_B804_LARANJEIRAS DO SUL_01-01-2017_A_31-12-2017.CSV",".CSV","810621","19/01/2026 09:27:56"
"INMET_S_PR_B806_COLOMBO_01-01-2017_A_31-12-2017.CSV","D:\Downloads\2017\2017","D:\Downloads\2017\2017\INMET_S_PR_B806_COLOMBO_01-01-2017_A_31-12-2017.CSV",".CSV","806231","19/01/2026 09:27:56"
"INMET_S_RS_A801_PORTO ALEGRE_01-01-2017_A_31-12-2017.CSV","D:\Downloads\2017\2017","D:\Downloads\2017\2017\INMET_S_RS_A801_PORTO ALEGRE_01-01-2017_A_31-12-2017.CSV",".CSV","837993","19/01/2026 09:27:56"
"INMET_S_RS_A802_RIO GRANDE_01-01-2017_A_31-12-2017.CSV","D:\Downloads\2017\2017","D:\Downloads\2017\2017\INMET_S_RS_A802_RIO GRANDE_01-01-2017_A_31-12-2017.CSV",".CSV","867598","19/01/2026 09:27:56"
"INMET_S_RS_A803_SANTA MARIA_01-01-2017_A_31-12-2017.CSV","D:\Downloads\2017\2017","D:\Downloads\2017\2017\INMET_S_RS_A803_SANTA MARIA_01-01-2017_A_31-12-2017.CSV",".CSV","859670","19/01/2026 09:27:56"
"INMET_S_RS_A804_SANTANA DO LIVRAMENTO_01-01-2017_A_31-12-2017.CSV","D:\Downloads\2017\2017","D:\Downloads\2017\2017\INMET_S_RS_A804_SANTANA DO LIVRAMENTO_01-01-2017_A_31-12-2017.CSV",".CSV","880788","19/01/2026 09:27:56"
"INMET_S_RS_A805_SANTO AUGUSTO_01-01-2017_A_31-12-2017.CSV","D:\Downloads\2017\2017","D:\Downloads\2017\2017\INMET_S_RS_A805_SANTO AUGUSTO_01-01-2017_A_31-12-2017.CSV",".CSV","823110","19/01/2026 09:27:56"
"INMET_S_RS_A808_TORRES_01-01-2017_A_31-12-2017.CSV","D:\Downloads\2017\2017","D:\Downloads\2017\2017\INMET_S_RS_A808_TORRES_01-01-2017_A_31-12-2017.CSV",".CSV","906422","19/01/2026 09:27:56"
"INMET_S_RS_A809_URUGUAIANA_01-01-2017_A_31-12-2017.CSV","D:\Downloads\2017\2017","D:\Downloads\2017\2017\INMET_S_RS_A809_URUGUAIANA_01-01-2017_A_31-12-2017.CSV",".CSV","835968","19/01/2026 09:27:56"
"INMET_S_RS_A810_SANTA ROSA_01-01-2017_A_31-12-2017.CSV","D:\Downloads\2017\2017","D:\Downloads\2017\2017\INMET_S_RS_A810_SANTA ROSA_01-01-2017_A_31-12-2017.CSV",".CSV","805605","19/01/2026 09:27:56"
"INMET_S_RS_A811_CANGUCU_01-01-2017_A_31-12-2017.CSV","D:\Downloads\2017\2017","D:\Downloads\2017\2017\INMET_S_RS_A811_CANGUCU_01-01-2017_A_31-12-2017.CSV",".CSV","814243","19/01/2026 09:27:56"
"INMET_S_RS_A812_CACAPAVA DO SUL_01-01-2017_A_31-12-2017.CSV","D:\Downloads\2017\2017","D:\Downloads\2017\2017\INMET_S_RS_A812_CACAPAVA DO SUL_01-01-2017_A_31-12-2017.CSV",".CSV","817306","19/01/2026 09:27:56"
"INMET_S_RS_A813_RIO PARDO_01-01-2017_A_31-12-2017.CSV","D:\Downloads\2017\2017","D:\Downloads\2017\2017\INMET_S_RS_A813_RIO PARDO_01-01-2017_A_31-12-2017.CSV",".CSV","891712","19/01/2026 09:27:56"
"INMET_S_RS_A826_ALEGRETE_01-01-2017_A_31-12-2017.CSV","D:\Downloads\2017\2017","D:\Downloads\2017\2017\INMET_S_RS_A826_ALEGRETE_01-01-2017_A_31-12-2017.CSV",".CSV","896380","19/01/2026 09:27:56"
"INMET_S_RS_A827_BAGE_01-01-2017_A_31-12-2017.CSV","D:\Downloads\2017\2017","D:\Downloads\2017\2017\INMET_S_RS_A827_BAGE_01-01-2017_A_31-12-2017.CSV",".CSV","820771","19/01/2026 09:27:56"
"INMET_S_RS_A828_ERECHIM_01-01-2017_A_31-12-2017.CSV","D:\Downloads\2017\2017","D:\Downloads\2017\2017\INMET_S_RS_A828_ERECHIM_01-01-2017_A_31-12-2017.CSV",".CSV","809369","19/01/2026 09:27:56"
"INMET_S_RS_A829_SAO JOSE DOS AUSENTES_01-01-2017_A_31-12-2017.CSV","D:\Downloads\2017\2017","D:\Downloads\2017\2017\INMET_S_RS_A829_SAO JOSE DOS AUSENTES_01-01-2017_A_31-12-2017.CSV",".CSV","818109","19/01/2026 09:27:56"
"INMET_S_RS_A830_SAO BORJA_01-01-2017_A_31-12-2017.CSV","D:\Downloads\2017\2017","D:\Downloads\2017\2017\INMET_S_RS_A830_SAO BORJA_01-01-2017_A_31-12-2017.CSV",".CSV","882089","19/01/2026 09:27:56"
"INMET_S_RS_A831_QUARAI_01-01-2017_A_31-12-2017.CSV","D:\Downloads\2017\2017","D:\Downloads\2017\2017\INMET_S_RS_A831_QUARAI_01-01-2017_A_31-12-2017.CSV",".CSV","826132","19/01/2026 09:27:56"
"INMET_S_RS_A832_SAO GABRIEL_01-01-2017_A_31-12-2017.CSV","D:\Downloads\2017\2017","D:\Downloads\2017\2017\INMET_S_RS_A832_SAO GABRIEL_01-01-2017_A_31-12-2017.CSV",".CSV","819714","19/01/2026 09:27:56"
"INMET_S_RS_A833_SANTIAGO_01-01-2017_A_31-12-2017.CSV","D:\Downloads\2017\2017","D:\Downloads\2017\2017\INMET_S_RS_A833_SANTIAGO_01-01-2017_A_31-12-2017.CSV",".CSV","809222","19/01/2026 09:27:56"
"INMET_S_RS_A834_TRAMANDAI_01-01-2017_A_31-12-2017.CSV","D:\Downloads\2017\2017","D:\Downloads\2017\2017\INMET_S_RS_A834_TRAMANDAI_01-01-2017_A_31-12-2017.CSV",".CSV","859452","19/01/2026 09:27:56"
"INMET_S_RS_A836_JAGUARAO_01-01-2017_A_31-12-2017.CSV","D:\Downloads\2017\2017","D:\Downloads\2017\2017\INMET_S_RS_A836_JAGUARAO_01-01-2017_A_31-12-2017.CSV",".CSV","883009","19/01/2026 09:27:56"
"INMET_S_RS_A837_SOLEDADE_01-01-2017_A_31-12-2017.CSV","D:\Downloads\2017\2017","D:\Downloads\2017\2017\INMET_S_RS_A837_SOLEDADE_01-01-2017_A_31-12-2017.CSV",".CSV","857544","19/01/2026 09:27:56"
"INMET_S_RS_A838_CAMAQUA_01-01-2017_A_31-12-2017.CSV","D:\Downloads\2017\2017","D:\Downloads\2017\2017\INMET_S_RS_A838_CAMAQUA_01-01-2017_A_31-12-2017.CSV",".CSV","831349","19/01/2026 09:27:56"
"INMET_S_RS_A839_PASSO FUNDO_01-01-2017_A_31-12-2017.CSV","D:\Downloads\2017\2017","D:\Downloads\2017\2017\INMET_S_RS_A839_PASSO FUNDO_01-01-2017_A_31-12-2017.CSV",".CSV","825876","19/01/2026 09:27:56"
"INMET_S_RS_A840_BENTO GONCALVES_01-01-2017_A_31-12-2017.CSV","D:\Downloads\2017\2017","D:\Downloads\2017\2017\INMET_S_RS_A840_BENTO GONCALVES_01-01-2017_A_31-12-2017.CSV",".CSV","808007","19/01/2026 09:27:56"
"INMET_S_RS_A844_LAGOA VERMELHA_01-01-2017_A_31-12-2017.CSV","D:\Downloads\2017\2017","D:\Downloads\2017\2017\INMET_S_RS_A844_LAGOA VERMELHA_01-01-2017_A_31-12-2017.CSV",".CSV","805176","19/01/2026 09:27:56"
"INMET_S_RS_A852_SAO LUIZ GONZAGA_01-01-2017_A_31-12-2017.CSV","D:\Downloads\2017\2017","D:\Downloads\2017\2017\INMET_S_RS_A852_SAO LUIZ GONZAGA_01-01-2017_A_31-12-2017.CSV",".CSV","813004","19/01/2026 09:27:56"
"INMET_S_RS_A853_CRUZ ALTA_01-01-2017_A_31-12-2017.CSV","D:\Downloads\2017\2017","D:\Downloads\2017\2017\INMET_S_RS_A853_CRUZ ALTA_01-01-2017_A_31-12-2017.CSV",".CSV","796267","19/01/2026 09:27:56"
"INMET_S_RS_A854_FREDERICO WESTPHALEN_01-01-2017_A_31-12-2017.CSV","D:\Downloads\2017\2017","D:\Downloads\2017\2017\INMET_S_RS_A854_FREDERICO WESTPHALEN_01-01-2017_A_31-12-2017.CSV",".CSV","801748","19/01/2026 09:27:56"
"INMET_S_RS_A856_PALMEIRA DAS MISSOES_01-01-2017_A_31-12-2017.CSV","D:\Downloads\2017\2017","D:\Downloads\2017\2017\INMET_S_RS_A856_PALMEIRA DAS MISSOES_01-01-2017_A_31-12-2017.CSV",".CSV","800153","19/01/2026 09:27:56"
"INMET_S_RS_A878_MOSTARDAS_01-01-2017_A_31-12-2017.CSV","D:\Downloads\2017\2017","D:\Downloads\2017\2017\INMET_S_RS_A878_MOSTARDAS_01-01-2017_A_31-12-2017.CSV",".CSV","837743","19/01/2026 09:27:56"
"INMET_S_RS_A879_CANELA_01-01-2017_A_31-12-2017.CSV","D:\Downloads\2017\2017","D:\Downloads\2017\2017\INMET_S_RS_A879_CANELA_01-01-2017_A_31-12-2017.CSV",".CSV","843618","19/01/2026 09:27:56"
"INMET_S_RS_A880_VACARIA_01-01-2017_A_31-12-2017.CSV","D:\Downloads\2017\2017","D:\Downloads\2017\2017\INMET_S_RS_A880_VACARIA_01-01-2017_A_31-12-2017.CSV",".CSV","805915","19/01/2026 09:27:56"
"INMET_S_RS_A881_DOM PEDRITO_01-01-2017_A_31-12-2017.CSV","D:\Downloads\2017\2017","D:\Downloads\2017\2017\INMET_S_RS_A881_DOM PEDRITO_01-01-2017_A_31-12-2017.CSV",".CSV","880305","19/01/2026 09:27:56"
"INMET_S_RS_A882_TEUTONIA_01-01-2017_A_31-12-2017.CSV","D:\Downloads\2017\2017","D:\Downloads\2017\2017\INMET_S_RS_A882_TEUTONIA_01-01-2017_A_31-12-2017.CSV",".CSV","830508","19/01/2026 09:27:56"
"INMET_S_RS_A883_IBIRUBA_01-01-2017_A_31-12-2017.CSV","D:\Downloads\2017\2017","D:\Downloads\2017\2017\INMET_S_RS_A883_IBIRUBA_01-01-2017_A_31-12-2017.CSV",".CSV","805582","19/01/2026 09:27:56"
"INMET_S_RS_A884_CAMPO BOM_01-01-2017_A_31-12-2017.CSV","D:\Downloads\2017\2017","D:\Downloads\2017\2017\INMET_S_RS_A884_CAMPO BOM_01-01-2017_A_31-12-2017.CSV",".CSV","829804","19/01/2026 09:27:56"
"INMET_S_RS_A886_TUPANCIRETA_01-01-2017_A_31-12-2017.CSV","D:\Downloads\2017\2017","D:\Downloads\2017\2017\INMET_S_RS_A886_TUPANCIRETA_01-01-2017_A_31-12-2017.CSV",".CSV","803711","19/01/2026 09:27:56"
"INMET_S_RS_A889_SAO VICENTE DO SUL_01-01-2017_A_31-12-2017.CSV","D:\Downloads\2017\2017","D:\Downloads\2017\2017\INMET_S_RS_A889_SAO VICENTE DO SUL_01-01-2017_A_31-12-2017.CSV",".CSV","824243","19/01/2026 09:27:56"
"INMET_S_RS_A894_SERAFINA CORREA_01-01-2017_A_31-12-2017.CSV","D:\Downloads\2017\2017","D:\Downloads\2017\2017\INMET_S_RS_A894_SERAFINA CORREA_01-01-2017_A_31-12-2017.CSV",".CSV","802597","19/01/2026 09:27:56"
"INMET_S_RS_A897_CAMBARA DO SUL_01-01-2017_A_31-12-2017.CSV","D:\Downloads\2017\2017","D:\Downloads\2017\2017\INMET_S_RS_A897_CAMBARA DO SUL_01-01-2017_A_31-12-2017.CSV",".CSV","802293","19/01/2026 09:27:56"
"INMET_S_RS_A899_Santa Vitoria do Palmar - Barra do Chui_01-01-2017_A_31-12-2017.CSV","D:\Downloads\2017\2017","D:\Downloads\2017\2017\INMET_S_RS_A899_Santa Vitoria do Palmar - Barra do Chui_01-01-2017_A_31-12-2017.CSV",".CSV","842849","19/01/2026 09:27:56"
"INMET_S_SC_A806_FLORIANOPOLIS_01-01-2017_A_31-12-2017.CSV","D:\Downloads\2017\2017","D:\Downloads\2017\2017\INMET_S_SC_A806_FLORIANOPOLIS_01-01-2017_A_31-12-2017.CSV",".CSV","836185","19/01/2026 09:27:56"
"INMET_S_SC_A814_URUSSANGA_01-01-2017_A_31-12-2017.CSV","D:\Downloads\2017\2017","D:\Downloads\2017\2017\INMET_S_SC_A814_URUSSANGA_01-01-2017_A_31-12-2017.CSV",".CSV","885168","19/01/2026 09:27:56"
"INMET_S_SC_A815_SAO JOAQUIM_01-01-2017_A_31-12-2017.CSV","D:\Downloads\2017\2017","D:\Downloads\2017\2017\INMET_S_SC_A815_SAO JOAQUIM_01-01-2017_A_31-12-2017.CSV",".CSV","798206","19/01/2026 09:27:56"
"INMET_S_SC_A816_NOVO HORIZONTE_01-01-2017_A_31-12-2017.CSV","D:\Downloads\2017\2017","D:\Downloads\2017\2017\INMET_S_SC_A816_NOVO HORIZONTE_01-01-2017_A_31-12-2017.CSV",".CSV","805791","19/01/2026 09:27:56"
"INMET_S_SC_A817_INDAIAL_01-01-2017_A_31-12-2017.CSV","D:\Downloads\2017\2017","D:\Downloads\2017\2017\INMET_S_SC_A817_INDAIAL_01-01-2017_A_31-12-2017.CSV",".CSV","872625","19/01/2026 09:27:56"
"INMET_S_SC_A841_JOACABA_01-01-2017_A_31-12-2017.CSV","D:\Downloads\2017\2017","D:\Downloads\2017\2017\INMET_S_SC_A841_JOACABA_01-01-2017_A_31-12-2017.CSV",".CSV","812653","19/01/2026 09:27:56"
"INMET_S_SC_A845_BOM JARDIM DA SERRA - MORRO DA IGREJA_01-01-2017_A_31-12-2017.CSV","D:\Downloads\2017\2017","D:\Downloads\2017\2017\INMET_S_SC_A845_BOM JARDIM DA SERRA - MORRO DA IGREJA_01-01-2017_A_31-12-2017.CSV",".CSV","869985","19/01/2026 09:27:56"
"INMET_S_SC_A848_DIONISIO CERQUEIRA_01-01-2017_A_31-12-2017.CSV","D:\Downloads\2017\2017","D:\Downloads\2017\2017\INMET_S_SC_A848_DIONISIO CERQUEIRA_01-01-2017_A_31-12-2017.CSV",".CSV","807206","19/01/2026 09:27:56"
"INMET_S_SC_A851_ITAPOA_01-01-2017_A_31-12-2017.CSV","D:\Downloads\2017\2017","D:\Downloads\2017\2017\INMET_S_SC_A851_ITAPOA_01-01-2017_A_31-12-2017.CSV",".CSV","824383","19/01/2026 09:27:56"
"INMET_S_SC_A857_SAO MIGUEL DO OESTE_01-01-2017_A_31-12-2017.CSV","D:\Downloads\2017\2017","D:\Downloads\2017\2017\INMET_S_SC_A857_SAO MIGUEL DO OESTE_01-01-2017_A_31-12-2017.CSV",".CSV","806723","19/01/2026 09:27:56"
"INMET_S_SC_A858_XANXERE_01-01-2017_A_31-12-2017.CSV","D:\Downloads\2017\2017","D:\Downloads\2017\2017\INMET_S_SC_A858_XANXERE_01-01-2017_A_31-12-2017.CSV",".CSV","804285","19/01/2026 09:27:56"
"INMET_S_SC_A859_CACADOR_01-01-2017_A_31-12-2017.CSV","D:\Downloads\2017\2017","D:\Downloads\2017\2017\INMET_S_SC_A859_CACADOR_01-01-2017_A_31-12-2017.CSV",".CSV","786871","19/01/2026 09:27:56"
"INMET_S_SC_A860_CURITIBANOS_01-01-2017_A_31-12-2017.CSV","D:\Downloads\2017\2017","D:\Downloads\2017\2017\INMET_S_SC_A860_CURITIBANOS_01-01-2017_A_31-12-2017.CSV",".CSV","845691","19/01/2026 09:27:56"
"INMET_S_SC_A861_RIO DO CAMPO_01-01-2017_A_31-12-2017.CSV","D:\Downloads\2017\2017","D:\Downloads\2017\2017\INMET_S_SC_A861_RIO DO CAMPO_01-01-2017_A_31-12-2017.CSV",".CSV","790633","19/01/2026 09:27:56"
"INMET_S_SC_A862_RIO NEGRINHO_01-01-2017_A_31-12-2017.CSV","D:\Downloads\2017\2017","D:\Downloads\2017\2017\INMET_S_SC_A862_RIO NEGRINHO_01-01-2017_A_31-12-2017.CSV",".CSV","792492","19/01/2026 09:27:56"
"INMET_S_SC_A863_ITUPORANGA_01-01-2017_A_31-12-2017.CSV","D:\Downloads\2017\2017","D:\Downloads\2017\2017\INMET_S_SC_A863_ITUPORANGA_01-01-2017_A_31-12-2017.CSV",".CSV","822677","19/01/2026 09:27:56"
"INMET_S_SC_A864_MAJOR VIEIRA_01-01-2017_A_31-12-2017.CSV","D:\Downloads\2017\2017","D:\Downloads\2017\2017\INMET_S_SC_A864_MAJOR VIEIRA_01-01-2017_A_31-12-2017.CSV",".CSV","801583","19/01/2026 09:27:56"
"INMET_S_SC_A865_LAGES_01-01-2017_A_31-12-2017.CSV","D:\Downloads\2017\2017","D:\Downloads\2017\2017\INMET_S_SC_A865_LAGES_01-01-2017_A_31-12-2017.CSV",".CSV","822907","19/01/2026 09:27:56"
"INMET_S_SC_A866_Laguna  - Farol de Santa Marta_01-01-2017_A_31-12-2017.CSV","D:\Downloads\2017\2017","D:\Downloads\2017\2017\INMET_S_SC_A866_Laguna  - Farol de Santa Marta_01-01-2017_A_31-12-2017.CSV",".CSV","884972","19/01/2026 09:27:56"
"INMET_S_SC_A867_ARARANGUA_01-01-2017_A_31-12-2017.CSV","D:\Downloads\2017\2017","D:\Downloads\2017\2017\INMET_S_SC_A867_ARARANGUA_01-01-2017_A_31-12-2017.CSV",".CSV","950454","19/01/2026 09:27:56"
"INMET_S_SC_A868_ITAJAI_01-01-2017_A_31-12-2017.CSV","D:\Downloads\2017\2017","D:\Downloads\2017\2017\INMET_S_SC_A868_ITAJAI_01-01-2017_A_31-12-2017.CSV",".CSV","832697","19/01/2026 09:27:56"
"INMET_S_SC_A870_RANCHO QUEIMADO_01-01-2017_A_31-12-2017.CSV","D:\Downloads\2017\2017","D:\Downloads\2017\2017\INMET_S_SC_A870_RANCHO QUEIMADO_01-01-2017_A_31-12-2017.CSV",".CSV","847456","19/01/2026 09:27:56"
"INMET_SE_ES_A612_VITORIA_01-01-2017_A_31-12-2017.CSV","D:\Downloads\2017\2017","D:\Downloads\2017\2017\INMET_SE_ES_A612_VITORIA_01-01-2017_A_31-12-2017.CSV",".CSV","859479","19/01/2026 09:27:55"
"INMET_SE_ES_A613_SANTA TERESA_01-01-2017_A_31-12-2017.CSV","D:\Downloads\2017\2017","D:\Downloads\2017\2017\INMET_SE_ES_A613_SANTA TERESA_01-01-2017_A_31-12-2017.CSV",".CSV","837260","19/01/2026 09:27:55"
"INMET_SE_ES_A614_LINHARES_01-01-2017_A_31-12-2017.CSV","D:\Downloads\2017\2017","D:\Downloads\2017\2017\INMET_SE_ES_A614_LINHARES_01-01-2017_A_31-12-2017.CSV",".CSV","863961","19/01/2026 09:27:55"
"INMET_SE_ES_A615_ALFREDO CHAVES_01-01-2017_A_31-12-2017.CSV","D:\Downloads\2017\2017","D:\Downloads\2017\2017\INMET_SE_ES_A615_ALFREDO CHAVES_01-01-2017_A_31-12-2017.CSV",".CSV","883402","19/01/2026 09:27:55"
"INMET_SE_ES_A616_SAO MATEUS_01-01-2017_A_31-12-2017.CSV","D:\Downloads\2017\2017","D:\Downloads\2017\2017\INMET_SE_ES_A616_SAO MATEUS_01-01-2017_A_31-12-2017.CSV",".CSV","866292","19/01/2026 09:27:55"
"INMET_SE_ES_A617_ALEGRE_01-01-2017_A_31-12-2017.CSV","D:\Downloads\2017\2017","D:\Downloads\2017\2017\INMET_SE_ES_A617_ALEGRE_01-01-2017_A_31-12-2017.CSV",".CSV","823722","19/01/2026 09:27:55"
"INMET_SE_ES_A622_PRES. KENNEDY_01-01-2017_A_31-12-2017.CSV","D:\Downloads\2017\2017","D:\Downloads\2017\2017\INMET_SE_ES_A622_PRES. KENNEDY_01-01-2017_A_31-12-2017.CSV",".CSV","884007","19/01/2026 09:27:55"
"INMET_SE_ES_A623_NOVA VENECIA_01-01-2017_A_31-12-2017.CSV","D:\Downloads\2017\2017","D:\Downloads\2017\2017\INMET_SE_ES_A623_NOVA VENECIA_01-01-2017_A_31-12-2017.CSV",".CSV","844500","19/01/2026 09:27:55"
"INMET_SE_ES_A631_ECOPORANGA_17-03-2017_A_31-12-2017.CSV","D:\Downloads\2017\2017","D:\Downloads\2017\2017\INMET_SE_ES_A631_ECOPORANGA_17-03-2017_A_31-12-2017.CSV",".CSV","647265","19/01/2026 09:27:55"
"INMET_SE_ES_A632_MARILANDIA_22-03-2017_A_31-12-2017.CSV","D:\Downloads\2017\2017","D:\Downloads\2017\2017\INMET_SE_ES_A632_MARILANDIA_22-03-2017_A_31-12-2017.CSV",".CSV","652505","19/01/2026 09:27:55"
"INMET_SE_ES_A633_VENDA NOVA DO IMIGRANTE_10-02-2017_A_31-12-2017.CSV","D:\Downloads\2017\2017","D:\Downloads\2017\2017\INMET_SE_ES_A633_VENDA NOVA DO IMIGRANTE_10-02-2017_A_31-12-2017.CSV",".CSV","770156","19/01/2026 09:27:55"
"INMET_SE_ES_A634_VILA VELHA_15-02-2017_A_31-12-2017.CSV","D:\Downloads\2017\2017","D:\Downloads\2017\2017\INMET_SE_ES_A634_VILA VELHA_15-02-2017_A_31-12-2017.CSV",".CSV","751492","19/01/2026 09:27:55"
"INMET_SE_ES_A657_AFONSO CLAUDIO_01-01-2017_A_31-12-2017.CSV","D:\Downloads\2017\2017","D:\Downloads\2017\2017\INMET_SE_ES_A657_AFONSO CLAUDIO_01-01-2017_A_31-12-2017.CSV",".CSV","815372","19/01/2026 09:27:55"
"INMET_SE_MG_A502_BARBACENA_01-01-2017_A_31-12-2017.CSV","D:\Downloads\2017\2017","D:\Downloads\2017\2017\INMET_SE_MG_A502_BARBACENA_01-01-2017_A_31-12-2017.CSV",".CSV","804719","19/01/2026 09:27:55"
"INMET_SE_MG_A505_ARAXA_01-01-2017_A_31-12-2017.CSV","D:\Downloads\2017\2017","D:\Downloads\2017\2017\INMET_SE_MG_A505_ARAXA_01-01-2017_A_31-12-2017.CSV",".CSV","807106","19/01/2026 09:27:55"
"INMET_SE_MG_A506_MONTES CLAROS_01-01-2017_A_31-12-2017.CSV","D:\Downloads\2017\2017","D:\Downloads\2017\2017\INMET_SE_MG_A506_MONTES CLAROS_01-01-2017_A_31-12-2017.CSV",".CSV","802001","19/01/2026 09:27:55"
"INMET_SE_MG_A507_UBERLANDIA_01-01-2017_A_31-12-2017.CSV","D:\Downloads\2017\2017","D:\Downloads\2017\2017\INMET_SE_MG_A507_UBERLANDIA_01-01-2017_A_31-12-2017.CSV",".CSV","801331","19/01/2026 09:27:55"
"INMET_SE_MG_A508_ALMENARA_01-01-2017_A_31-12-2017.CSV","D:\Downloads\2017\2017","D:\Downloads\2017\2017\INMET_SE_MG_A508_ALMENARA_01-01-2017_A_31-12-2017.CSV",".CSV","853441","19/01/2026 09:27:55"
"INMET_SE_MG_A509_MONTE VERDE_01-01-2017_A_31-12-2017.CSV","D:\Downloads\2017\2017","D:\Downloads\2017\2017\INMET_SE_MG_A509_MONTE VERDE_01-01-2017_A_31-12-2017.CSV",".CSV","808166","19/01/2026 09:27:55"
"INMET_SE_MG_A510_VICOSA_01-01-2017_A_31-12-2017.CSV","D:\Downloads\2017\2017","D:\Downloads\2017\2017\INMET_SE_MG_A510_VICOSA_01-01-2017_A_31-12-2017.CSV",".CSV","798347","19/01/2026 09:27:55"
"INMET_SE_MG_A511_TIMOTEO_01-01-2017_A_31-12-2017.CSV","D:\Downloads\2017\2017","D:\Downloads\2017\2017\INMET_SE_MG_A511_TIMOTEO_01-01-2017_A_31-12-2017.CSV",".CSV","803581","19/01/2026 09:27:55"
"INMET_SE_MG_A512_ITUIUTABA_01-01-2017_A_31-12-2017.CSV","D:\Downloads\2017\2017","D:\Downloads\2017\2017\INMET_SE_MG_A512_ITUIUTABA_01-01-2017_A_31-12-2017.CSV",".CSV","816963","19/01/2026 09:27:55"
"INMET_SE_MG_A513_OURO BRANCO_01-01-2017_A_31-12-2017.CSV","D:\Downloads\2017\2017","D:\Downloads\2017\2017\INMET_SE_MG_A513_OURO BRANCO_01-01-2017_A_31-12-2017.CSV",".CSV","806835","19/01/2026 09:27:55"
"INMET_SE_MG_A514_SAO JOAO DEL REI_01-01-2017_A_31-12-2017.CSV","D:\Downloads\2017\2017","D:\Downloads\2017\2017\INMET_SE_MG_A514_SAO JOAO DEL REI_01-01-2017_A_31-12-2017.CSV",".CSV","832401","19/01/2026 09:27:55"
"INMET_SE_MG_A515_VARGINHA_01-01-2017_A_31-12-2017.CSV","D:\Downloads\2017\2017","D:\Downloads\2017\2017\INMET_SE_MG_A515_VARGINHA_01-01-2017_A_31-12-2017.CSV",".CSV","815295","19/01/2026 09:27:55"
"INMET_SE_MG_A516_PASSOS_01-01-2017_A_31-12-2017.CSV","D:\Downloads\2017\2017","D:\Downloads\2017\2017\INMET_SE_MG_A516_PASSOS_01-01-2017_A_31-12-2017.CSV",".CSV","807292","19/01/2026 09:27:55"
"INMET_SE_MG_A517_MURIAE_01-01-2017_A_31-12-2017.CSV","D:\Downloads\2017\2017","D:\Downloads\2017\2017\INMET_SE_MG_A517_MURIAE_01-01-2017_A_31-12-2017.CSV",".CSV","862014","19/01/2026 09:27:55"
"INMET_SE_MG_A518_JUIZ DE FORA_01-01-2017_A_31-12-2017.CSV","D:\Downloads\2017\2017","D:\Downloads\2017\2017\INMET_SE_MG_A518_JUIZ DE FORA_01-01-2017_A_31-12-2017.CSV",".CSV","805541","19/01/2026 09:27:55"
"INMET_SE_MG_A519_CAMPINA VERDE_01-01-2017_A_31-12-2017.CSV","D:\Downloads\2017\2017","D:\Downloads\2017\2017\INMET_SE_MG_A519_CAMPINA VERDE_01-01-2017_A_31-12-2017.CSV",".CSV","840399","19/01/2026 09:27:56"
"INMET_SE_MG_A520_CONCEICAO DAS ALAGOAS_01-01-2017_A_31-12-2017.CSV","D:\Downloads\2017\2017","D:\Downloads\2017\2017\INMET_SE_MG_A520_CONCEICAO DAS ALAGOAS_01-01-2017_A_31-12-2017.CSV",".CSV","832854","19/01/2026 09:27:56"
"INMET_SE_MG_A521_PAMPULHA_01-01-2017_A_31-12-2017.CSV","D:\Downloads\2017\2017","D:\Downloads\2017\2017\INMET_SE_MG_A521_PAMPULHA_01-01-2017_A_31-12-2017.CSV",".CSV","804592","19/01/2026 09:27:56"
"INMET_SE_MG_A522_SERRA DOS AIMORES_01-01-2017_A_31-12-2017.CSV","D:\Downloads\2017\2017","D:\Downloads\2017\2017\INMET_SE_MG_A522_SERRA DOS AIMORES_01-01-2017_A_31-12-2017.CSV",".CSV","847487","19/01/2026 09:27:56"
"INMET_SE_MG_A523_PATROCINIO_01-01-2017_A_31-12-2017.CSV","D:\Downloads\2017\2017","D:\Downloads\2017\2017\INMET_SE_MG_A523_PATROCINIO_01-01-2017_A_31-12-2017.CSV",".CSV","874017","19/01/2026 09:27:56"
"INMET_SE_MG_A524_FORMIGA_01-01-2017_A_31-12-2017.CSV","D:\Downloads\2017\2017","D:\Downloads\2017\2017\INMET_SE_MG_A524_FORMIGA_01-01-2017_A_31-12-2017.CSV",".CSV","818327","19/01/2026 09:27:56"
"INMET_SE_MG_A525_SACRAMENTO_01-01-2017_A_31-12-2017.CSV","D:\Downloads\2017\2017","D:\Downloads\2017\2017\INMET_SE_MG_A525_SACRAMENTO_01-01-2017_A_31-12-2017.CSV",".CSV","810615","19/01/2026 09:27:56"
"INMET_SE_MG_A526_MONTALVANIA_01-01-2017_A_31-12-2017.CSV","D:\Downloads\2017\2017","D:\Downloads\2017\2017\INMET_SE_MG_A526_MONTALVANIA_01-01-2017_A_31-12-2017.CSV",".CSV","828900","19/01/2026 09:27:56"
"INMET_SE_MG_A527_TEOFILO OTONI_01-01-2017_A_31-12-2017.CSV","D:\Downloads\2017\2017","D:\Downloads\2017\2017\INMET_SE_MG_A527_TEOFILO OTONI_01-01-2017_A_31-12-2017.CSV",".CSV","854708","19/01/2026 09:27:56"
"INMET_SE_MG_A528_TRES MARIAS_01-01-2017_A_31-12-2017.CSV","D:\Downloads\2017\2017","D:\Downloads\2017\2017\INMET_SE_MG_A528_TRES MARIAS_01-01-2017_A_31-12-2017.CSV",".CSV","813690","19/01/2026 09:27:56"
"INMET_SE_MG_A529_PASSA QUATRO_01-01-2017_A_31-12-2017.CSV","D:\Downloads\2017\2017","D:\Downloads\2017\2017\INMET_SE_MG_A529_PASSA QUATRO_01-01-2017_A_31-12-2017.CSV",".CSV","803366","19/01/2026 09:27:56"
"INMET_SE_MG_A530_CALDAS_01-01-2017_A_31-12-2017.CSV","D:\Downloads\2017\2017","D:\Downloads\2017\2017\INMET_SE_MG_A530_CALDAS_01-01-2017_A_31-12-2017.CSV",".CSV","795218","19/01/2026 09:27:56"
"INMET_SE_MG_A531_MARIA DA FE_01-01-2017_A_31-12-2017.CSV","D:\Downloads\2017\2017","D:\Downloads\2017\2017\INMET_SE_MG_A531_MARIA DA FE_01-01-2017_A_31-12-2017.CSV",".CSV","793409","19/01/2026 09:27:56"
"INMET_SE_MG_A532_GOVERNADOR VALADARES_01-01-2017_A_31-12-2017.CSV","D:\Downloads\2017\2017","D:\Downloads\2017\2017\INMET_SE_MG_A532_GOVERNADOR VALADARES_01-01-2017_A_31-12-2017.CSV",".CSV","811199","19/01/2026 09:27:56"
"INMET_SE_MG_A533_GUANHAES_01-01-2017_A_31-12-2017.CSV","D:\Downloads\2017\2017","D:\Downloads\2017\2017\INMET_SE_MG_A533_GUANHAES_01-01-2017_A_31-12-2017.CSV",".CSV","808722","19/01/2026 09:27:56"
"INMET_SE_MG_A534_AIMORES_01-01-2017_A_31-12-2017.CSV","D:\Downloads\2017\2017","D:\Downloads\2017\2017\INMET_SE_MG_A534_AIMORES_01-01-2017_A_31-12-2017.CSV",".CSV","822265","19/01/2026 09:27:56"
"INMET_SE_MG_A535_FLORESTAL_01-01-2017_A_31-12-2017.CSV","D:\Downloads\2017\2017","D:\Downloads\2017\2017\INMET_SE_MG_A535_FLORESTAL_01-01-2017_A_31-12-2017.CSV",".CSV","798516","19/01/2026 09:27:56"
"INMET_SE_MG_A536_DORES DO INDAIA_01-01-2017_A_31-12-2017.CSV","D:\Downloads\2017\2017","D:\Downloads\2017\2017\INMET_SE_MG_A536_DORES DO INDAIA_01-01-2017_A_31-12-2017.CSV",".CSV","795690","19/01/2026 09:27:56"
"INMET_SE_MG_A537_DIAMANTINA_01-01-2017_A_31-12-2017.CSV","D:\Downloads\2017\2017","D:\Downloads\2017\2017\INMET_SE_MG_A537_DIAMANTINA_01-01-2017_A_31-12-2017.CSV",".CSV","805058","19/01/2026 09:27:56"
"INMET_SE_MG_A538_CURVELO_01-01-2017_A_31-12-2017.CSV","D:\Downloads\2017\2017","D:\Downloads\2017\2017\INMET_SE_MG_A538_CURVELO_01-01-2017_A_31-12-2017.CSV",".CSV","825401","19/01/2026 09:27:56"
"INMET_SE_MG_A539_MOCAMBINHO_01-01-2017_A_31-12-2017.CSV","D:\Downloads\2017\2017","D:\Downloads\2017\2017\INMET_SE_MG_A539_MOCAMBINHO_01-01-2017_A_31-12-2017.CSV",".CSV","803479","19/01/2026 09:27:56"
"INMET_SE_MG_A540_MANTENA_01-01-2017_A_31-12-2017.CSV","D:\Downloads\2017\2017","D:\Downloads\2017\2017\INMET_SE_MG_A540_MANTENA_01-01-2017_A_31-12-2017.CSV",".CSV","818768","19/01/2026 09:27:56"
"INMET_SE_MG_A541_CAPELINHA_01-01-2017_A_31-12-2017.CSV","D:\Downloads\2017\2017","D:\Downloads\2017\2017\INMET_SE_MG_A541_CAPELINHA_01-01-2017_A_31-12-2017.CSV",".CSV","819784","19/01/2026 09:27:56"
"INMET_SE_MG_A542_UNAI_01-01-2017_A_31-12-2017.CSV","D:\Downloads\2017\2017","D:\Downloads\2017\2017\INMET_SE_MG_A542_UNAI_01-01-2017_A_31-12-2017.CSV",".CSV","804783","19/01/2026 09:27:56"
"INMET_SE_MG_A543_ESPINOSA_01-01-2017_A_31-12-2017.CSV","D:\Downloads\2017\2017","D:\Downloads\2017\2017\INMET_SE_MG_A543_ESPINOSA_01-01-2017_A_31-12-2017.CSV",".CSV","826426","19/01/2026 09:27:56"
"INMET_SE_MG_A544_BURITIS_01-01-2017_A_31-12-2017.CSV","D:\Downloads\2017\2017","D:\Downloads\2017\2017\INMET_SE_MG_A544_BURITIS_01-01-2017_A_31-12-2017.CSV",".CSV","963986","19/01/2026 09:27:56"
"INMET_SE_MG_A545_PIRAPORA_01-01-2017_A_31-12-2017.CSV","D:\Downloads\2017\2017","D:\Downloads\2017\2017\INMET_SE_MG_A545_PIRAPORA_01-01-2017_A_31-12-2017.CSV",".CSV","823888","19/01/2026 09:27:56"
"INMET_SE_MG_A546_GUARDA-MOR_01-01-2017_A_31-12-2017.CSV","D:\Downloads\2017\2017","D:\Downloads\2017\2017\INMET_SE_MG_A546_GUARDA-MOR_01-01-2017_A_31-12-2017.CSV",".CSV","799833","19/01/2026 09:27:56"
"INMET_SE_MG_A547_SAO ROMAO_01-01-2017_A_31-12-2017.CSV","D:\Downloads\2017\2017","D:\Downloads\2017\2017\INMET_SE_MG_A547_SAO ROMAO_01-01-2017_A_31-12-2017.CSV",".CSV","802879","19/01/2026 09:27:56"
"INMET_SE_MG_A548_CHAPADA GAUCHA_01-01-2017_A_31-12-2017.CSV","D:\Downloads\2017\2017","D:\Downloads\2017\2017\INMET_SE_MG_A548_CHAPADA GAUCHA_01-01-2017_A_31-12-2017.CSV",".CSV","809572","19/01/2026 09:27:56"
"INMET_SE_MG_A549_AGUAS VERMELHAS_01-01-2017_A_31-12-2017.CSV","D:\Downloads\2017\2017","D:\Downloads\2017\2017\INMET_SE_MG_A549_AGUAS VERMELHAS_01-01-2017_A_31-12-2017.CSV",".CSV","820178","19/01/2026 09:27:56"
"INMET_SE_MG_A550_ITAOBIM_01-01-2017_A_31-12-2017.CSV","D:\Downloads\2017\2017","D:\Downloads\2017\2017\INMET_SE_MG_A550_ITAOBIM_01-01-2017_A_31-12-2017.CSV",".CSV","813894","19/01/2026 09:27:56"
"INMET_SE_MG_A551_RIO PARDO DE MINAS_01-01-2017_A_31-12-2017.CSV","D:\Downloads\2017\2017","D:\Downloads\2017\2017\INMET_SE_MG_A551_RIO PARDO DE MINAS_01-01-2017_A_31-12-2017.CSV",".CSV","817425","19/01/2026 09:27:56"
"INMET_SE_MG_A552_SALINAS_01-01-2017_A_31-12-2017.CSV","D:\Downloads\2017\2017","D:\Downloads\2017\2017\INMET_SE_MG_A552_SALINAS_01-01-2017_A_31-12-2017.CSV",".CSV","807364","19/01/2026 09:27:56"
"INMET_SE_MG_A553_JOAO PINHEIRO_01-01-2017_A_31-12-2017.CSV","D:\Downloads\2017\2017","D:\Downloads\2017\2017\INMET_SE_MG_A553_JOAO PINHEIRO_01-01-2017_A_31-12-2017.CSV",".CSV","816848","19/01/2026 09:27:56"
"INMET_SE_MG_A554_CARATINGA_01-01-2017_A_31-12-2017.CSV","D:\Downloads\2017\2017","D:\Downloads\2017\2017\INMET_SE_MG_A554_CARATINGA_01-01-2017_A_31-12-2017.CSV",".CSV","810819","19/01/2026 09:27:56"
"INMET_SE_MG_A555_IBIRITE (ROLA MOCA)_01-01-2017_A_31-12-2017.CSV","D:\Downloads\2017\2017","D:\Downloads\2017\2017\INMET_SE_MG_A555_IBIRITE (ROLA MOCA)_01-01-2017_A_31-12-2017.CSV",".CSV","807450","19/01/2026 09:27:56"
"INMET_SE_MG_A556_MANHUACU_01-01-2017_A_31-12-2017.CSV","D:\Downloads\2017\2017","D:\Downloads\2017\2017\INMET_SE_MG_A556_MANHUACU_01-01-2017_A_31-12-2017.CSV",".CSV","901677","19/01/2026 09:27:56"
"INMET_SE_MG_A557_CORONEL PACHECO_01-01-2017_A_31-12-2017.CSV","D:\Downloads\2017\2017","D:\Downloads\2017\2017\INMET_SE_MG_A557_CORONEL PACHECO_01-01-2017_A_31-12-2017.CSV",".CSV","816458","19/01/2026 09:27:56"
"INMET_SE_MG_A559_JANUARIA_01-01-2017_A_31-12-2017.CSV","D:\Downloads\2017\2017","D:\Downloads\2017\2017\INMET_SE_MG_A559_JANUARIA_01-01-2017_A_31-12-2017.CSV",".CSV","837004","19/01/2026 09:27:56"
"INMET_SE_MG_A561_SAO SEBASTIAO DO PARAISO_01-01-2017_A_31-12-2017.CSV","D:\Downloads\2017\2017","D:\Downloads\2017\2017\INMET_SE_MG_A561_SAO SEBASTIAO DO PARAISO_01-01-2017_A_31-12-2017.CSV",".CSV","828908","19/01/2026 09:27:56"
"INMET_SE_MG_A562_PATOS DE MINAS_12-05-2017_A_31-12-2017.CSV","D:\Downloads\2017\2017","D:\Downloads\2017\2017\INMET_SE_MG_A562_PATOS DE MINAS_12-05-2017_A_31-12-2017.CSV",".CSV","525193","19/01/2026 09:27:56"
"INMET_SE_MG_A563_JANAUBA_01-01-2017_A_31-12-2017.CSV","D:\Downloads\2017\2017","D:\Downloads\2017\2017\INMET_SE_MG_A563_JANAUBA_01-01-2017_A_31-12-2017.CSV",".CSV","817420","19/01/2026 09:27:56"
"INMET_SE_MG_A564_DIVINOPOLIS_26-10-2017_A_31-12-2017.CSV","D:\Downloads\2017\2017","D:\Downloads\2017\2017\INMET_SE_MG_A564_DIVINOPOLIS_26-10-2017_A_31-12-2017.CSV",".CSV","152479","19/01/2026 09:27:56"
"INMET_SE_MG_A565_BAMBUI_01-01-2017_A_31-12-2017.CSV","D:\Downloads\2017\2017","D:\Downloads\2017\2017\INMET_SE_MG_A565_BAMBUI_01-01-2017_A_31-12-2017.CSV",".CSV","806280","19/01/2026 09:27:56"
"INMET_SE_MG_A566_ARACUAI_19-05-2017_A_31-12-2017.CSV","D:\Downloads\2017\2017","D:\Downloads\2017\2017\INMET_SE_MG_A566_ARACUAI_19-05-2017_A_31-12-2017.CSV",".CSV","527057","19/01/2026 09:27:56"
"INMET_SE_MG_A567_MACHADO_21-07-2017_A_31-12-2017.CSV","D:\Downloads\2017\2017","D:\Downloads\2017\2017\INMET_SE_MG_A567_MACHADO_21-07-2017_A_31-12-2017.CSV",".CSV","362704","19/01/2026 09:27:56"
"INMET_SE_MG_A568_UBERABA_19-05-2017_A_31-12-2017.CSV","D:\Downloads\2017\2017","D:\Downloads\2017\2017\INMET_SE_MG_A568_UBERABA_19-05-2017_A_31-12-2017.CSV",".CSV","501641","19/01/2026 09:27:56"
"INMET_SE_MG_A569_SETE LAGOAS_01-01-2017_A_31-12-2017.CSV","D:\Downloads\2017\2017","D:\Downloads\2017\2017\INMET_SE_MG_A569_SETE LAGOAS_01-01-2017_A_31-12-2017.CSV",".CSV","829903","19/01/2026 09:27:56"
"INMET_SE_MG_A570_OLIVEIRA_19-10-2017_A_31-12-2017.CSV","D:\Downloads\2017\2017","D:\Downloads\2017\2017\INMET_SE_MG_A570_OLIVEIRA_19-10-2017_A_31-12-2017.CSV",".CSV","194271","19/01/2026 09:27:56"
"INMET_SE_MG_F501_BELO HORIZONTE - CERCADINHO_01-01-2017_A_31-12-2017.CSV","D:\Downloads\2017\2017","D:\Downloads\2017\2017\INMET_SE_MG_F501_BELO HORIZONTE - CERCADINHO_01-01-2017_A_31-12-2017.CSV",".CSV","818618","19/01/2026 09:27:56"
"INMET_SE_MG_S122_EB_PEF_BONFIM_01-01-2017_A_31-12-2017.CSV","D:\Downloads\2017\2017","D:\Downloads\2017\2017\INMET_SE_MG_S122_EB_PEF_BONFIM_01-01-2017_A_31-12-2017.CSV",".CSV","904052","19/01/2026 09:27:56"
"INMET_SE_RJ_A601_ECOLOGIA AGRICOLA_01-01-2017_A_31-12-2017.CSV","D:\Downloads\2017\2017","D:\Downloads\2017\2017\INMET_SE_RJ_A601_ECOLOGIA AGRICOLA_01-01-2017_A_31-12-2017.CSV",".CSV","836262","19/01/2026 09:27:56"
"INMET_SE_RJ_A602_MARAMBAIA_01-01-2017_A_31-12-2017.CSV","D:\Downloads\2017\2017","D:\Downloads\2017\2017\INMET_SE_RJ_A602_MARAMBAIA_01-01-2017_A_31-12-2017.CSV",".CSV","840597","19/01/2026 09:27:56"
"INMET_SE_RJ_A603_XEREM_01-01-2017_A_31-12-2017.CSV","D:\Downloads\2017\2017","D:\Downloads\2017\2017\INMET_SE_RJ_A603_XEREM_01-01-2017_A_31-12-2017.CSV",".CSV","838246","19/01/2026 09:27:56"
"INMET_SE_RJ_A604_CAMBUCI_01-01-2017_A_31-12-2017.CSV","D:\Downloads\2017\2017","D:\Downloads\2017\2017\INMET_SE_RJ_A604_CAMBUCI_01-01-2017_A_31-12-2017.CSV",".CSV","826749","19/01/2026 09:27:56"
"INMET_SE_RJ_A606_ARRAIAL DO CABO_01-01-2017_A_31-12-2017.CSV","D:\Downloads\2017\2017","D:\Downloads\2017\2017\INMET_SE_RJ_A606_ARRAIAL DO CABO_01-01-2017_A_31-12-2017.CSV",".CSV","861355","19/01/2026 09:27:56"
"INMET_SE_RJ_A607_CAMPOS_01-01-2017_A_31-12-2017.CSV","D:\Downloads\2017\2017","D:\Downloads\2017\2017\INMET_SE_RJ_A607_CAMPOS_01-01-2017_A_31-12-2017.CSV",".CSV","872867","19/01/2026 09:27:56"
"INMET_SE_RJ_A608_MACAE_01-01-2017_A_31-12-2017.CSV","D:\Downloads\2017\2017","D:\Downloads\2017\2017\INMET_SE_RJ_A608_MACAE_01-01-2017_A_31-12-2017.CSV",".CSV","849294","19/01/2026 09:27:56"
"INMET_SE_RJ_A609_RESENDE_01-01-2017_A_31-12-2017.CSV","D:\Downloads\2017\2017","D:\Downloads\2017\2017\INMET_SE_RJ_A609_RESENDE_01-01-2017_A_31-12-2017.CSV",".CSV","808456","19/01/2026 09:27:56"
"INMET_SE_RJ_A610_PICO DO COUTO_01-01-2017_A_31-12-2017.CSV","D:\Downloads\2017\2017","D:\Downloads\2017\2017\INMET_SE_RJ_A610_PICO DO COUTO_01-01-2017_A_31-12-2017.CSV",".CSV","893175","19/01/2026 09:27:56"
"INMET_SE_RJ_A611_VALENCA_01-01-2017_A_31-12-2017.CSV","D:\Downloads\2017\2017","D:\Downloads\2017\2017\INMET_SE_RJ_A611_VALENCA_01-01-2017_A_31-12-2017.CSV",".CSV","816373","19/01/2026 09:27:56"
"INMET_SE_RJ_A618_TERESOPOLIS_01-01-2017_A_31-12-2017.CSV","D:\Downloads\2017\2017","D:\Downloads\2017\2017\INMET_SE_RJ_A618_TERESOPOLIS_01-01-2017_A_31-12-2017.CSV",".CSV","795699","19/01/2026 09:27:56"
"INMET_SE_RJ_A619_PARATI_01-01-2017_A_31-12-2017.CSV","D:\Downloads\2017\2017","D:\Downloads\2017\2017\INMET_SE_RJ_A619_PARATI_01-01-2017_A_31-12-2017.CSV",".CSV","837553","19/01/2026 09:27:56"
"INMET_SE_RJ_A620_SAO TOME_01-01-2017_A_31-12-2017.CSV","D:\Downloads\2017\2017","D:\Downloads\2017\2017\INMET_SE_RJ_A620_SAO TOME_01-01-2017_A_31-12-2017.CSV",".CSV","838681","19/01/2026 09:27:56"
"INMET_SE_RJ_A621_VILA MILITAR_01-01-2017_A_31-12-2017.CSV","D:\Downloads\2017\2017","D:\Downloads\2017\2017\INMET_SE_RJ_A621_VILA MILITAR_01-01-2017_A_31-12-2017.CSV",".CSV","839774","19/01/2026 09:27:56"
"INMET_SE_RJ_A624_NOVA FRIBURGO_01-01-2017_A_31-12-2017.CSV","D:\Downloads\2017\2017","D:\Downloads\2017\2017\INMET_SE_RJ_A624_NOVA FRIBURGO_01-01-2017_A_31-12-2017.CSV",".CSV","820132","19/01/2026 09:27:56"
"INMET_SE_RJ_A625_TRES RIOS_01-01-2017_A_31-12-2017.CSV","D:\Downloads\2017\2017","D:\Downloads\2017\2017\INMET_SE_RJ_A625_TRES RIOS_01-01-2017_A_31-12-2017.CSV",".CSV","804440","19/01/2026 09:27:56"
"INMET_SE_RJ_A626_RIO CLARO_01-01-2017_A_31-12-2017.CSV","D:\Downloads\2017\2017","D:\Downloads\2017\2017\INMET_SE_RJ_A626_RIO CLARO_01-01-2017_A_31-12-2017.CSV",".CSV","833028","19/01/2026 09:27:56"
"INMET_SE_RJ_A628_ANGRA DOS REIS_25-08-2017_A_31-12-2017.CSV","D:\Downloads\2017\2017","D:\Downloads\2017\2017\INMET_SE_RJ_A628_ANGRA DOS REIS_25-08-2017_A_31-12-2017.CSV",".CSV","299158","19/01/2026 09:27:56"
"INMET_SE_RJ_A635_ITATIAIA_01-09-2017_A_31-12-2017.CSV","D:\Downloads\2017\2017","D:\Downloads\2017\2017\INMET_SE_RJ_A635_ITATIAIA_01-09-2017_A_31-12-2017.CSV",".CSV","272331","19/01/2026 09:27:56"
"INMET_SE_RJ_A636_RIO DE JANEIRO - JACAREPAGUA_10-08-2017_A_31-12-2017.CSV","D:\Downloads\2017\2017","D:\Downloads\2017\2017\INMET_SE_RJ_A636_RIO DE JANEIRO - JACAREPAGUA_10-08-2017_A_31-12-2017.CSV",".CSV","323400","19/01/2026 09:27:56"
"INMET_SE_RJ_A652_FORTE DE COPACABANA_01-01-2017_A_31-12-2017.CSV","D:\Downloads\2017\2017","D:\Downloads\2017\2017\INMET_SE_RJ_A652_FORTE DE COPACABANA_01-01-2017_A_31-12-2017.CSV",".CSV","836933","19/01/2026 09:27:56"
"INMET_SE_RJ_A659_SILVA JARDIM_01-01-2017_A_31-12-2017.CSV","D:\Downloads\2017\2017","D:\Downloads\2017\2017\INMET_SE_RJ_A659_SILVA JARDIM_01-01-2017_A_31-12-2017.CSV",".CSV","843692","19/01/2026 09:27:56"
"INMET_SE_RJ_A667_SAQUAREMA_01-01-2017_A_31-12-2017.CSV","D:\Downloads\2017\2017","D:\Downloads\2017\2017\INMET_SE_RJ_A667_SAQUAREMA_01-01-2017_A_31-12-2017.CSV",".CSV","852287","19/01/2026 09:27:56"
"INMET_SE_SP_A701_SAO PAULO - MIRANTE_01-01-2017_A_31-12-2017.CSV","D:\Downloads\2017\2017","D:\Downloads\2017\2017\INMET_SE_SP_A701_SAO PAULO - MIRANTE_01-01-2017_A_31-12-2017.CSV",".CSV","808768","19/01/2026 09:27:56"
"INMET_SE_SP_A705_BAURU_01-01-2017_A_31-12-2017.CSV","D:\Downloads\2017\2017","D:\Downloads\2017\2017\INMET_SE_SP_A705_BAURU_01-01-2017_A_31-12-2017.CSV",".CSV","807884","19/01/2026 09:27:56"
"INMET_SE_SP_A706_CAMPOS DO JORDAO_01-01-2017_A_31-12-2017.CSV","D:\Downloads\2017\2017","D:\Downloads\2017\2017\INMET_SE_SP_A706_CAMPOS DO JORDAO_01-01-2017_A_31-12-2017.CSV",".CSV","837300","19/01/2026 09:27:56"
"INMET_SE_SP_A707_PRESIDENTE PRUDENTE_01-01-2017_A_31-12-2017.CSV","D:\Downloads\2017\2017","D:\Downloads\2017\2017\INMET_SE_SP_A707_PRESIDENTE PRUDENTE_01-01-2017_A_31-12-2017.CSV",".CSV","803909","19/01/2026 09:27:56"
"INMET_SE_SP_A708_FRANCA_01-01-2017_A_31-12-2017.CSV","D:\Downloads\2017\2017","D:\Downloads\2017\2017\INMET_SE_SP_A708_FRANCA_01-01-2017_A_31-12-2017.CSV",".CSV","816040","19/01/2026 09:27:56"
"INMET_SE_SP_A711_SAO CARLOS_01-01-2017_A_31-12-2017.CSV","D:\Downloads\2017\2017","D:\Downloads\2017\2017\INMET_SE_SP_A711_SAO CARLOS_01-01-2017_A_31-12-2017.CSV",".CSV","804362","19/01/2026 09:27:56"
"INMET_SE_SP_A712_IGUAPE_01-01-2017_A_31-12-2017.CSV","D:\Downloads\2017\2017","D:\Downloads\2017\2017\INMET_SE_SP_A712_IGUAPE_01-01-2017_A_31-12-2017.CSV",".CSV","867757","19/01/2026 09:27:56"
"INMET_SE_SP_A713_SOROCABA_01-01-2017_A_31-12-2017.CSV","D:\Downloads\2017\2017","D:\Downloads\2017\2017\INMET_SE_SP_A713_SOROCABA_01-01-2017_A_31-12-2017.CSV",".CSV","806080","19/01/2026 09:27:56"
"INMET_SE_SP_A714_ITAPEVA_01-01-2017_A_31-12-2017.CSV","D:\Downloads\2017\2017","D:\Downloads\2017\2017\INMET_SE_SP_A714_ITAPEVA_01-01-2017_A_31-12-2017.CSV",".CSV","803055","19/01/2026 09:27:56"
"INMET_SE_SP_A715_SAO MIGUEL ARCANJO_01-01-2017_A_31-12-2017.CSV","D:\Downloads\2017\2017","D:\Downloads\2017\2017\INMET_SE_SP_A715_SAO MIGUEL ARCANJO_01-01-2017_A_31-12-2017.CSV",".CSV","855352","19/01/2026 09:27:56"
"INMET_SE_SP_A716_OURINHOS_01-01-2017_A_31-12-2017.CSV","D:\Downloads\2017\2017","D:\Downloads\2017\2017\INMET_SE_SP_A716_OURINHOS_01-01-2017_A_31-12-2017.CSV",".CSV","855861","19/01/2026 09:27:56"
"INMET_SE_SP_A718_RANCHARIA_01-01-2017_A_31-12-2017.CSV","D:\Downloads\2017\2017","D:\Downloads\2017\2017\INMET_SE_SP_A718_RANCHARIA_01-01-2017_A_31-12-2017.CSV",".CSV","859250","19/01/2026 09:27:56"
"INMET_SE_SP_A725_AVARE_01-01-2017_A_31-12-2017.CSV","D:\Downloads\2017\2017","D:\Downloads\2017\2017\INMET_SE_SP_A725_AVARE_01-01-2017_A_31-12-2017.CSV",".CSV","800360","19/01/2026 09:27:56"
"INMET_SE_SP_A726_PIRACICABA_01-01-2017_A_31-12-2017.CSV","D:\Downloads\2017\2017","D:\Downloads\2017\2017\INMET_SE_SP_A726_PIRACICABA_01-01-2017_A_31-12-2017.CSV",".CSV","833278","19/01/2026 09:27:56"
"INMET_SE_SP_A727_LINS_01-01-2017_A_31-12-2017.CSV","D:\Downloads\2017\2017","D:\Downloads\2017\2017\INMET_SE_SP_A727_LINS_01-01-2017_A_31-12-2017.CSV",".CSV","806205","19/01/2026 09:27:56"
"INMET_SE_SP_A728_TAUBATE_01-01-2017_A_31-12-2017.CSV","D:\Downloads\2017\2017","D:\Downloads\2017\2017\INMET_SE_SP_A728_TAUBATE_01-01-2017_A_31-12-2017.CSV",".CSV","840299","19/01/2026 09:27:56"
"INMET_SE_SP_A729_VOTUPORANGA_01-01-2017_A_31-12-2017.CSV","D:\Downloads\2017\2017","D:\Downloads\2017\2017\INMET_SE_SP_A729_VOTUPORANGA_01-01-2017_A_31-12-2017.CSV",".CSV","832080","19/01/2026 09:27:56"
"INMET_SE_SP_A733_JALES_01-01-2017_A_31-12-2017.CSV","D:\Downloads\2017\2017","D:\Downloads\2017\2017\INMET_SE_SP_A733_JALES_01-01-2017_A_31-12-2017.CSV",".CSV","802510","19/01/2026 09:27:56"
"INMET_SE_SP_A734_VALPARAISO_01-01-2017_A_31-12-2017.CSV","D:\Downloads\2017\2017","D:\Downloads\2017\2017\INMET_SE_SP_A734_VALPARAISO_01-01-2017_A_31-12-2017.CSV",".CSV","818671","19/01/2026 09:27:56"
"INMET_SE_SP_A735_JOSE BONIFACIO_01-01-2017_A_31-12-2017.CSV","D:\Downloads\2017\2017","D:\Downloads\2017\2017\INMET_SE_SP_A735_JOSE BONIFACIO_01-01-2017_A_31-12-2017.CSV",".CSV","836741","19/01/2026 09:27:56"
"INMET_SE_SP_A736_ARIRANHA_01-01-2017_A_31-12-2017.CSV","D:\Downloads\2017\2017","D:\Downloads\2017\2017\INMET_SE_SP_A736_ARIRANHA_01-01-2017_A_31-12-2017.CSV",".CSV","848807","19/01/2026 09:27:56"
"INMET_SE_SP_A737_IBITINGA_01-01-2017_A_31-12-2017.CSV","D:\Downloads\2017\2017","D:\Downloads\2017\2017\INMET_SE_SP_A737_IBITINGA_01-01-2017_A_31-12-2017.CSV",".CSV","850512","19/01/2026 09:27:56"
"INMET_SE_SP_A738_CASA BRANCA_01-01-2017_A_31-12-2017.CSV","D:\Downloads\2017\2017","D:\Downloads\2017\2017\INMET_SE_SP_A738_CASA BRANCA_01-01-2017_A_31-12-2017.CSV",".CSV","819734","19/01/2026 09:27:56"
"INMET_SE_SP_A739_ITAPIRA_01-01-2017_A_31-12-2017.CSV","D:\Downloads\2017\2017","D:\Downloads\2017\2017\INMET_SE_SP_A739_ITAPIRA_01-01-2017_A_31-12-2017.CSV",".CSV","798535","19/01/2026 09:27:56"
"INMET_SE_SP_A740_SAO LUIS DO PARAITINGA_01-01-2017_A_31-12-2017.CSV","D:\Downloads\2017\2017","D:\Downloads\2017\2017\INMET_SE_SP_A740_SAO LUIS DO PARAITINGA_01-01-2017_A_31-12-2017.CSV",".CSV","805820","19/01/2026 09:27:56"
"INMET_SE_SP_A741_BARRA BONITA_01-01-2017_A_31-12-2017.CSV","D:\Downloads\2017\2017","D:\Downloads\2017\2017\INMET_SE_SP_A741_BARRA BONITA_01-01-2017_A_31-12-2017.CSV",".CSV","797446","19/01/2026 09:27:56"
"INMET_SE_SP_A744_BRAGANCA PAULISTA_20-12-2017_A_31-12-2017.CSV","D:\Downloads\2017\2017","D:\Downloads\2017\2017\INMET_SE_SP_A744_BRAGANCA PAULISTA_20-12-2017_A_31-12-2017.CSV",".CSV","27624","19/01/2026 09:27:56"
"INMET_SE_SP_A746_BARRA DO TURVO_01-01-2017_A_31-12-2017.CSV","D:\Downloads\2017\2017","D:\Downloads\2017\2017\INMET_SE_SP_A746_BARRA DO TURVO_01-01-2017_A_31-12-2017.CSV",".CSV","797677","19/01/2026 09:27:56"
"INMET_SE_SP_A747_PRADOPOLIS_01-01-2017_A_31-12-2017.CSV","D:\Downloads\2017\2017","D:\Downloads\2017\2017\INMET_SE_SP_A747_PRADOPOLIS_01-01-2017_A_31-12-2017.CSV",".CSV","807794","19/01/2026 09:27:56"
"INMET_SE_SP_A748_BARRETOS_01-01-2017_A_31-12-2017.CSV","D:\Downloads\2017\2017","D:\Downloads\2017\2017\INMET_SE_SP_A748_BARRETOS_01-01-2017_A_31-12-2017.CSV",".CSV","802427","19/01/2026 09:27:56"
"INMET_SE_SP_A753_ITUVERAVA_01-01-2017_A_31-12-2017.CSV","D:\Downloads\2017\2017","D:\Downloads\2017\2017\INMET_SE_SP_A753_ITUVERAVA_01-01-2017_A_31-12-2017.CSV",".CSV","816145","19/01/2026 09:27:56"
"INMET_SE_SP_A755_BARUERI_01-01-2017_A_31-12-2017.CSV","D:\Downloads\2017\2017","D:\Downloads\2017\2017\INMET_SE_SP_A755_BARUERI_01-01-2017_A_31-12-2017.CSV",".CSV","868127","19/01/2026 09:27:56"
"INMET_SE_SP_A762_DRACENA_01-01-2017_A_31-12-2017.CSV","D:\Downloads\2017\2017","D:\Downloads\2017\2017\INMET_SE_SP_A762_DRACENA_01-01-2017_A_31-12-2017.CSV",".CSV","821316","19/01/2026 09:27:56"
"INMET_SE_SP_A763_MARILIA_15-05-2017_A_31-12-2017.CSV","D:\Downloads\2017\2017","D:\Downloads\2017\2017\INMET_SE_SP_A763_MARILIA_15-05-2017_A_31-12-2017.CSV",".CSV","513399","19/01/2026 09:27:56"
"INMET_SE_SP_A764_BEBDOURO_01-01-2017_A_31-12-2017.CSV","D:\Downloads\2017\2017","D:\Downloads\2017\2017\INMET_SE_SP_A764_BEBDOURO_01-01-2017_A_31-12-2017.CSV",".CSV","807053","19/01/2026 09:27:56"
"INMET_SE_SP_A765_BERTIOGA_01-02-2017_A_31-12-2017.CSV","D:\Downloads\2017\2017","D:\Downloads\2017\2017\INMET_SE_SP_A765_BERTIOGA_01-02-2017_A_31-12-2017.CSV",".CSV","772572","19/01/2026 09:27:56"
"INMET_SE_SP_A766_REGISTRO_09-02-2017_A_31-12-2017.CSV","D:\Downloads\2017\2017","D:\Downloads\2017\2017\INMET_SE_SP_A766_REGISTRO_09-02-2017_A_31-12-2017.CSV",".CSV","756300","19/01/2026 09:27:56"
"INMET_SE_SP_A767_SAO SEBASTIAO_25-10-2017_A_31-12-2017.CSV","D:\Downloads\2017\2017","D:\Downloads\2017\2017\INMET_SE_SP_A767_SAO SEBASTIAO_25-10-2017_A_31-12-2017.CSV",".CSV","169808","19/01/2026 09:27:56"
"INMET_SE_SP_A768_TUPA_12-05-2017_A_31-12-2017.CSV","D:\Downloads\2017\2017","D:\Downloads\2017\2017\INMET_SE_SP_A768_TUPA_12-05-2017_A_31-12-2017.CSV",".CSV","524611","19/01/2026 09:27:56"
"INMET_SE_SP_A769_CACHOEIRA PAULISTA_20-10-2017_A_31-12-2017.CSV","D:\Downloads\2017\2017","D:\Downloads\2017\2017\INMET_SE_SP_A769_CACHOEIRA PAULISTA_20-10-2017_A_31-12-2017.CSV",".CSV","162997","19/01/2026 09:27:56"
"21- Sintese de Execuo do Projeto Saber Viver - 07-22 .pdf","D:\Downloads","D:\Downloads\21- Sintese de Execuo do Projeto Saber Viver - 07-22 .pdf",".pdf","269433","17/02/2026 23:58:58"
"28- Sintese de Execuo do Projeto Saber Viver - 02-23 1.pdf","D:\Downloads","D:\Downloads\28- Sintese de Execuo do Projeto Saber Viver - 02-23 1.pdf",".pdf","278234","18/02/2026 00:00:02"
"30- Sintese de Execuo do Projeto Saber Viver - 04-23 1.pdf","D:\Downloads","D:\Downloads\30- Sintese de Execuo do Projeto Saber Viver - 04-23 1.pdf",".pdf","278278","18/02/2026 00:00:24"
"Aprovado Produto B Alta Floresta FUNASA.pdf","D:\Downloads","D:\Downloads\Aprovado Produto B Alta Floresta FUNASA.pdf",".pdf","627099","26/03/2026 10:09:09"
"Capitulo_6_mapbiomas_c9_ro_2016 (1).tif","D:\Downloads","D:\Downloads\Capitulo_6_mapbiomas_c9_ro_2016 (1).tif",".tif","12562724","24/01/2026 15:24:01"
"Capitulo_6_mapbiomas_c9_ro_2016.tif","D:\Downloads","D:\Downloads\Capitulo_6_mapbiomas_c9_ro_2016.tif",".tif","12562724","24/01/2026 14:49:03"
"Catalisa_Template_Mapeamento_de_hipoteses.docx","D:\Downloads","D:\Downloads\Catalisa_Template_Mapeamento_de_hipoteses.docx",".docx","458313","20/01/2026 12:54:26"
"CHECKLIST_CAFA6_MODELO_TESE (1).docx","D:\Downloads","D:\Downloads\CHECKLIST_CAFA6_MODELO_TESE (1).docx",".docx","37459","31/01/2026 06:49:18"
"CHECKLIST_CAFA6_MODELO_TESE.docx","D:\Downloads","D:\Downloads\CHECKLIST_CAFA6_MODELO_TESE.docx",".docx","37459","31/01/2026 06:45:51"
"Codigos-da-legenda-colecao-10 (1).zip","D:\Downloads","D:\Downloads\Codigos-da-legenda-colecao-10 (1).zip",".zip","1235","26/01/2026 15:54:16"
"Codigos-da-legenda-colecao-10.zip","D:\Downloads","D:\Downloads\Codigos-da-legenda-colecao-10.zip",".zip","1235","19/01/2026 10:16:26"
"dataset-metadata.json","D:\Downloads","D:\Downloads\dataset-metadata.json",".json","116","01/04/2026 10:06:50"
"EO1H2310672016078110P0_1R.ZIP","D:\Downloads","D:\Downloads\EO1H2310672016078110P0_1R.ZIP",".ZIP","299117332","24/01/2026 13:12:02"
"EO1H2310672016233110K1.zip","D:\Downloads","D:\Downloads\EO1H2310672016233110K1.zip",".zip","103086","24/01/2026 13:06:41"
"EO1H2310672016233110K1_1R.ZIP","D:\Downloads","D:\Downloads\EO1H2310672016233110K1_1R.ZIP",".ZIP","271000229","24/01/2026 13:02:04"
"EO1H2310672016233110K1_1T.ZIP","D:\Downloads","D:\Downloads\EO1H2310672016233110K1_1T.ZIP",".ZIP","293975168","24/01/2026 13:08:35"
"EO1H2310672016263110K1.zip","D:\Downloads","D:\Downloads\EO1H2310672016263110K1.zip",".zip","150263","24/01/2026 12:56:16"
"EO1H2310672016263110K1_1R.ZIP","D:\Downloads","D:\Downloads\EO1H2310672016263110K1_1R.ZIP",".ZIP","287669251","24/01/2026 12:59:08"
"EO1H2310672016263110K1_1T.ZIP","D:\Downloads","D:\Downloads\EO1H2310672016263110K1_1T.ZIP",".ZIP","298854780","24/01/2026 12:56:22"
"EO1H2310672016266110P0.zip","D:\Downloads","D:\Downloads\EO1H2310672016266110P0.zip",".zip","121541","24/01/2026 12:47:41"
"EO1H2310672016266110P0_1R.ZIP","D:\Downloads","D:\Downloads\EO1H2310672016266110P0_1R.ZIP",".ZIP","294903115","24/01/2026 12:46:25"
"EO1H2310672016266110P0_1T.ZIP","D:\Downloads","D:\Downloads\EO1H2310672016266110P0_1T.ZIP",".ZIP","298720819","24/01/2026 12:53:34"
"EO1H2320662017061110K2.zip","D:\Downloads","D:\Downloads\EO1H2320662017061110K2.zip",".zip","141846","19/01/2026 09:03:04"
"EO1H2320662017061110K2_1T.ZIP","D:\Downloads","D:\Downloads\EO1H2320662017061110K2_1T.ZIP",".ZIP","238298837","23/01/2026 17:23:29"
"ERA5LAND_FORCING_SOJA_20151001_20151230_CENTROID_MAIOR_TALHAO.csv","D:\Downloads","D:\Downloads\ERA5LAND_FORCING_SOJA_20151001_20151230_CENTROID_MAIOR_TALHAO.csv",".csv","583819","27/01/2026 08:33:51"
"ERA5LAND_SSRD_SOJA_20151001_20151230_CENTROID_MAIOR_TALHAO_v01.csv","D:\Downloads","D:\Downloads\ERA5LAND_SSRD_SOJA_20151001_20151230_CENTROID_MAIOR_TALHAO_v01.csv",".csv","272300","29/01/2026 11:00:11"
"mapbiomas_10m_collection2_integration_v1-classification_2023.tif","D:\Downloads","D:\Downloads\mapbiomas_10m_collection2_integration_v1-classification_2023.tif",".tif","5499290793","19/01/2026 11:35:26"
"mapbiomas_fire_col4_br_accumulated_burned_coverage_1985_2024.tif","D:\Downloads","D:\Downloads\mapbiomas_fire_col4_br_accumulated_burned_coverage_1985_2024.tif",".tif","430845065","19/01/2026 10:14:40"
"mapbiomas_fire_col4_br_annual_burned_2024.tif","D:\Downloads","D:\Downloads\mapbiomas_fire_col4_br_annual_burned_2024.tif",".tif","69301248","19/01/2026 10:13:37"
"MapBiomas_Soja_2015-0000000000-0000000000.tif","D:\Downloads","D:\Downloads\MapBiomas_Soja_2015-0000000000-0000000000.tif",".tif","28921921","26/01/2026 15:58:37"
"MapBiomas_Soja_2015-0000000000-0000065536.tif","D:\Downloads","D:\Downloads\MapBiomas_Soja_2015-0000000000-0000065536.tif",".tif","33206677","26/01/2026 15:58:36"
"MapBiomas_Soja_2015-0000000000-0000131072.tif","D:\Downloads","D:\Downloads\MapBiomas_Soja_2015-0000000000-0000131072.tif",".tif","10269348","26/01/2026 15:58:38"
"MapBiomas_Soja_2015-0000065536-0000000000.tif","D:\Downloads","D:\Downloads\MapBiomas_Soja_2015-0000065536-0000000000.tif",".tif","30268589","26/01/2026 15:58:30"
"MapBiomas_Soja_2015-0000065536-0000065536.tif","D:\Downloads","D:\Downloads\MapBiomas_Soja_2015-0000065536-0000065536.tif",".tif","59276204","26/01/2026 15:58:32"
"MapBiomas_Soja_2015-0000065536-0000131072.tif","D:\Downloads","D:\Downloads\MapBiomas_Soja_2015-0000065536-0000131072.tif",".tif","10269348","26/01/2026 15:58:38"
"MapBiomas_Soja_2015-0000131072-0000000000.tif","D:\Downloads","D:\Downloads\MapBiomas_Soja_2015-0000131072-0000000000.tif",".tif","6813781","26/01/2026 15:58:42"
"MapBiomas_Soja_2015-0000131072-0000065536.tif","D:\Downloads","D:\Downloads\MapBiomas_Soja_2015-0000131072-0000065536.tif",".tif","9359069","26/01/2026 15:58:41"
"MapBiomas_Soja_2015-0000131072-0000131072.tif","D:\Downloads","D:\Downloads\MapBiomas_Soja_2015-0000131072-0000131072.tif",".tif","2447508","26/01/2026 15:58:45"
"MB_C9_Soja_2015_AOI_EO1H2240692015363110PF.tif","D:\Downloads","D:\Downloads\MB_C9_Soja_2015_AOI_EO1H2240692015363110PF.tif",".tif","99045","26/01/2026 16:17:04"
"kernel-metadata.json","D:\Downloads\results\_repo\_kaggle_kernel","D:\Downloads\results\_repo\_kaggle_kernel\kernel-metadata.json",".json","465","01/04/2026 10:04:54"
"dataset-metadata.json","D:\Downloads\results\_repo","D:\Downloads\results\_repo\dataset-metadata.json",".json","116","01/04/2026 10:04:53"
"SOIL_TEXTURE_OPENLANDMAP_POINT_ISBA_v01.csv","D:\Downloads","D:\Downloads\SOIL_TEXTURE_OPENLANDMAP_POINT_ISBA_v01.csv",".csv","339","27/01/2026 08:42:15"
"SOILGRIDS_ISBA_SOILSTATE_POINT_v02.csv","D:\Downloads","D:\Downloads\SOILGRIDS_ISBA_SOILSTATE_POINT_v02.csv",".csv","377","27/01/2026 09:22:06"
"tese (1).pdf","D:\Downloads","D:\Downloads\tese (1).pdf",".pdf","571518","04/02/2026 10:35:53"
"tese (2).pdf","D:\Downloads","D:\Downloads\tese (2).pdf",".pdf","572187","04/02/2026 11:06:28"
"tese.pdf","D:\Downloads","D:\Downloads\tese.pdf",".pdf","539307","04/02/2026 09:00:45"
"TESE_MACIEL_2026.zip","D:\Downloads","D:\Downloads\TESE_MACIEL_2026.zip",".zip","8919438","27/03/2026 13:58:49"
"manuscript_extracted.txt","D:\Downloads\TESE_MACIEL_2026","D:\Downloads\TESE_MACIEL_2026\manuscript_extracted.txt",".txt","2720","27/03/2026 13:58:58"
"review-2026-03-27-114945.pdf","D:\Downloads\TESE_MACIEL_2026\paper-reviews","D:\Downloads\TESE_MACIEL_2026\paper-reviews\review-2026-03-27-114945.pdf",".pdf","286802","27/03/2026 13:58:58"
"review-2026-03-27-114945.tex","D:\Downloads\TESE_MACIEL_2026\paper-reviews","D:\Downloads\TESE_MACIEL_2026\paper-reviews\review-2026-03-27-114945.tex",".tex","17999","27/03/2026 13:58:58"
"V.17_Projeto de Tese de Doutorado_David Lopes Maciel_20-03-2026.pdf","D:\Downloads\TESE_MACIEL_2026\TESE_2026","D:\Downloads\TESE_MACIEL_2026\TESE_2026\V.17_Projeto de Tese de Doutorado_David Lopes Maciel_20-03-2026.pdf",".pdf","2523738","27/03/2026 13:58:57"
"checklist_ajustes_final.md","D:\Downloads\TESE_MACIEL_2026\uploads","D:\Downloads\TESE_MACIEL_2026\uploads\checklist_ajustes_final.md",".md","3161","27/03/2026 13:58:58"
"docx_extracted_full.txt","D:\Downloads\TESE_MACIEL_2026\uploads","D:\Downloads\TESE_MACIEL_2026\uploads\docx_extracted_full.txt",".txt","0","27/03/2026 13:58:58"
"V.17_Projeto de Tese de Doutorado_David Lopes Maciel_20-03-2026.docx","D:\Downloads\TESE_MACIEL_2026\uploads","D:\Downloads\TESE_MACIEL_2026\uploads\V.17_Projeto de Tese de Doutorado_David Lopes Maciel_20-03-2026.docx",".docx","1704470","27/03/2026 13:58:58"
"V.20_Projeto_de_Tese_de_Doutorado_David_Lopes_Maciel_30-03-2026-CopySpider_02-04-2026.pdf","D:\Downloads","D:\Downloads\V.20_Projeto_de_Tese_de_Doutorado_David_Lopes_Maciel_30-03-2026-CopySpider_02-04-2026.pdf",".pdf","22154335","02/04/2026 16:52:13"
"MOD17_GPP_REFERENCIA_CENA_20151229_20260402_021219.csv","D:\TESE_Prof. Maciel_até 19-01-2026\dados_validacao_externa\01_MOD17A2HGF_061","D:\TESE_Prof. Maciel_até 19-01-2026\dados_validacao_externa\01_MOD17A2HGF_061\MOD17_GPP_REFERENCIA_CENA_20151229_20260402_021219.csv",".csv","460","02/04/2026 02:12:19"
"MOD17_GPP_RESUMO_20260402_021032.csv","D:\TESE_Prof. Maciel_até 19-01-2026\dados_validacao_externa\01_MOD17A2HGF_061","D:\TESE_Prof. Maciel_até 19-01-2026\dados_validacao_externa\01_MOD17A2HGF_061\MOD17_GPP_RESUMO_20260402_021032.csv",".csv","858","02/04/2026 02:10:32"
"MOD17-GPP-POINT-HYPERION-CENTROID-2015-MOD17A2HGF-061-results.csv","D:\TESE_Prof. Maciel_até 19-01-2026\dados_validacao_externa\01_MOD17A2HGF_061","D:\TESE_Prof. Maciel_até 19-01-2026\dados_validacao_externa\01_MOD17A2HGF_061\MOD17-GPP-POINT-HYPERION-CENTROID-2015-MOD17A2HGF-061-results.csv",".csv","1534","02/04/2026 02:08:40"
"FLX_AA-Flx_BIF_DD_20200501.xlsx","D:\TESE_Prof. Maciel_até 19-01-2026\dados_validacao_externa\02_FLUXNET2015_SUBSET\BIF_ALL","D:\TESE_Prof. Maciel_até 19-01-2026\dados_validacao_externa\02_FLUXNET2015_SUBSET\BIF_ALL\FLX_AA-Flx_BIF_DD_20200501.xlsx",".xlsx","12687140","06/05/2020 17:45:26"
"FLX_AA-Flx_BIF_HH_20200501.xlsx","D:\TESE_Prof. Maciel_até 19-01-2026\dados_validacao_externa\02_FLUXNET2015_SUBSET\BIF_ALL","D:\TESE_Prof. Maciel_até 19-01-2026\dados_validacao_externa\02_FLUXNET2015_SUBSET\BIF_ALL\FLX_AA-Flx_BIF_HH_20200501.xlsx",".xlsx","8954748","06/05/2020 17:45:26"
"FLX_AA-Flx_BIF_MM_20200501.xlsx","D:\TESE_Prof. Maciel_até 19-01-2026\dados_validacao_externa\02_FLUXNET2015_SUBSET\BIF_ALL","D:\TESE_Prof. Maciel_até 19-01-2026\dados_validacao_externa\02_FLUXNET2015_SUBSET\BIF_ALL\FLX_AA-Flx_BIF_MM_20200501.xlsx",".xlsx","12414906","06/05/2020 17:45:28"
"FLX_AA-Flx_BIF_WW_20200501.xlsx","D:\TESE_Prof. Maciel_até 19-01-2026\dados_validacao_externa\02_FLUXNET2015_SUBSET\BIF_ALL","D:\TESE_Prof. Maciel_até 19-01-2026\dados_validacao_externa\02_FLUXNET2015_SUBSET\BIF_ALL\FLX_AA-Flx_BIF_WW_20200501.xlsx",".xlsx","12416597","06/05/2020 17:45:28"
"FLX_AA-Flx_BIF_YY_20200501.xlsx","D:\TESE_Prof. Maciel_até 19-01-2026\dados_validacao_externa\02_FLUXNET2015_SUBSET\BIF_ALL","D:\TESE_Prof. Maciel_até 19-01-2026\dados_validacao_externa\02_FLUXNET2015_SUBSET\BIF_ALL\FLX_AA-Flx_BIF_YY_20200501.xlsx",".xlsx","11471816","06/05/2020 17:45:28"
"FLX_AA-Flx_BIF_ALL_20200501.zip","D:\TESE_Prof. Maciel_até 19-01-2026\dados_validacao_externa\02_FLUXNET2015_SUBSET","D:\TESE_Prof. Maciel_até 19-01-2026\dados_validacao_externa\02_FLUXNET2015_SUBSET\FLX_AA-Flx_BIF_ALL_20200501.zip",".zip","30389420","02/04/2026 01:24:11"
"FLX_US-Ne2_FLUXNET2015_SUBSET_2001-2013_1-4.zip","D:\TESE_Prof. Maciel_até 19-01-2026\dados_validacao_externa\02_FLUXNET2015_SUBSET","D:\TESE_Prof. Maciel_até 19-01-2026\dados_validacao_externa\02_FLUXNET2015_SUBSET\FLX_US-Ne2_FLUXNET2015_SUBSET_2001-2013_1-4.zip",".zip","18476839","02/04/2026 01:24:11"
"FLX_US-Ne3_FLUXNET2015_SUBSET_2001-2013_1-4.zip","D:\TESE_Prof. Maciel_até 19-01-2026\dados_validacao_externa\02_FLUXNET2015_SUBSET","D:\TESE_Prof. Maciel_até 19-01-2026\dados_validacao_externa\02_FLUXNET2015_SUBSET\FLX_US-Ne3_FLUXNET2015_SUBSET_2001-2013_1-4.zip",".zip","18433275","02/04/2026 01:24:14"
"FLX_US-Ne2_FLUXNET2015_AUXMETEO_2001-2013_1-4.csv","D:\TESE_Prof. Maciel_até 19-01-2026\dados_validacao_externa\02_FLUXNET2015_SUBSET\US-Ne2_SUBSET","D:\TESE_Prof. Maciel_até 19-01-2026\dados_validacao_externa\02_FLUXNET2015_SUBSET\US-Ne2_SUBSET\FLX_US-Ne2_FLUXNET2015_AUXMETEO_2001-2013_1-4.csv",".csv","1006","28/01/2020 06:47:04"
"FLX_US-Ne2_FLUXNET2015_AUXNEE_2001-2013_1-4.csv","D:\TESE_Prof. Maciel_até 19-01-2026\dados_validacao_externa\02_FLUXNET2015_SUBSET\US-Ne2_SUBSET","D:\TESE_Prof. Maciel_até 19-01-2026\dados_validacao_externa\02_FLUXNET2015_SUBSET\US-Ne2_SUBSET\FLX_US-Ne2_FLUXNET2015_AUXNEE_2001-2013_1-4.csv",".csv","84731","28/01/2020 06:47:04"
"FLX_US-Ne2_FLUXNET2015_SUBSET_DD_2001-2013_1-4.csv","D:\TESE_Prof. Maciel_até 19-01-2026\dados_validacao_externa\02_FLUXNET2015_SUBSET\US-Ne2_SUBSET","D:\TESE_Prof. Maciel_até 19-01-2026\dados_validacao_externa\02_FLUXNET2015_SUBSET\US-Ne2_SUBSET\FLX_US-Ne2_FLUXNET2015_SUBSET_DD_2001-2013_1-4.csv",".csv","2622401","28/01/2020 06:48:40"
"FLX_US-Ne2_FLUXNET2015_SUBSET_HR_2001-2013_1-4.csv","D:\TESE_Prof. Maciel_até 19-01-2026\dados_validacao_externa\02_FLUXNET2015_SUBSET\US-Ne2_SUBSET","D:\TESE_Prof. Maciel_até 19-01-2026\dados_validacao_externa\02_FLUXNET2015_SUBSET\US-Ne2_SUBSET\FLX_US-Ne2_FLUXNET2015_SUBSET_HR_2001-2013_1-4.csv",".csv","48847582","28/01/2020 06:48:34"
"FLX_US-Ne2_FLUXNET2015_SUBSET_MM_2001-2013_1-4.csv","D:\TESE_Prof. Maciel_até 19-01-2026\dados_validacao_externa\02_FLUXNET2015_SUBSET\US-Ne2_SUBSET","D:\TESE_Prof. Maciel_até 19-01-2026\dados_validacao_externa\02_FLUXNET2015_SUBSET\US-Ne2_SUBSET\FLX_US-Ne2_FLUXNET2015_SUBSET_MM_2001-2013_1-4.csv",".csv","91442","28/01/2020 06:48:40"
"FLX_US-Ne2_FLUXNET2015_SUBSET_WW_2001-2013_1-4.csv","D:\TESE_Prof. Maciel_até 19-01-2026\dados_validacao_externa\02_FLUXNET2015_SUBSET\US-Ne2_SUBSET","D:\TESE_Prof. Maciel_até 19-01-2026\dados_validacao_externa\02_FLUXNET2015_SUBSET\US-Ne2_SUBSET\FLX_US-Ne2_FLUXNET2015_SUBSET_WW_2001-2013_1-4.csv",".csv","385701","28/01/2020 06:48:40"
"FLX_US-Ne2_FLUXNET2015_SUBSET_YY_2001-2013_1-4.csv","D:\TESE_Prof. Maciel_até 19-01-2026\dados_validacao_externa\02_FLUXNET2015_SUBSET\US-Ne2_SUBSET","D:\TESE_Prof. Maciel_até 19-01-2026\dados_validacao_externa\02_FLUXNET2015_SUBSET\US-Ne2_SUBSET\FLX_US-Ne2_FLUXNET2015_SUBSET_YY_2001-2013_1-4.csv",".csv","8651","28/01/2020 06:48:40"
"FLX_US-Ne3_FLUXNET2015_AUXMETEO_2001-2013_1-4.csv","D:\TESE_Prof. Maciel_até 19-01-2026\dados_validacao_externa\02_FLUXNET2015_SUBSET\US-Ne3_SUBSET","D:\TESE_Prof. Maciel_até 19-01-2026\dados_validacao_externa\02_FLUXNET2015_SUBSET\US-Ne3_SUBSET\FLX_US-Ne3_FLUXNET2015_AUXMETEO_2001-2013_1-4.csv",".csv","1006","28/01/2020 06:49:02"
"FLX_US-Ne3_FLUXNET2015_AUXNEE_2001-2013_1-4.csv","D:\TESE_Prof. Maciel_até 19-01-2026\dados_validacao_externa\02_FLUXNET2015_SUBSET\US-Ne3_SUBSET","D:\TESE_Prof. Maciel_até 19-01-2026\dados_validacao_externa\02_FLUXNET2015_SUBSET\US-Ne3_SUBSET\FLX_US-Ne3_FLUXNET2015_AUXNEE_2001-2013_1-4.csv",".csv","84851","28/01/2020 06:49:02"
"FLX_US-Ne3_FLUXNET2015_SUBSET_DD_2001-2013_1-4.csv","D:\TESE_Prof. Maciel_até 19-01-2026\dados_validacao_externa\02_FLUXNET2015_SUBSET\US-Ne3_SUBSET","D:\TESE_Prof. Maciel_até 19-01-2026\dados_validacao_externa\02_FLUXNET2015_SUBSET\US-Ne3_SUBSET\FLX_US-Ne3_FLUXNET2015_SUBSET_DD_2001-2013_1-4.csv",".csv","2639952","28/01/2020 06:50:38"
"FLX_US-Ne3_FLUXNET2015_SUBSET_HR_2001-2013_1-4.csv","D:\TESE_Prof. Maciel_até 19-01-2026\dados_validacao_externa\02_FLUXNET2015_SUBSET\US-Ne3_SUBSET","D:\TESE_Prof. Maciel_até 19-01-2026\dados_validacao_externa\02_FLUXNET2015_SUBSET\US-Ne3_SUBSET\FLX_US-Ne3_FLUXNET2015_SUBSET_HR_2001-2013_1-4.csv",".csv","48675985","28/01/2020 06:50:34"
"FLX_US-Ne3_FLUXNET2015_SUBSET_MM_2001-2013_1-4.csv","D:\TESE_Prof. Maciel_até 19-01-2026\dados_validacao_externa\02_FLUXNET2015_SUBSET\US-Ne3_SUBSET","D:\TESE_Prof. Maciel_até 19-01-2026\dados_validacao_externa\02_FLUXNET2015_SUBSET\US-Ne3_SUBSET\FLX_US-Ne3_FLUXNET2015_SUBSET_MM_2001-2013_1-4.csv",".csv","92717","28/01/2020 06:50:38"
"FLX_US-Ne3_FLUXNET2015_SUBSET_WW_2001-2013_1-4.csv","D:\TESE_Prof. Maciel_até 19-01-2026\dados_validacao_externa\02_FLUXNET2015_SUBSET\US-Ne3_SUBSET","D:\TESE_Prof. Maciel_até 19-01-2026\dados_validacao_externa\02_FLUXNET2015_SUBSET\US-Ne3_SUBSET\FLX_US-Ne3_FLUXNET2015_SUBSET_WW_2001-2013_1-4.csv",".csv","389237","28/01/2020 06:50:38"
"FLX_US-Ne3_FLUXNET2015_SUBSET_YY_2001-2013_1-4.csv","D:\TESE_Prof. Maciel_até 19-01-2026\dados_validacao_externa\02_FLUXNET2015_SUBSET\US-Ne3_SUBSET","D:\TESE_Prof. Maciel_até 19-01-2026\dados_validacao_externa\02_FLUXNET2015_SUBSET\US-Ne3_SUBSET\FLX_US-Ne3_FLUXNET2015_SUBSET_YY_2001-2013_1-4.csv",".csv","8766","28/01/2020 06:50:38"
"APPEEARS_BUNDLE_MOD17_20260402_020400.json","D:\TESE_Prof. Maciel_até 19-01-2026\dados_validacao_externa\03_DOCUMENTACAO","D:\TESE_Prof. Maciel_até 19-01-2026\dados_validacao_externa\03_DOCUMENTACAO\APPEEARS_BUNDLE_MOD17_20260402_020400.json",".json","2931","02/04/2026 02:04:00"
"APPEEARS_LOGIN_20260402_002822.json","D:\TESE_Prof. Maciel_até 19-01-2026\dados_validacao_externa\03_DOCUMENTACAO","D:\TESE_Prof. Maciel_até 19-01-2026\dados_validacao_externa\03_DOCUMENTACAO\APPEEARS_LOGIN_20260402_002822.json",".json","187","02/04/2026 00:28:24"
"APPEEARS_TASK_BODY_MOD17_POINT_20260402_004746.json","D:\TESE_Prof. Maciel_até 19-01-2026\dados_validacao_externa\03_DOCUMENTACAO","D:\TESE_Prof. Maciel_até 19-01-2026\dados_validacao_externa\03_DOCUMENTACAO\APPEEARS_TASK_BODY_MOD17_POINT_20260402_004746.json",".json","1343","02/04/2026 00:47:46"
"APPEEARS_TASK_RESP_MOD17_POINT_20260402_004746.json","D:\TESE_Prof. Maciel_até 19-01-2026\dados_validacao_externa\03_DOCUMENTACAO","D:\TESE_Prof. Maciel_até 19-01-2026\dados_validacao_externa\03_DOCUMENTACAO\APPEEARS_TASK_RESP_MOD17_POINT_20260402_004746.json",".json","92","02/04/2026 00:47:50"
"APPEEARS_TASK_STATUS_FINAL_MOD17_20260402_005553.json","D:\TESE_Prof. Maciel_até 19-01-2026\dados_validacao_externa\03_DOCUMENTACAO","D:\TESE_Prof. Maciel_até 19-01-2026\dados_validacao_externa\03_DOCUMENTACAO\APPEEARS_TASK_STATUS_FINAL_MOD17_20260402_005553.json",".json","1938","02/04/2026 01:05:57"
"APPEEARS_TASK_STATUS_MOD17_20260402_004906.json","D:\TESE_Prof. Maciel_até 19-01-2026\dados_validacao_externa\03_DOCUMENTACAO","D:\TESE_Prof. Maciel_até 19-01-2026\dados_validacao_externa\03_DOCUMENTACAO\APPEEARS_TASK_STATUS_MOD17_20260402_004906.json",".json","1938","02/04/2026 00:49:06"
"APPEEARS_TASK_STATUS_MOD17_20260402_005148.json","D:\TESE_Prof. Maciel_até 19-01-2026\dados_validacao_externa\03_DOCUMENTACAO","D:\TESE_Prof. Maciel_até 19-01-2026\dados_validacao_externa\03_DOCUMENTACAO\APPEEARS_TASK_STATUS_MOD17_20260402_005148.json",".json","1938","02/04/2026 00:51:49"
"APPEEARS_TASK_STATUS_MOD17_20260402_005451.json","D:\TESE_Prof. Maciel_até 19-01-2026\dados_validacao_externa\03_DOCUMENTACAO","D:\TESE_Prof. Maciel_até 19-01-2026\dados_validacao_externa\03_DOCUMENTACAO\APPEEARS_TASK_STATUS_MOD17_20260402_005451.json",".json","1938","02/04/2026 00:54:52"
"APPEEARS_TASK_STATUS_MOD17_20260402_020243.json","D:\TESE_Prof. Maciel_até 19-01-2026\dados_validacao_externa\03_DOCUMENTACAO","D:\TESE_Prof. Maciel_até 19-01-2026\dados_validacao_externa\03_DOCUMENTACAO\APPEEARS_TASK_STATUS_MOD17_20260402_020243.json",".json","2158","02/04/2026 02:02:44"
"FLUXNET2015_SUBSET_ACESSO_20260402_010117.txt","D:\TESE_Prof. Maciel_até 19-01-2026\dados_validacao_externa\03_DOCUMENTACAO","D:\TESE_Prof. Maciel_até 19-01-2026\dados_validacao_externa\03_DOCUMENTACAO\FLUXNET2015_SUBSET_ACESSO_20260402_010117.txt",".txt","332","02/04/2026 01:01:17"
"FLUXNET2015_SUBSET_ACESSO_20260402_010744.txt","D:\TESE_Prof. Maciel_até 19-01-2026\dados_validacao_externa\03_DOCUMENTACAO","D:\TESE_Prof. Maciel_até 19-01-2026\dados_validacao_externa\03_DOCUMENTACAO\FLUXNET2015_SUBSET_ACESSO_20260402_010744.txt",".txt","332","02/04/2026 01:07:44"
"MOD17A2HGF_061_METADATA_20260402_002937.json","D:\TESE_Prof. Maciel_até 19-01-2026\dados_validacao_externa\03_DOCUMENTACAO","D:\TESE_Prof. Maciel_até 19-01-2026\dados_validacao_externa\03_DOCUMENTACAO\MOD17A2HGF_061_METADATA_20260402_002937.json",".json","4911","02/04/2026 00:29:37"
"ETAPA_01_ESTRUTURA_TESE_20260402_002725.txt","D:\TESE_Prof. Maciel_até 19-01-2026\dados_validacao_externa\04_LOGS","D:\TESE_Prof. Maciel_até 19-01-2026\dados_validacao_externa\04_LOGS\ETAPA_01_ESTRUTURA_TESE_20260402_002725.txt",".txt","747","02/04/2026 00:27:25"
"ETAPA_02_APPEEARS_LOGIN_20260402_002822.txt","D:\TESE_Prof. Maciel_até 19-01-2026\dados_validacao_externa\04_LOGS","D:\TESE_Prof. Maciel_até 19-01-2026\dados_validacao_externa\04_LOGS\ETAPA_02_APPEEARS_LOGIN_20260402_002822.txt",".txt","308","02/04/2026 00:28:24"
"ETAPA_03_MOD17_METADATA_20260402_002937.txt","D:\TESE_Prof. Maciel_até 19-01-2026\dados_validacao_externa\04_LOGS","D:\TESE_Prof. Maciel_até 19-01-2026\dados_validacao_externa\04_LOGS\ETAPA_03_MOD17_METADATA_20260402_002937.txt",".txt","414","02/04/2026 00:29:37"
"ETAPA_04_QC_MOD17_METADATA_20260402_003136.txt","D:\TESE_Prof. Maciel_até 19-01-2026\dados_validacao_externa\04_LOGS","D:\TESE_Prof. Maciel_até 19-01-2026\dados_validacao_externa\04_LOGS\ETAPA_04_QC_MOD17_METADATA_20260402_003136.txt",".txt","283","02/04/2026 00:31:36"
"ETAPA_05_MOD17_CAMADAS_20260402_003223.txt","D:\TESE_Prof. Maciel_até 19-01-2026\dados_validacao_externa\04_LOGS","D:\TESE_Prof. Maciel_até 19-01-2026\dados_validacao_externa\04_LOGS\ETAPA_05_MOD17_CAMADAS_20260402_003223.txt",".txt","5178","02/04/2026 00:32:23"
"ETAPA_06_MOD17_CAMADAS_RESUMO_20260402_003312.txt","D:\TESE_Prof. Maciel_até 19-01-2026\dados_validacao_externa\04_LOGS","D:\TESE_Prof. Maciel_até 19-01-2026\dados_validacao_externa\04_LOGS\ETAPA_06_MOD17_CAMADAS_RESUMO_20260402_003312.txt",".txt","200","02/04/2026 00:33:12"
"ETAPA_07_MOD17_ESTRUTURA_JSON_20260402_003816.txt","D:\TESE_Prof. Maciel_até 19-01-2026\dados_validacao_externa\04_LOGS","D:\TESE_Prof. Maciel_até 19-01-2026\dados_validacao_externa\04_LOGS\ETAPA_07_MOD17_ESTRUTURA_JSON_20260402_003816.txt",".txt","1191","02/04/2026 00:38:16"
"ETAPA_08_QC_GPP_MOD17_20260402_004050.txt","D:\TESE_Prof. Maciel_até 19-01-2026\dados_validacao_externa\04_LOGS","D:\TESE_Prof. Maciel_até 19-01-2026\dados_validacao_externa\04_LOGS\ETAPA_08_QC_GPP_MOD17_20260402_004050.txt",".txt","547","02/04/2026 00:40:50"
"ETAPA_09_BUSCA_GEOMETRIAS_AOI_20260402_004215.txt","D:\TESE_Prof. Maciel_até 19-01-2026\dados_validacao_externa\04_LOGS","D:\TESE_Prof. Maciel_até 19-01-2026\dados_validacao_externa\04_LOGS\ETAPA_09_BUSCA_GEOMETRIAS_AOI_20260402_004215.txt",".txt","110","02/04/2026 00:42:15"
"ETAPA_10_BUSCA_COORDENADAS_20260402_004318.txt","D:\TESE_Prof. Maciel_até 19-01-2026\dados_validacao_externa\04_LOGS","D:\TESE_Prof. Maciel_até 19-01-2026\dados_validacao_externa\04_LOGS\ETAPA_10_BUSCA_COORDENADAS_20260402_004318.txt",".txt","110","02/04/2026 00:43:18"
"ETAPA_12_SUBMISSAO_TASK_MOD17_POINT_20260402_004746.txt","D:\TESE_Prof. Maciel_até 19-01-2026\dados_validacao_externa\04_LOGS","D:\TESE_Prof. Maciel_até 19-01-2026\dados_validacao_externa\04_LOGS\ETAPA_12_SUBMISSAO_TASK_MOD17_POINT_20260402_004746.txt",".txt","583","02/04/2026 00:47:50"
"ETAPA_13_TASK_ID_STATUS_MOD17_20260402_004826.txt","D:\TESE_Prof. Maciel_até 19-01-2026\dados_validacao_externa\04_LOGS","D:\TESE_Prof. Maciel_até 19-01-2026\dados_validacao_externa\04_LOGS\ETAPA_13_TASK_ID_STATUS_MOD17_20260402_004826.txt",".txt","221","02/04/2026 00:48:26"
"ETAPA_14_STATUS_TASK_MOD17_20260402_004906.txt","D:\TESE_Prof. Maciel_até 19-01-2026\dados_validacao_externa\04_LOGS","D:\TESE_Prof. Maciel_até 19-01-2026\dados_validacao_externa\04_LOGS\ETAPA_14_STATUS_TASK_MOD17_20260402_004906.txt",".txt","199","02/04/2026 00:49:06"
"ETAPA_15_STATUS_TASK_MOD17_20260402_005148.txt","D:\TESE_Prof. Maciel_até 19-01-2026\dados_validacao_externa\04_LOGS","D:\TESE_Prof. Maciel_até 19-01-2026\dados_validacao_externa\04_LOGS\ETAPA_15_STATUS_TASK_MOD17_20260402_005148.txt",".txt","199","02/04/2026 00:51:49"
"ETAPA_16_STATUS_TASK_MOD17_20260402_005451.txt","D:\TESE_Prof. Maciel_até 19-01-2026\dados_validacao_externa\04_LOGS","D:\TESE_Prof. Maciel_até 19-01-2026\dados_validacao_externa\04_LOGS\ETAPA_16_STATUS_TASK_MOD17_20260402_005451.txt",".txt","333","02/04/2026 00:54:52"
"ETAPA_17_MONITORAMENTO_TASK_MOD17_20260402_005553.txt","D:\TESE_Prof. Maciel_até 19-01-2026\dados_validacao_externa\04_LOGS","D:\TESE_Prof. Maciel_até 19-01-2026\dados_validacao_externa\04_LOGS\ETAPA_17_MONITORAMENTO_TASK_MOD17_20260402_005553.txt",".txt","890","02/04/2026 01:05:57"
"ETAPA_18_ABRIR_PORTAL_FLUXNET_20260402_010117.txt","D:\TESE_Prof. Maciel_até 19-01-2026\dados_validacao_externa\04_LOGS","D:\TESE_Prof. Maciel_até 19-01-2026\dados_validacao_externa\04_LOGS\ETAPA_18_ABRIR_PORTAL_FLUXNET_20260402_010117.txt",".txt","322","02/04/2026 01:01:17"
"ETAPA_18_ABRIR_PORTAL_FLUXNET_20260402_010744.txt","D:\TESE_Prof. Maciel_até 19-01-2026\dados_validacao_externa\04_LOGS","D:\TESE_Prof. Maciel_até 19-01-2026\dados_validacao_externa\04_LOGS\ETAPA_18_ABRIR_PORTAL_FLUXNET_20260402_010744.txt",".txt","322","02/04/2026 01:07:44"
"ETAPA_19_COPIA_FLUXNET_20260402_013140.txt","D:\TESE_Prof. Maciel_até 19-01-2026\dados_validacao_externa\04_LOGS","D:\TESE_Prof. Maciel_até 19-01-2026\dados_validacao_externa\04_LOGS\ETAPA_19_COPIA_FLUXNET_20260402_013140.txt",".txt","435","02/04/2026 01:31:41"
"ETAPA_20_LOCALIZAR_FLUXNET_20260402_013232.txt","D:\TESE_Prof. Maciel_até 19-01-2026\dados_validacao_externa\04_LOGS","D:\TESE_Prof. Maciel_até 19-01-2026\dados_validacao_externa\04_LOGS\ETAPA_20_LOCALIZAR_FLUXNET_20260402_013232.txt",".txt","76","02/04/2026 01:32:33"
"ETAPA_21_COPIA_FLUXNET_D_DOWNLOADS_20260402_013444.txt","D:\TESE_Prof. Maciel_até 19-01-2026\dados_validacao_externa\04_LOGS","D:\TESE_Prof. Maciel_até 19-01-2026\dados_validacao_externa\04_LOGS\ETAPA_21_COPIA_FLUXNET_D_DOWNLOADS_20260402_013444.txt",".txt","665","02/04/2026 01:34:45"
"ETAPA_22_EXTRACAO_FLUXNET_20260402_013701.txt","D:\TESE_Prof. Maciel_até 19-01-2026\dados_validacao_externa\04_LOGS","D:\TESE_Prof. Maciel_até 19-01-2026\dados_validacao_externa\04_LOGS\ETAPA_22_EXTRACAO_FLUXNET_20260402_013701.txt",".txt","646","02/04/2026 01:37:02"
"ETAPA_23_QC_ARQUIVOS_EXTRAIDOS_FLUXNET_20260402_013737.txt","D:\TESE_Prof. Maciel_até 19-01-2026\dados_validacao_externa\04_LOGS","D:\TESE_Prof. Maciel_até 19-01-2026\dados_validacao_externa\04_LOGS\ETAPA_23_QC_ARQUIVOS_EXTRAIDOS_FLUXNET_20260402_013737.txt",".txt","4914","02/04/2026 01:37:37"
"ETAPA_24_HEADERS_FLUXNET_DD_20260402_013848.txt","D:\TESE_Prof. Maciel_até 19-01-2026\dados_validacao_externa\04_LOGS","D:\TESE_Prof. Maciel_até 19-01-2026\dados_validacao_externa\04_LOGS\ETAPA_24_HEADERS_FLUXNET_DD_20260402_013848.txt",".txt","2051","02/04/2026 01:38:48"
"ETAPA_25_CONCLUSAO_FLUXNET_TEMPORAL_20260402_014256.txt","D:\TESE_Prof. Maciel_até 19-01-2026\dados_validacao_externa\04_LOGS","D:\TESE_Prof. Maciel_até 19-01-2026\dados_validacao_externa\04_LOGS\ETAPA_25_CONCLUSAO_FLUXNET_TEMPORAL_20260402_014256.txt",".txt","637","02/04/2026 01:42:56"
"ETAPA_26_STATUS_MOD17_20260402_020243.txt","D:\TESE_Prof. Maciel_até 19-01-2026\dados_validacao_externa\04_LOGS","D:\TESE_Prof. Maciel_até 19-01-2026\dados_validacao_externa\04_LOGS\ETAPA_26_STATUS_MOD17_20260402_020243.txt",".txt","325","02/04/2026 02:02:44"
"ETAPA_27_BUNDLE_MOD17_20260402_020400.txt","D:\TESE_Prof. Maciel_até 19-01-2026\dados_validacao_externa\04_LOGS","D:\TESE_Prof. Maciel_até 19-01-2026\dados_validacao_externa\04_LOGS\ETAPA_27_BUNDLE_MOD17_20260402_020400.txt",".txt","3237","02/04/2026 02:04:00"
"ETAPA_28_QC_BUNDLE_MOD17_20260402_020450.txt","D:\TESE_Prof. Maciel_até 19-01-2026\dados_validacao_externa\04_LOGS","D:\TESE_Prof. Maciel_até 19-01-2026\dados_validacao_externa\04_LOGS\ETAPA_28_QC_BUNDLE_MOD17_20260402_020450.txt",".txt","835","02/04/2026 02:04:50"
"ETAPA_29_LISTA_ARQUIVOS_BUNDLE_MOD17_20260402_020550.txt","D:\TESE_Prof. Maciel_até 19-01-2026\dados_validacao_externa\04_LOGS","D:\TESE_Prof. Maciel_até 19-01-2026\dados_validacao_externa\04_LOGS\ETAPA_29_LISTA_ARQUIVOS_BUNDLE_MOD17_20260402_020550.txt",".txt","914","02/04/2026 02:05:50"
"ETAPA_30_DOWNLOAD_MOD17_RESULTS_20260402_020835.txt","D:\TESE_Prof. Maciel_até 19-01-2026\dados_validacao_externa\04_LOGS","D:\TESE_Prof. Maciel_até 19-01-2026\dados_validacao_externa\04_LOGS\ETAPA_30_DOWNLOAD_MOD17_RESULTS_20260402_020835.txt",".txt","331","02/04/2026 02:08:40"
"ETAPA_31_QC_CSV_MOD17_RESULTS_20260402_020922.txt","D:\TESE_Prof. Maciel_até 19-01-2026\dados_validacao_externa\04_LOGS","D:\TESE_Prof. Maciel_até 19-01-2026\dados_validacao_externa\04_LOGS\ETAPA_31_QC_CSV_MOD17_RESULTS_20260402_020922.txt",".txt","1440","02/04/2026 02:09:22"
"ETAPA_32_RESUMO_MOD17_20260402_021032.txt","D:\TESE_Prof. Maciel_até 19-01-2026\dados_validacao_externa\04_LOGS","D:\TESE_Prof. Maciel_até 19-01-2026\dados_validacao_externa\04_LOGS\ETAPA_32_RESUMO_MOD17_20260402_021032.txt",".txt","1683","02/04/2026 02:10:32"
"ETAPA_33_SELECAO_MOD17_DATA_ALVO_20260402_021219.txt","D:\TESE_Prof. Maciel_até 19-01-2026\dados_validacao_externa\04_LOGS","D:\TESE_Prof. Maciel_até 19-01-2026\dados_validacao_externa\04_LOGS\ETAPA_33_SELECAO_MOD17_DATA_ALVO_20260402_021219.txt",".txt","1204","02/04/2026 02:12:19"
"ETAPA_34_CONCLUSAO_MOD17_REFERENCIA_20260402_021317.txt","D:\TESE_Prof. Maciel_até 19-01-2026\dados_validacao_externa\04_LOGS","D:\TESE_Prof. Maciel_até 19-01-2026\dados_validacao_externa\04_LOGS\ETAPA_34_CONCLUSAO_MOD17_REFERENCIA_20260402_021317.txt",".txt","924","02/04/2026 02:13:17"
"V.10_Projeto de Tese de Doutorado_David Lopes Maciel.docx","G:\001_TESE_Prof. Maciel_até 19-01-2026\001_TESE_V7_09-12-2025","G:\001_TESE_Prof. Maciel_até 19-01-2026\001_TESE_V7_09-12-2025\V.10_Projeto de Tese de Doutorado_David Lopes Maciel.docx",".docx","372924","23/12/2025 16:37:36"
"V.11_Projeto de Tese de Doutorado_David Lopes Maciel.docx","G:\001_TESE_Prof. Maciel_até 19-01-2026\001_TESE_V7_09-12-2025","G:\001_TESE_Prof. Maciel_até 19-01-2026\001_TESE_V7_09-12-2025\V.11_Projeto de Tese de Doutorado_David Lopes Maciel.docx",".docx","377871","26/12/2025 10:43:58"
"V.7_Projeto de Tese de Doutorado_David Lopes Maciel.docx","G:\001_TESE_Prof. Maciel_até 19-01-2026\001_TESE_V7_09-12-2025","G:\001_TESE_Prof. Maciel_até 19-01-2026\001_TESE_V7_09-12-2025\V.7_Projeto de Tese de Doutorado_David Lopes Maciel.docx",".docx","209067","19/12/2025 06:08:25"
"V.8_Projeto de Tese de Doutorado_David Lopes Maciel.docx","G:\001_TESE_Prof. Maciel_até 19-01-2026\001_TESE_V7_09-12-2025","G:\001_TESE_Prof. Maciel_até 19-01-2026\001_TESE_V7_09-12-2025\V.8_Projeto de Tese de Doutorado_David Lopes Maciel.docx",".docx","217338","19/12/2025 08:35:36"
"V.9_Projeto de Tese de Doutorado_David Lopes Maciel.docx","G:\001_TESE_Prof. Maciel_até 19-01-2026\001_TESE_V7_09-12-2025","G:\001_TESE_Prof. Maciel_até 19-01-2026\001_TESE_V7_09-12-2025\V.9_Projeto de Tese de Doutorado_David Lopes Maciel.docx",".docx","364367","20/12/2025 17:20:35"
"V.12_Projeto de Tese de Doutorado_David Lopes Maciel.docx","G:\001_TESE_Prof. Maciel_até 19-01-2026\002_TESE_V12_23-01-2026","G:\001_TESE_Prof. Maciel_até 19-01-2026\002_TESE_V12_23-01-2026\V.12_Projeto de Tese de Doutorado_David Lopes Maciel.docx",".docx","1691883","26/01/2026 17:15:58"
"V.13_Projeto de Tese de Doutorado_David Lopes Maciel.docx","G:\001_TESE_Prof. Maciel_até 19-01-2026\003_TESE_V13_27-01-2026","G:\001_TESE_Prof. Maciel_até 19-01-2026\003_TESE_V13_27-01-2026\V.13_Projeto de Tese de Doutorado_David Lopes Maciel.docx",".docx","1772664","28/01/2026 16:48:40"
"V.14_Projeto de Tese de Doutorado_David Lopes Maciel.docx","G:\001_TESE_Prof. Maciel_até 19-01-2026\004_TESE_V14_29-01-2026","G:\001_TESE_Prof. Maciel_até 19-01-2026\004_TESE_V14_29-01-2026\V.14_Projeto de Tese de Doutorado_David Lopes Maciel.docx",".docx","2043800","30/01/2026 06:04:45"
"V.15_Projeto de Tese de Doutorado_David Lopes Maciel_30-01-2026.docx","G:\001_TESE_Prof. Maciel_até 19-01-2026\005_TESE_V15_30-01-2026","G:\001_TESE_Prof. Maciel_até 19-01-2026\005_TESE_V15_30-01-2026\V.15_Projeto de Tese de Doutorado_David Lopes Maciel_30-01-2026.docx",".docx","1706438","03/02/2026 16:04:20"
"tabela_29-12-2015_estação 83270_Canarana_MT.csv","G:\001_TESE_Prof. Maciel_até 19-01-2026\006_TESE\Dados_Estação Meteriologica_","G:\001_TESE_Prof. Maciel_até 19-01-2026\006_TESE\Dados_Estação Meteriologica_\tabela_29-12-2015_estação 83270_Canarana_MT.csv",".csv","906","27/01/2026 06:43:56"
"EO1H2240692015363110PF_B001_L1GST.TIF","G:\001_TESE_Prof. Maciel_até 19-01-2026\006_TESE\Dados_Hypirion_29-12-2015\EO1H2240692015363110PF_1GST\EO1H2240692015363110PF","G:\001_TESE_Prof. Maciel_até 19-01-2026\006_TESE\Dados_Hypirion_29-12-2015\EO1H2240692015363110PF_1GST\EO1H2240692015363110PF\EO1H2240692015363110PF_B001_L1GST.TIF",".TIF","6915701","26/01/2026 16:06:56"
"EO1H2240692015363110PF_B002_L1GST.TIF","G:\001_TESE_Prof. Maciel_até 19-01-2026\006_TESE\Dados_Hypirion_29-12-2015\EO1H2240692015363110PF_1GST\EO1H2240692015363110PF","G:\001_TESE_Prof. Maciel_até 19-01-2026\006_TESE\Dados_Hypirion_29-12-2015\EO1H2240692015363110PF_1GST\EO1H2240692015363110PF\EO1H2240692015363110PF_B002_L1GST.TIF",".TIF","6915701","26/01/2026 16:06:55"
"EO1H2240692015363110PF_B003_L1GST.TIF","G:\001_TESE_Prof. Maciel_até 19-01-2026\006_TESE\Dados_Hypirion_29-12-2015\EO1H2240692015363110PF_1GST\EO1H2240692015363110PF","G:\001_TESE_Prof. Maciel_até 19-01-2026\006_TESE\Dados_Hypirion_29-12-2015\EO1H2240692015363110PF_1GST\EO1H2240692015363110PF\EO1H2240692015363110PF_B003_L1GST.TIF",".TIF","6915701","26/01/2026 16:06:54"
"EO1H2240692015363110PF_B004_L1GST.TIF","G:\001_TESE_Prof. Maciel_até 19-01-2026\006_TESE\Dados_Hypirion_29-12-2015\EO1H2240692015363110PF_1GST\EO1H2240692015363110PF","G:\001_TESE_Prof. Maciel_até 19-01-2026\006_TESE\Dados_Hypirion_29-12-2015\EO1H2240692015363110PF_1GST\EO1H2240692015363110PF\EO1H2240692015363110PF_B004_L1GST.TIF",".TIF","6915701","26/01/2026 16:06:58"
"EO1H2240692015363110PF_B005_L1GST.TIF","G:\001_TESE_Prof. Maciel_até 19-01-2026\006_TESE\Dados_Hypirion_29-12-2015\EO1H2240692015363110PF_1GST\EO1H2240692015363110PF","G:\001_TESE_Prof. Maciel_até 19-01-2026\006_TESE\Dados_Hypirion_29-12-2015\EO1H2240692015363110PF_1GST\EO1H2240692015363110PF\EO1H2240692015363110PF_B005_L1GST.TIF",".TIF","6915701","26/01/2026 16:06:57"
"EO1H2240692015363110PF_B006_L1GST.TIF","G:\001_TESE_Prof. Maciel_até 19-01-2026\006_TESE\Dados_Hypirion_29-12-2015\EO1H2240692015363110PF_1GST\EO1H2240692015363110PF","G:\001_TESE_Prof. Maciel_até 19-01-2026\006_TESE\Dados_Hypirion_29-12-2015\EO1H2240692015363110PF_1GST\EO1H2240692015363110PF\EO1H2240692015363110PF_B006_L1GST.TIF",".TIF","6915701","26/01/2026 16:06:59"
"EO1H2240692015363110PF_B007_L1GST.TIF","G:\001_TESE_Prof. Maciel_até 19-01-2026\006_TESE\Dados_Hypirion_29-12-2015\EO1H2240692015363110PF_1GST\EO1H2240692015363110PF","G:\001_TESE_Prof. Maciel_até 19-01-2026\006_TESE\Dados_Hypirion_29-12-2015\EO1H2240692015363110PF_1GST\EO1H2240692015363110PF\EO1H2240692015363110PF_B007_L1GST.TIF",".TIF","6915701","26/01/2026 16:06:58"
"EO1H2240692015363110PF_B008_L1GST.TIF","G:\001_TESE_Prof. Maciel_até 19-01-2026\006_TESE\Dados_Hypirion_29-12-2015\EO1H2240692015363110PF_1GST\EO1H2240692015363110PF","G:\001_TESE_Prof. Maciel_até 19-01-2026\006_TESE\Dados_Hypirion_29-12-2015\EO1H2240692015363110PF_1GST\EO1H2240692015363110PF\EO1H2240692015363110PF_B008_L1GST.TIF",".TIF","6915701","26/01/2026 16:06:57"
"EO1H2240692015363110PF_B009_L1GST.TIF","G:\001_TESE_Prof. Maciel_até 19-01-2026\006_TESE\Dados_Hypirion_29-12-2015\EO1H2240692015363110PF_1GST\EO1H2240692015363110PF","G:\001_TESE_Prof. Maciel_até 19-01-2026\006_TESE\Dados_Hypirion_29-12-2015\EO1H2240692015363110PF_1GST\EO1H2240692015363110PF\EO1H2240692015363110PF_B009_L1GST.TIF",".TIF","6915701","26/01/2026 16:06:54"
"EO1H2240692015363110PF_B010_L1GST.TIF","G:\001_TESE_Prof. Maciel_até 19-01-2026\006_TESE\Dados_Hypirion_29-12-2015\EO1H2240692015363110PF_1GST\EO1H2240692015363110PF","G:\001_TESE_Prof. Maciel_até 19-01-2026\006_TESE\Dados_Hypirion_29-12-2015\EO1H2240692015363110PF_1GST\EO1H2240692015363110PF\EO1H2240692015363110PF_B010_L1GST.TIF",".TIF","6915701","26/01/2026 16:06:54"
"EO1H2240692015363110PF_B011_L1GST.TIF","G:\001_TESE_Prof. Maciel_até 19-01-2026\006_TESE\Dados_Hypirion_29-12-2015\EO1H2240692015363110PF_1GST\EO1H2240692015363110PF","G:\001_TESE_Prof. Maciel_até 19-01-2026\006_TESE\Dados_Hypirion_29-12-2015\EO1H2240692015363110PF_1GST\EO1H2240692015363110PF\EO1H2240692015363110PF_B011_L1GST.TIF",".TIF","6915701","26/01/2026 16:06:57"
"EO1H2240692015363110PF_B012_L1GST.TIF","G:\001_TESE_Prof. Maciel_até 19-01-2026\006_TESE\Dados_Hypirion_29-12-2015\EO1H2240692015363110PF_1GST\EO1H2240692015363110PF","G:\001_TESE_Prof. Maciel_até 19-01-2026\006_TESE\Dados_Hypirion_29-12-2015\EO1H2240692015363110PF_1GST\EO1H2240692015363110PF\EO1H2240692015363110PF_B012_L1GST.TIF",".TIF","6915701","26/01/2026 16:06:58"
"EO1H2240692015363110PF_B013_L1GST.TIF","G:\001_TESE_Prof. Maciel_até 19-01-2026\006_TESE\Dados_Hypirion_29-12-2015\EO1H2240692015363110PF_1GST\EO1H2240692015363110PF","G:\001_TESE_Prof. Maciel_até 19-01-2026\006_TESE\Dados_Hypirion_29-12-2015\EO1H2240692015363110PF_1GST\EO1H2240692015363110PF\EO1H2240692015363110PF_B013_L1GST.TIF",".TIF","6915701","26/01/2026 16:06:56"
"EO1H2240692015363110PF_B014_L1GST.TIF","G:\001_TESE_Prof. Maciel_até 19-01-2026\006_TESE\Dados_Hypirion_29-12-2015\EO1H2240692015363110PF_1GST\EO1H2240692015363110PF","G:\001_TESE_Prof. Maciel_até 19-01-2026\006_TESE\Dados_Hypirion_29-12-2015\EO1H2240692015363110PF_1GST\EO1H2240692015363110PF\EO1H2240692015363110PF_B014_L1GST.TIF",".TIF","6915701","26/01/2026 16:06:56"
"EO1H2240692015363110PF_B015_L1GST.TIF","G:\001_TESE_Prof. Maciel_até 19-01-2026\006_TESE\Dados_Hypirion_29-12-2015\EO1H2240692015363110PF_1GST\EO1H2240692015363110PF","G:\001_TESE_Prof. Maciel_até 19-01-2026\006_TESE\Dados_Hypirion_29-12-2015\EO1H2240692015363110PF_1GST\EO1H2240692015363110PF\EO1H2240692015363110PF_B015_L1GST.TIF",".TIF","6915701","26/01/2026 16:06:54"
"EO1H2240692015363110PF_B016_L1GST.TIF","G:\001_TESE_Prof. Maciel_até 19-01-2026\006_TESE\Dados_Hypirion_29-12-2015\EO1H2240692015363110PF_1GST\EO1H2240692015363110PF","G:\001_TESE_Prof. Maciel_até 19-01-2026\006_TESE\Dados_Hypirion_29-12-2015\EO1H2240692015363110PF_1GST\EO1H2240692015363110PF\EO1H2240692015363110PF_B016_L1GST.TIF",".TIF","6915701","26/01/2026 16:06:56"
"EO1H2240692015363110PF_B017_L1GST.TIF","G:\001_TESE_Prof. Maciel_até 19-01-2026\006_TESE\Dados_Hypirion_29-12-2015\EO1H2240692015363110PF_1GST\EO1H2240692015363110PF","G:\001_TESE_Prof. Maciel_até 19-01-2026\006_TESE\Dados_Hypirion_29-12-2015\EO1H2240692015363110PF_1GST\EO1H2240692015363110PF\EO1H2240692015363110PF_B017_L1GST.TIF",".TIF","6915701","26/01/2026 16:06:57"
"EO1H2240692015363110PF_B018_L1GST.TIF","G:\001_TESE_Prof. Maciel_até 19-01-2026\006_TESE\Dados_Hypirion_29-12-2015\EO1H2240692015363110PF_1GST\EO1H2240692015363110PF","G:\001_TESE_Prof. Maciel_até 19-01-2026\006_TESE\Dados_Hypirion_29-12-2015\EO1H2240692015363110PF_1GST\EO1H2240692015363110PF\EO1H2240692015363110PF_B018_L1GST.TIF",".TIF","6915701","26/01/2026 16:06:59"
"EO1H2240692015363110PF_B019_L1GST.TIF","G:\001_TESE_Prof. Maciel_até 19-01-2026\006_TESE\Dados_Hypirion_29-12-2015\EO1H2240692015363110PF_1GST\EO1H2240692015363110PF","G:\001_TESE_Prof. Maciel_até 19-01-2026\006_TESE\Dados_Hypirion_29-12-2015\EO1H2240692015363110PF_1GST\EO1H2240692015363110PF\EO1H2240692015363110PF_B019_L1GST.TIF",".TIF","6915701","26/01/2026 16:06:58"
"EO1H2240692015363110PF_B020_L1GST.TIF","G:\001_TESE_Prof. Maciel_até 19-01-2026\006_TESE\Dados_Hypirion_29-12-2015\EO1H2240692015363110PF_1GST\EO1H2240692015363110PF","G:\001_TESE_Prof. Maciel_até 19-01-2026\006_TESE\Dados_Hypirion_29-12-2015\EO1H2240692015363110PF_1GST\EO1H2240692015363110PF\EO1H2240692015363110PF_B020_L1GST.TIF",".TIF","6915701","26/01/2026 16:06:55"
"EO1H2240692015363110PF_B021_L1GST.TIF","G:\001_TESE_Prof. Maciel_até 19-01-2026\006_TESE\Dados_Hypirion_29-12-2015\EO1H2240692015363110PF_1GST\EO1H2240692015363110PF","G:\001_TESE_Prof. Maciel_até 19-01-2026\006_TESE\Dados_Hypirion_29-12-2015\EO1H2240692015363110PF_1GST\EO1H2240692015363110PF\EO1H2240692015363110PF_B021_L1GST.TIF",".TIF","6915701","26/01/2026 16:06:54"
"EO1H2240692015363110PF_B022_L1GST.TIF","G:\001_TESE_Prof. Maciel_até 19-01-2026\006_TESE\Dados_Hypirion_29-12-2015\EO1H2240692015363110PF_1GST\EO1H2240692015363110PF","G:\001_TESE_Prof. Maciel_até 19-01-2026\006_TESE\Dados_Hypirion_29-12-2015\EO1H2240692015363110PF_1GST\EO1H2240692015363110PF\EO1H2240692015363110PF_B022_L1GST.TIF",".TIF","6915701","26/01/2026 16:06:56"
"EO1H2240692015363110PF_B023_L1GST.TIF","G:\001_TESE_Prof. Maciel_até 19-01-2026\006_TESE\Dados_Hypirion_29-12-2015\EO1H2240692015363110PF_1GST\EO1H2240692015363110PF","G:\001_TESE_Prof. Maciel_até 19-01-2026\006_TESE\Dados_Hypirion_29-12-2015\EO1H2240692015363110PF_1GST\EO1H2240692015363110PF\EO1H2240692015363110PF_B023_L1GST.TIF",".TIF","6915701","26/01/2026 16:06:59"
"EO1H2240692015363110PF_B024_L1GST.TIF","G:\001_TESE_Prof. Maciel_até 19-01-2026\006_TESE\Dados_Hypirion_29-12-2015\EO1H2240692015363110PF_1GST\EO1H2240692015363110PF","G:\001_TESE_Prof. Maciel_até 19-01-2026\006_TESE\Dados_Hypirion_29-12-2015\EO1H2240692015363110PF_1GST\EO1H2240692015363110PF\EO1H2240692015363110PF_B024_L1GST.TIF",".TIF","6915701","26/01/2026 16:06:59"
"EO1H2240692015363110PF_B025_L1GST.TIF","G:\001_TESE_Prof. Maciel_até 19-01-2026\006_TESE\Dados_Hypirion_29-12-2015\EO1H2240692015363110PF_1GST\EO1H2240692015363110PF","G:\001_TESE_Prof. Maciel_até 19-01-2026\006_TESE\Dados_Hypirion_29-12-2015\EO1H2240692015363110PF_1GST\EO1H2240692015363110PF\EO1H2240692015363110PF_B025_L1GST.TIF",".TIF","6915701","26/01/2026 16:06:55"
"EO1H2240692015363110PF_B026_L1GST.TIF","G:\001_TESE_Prof. Maciel_até 19-01-2026\006_TESE\Dados_Hypirion_29-12-2015\EO1H2240692015363110PF_1GST\EO1H2240692015363110PF","G:\001_TESE_Prof. Maciel_até 19-01-2026\006_TESE\Dados_Hypirion_29-12-2015\EO1H2240692015363110PF_1GST\EO1H2240692015363110PF\EO1H2240692015363110PF_B026_L1GST.TIF",".TIF","6915701","26/01/2026 16:06:57"
"EO1H2240692015363110PF_B027_L1GST.TIF","G:\001_TESE_Prof. Maciel_até 19-01-2026\006_TESE\Dados_Hypirion_29-12-2015\EO1H2240692015363110PF_1GST\EO1H2240692015363110PF","G:\001_TESE_Prof. Maciel_até 19-01-2026\006_TESE\Dados_Hypirion_29-12-2015\EO1H2240692015363110PF_1GST\EO1H2240692015363110PF\EO1H2240692015363110PF_B027_L1GST.TIF",".TIF","6915701","26/01/2026 16:06:58"
"EO1H2240692015363110PF_B028_L1GST.TIF","G:\001_TESE_Prof. Maciel_até 19-01-2026\006_TESE\Dados_Hypirion_29-12-2015\EO1H2240692015363110PF_1GST\EO1H2240692015363110PF","G:\001_TESE_Prof. Maciel_até 19-01-2026\006_TESE\Dados_Hypirion_29-12-2015\EO1H2240692015363110PF_1GST\EO1H2240692015363110PF\EO1H2240692015363110PF_B028_L1GST.TIF",".TIF","6915701","26/01/2026 16:06:56"
"EO1H2240692015363110PF_B029_L1GST.TIF","G:\001_TESE_Prof. Maciel_até 19-01-2026\006_TESE\Dados_Hypirion_29-12-2015\EO1H2240692015363110PF_1GST\EO1H2240692015363110PF","G:\001_TESE_Prof. Maciel_até 19-01-2026\006_TESE\Dados_Hypirion_29-12-2015\EO1H2240692015363110PF_1GST\EO1H2240692015363110PF\EO1H2240692015363110PF_B029_L1GST.TIF",".TIF","6915701","26/01/2026 16:06:59"
"EO1H2240692015363110PF_B030_L1GST.TIF","G:\001_TESE_Prof. Maciel_até 19-01-2026\006_TESE\Dados_Hypirion_29-12-2015\EO1H2240692015363110PF_1GST\EO1H2240692015363110PF","G:\001_TESE_Prof. Maciel_até 19-01-2026\006_TESE\Dados_Hypirion_29-12-2015\EO1H2240692015363110PF_1GST\EO1H2240692015363110PF\EO1H2240692015363110PF_B030_L1GST.TIF",".TIF","6915701","26/01/2026 16:06:59"
"EO1H2240692015363110PF_B031_L1GST.TIF","G:\001_TESE_Prof. Maciel_até 19-01-2026\006_TESE\Dados_Hypirion_29-12-2015\EO1H2240692015363110PF_1GST\EO1H2240692015363110PF","G:\001_TESE_Prof. Maciel_até 19-01-2026\006_TESE\Dados_Hypirion_29-12-2015\EO1H2240692015363110PF_1GST\EO1H2240692015363110PF\EO1H2240692015363110PF_B031_L1GST.TIF",".TIF","6915701","26/01/2026 16:06:54"
"EO1H2240692015363110PF_B032_L1GST.TIF","G:\001_TESE_Prof. Maciel_até 19-01-2026\006_TESE\Dados_Hypirion_29-12-2015\EO1H2240692015363110PF_1GST\EO1H2240692015363110PF","G:\001_TESE_Prof. Maciel_até 19-01-2026\006_TESE\Dados_Hypirion_29-12-2015\EO1H2240692015363110PF_1GST\EO1H2240692015363110PF\EO1H2240692015363110PF_B032_L1GST.TIF",".TIF","6915701","26/01/2026 16:06:55"
"EO1H2240692015363110PF_B033_L1GST.TIF","G:\001_TESE_Prof. Maciel_até 19-01-2026\006_TESE\Dados_Hypirion_29-12-2015\EO1H2240692015363110PF_1GST\EO1H2240692015363110PF","G:\001_TESE_Prof. Maciel_até 19-01-2026\006_TESE\Dados_Hypirion_29-12-2015\EO1H2240692015363110PF_1GST\EO1H2240692015363110PF\EO1H2240692015363110PF_B033_L1GST.TIF",".TIF","6915701","26/01/2026 16:06:57"
"EO1H2240692015363110PF_B034_L1GST.TIF","G:\001_TESE_Prof. Maciel_até 19-01-2026\006_TESE\Dados_Hypirion_29-12-2015\EO1H2240692015363110PF_1GST\EO1H2240692015363110PF","G:\001_TESE_Prof. Maciel_até 19-01-2026\006_TESE\Dados_Hypirion_29-12-2015\EO1H2240692015363110PF_1GST\EO1H2240692015363110PF\EO1H2240692015363110PF_B034_L1GST.TIF",".TIF","6915701","26/01/2026 16:06:54"
"EO1H2240692015363110PF_B035_L1GST.TIF","G:\001_TESE_Prof. Maciel_até 19-01-2026\006_TESE\Dados_Hypirion_29-12-2015\EO1H2240692015363110PF_1GST\EO1H2240692015363110PF","G:\001_TESE_Prof. Maciel_até 19-01-2026\006_TESE\Dados_Hypirion_29-12-2015\EO1H2240692015363110PF_1GST\EO1H2240692015363110PF\EO1H2240692015363110PF_B035_L1GST.TIF",".TIF","6915701","26/01/2026 16:06:55"
"EO1H2240692015363110PF_B036_L1GST.TIF","G:\001_TESE_Prof. Maciel_até 19-01-2026\006_TESE\Dados_Hypirion_29-12-2015\EO1H2240692015363110PF_1GST\EO1H2240692015363110PF","G:\001_TESE_Prof. Maciel_até 19-01-2026\006_TESE\Dados_Hypirion_29-12-2015\EO1H2240692015363110PF_1GST\EO1H2240692015363110PF\EO1H2240692015363110PF_B036_L1GST.TIF",".TIF","6915701","26/01/2026 16:06:54"
"EO1H2240692015363110PF_B037_L1GST.TIF","G:\001_TESE_Prof. Maciel_até 19-01-2026\006_TESE\Dados_Hypirion_29-12-2015\EO1H2240692015363110PF_1GST\EO1H2240692015363110PF","G:\001_TESE_Prof. Maciel_até 19-01-2026\006_TESE\Dados_Hypirion_29-12-2015\EO1H2240692015363110PF_1GST\EO1H2240692015363110PF\EO1H2240692015363110PF_B037_L1GST.TIF",".TIF","6915701","26/01/2026 16:06:54"
"EO1H2240692015363110PF_B038_L1GST.TIF","G:\001_TESE_Prof. Maciel_até 19-01-2026\006_TESE\Dados_Hypirion_29-12-2015\EO1H2240692015363110PF_1GST\EO1H2240692015363110PF","G:\001_TESE_Prof. Maciel_até 19-01-2026\006_TESE\Dados_Hypirion_29-12-2015\EO1H2240692015363110PF_1GST\EO1H2240692015363110PF\EO1H2240692015363110PF_B038_L1GST.TIF",".TIF","6915701","26/01/2026 16:06:55"
"EO1H2240692015363110PF_B039_L1GST.TIF","G:\001_TESE_Prof. Maciel_até 19-01-2026\006_TESE\Dados_Hypirion_29-12-2015\EO1H2240692015363110PF_1GST\EO1H2240692015363110PF","G:\001_TESE_Prof. Maciel_até 19-01-2026\006_TESE\Dados_Hypirion_29-12-2015\EO1H2240692015363110PF_1GST\EO1H2240692015363110PF\EO1H2240692015363110PF_B039_L1GST.TIF",".TIF","6915701","26/01/2026 16:06:56"
"EO1H2240692015363110PF_B040_L1GST.TIF","G:\001_TESE_Prof. Maciel_até 19-01-2026\006_TESE\Dados_Hypirion_29-12-2015\EO1H2240692015363110PF_1GST\EO1H2240692015363110PF","G:\001_TESE_Prof. Maciel_até 19-01-2026\006_TESE\Dados_Hypirion_29-12-2015\EO1H2240692015363110PF_1GST\EO1H2240692015363110PF\EO1H2240692015363110PF_B040_L1GST.TIF",".TIF","6915701","26/01/2026 16:06:56"
"EO1H2240692015363110PF_B041_L1GST.TIF","G:\001_TESE_Prof. Maciel_até 19-01-2026\006_TESE\Dados_Hypirion_29-12-2015\EO1H2240692015363110PF_1GST\EO1H2240692015363110PF","G:\001_TESE_Prof. Maciel_até 19-01-2026\006_TESE\Dados_Hypirion_29-12-2015\EO1H2240692015363110PF_1GST\EO1H2240692015363110PF\EO1H2240692015363110PF_B041_L1GST.TIF",".TIF","6915701","26/01/2026 16:06:55"
"EO1H2240692015363110PF_B042_L1GST.TIF","G:\001_TESE_Prof. Maciel_até 19-01-2026\006_TESE\Dados_Hypirion_29-12-2015\EO1H2240692015363110PF_1GST\EO1H2240692015363110PF","G:\001_TESE_Prof. Maciel_até 19-01-2026\006_TESE\Dados_Hypirion_29-12-2015\EO1H2240692015363110PF_1GST\EO1H2240692015363110PF\EO1H2240692015363110PF_B042_L1GST.TIF",".TIF","6915701","26/01/2026 16:06:58"
"EO1H2240692015363110PF_B043_L1GST.TIF","G:\001_TESE_Prof. Maciel_até 19-01-2026\006_TESE\Dados_Hypirion_29-12-2015\EO1H2240692015363110PF_1GST\EO1H2240692015363110PF","G:\001_TESE_Prof. Maciel_até 19-01-2026\006_TESE\Dados_Hypirion_29-12-2015\EO1H2240692015363110PF_1GST\EO1H2240692015363110PF\EO1H2240692015363110PF_B043_L1GST.TIF",".TIF","6915701","26/01/2026 16:06:55"
"EO1H2240692015363110PF_B044_L1GST.TIF","G:\001_TESE_Prof. Maciel_até 19-01-2026\006_TESE\Dados_Hypirion_29-12-2015\EO1H2240692015363110PF_1GST\EO1H2240692015363110PF","G:\001_TESE_Prof. Maciel_até 19-01-2026\006_TESE\Dados_Hypirion_29-12-2015\EO1H2240692015363110PF_1GST\EO1H2240692015363110PF\EO1H2240692015363110PF_B044_L1GST.TIF",".TIF","6915701","26/01/2026 16:06:57"
"EO1H2240692015363110PF_B045_L1GST.TIF","G:\001_TESE_Prof. Maciel_até 19-01-2026\006_TESE\Dados_Hypirion_29-12-2015\EO1H2240692015363110PF_1GST\EO1H2240692015363110PF","G:\001_TESE_Prof. Maciel_até 19-01-2026\006_TESE\Dados_Hypirion_29-12-2015\EO1H2240692015363110PF_1GST\EO1H2240692015363110PF\EO1H2240692015363110PF_B045_L1GST.TIF",".TIF","6915701","26/01/2026 16:06:56"
"EO1H2240692015363110PF_B046_L1GST.TIF","G:\001_TESE_Prof. Maciel_até 19-01-2026\006_TESE\Dados_Hypirion_29-12-2015\EO1H2240692015363110PF_1GST\EO1H2240692015363110PF","G:\001_TESE_Prof. Maciel_até 19-01-2026\006_TESE\Dados_Hypirion_29-12-2015\EO1H2240692015363110PF_1GST\EO1H2240692015363110PF\EO1H2240692015363110PF_B046_L1GST.TIF",".TIF","6915701","26/01/2026 16:06:58"
"EO1H2240692015363110PF_B047_L1GST.TIF","G:\001_TESE_Prof. Maciel_até 19-01-2026\006_TESE\Dados_Hypirion_29-12-2015\EO1H2240692015363110PF_1GST\EO1H2240692015363110PF","G:\001_TESE_Prof. Maciel_até 19-01-2026\006_TESE\Dados_Hypirion_29-12-2015\EO1H2240692015363110PF_1GST\EO1H2240692015363110PF\EO1H2240692015363110PF_B047_L1GST.TIF",".TIF","6915701","26/01/2026 16:06:54"
"EO1H2240692015363110PF_B048_L1GST.TIF","G:\001_TESE_Prof. Maciel_até 19-01-2026\006_TESE\Dados_Hypirion_29-12-2015\EO1H2240692015363110PF_1GST\EO1H2240692015363110PF","G:\001_TESE_Prof. Maciel_até 19-01-2026\006_TESE\Dados_Hypirion_29-12-2015\EO1H2240692015363110PF_1GST\EO1H2240692015363110PF\EO1H2240692015363110PF_B048_L1GST.TIF",".TIF","6915701","26/01/2026 16:06:55"
"EO1H2240692015363110PF_B049_L1GST.TIF","G:\001_TESE_Prof. Maciel_até 19-01-2026\006_TESE\Dados_Hypirion_29-12-2015\EO1H2240692015363110PF_1GST\EO1H2240692015363110PF","G:\001_TESE_Prof. Maciel_até 19-01-2026\006_TESE\Dados_Hypirion_29-12-2015\EO1H2240692015363110PF_1GST\EO1H2240692015363110PF\EO1H2240692015363110PF_B049_L1GST.TIF",".TIF","6915701","26/01/2026 16:06:58"
"EO1H2240692015363110PF_B050_L1GST.TIF","G:\001_TESE_Prof. Maciel_até 19-01-2026\006_TESE\Dados_Hypirion_29-12-2015\EO1H2240692015363110PF_1GST\EO1H2240692015363110PF","G:\001_TESE_Prof. Maciel_até 19-01-2026\006_TESE\Dados_Hypirion_29-12-2015\EO1H2240692015363110PF_1GST\EO1H2240692015363110PF\EO1H2240692015363110PF_B050_L1GST.TIF",".TIF","6915701","26/01/2026 16:06:59"
"EO1H2240692015363110PF_B051_L1GST.TIF","G:\001_TESE_Prof. Maciel_até 19-01-2026\006_TESE\Dados_Hypirion_29-12-2015\EO1H2240692015363110PF_1GST\EO1H2240692015363110PF","G:\001_TESE_Prof. Maciel_até 19-01-2026\006_TESE\Dados_Hypirion_29-12-2015\EO1H2240692015363110PF_1GST\EO1H2240692015363110PF\EO1H2240692015363110PF_B051_L1GST.TIF",".TIF","6915701","26/01/2026 16:06:55"
"EO1H2240692015363110PF_B052_L1GST.TIF","G:\001_TESE_Prof. Maciel_até 19-01-2026\006_TESE\Dados_Hypirion_29-12-2015\EO1H2240692015363110PF_1GST\EO1H2240692015363110PF","G:\001_TESE_Prof. Maciel_até 19-01-2026\006_TESE\Dados_Hypirion_29-12-2015\EO1H2240692015363110PF_1GST\EO1H2240692015363110PF\EO1H2240692015363110PF_B052_L1GST.TIF",".TIF","6915701","26/01/2026 16:06:56"
"EO1H2240692015363110PF_B053_L1GST.TIF","G:\001_TESE_Prof. Maciel_até 19-01-2026\006_TESE\Dados_Hypirion_29-12-2015\EO1H2240692015363110PF_1GST\EO1H2240692015363110PF","G:\001_TESE_Prof. Maciel_até 19-01-2026\006_TESE\Dados_Hypirion_29-12-2015\EO1H2240692015363110PF_1GST\EO1H2240692015363110PF\EO1H2240692015363110PF_B053_L1GST.TIF",".TIF","6915701","26/01/2026 16:06:59"
"EO1H2240692015363110PF_B054_L1GST.TIF","G:\001_TESE_Prof. Maciel_até 19-01-2026\006_TESE\Dados_Hypirion_29-12-2015\EO1H2240692015363110PF_1GST\EO1H2240692015363110PF","G:\001_TESE_Prof. Maciel_até 19-01-2026\006_TESE\Dados_Hypirion_29-12-2015\EO1H2240692015363110PF_1GST\EO1H2240692015363110PF\EO1H2240692015363110PF_B054_L1GST.TIF",".TIF","6915701","26/01/2026 16:06:58"
"EO1H2240692015363110PF_B055_L1GST.TIF","G:\001_TESE_Prof. Maciel_até 19-01-2026\006_TESE\Dados_Hypirion_29-12-2015\EO1H2240692015363110PF_1GST\EO1H2240692015363110PF","G:\001_TESE_Prof. Maciel_até 19-01-2026\006_TESE\Dados_Hypirion_29-12-2015\EO1H2240692015363110PF_1GST\EO1H2240692015363110PF\EO1H2240692015363110PF_B055_L1GST.TIF",".TIF","6915701","26/01/2026 16:06:58"
"EO1H2240692015363110PF_B056_L1GST.TIF","G:\001_TESE_Prof. Maciel_até 19-01-2026\006_TESE\Dados_Hypirion_29-12-2015\EO1H2240692015363110PF_1GST\EO1H2240692015363110PF","G:\001_TESE_Prof. Maciel_até 19-01-2026\006_TESE\Dados_Hypirion_29-12-2015\EO1H2240692015363110PF_1GST\EO1H2240692015363110PF\EO1H2240692015363110PF_B056_L1GST.TIF",".TIF","6915701","26/01/2026 16:06:58"
"EO1H2240692015363110PF_B057_L1GST.TIF","G:\001_TESE_Prof. Maciel_até 19-01-2026\006_TESE\Dados_Hypirion_29-12-2015\EO1H2240692015363110PF_1GST\EO1H2240692015363110PF","G:\001_TESE_Prof. Maciel_até 19-01-2026\006_TESE\Dados_Hypirion_29-12-2015\EO1H2240692015363110PF_1GST\EO1H2240692015363110PF\EO1H2240692015363110PF_B057_L1GST.TIF",".TIF","6915701","26/01/2026 16:06:58"
"EO1H2240692015363110PF_B058_L1GST.TIF","G:\001_TESE_Prof. Maciel_até 19-01-2026\006_TESE\Dados_Hypirion_29-12-2015\EO1H2240692015363110PF_1GST\EO1H2240692015363110PF","G:\001_TESE_Prof. Maciel_até 19-01-2026\006_TESE\Dados_Hypirion_29-12-2015\EO1H2240692015363110PF_1GST\EO1H2240692015363110PF\EO1H2240692015363110PF_B058_L1GST.TIF",".TIF","6915701","26/01/2026 16:06:57"
"EO1H2240692015363110PF_B059_L1GST.TIF","G:\001_TESE_Prof. Maciel_até 19-01-2026\006_TESE\Dados_Hypirion_29-12-2015\EO1H2240692015363110PF_1GST\EO1H2240692015363110PF","G:\001_TESE_Prof. Maciel_até 19-01-2026\006_TESE\Dados_Hypirion_29-12-2015\EO1H2240692015363110PF_1GST\EO1H2240692015363110PF\EO1H2240692015363110PF_B059_L1GST.TIF",".TIF","6915701","26/01/2026 16:06:57"
"EO1H2240692015363110PF_B060_L1GST.TIF","G:\001_TESE_Prof. Maciel_até 19-01-2026\006_TESE\Dados_Hypirion_29-12-2015\EO1H2240692015363110PF_1GST\EO1H2240692015363110PF","G:\001_TESE_Prof. Maciel_até 19-01-2026\006_TESE\Dados_Hypirion_29-12-2015\EO1H2240692015363110PF_1GST\EO1H2240692015363110PF\EO1H2240692015363110PF_B060_L1GST.TIF",".TIF","6915701","26/01/2026 16:06:55"
"EO1H2240692015363110PF_B061_L1GST.TIF","G:\001_TESE_Prof. Maciel_até 19-01-2026\006_TESE\Dados_Hypirion_29-12-2015\EO1H2240692015363110PF_1GST\EO1H2240692015363110PF","G:\001_TESE_Prof. Maciel_até 19-01-2026\006_TESE\Dados_Hypirion_29-12-2015\EO1H2240692015363110PF_1GST\EO1H2240692015363110PF\EO1H2240692015363110PF_B061_L1GST.TIF",".TIF","6915701","26/01/2026 16:06:58"
"EO1H2240692015363110PF_B062_L1GST.TIF","G:\001_TESE_Prof. Maciel_até 19-01-2026\006_TESE\Dados_Hypirion_29-12-2015\EO1H2240692015363110PF_1GST\EO1H2240692015363110PF","G:\001_TESE_Prof. Maciel_até 19-01-2026\006_TESE\Dados_Hypirion_29-12-2015\EO1H2240692015363110PF_1GST\EO1H2240692015363110PF\EO1H2240692015363110PF_B062_L1GST.TIF",".TIF","6915701","26/01/2026 16:06:58"
"EO1H2240692015363110PF_B063_L1GST.TIF","G:\001_TESE_Prof. Maciel_até 19-01-2026\006_TESE\Dados_Hypirion_29-12-2015\EO1H2240692015363110PF_1GST\EO1H2240692015363110PF","G:\001_TESE_Prof. Maciel_até 19-01-2026\006_TESE\Dados_Hypirion_29-12-2015\EO1H2240692015363110PF_1GST\EO1H2240692015363110PF\EO1H2240692015363110PF_B063_L1GST.TIF",".TIF","6915701","26/01/2026 16:06:54"
"EO1H2240692015363110PF_B064_L1GST.TIF","G:\001_TESE_Prof. Maciel_até 19-01-2026\006_TESE\Dados_Hypirion_29-12-2015\EO1H2240692015363110PF_1GST\EO1H2240692015363110PF","G:\001_TESE_Prof. Maciel_até 19-01-2026\006_TESE\Dados_Hypirion_29-12-2015\EO1H2240692015363110PF_1GST\EO1H2240692015363110PF\EO1H2240692015363110PF_B064_L1GST.TIF",".TIF","6915701","26/01/2026 16:06:53"
"EO1H2240692015363110PF_B065_L1GST.TIF","G:\001_TESE_Prof. Maciel_até 19-01-2026\006_TESE\Dados_Hypirion_29-12-2015\EO1H2240692015363110PF_1GST\EO1H2240692015363110PF","G:\001_TESE_Prof. Maciel_até 19-01-2026\006_TESE\Dados_Hypirion_29-12-2015\EO1H2240692015363110PF_1GST\EO1H2240692015363110PF\EO1H2240692015363110PF_B065_L1GST.TIF",".TIF","6915701","26/01/2026 16:06:57"
"EO1H2240692015363110PF_B066_L1GST.TIF","G:\001_TESE_Prof. Maciel_até 19-01-2026\006_TESE\Dados_Hypirion_29-12-2015\EO1H2240692015363110PF_1GST\EO1H2240692015363110PF","G:\001_TESE_Prof. Maciel_até 19-01-2026\006_TESE\Dados_Hypirion_29-12-2015\EO1H2240692015363110PF_1GST\EO1H2240692015363110PF\EO1H2240692015363110PF_B066_L1GST.TIF",".TIF","6915701","26/01/2026 16:06:56"
"EO1H2240692015363110PF_B067_L1GST.TIF","G:\001_TESE_Prof. Maciel_até 19-01-2026\006_TESE\Dados_Hypirion_29-12-2015\EO1H2240692015363110PF_1GST\EO1H2240692015363110PF","G:\001_TESE_Prof. Maciel_até 19-01-2026\006_TESE\Dados_Hypirion_29-12-2015\EO1H2240692015363110PF_1GST\EO1H2240692015363110PF\EO1H2240692015363110PF_B067_L1GST.TIF",".TIF","6915701","26/01/2026 16:06:56"
"EO1H2240692015363110PF_B068_L1GST.TIF","G:\001_TESE_Prof. Maciel_até 19-01-2026\006_TESE\Dados_Hypirion_29-12-2015\EO1H2240692015363110PF_1GST\EO1H2240692015363110PF","G:\001_TESE_Prof. Maciel_até 19-01-2026\006_TESE\Dados_Hypirion_29-12-2015\EO1H2240692015363110PF_1GST\EO1H2240692015363110PF\EO1H2240692015363110PF_B068_L1GST.TIF",".TIF","6915701","26/01/2026 16:06:59"
"EO1H2240692015363110PF_B069_L1GST.TIF","G:\001_TESE_Prof. Maciel_até 19-01-2026\006_TESE\Dados_Hypirion_29-12-2015\EO1H2240692015363110PF_1GST\EO1H2240692015363110PF","G:\001_TESE_Prof. Maciel_até 19-01-2026\006_TESE\Dados_Hypirion_29-12-2015\EO1H2240692015363110PF_1GST\EO1H2240692015363110PF\EO1H2240692015363110PF_B069_L1GST.TIF",".TIF","6915701","26/01/2026 16:06:58"
"EO1H2240692015363110PF_B070_L1GST.TIF","G:\001_TESE_Prof. Maciel_até 19-01-2026\006_TESE\Dados_Hypirion_29-12-2015\EO1H2240692015363110PF_1GST\EO1H2240692015363110PF","G:\001_TESE_Prof. Maciel_até 19-01-2026\006_TESE\Dados_Hypirion_29-12-2015\EO1H2240692015363110PF_1GST\EO1H2240692015363110PF\EO1H2240692015363110PF_B070_L1GST.TIF",".TIF","6915701","26/01/2026 16:06:57"
"EO1H2240692015363110PF_B071_L1GST.TIF","G:\001_TESE_Prof. Maciel_até 19-01-2026\006_TESE\Dados_Hypirion_29-12-2015\EO1H2240692015363110PF_1GST\EO1H2240692015363110PF","G:\001_TESE_Prof. Maciel_até 19-01-2026\006_TESE\Dados_Hypirion_29-12-2015\EO1H2240692015363110PF_1GST\EO1H2240692015363110PF\EO1H2240692015363110PF_B071_L1GST.TIF",".TIF","6915701","26/01/2026 16:06:54"
"EO1H2240692015363110PF_B072_L1GST.TIF","G:\001_TESE_Prof. Maciel_até 19-01-2026\006_TESE\Dados_Hypirion_29-12-2015\EO1H2240692015363110PF_1GST\EO1H2240692015363110PF","G:\001_TESE_Prof. Maciel_até 19-01-2026\006_TESE\Dados_Hypirion_29-12-2015\EO1H2240692015363110PF_1GST\EO1H2240692015363110PF\EO1H2240692015363110PF_B072_L1GST.TIF",".TIF","6915701","26/01/2026 16:06:54"
"EO1H2240692015363110PF_B073_L1GST.TIF","G:\001_TESE_Prof. Maciel_até 19-01-2026\006_TESE\Dados_Hypirion_29-12-2015\EO1H2240692015363110PF_1GST\EO1H2240692015363110PF","G:\001_TESE_Prof. Maciel_até 19-01-2026\006_TESE\Dados_Hypirion_29-12-2015\EO1H2240692015363110PF_1GST\EO1H2240692015363110PF\EO1H2240692015363110PF_B073_L1GST.TIF",".TIF","6915701","26/01/2026 16:06:53"
"EO1H2240692015363110PF_B074_L1GST.TIF","G:\001_TESE_Prof. Maciel_até 19-01-2026\006_TESE\Dados_Hypirion_29-12-2015\EO1H2240692015363110PF_1GST\EO1H2240692015363110PF","G:\001_TESE_Prof. Maciel_até 19-01-2026\006_TESE\Dados_Hypirion_29-12-2015\EO1H2240692015363110PF_1GST\EO1H2240692015363110PF\EO1H2240692015363110PF_B074_L1GST.TIF",".TIF","6915701","26/01/2026 16:06:59"
"EO1H2240692015363110PF_B075_L1GST.TIF","G:\001_TESE_Prof. Maciel_até 19-01-2026\006_TESE\Dados_Hypirion_29-12-2015\EO1H2240692015363110PF_1GST\EO1H2240692015363110PF","G:\001_TESE_Prof. Maciel_até 19-01-2026\006_TESE\Dados_Hypirion_29-12-2015\EO1H2240692015363110PF_1GST\EO1H2240692015363110PF\EO1H2240692015363110PF_B075_L1GST.TIF",".TIF","6915701","26/01/2026 16:06:59"
"EO1H2240692015363110PF_B076_L1GST.TIF","G:\001_TESE_Prof. Maciel_até 19-01-2026\006_TESE\Dados_Hypirion_29-12-2015\EO1H2240692015363110PF_1GST\EO1H2240692015363110PF","G:\001_TESE_Prof. Maciel_até 19-01-2026\006_TESE\Dados_Hypirion_29-12-2015\EO1H2240692015363110PF_1GST\EO1H2240692015363110PF\EO1H2240692015363110PF_B076_L1GST.TIF",".TIF","6915701","26/01/2026 16:06:58"
"EO1H2240692015363110PF_B077_L1GST.TIF","G:\001_TESE_Prof. Maciel_até 19-01-2026\006_TESE\Dados_Hypirion_29-12-2015\EO1H2240692015363110PF_1GST\EO1H2240692015363110PF","G:\001_TESE_Prof. Maciel_até 19-01-2026\006_TESE\Dados_Hypirion_29-12-2015\EO1H2240692015363110PF_1GST\EO1H2240692015363110PF\EO1H2240692015363110PF_B077_L1GST.TIF",".TIF","6915701","26/01/2026 16:06:55"
"EO1H2240692015363110PF_B078_L1GST.TIF","G:\001_TESE_Prof. Maciel_até 19-01-2026\006_TESE\Dados_Hypirion_29-12-2015\EO1H2240692015363110PF_1GST\EO1H2240692015363110PF","G:\001_TESE_Prof. Maciel_até 19-01-2026\006_TESE\Dados_Hypirion_29-12-2015\EO1H2240692015363110PF_1GST\EO1H2240692015363110PF\EO1H2240692015363110PF_B078_L1GST.TIF",".TIF","6915701","26/01/2026 16:06:57"
"EO1H2240692015363110PF_B079_L1GST.TIF","G:\001_TESE_Prof. Maciel_até 19-01-2026\006_TESE\Dados_Hypirion_29-12-2015\EO1H2240692015363110PF_1GST\EO1H2240692015363110PF","G:\001_TESE_Prof. Maciel_até 19-01-2026\006_TESE\Dados_Hypirion_29-12-2015\EO1H2240692015363110PF_1GST\EO1H2240692015363110PF\EO1H2240692015363110PF_B079_L1GST.TIF",".TIF","6915701","26/01/2026 16:06:56"
"EO1H2240692015363110PF_B080_L1GST.TIF","G:\001_TESE_Prof. Maciel_até 19-01-2026\006_TESE\Dados_Hypirion_29-12-2015\EO1H2240692015363110PF_1GST\EO1H2240692015363110PF","G:\001_TESE_Prof. Maciel_até 19-01-2026\006_TESE\Dados_Hypirion_29-12-2015\EO1H2240692015363110PF_1GST\EO1H2240692015363110PF\EO1H2240692015363110PF_B080_L1GST.TIF",".TIF","6915701","26/01/2026 16:06:56"
"EO1H2240692015363110PF_B081_L1GST.TIF","G:\001_TESE_Prof. Maciel_até 19-01-2026\006_TESE\Dados_Hypirion_29-12-2015\EO1H2240692015363110PF_1GST\EO1H2240692015363110PF","G:\001_TESE_Prof. Maciel_até 19-01-2026\006_TESE\Dados_Hypirion_29-12-2015\EO1H2240692015363110PF_1GST\EO1H2240692015363110PF\EO1H2240692015363110PF_B081_L1GST.TIF",".TIF","6915701","26/01/2026 16:06:56"
"EO1H2240692015363110PF_B082_L1GST.TIF","G:\001_TESE_Prof. Maciel_até 19-01-2026\006_TESE\Dados_Hypirion_29-12-2015\EO1H2240692015363110PF_1GST\EO1H2240692015363110PF","G:\001_TESE_Prof. Maciel_até 19-01-2026\006_TESE\Dados_Hypirion_29-12-2015\EO1H2240692015363110PF_1GST\EO1H2240692015363110PF\EO1H2240692015363110PF_B082_L1GST.TIF",".TIF","6915701","26/01/2026 16:06:54"
"EO1H2240692015363110PF_B083_L1GST.TIF","G:\001_TESE_Prof. Maciel_até 19-01-2026\006_TESE\Dados_Hypirion_29-12-2015\EO1H2240692015363110PF_1GST\EO1H2240692015363110PF","G:\001_TESE_Prof. Maciel_até 19-01-2026\006_TESE\Dados_Hypirion_29-12-2015\EO1H2240692015363110PF_1GST\EO1H2240692015363110PF\EO1H2240692015363110PF_B083_L1GST.TIF",".TIF","6915701","26/01/2026 16:06:57"
"EO1H2240692015363110PF_B084_L1GST.TIF","G:\001_TESE_Prof. Maciel_até 19-01-2026\006_TESE\Dados_Hypirion_29-12-2015\EO1H2240692015363110PF_1GST\EO1H2240692015363110PF","G:\001_TESE_Prof. Maciel_até 19-01-2026\006_TESE\Dados_Hypirion_29-12-2015\EO1H2240692015363110PF_1GST\EO1H2240692015363110PF\EO1H2240692015363110PF_B084_L1GST.TIF",".TIF","6915701","26/01/2026 16:06:56"
"EO1H2240692015363110PF_B085_L1GST.TIF","G:\001_TESE_Prof. Maciel_até 19-01-2026\006_TESE\Dados_Hypirion_29-12-2015\EO1H2240692015363110PF_1GST\EO1H2240692015363110PF","G:\001_TESE_Prof. Maciel_até 19-01-2026\006_TESE\Dados_Hypirion_29-12-2015\EO1H2240692015363110PF_1GST\EO1H2240692015363110PF\EO1H2240692015363110PF_B085_L1GST.TIF",".TIF","6915701","26/01/2026 16:06:58"
"EO1H2240692015363110PF_B086_L1GST.TIF","G:\001_TESE_Prof. Maciel_até 19-01-2026\006_TESE\Dados_Hypirion_29-12-2015\EO1H2240692015363110PF_1GST\EO1H2240692015363110PF","G:\001_TESE_Prof. Maciel_até 19-01-2026\006_TESE\Dados_Hypirion_29-12-2015\EO1H2240692015363110PF_1GST\EO1H2240692015363110PF\EO1H2240692015363110PF_B086_L1GST.TIF",".TIF","6915701","26/01/2026 16:06:55"
"EO1H2240692015363110PF_B087_L1GST.TIF","G:\001_TESE_Prof. Maciel_até 19-01-2026\006_TESE\Dados_Hypirion_29-12-2015\EO1H2240692015363110PF_1GST\EO1H2240692015363110PF","G:\001_TESE_Prof. Maciel_até 19-01-2026\006_TESE\Dados_Hypirion_29-12-2015\EO1H2240692015363110PF_1GST\EO1H2240692015363110PF\EO1H2240692015363110PF_B087_L1GST.TIF",".TIF","6915701","26/01/2026 16:06:55"
"EO1H2240692015363110PF_B088_L1GST.TIF","G:\001_TESE_Prof. Maciel_até 19-01-2026\006_TESE\Dados_Hypirion_29-12-2015\EO1H2240692015363110PF_1GST\EO1H2240692015363110PF","G:\001_TESE_Prof. Maciel_até 19-01-2026\006_TESE\Dados_Hypirion_29-12-2015\EO1H2240692015363110PF_1GST\EO1H2240692015363110PF\EO1H2240692015363110PF_B088_L1GST.TIF",".TIF","6915701","26/01/2026 16:06:59"
"EO1H2240692015363110PF_B089_L1GST.TIF","G:\001_TESE_Prof. Maciel_até 19-01-2026\006_TESE\Dados_Hypirion_29-12-2015\EO1H2240692015363110PF_1GST\EO1H2240692015363110PF","G:\001_TESE_Prof. Maciel_até 19-01-2026\006_TESE\Dados_Hypirion_29-12-2015\EO1H2240692015363110PF_1GST\EO1H2240692015363110PF\EO1H2240692015363110PF_B089_L1GST.TIF",".TIF","6915701","26/01/2026 16:06:53"
"EO1H2240692015363110PF_B090_L1GST.TIF","G:\001_TESE_Prof. Maciel_até 19-01-2026\006_TESE\Dados_Hypirion_29-12-2015\EO1H2240692015363110PF_1GST\EO1H2240692015363110PF","G:\001_TESE_Prof. Maciel_até 19-01-2026\006_TESE\Dados_Hypirion_29-12-2015\EO1H2240692015363110PF_1GST\EO1H2240692015363110PF\EO1H2240692015363110PF_B090_L1GST.TIF",".TIF","6915701","26/01/2026 16:06:59"
"EO1H2240692015363110PF_B091_L1GST.TIF","G:\001_TESE_Prof. Maciel_até 19-01-2026\006_TESE\Dados_Hypirion_29-12-2015\EO1H2240692015363110PF_1GST\EO1H2240692015363110PF","G:\001_TESE_Prof. Maciel_até 19-01-2026\006_TESE\Dados_Hypirion_29-12-2015\EO1H2240692015363110PF_1GST\EO1H2240692015363110PF\EO1H2240692015363110PF_B091_L1GST.TIF",".TIF","6915701","26/01/2026 16:06:56"
"EO1H2240692015363110PF_B092_L1GST.TIF","G:\001_TESE_Prof. Maciel_até 19-01-2026\006_TESE\Dados_Hypirion_29-12-2015\EO1H2240692015363110PF_1GST\EO1H2240692015363110PF","G:\001_TESE_Prof. Maciel_até 19-01-2026\006_TESE\Dados_Hypirion_29-12-2015\EO1H2240692015363110PF_1GST\EO1H2240692015363110PF\EO1H2240692015363110PF_B092_L1GST.TIF",".TIF","6915701","26/01/2026 16:06:54"
"EO1H2240692015363110PF_B093_L1GST.TIF","G:\001_TESE_Prof. Maciel_até 19-01-2026\006_TESE\Dados_Hypirion_29-12-2015\EO1H2240692015363110PF_1GST\EO1H2240692015363110PF","G:\001_TESE_Prof. Maciel_até 19-01-2026\006_TESE\Dados_Hypirion_29-12-2015\EO1H2240692015363110PF_1GST\EO1H2240692015363110PF\EO1H2240692015363110PF_B093_L1GST.TIF",".TIF","6915701","26/01/2026 16:06:55"
"EO1H2240692015363110PF_B094_L1GST.TIF","G:\001_TESE_Prof. Maciel_até 19-01-2026\006_TESE\Dados_Hypirion_29-12-2015\EO1H2240692015363110PF_1GST\EO1H2240692015363110PF","G:\001_TESE_Prof. Maciel_até 19-01-2026\006_TESE\Dados_Hypirion_29-12-2015\EO1H2240692015363110PF_1GST\EO1H2240692015363110PF\EO1H2240692015363110PF_B094_L1GST.TIF",".TIF","6915701","26/01/2026 16:06:57"
"EO1H2240692015363110PF_B095_L1GST.TIF","G:\001_TESE_Prof. Maciel_até 19-01-2026\006_TESE\Dados_Hypirion_29-12-2015\EO1H2240692015363110PF_1GST\EO1H2240692015363110PF","G:\001_TESE_Prof. Maciel_até 19-01-2026\006_TESE\Dados_Hypirion_29-12-2015\EO1H2240692015363110PF_1GST\EO1H2240692015363110PF\EO1H2240692015363110PF_B095_L1GST.TIF",".TIF","6915701","26/01/2026 16:06:58"
"EO1H2240692015363110PF_B096_L1GST.TIF","G:\001_TESE_Prof. Maciel_até 19-01-2026\006_TESE\Dados_Hypirion_29-12-2015\EO1H2240692015363110PF_1GST\EO1H2240692015363110PF","G:\001_TESE_Prof. Maciel_até 19-01-2026\006_TESE\Dados_Hypirion_29-12-2015\EO1H2240692015363110PF_1GST\EO1H2240692015363110PF\EO1H2240692015363110PF_B096_L1GST.TIF",".TIF","6915701","26/01/2026 16:06:58"
"EO1H2240692015363110PF_B097_L1GST.TIF","G:\001_TESE_Prof. Maciel_até 19-01-2026\006_TESE\Dados_Hypirion_29-12-2015\EO1H2240692015363110PF_1GST\EO1H2240692015363110PF","G:\001_TESE_Prof. Maciel_até 19-01-2026\006_TESE\Dados_Hypirion_29-12-2015\EO1H2240692015363110PF_1GST\EO1H2240692015363110PF\EO1H2240692015363110PF_B097_L1GST.TIF",".TIF","6915701","26/01/2026 16:06:55"
"EO1H2240692015363110PF_B098_L1GST.TIF","G:\001_TESE_Prof. Maciel_até 19-01-2026\006_TESE\Dados_Hypirion_29-12-2015\EO1H2240692015363110PF_1GST\EO1H2240692015363110PF","G:\001_TESE_Prof. Maciel_até 19-01-2026\006_TESE\Dados_Hypirion_29-12-2015\EO1H2240692015363110PF_1GST\EO1H2240692015363110PF\EO1H2240692015363110PF_B098_L1GST.TIF",".TIF","6915701","26/01/2026 16:06:58"
"EO1H2240692015363110PF_B099_L1GST.TIF","G:\001_TESE_Prof. Maciel_até 19-01-2026\006_TESE\Dados_Hypirion_29-12-2015\EO1H2240692015363110PF_1GST\EO1H2240692015363110PF","G:\001_TESE_Prof. Maciel_até 19-01-2026\006_TESE\Dados_Hypirion_29-12-2015\EO1H2240692015363110PF_1GST\EO1H2240692015363110PF\EO1H2240692015363110PF_B099_L1GST.TIF",".TIF","6915701","26/01/2026 16:06:55"
"EO1H2240692015363110PF_B100_L1GST.TIF","G:\001_TESE_Prof. Maciel_até 19-01-2026\006_TESE\Dados_Hypirion_29-12-2015\EO1H2240692015363110PF_1GST\EO1H2240692015363110PF","G:\001_TESE_Prof. Maciel_até 19-01-2026\006_TESE\Dados_Hypirion_29-12-2015\EO1H2240692015363110PF_1GST\EO1H2240692015363110PF\EO1H2240692015363110PF_B100_L1GST.TIF",".TIF","6915701","26/01/2026 16:06:53"
"EO1H2240692015363110PF_B101_L1GST.TIF","G:\001_TESE_Prof. Maciel_até 19-01-2026\006_TESE\Dados_Hypirion_29-12-2015\EO1H2240692015363110PF_1GST\EO1H2240692015363110PF","G:\001_TESE_Prof. Maciel_até 19-01-2026\006_TESE\Dados_Hypirion_29-12-2015\EO1H2240692015363110PF_1GST\EO1H2240692015363110PF\EO1H2240692015363110PF_B101_L1GST.TIF",".TIF","6915701","26/01/2026 16:06:54"
"EO1H2240692015363110PF_B102_L1GST.TIF","G:\001_TESE_Prof. Maciel_até 19-01-2026\006_TESE\Dados_Hypirion_29-12-2015\EO1H2240692015363110PF_1GST\EO1H2240692015363110PF","G:\001_TESE_Prof. Maciel_até 19-01-2026\006_TESE\Dados_Hypirion_29-12-2015\EO1H2240692015363110PF_1GST\EO1H2240692015363110PF\EO1H2240692015363110PF_B102_L1GST.TIF",".TIF","6915701","26/01/2026 16:06:59"
"EO1H2240692015363110PF_B103_L1GST.TIF","G:\001_TESE_Prof. Maciel_até 19-01-2026\006_TESE\Dados_Hypirion_29-12-2015\EO1H2240692015363110PF_1GST\EO1H2240692015363110PF","G:\001_TESE_Prof. Maciel_até 19-01-2026\006_TESE\Dados_Hypirion_29-12-2015\EO1H2240692015363110PF_1GST\EO1H2240692015363110PF\EO1H2240692015363110PF_B103_L1GST.TIF",".TIF","6915701","26/01/2026 16:06:54"
"EO1H2240692015363110PF_B104_L1GST.TIF","G:\001_TESE_Prof. Maciel_até 19-01-2026\006_TESE\Dados_Hypirion_29-12-2015\EO1H2240692015363110PF_1GST\EO1H2240692015363110PF","G:\001_TESE_Prof. Maciel_até 19-01-2026\006_TESE\Dados_Hypirion_29-12-2015\EO1H2240692015363110PF_1GST\EO1H2240692015363110PF\EO1H2240692015363110PF_B104_L1GST.TIF",".TIF","6915701","26/01/2026 16:06:54"
"EO1H2240692015363110PF_B105_L1GST.TIF","G:\001_TESE_Prof. Maciel_até 19-01-2026\006_TESE\Dados_Hypirion_29-12-2015\EO1H2240692015363110PF_1GST\EO1H2240692015363110PF","G:\001_TESE_Prof. Maciel_até 19-01-2026\006_TESE\Dados_Hypirion_29-12-2015\EO1H2240692015363110PF_1GST\EO1H2240692015363110PF\EO1H2240692015363110PF_B105_L1GST.TIF",".TIF","6915701","26/01/2026 16:06:56"
"EO1H2240692015363110PF_B106_L1GST.TIF","G:\001_TESE_Prof. Maciel_até 19-01-2026\006_TESE\Dados_Hypirion_29-12-2015\EO1H2240692015363110PF_1GST\EO1H2240692015363110PF","G:\001_TESE_Prof. Maciel_até 19-01-2026\006_TESE\Dados_Hypirion_29-12-2015\EO1H2240692015363110PF_1GST\EO1H2240692015363110PF\EO1H2240692015363110PF_B106_L1GST.TIF",".TIF","6915701","26/01/2026 16:06:53"
"EO1H2240692015363110PF_B107_L1GST.TIF","G:\001_TESE_Prof. Maciel_até 19-01-2026\006_TESE\Dados_Hypirion_29-12-2015\EO1H2240692015363110PF_1GST\EO1H2240692015363110PF","G:\001_TESE_Prof. Maciel_até 19-01-2026\006_TESE\Dados_Hypirion_29-12-2015\EO1H2240692015363110PF_1GST\EO1H2240692015363110PF\EO1H2240692015363110PF_B107_L1GST.TIF",".TIF","6915701","26/01/2026 16:06:54"
"EO1H2240692015363110PF_B108_L1GST.TIF","G:\001_TESE_Prof. Maciel_até 19-01-2026\006_TESE\Dados_Hypirion_29-12-2015\EO1H2240692015363110PF_1GST\EO1H2240692015363110PF","G:\001_TESE_Prof. Maciel_até 19-01-2026\006_TESE\Dados_Hypirion_29-12-2015\EO1H2240692015363110PF_1GST\EO1H2240692015363110PF\EO1H2240692015363110PF_B108_L1GST.TIF",".TIF","6915701","26/01/2026 16:06:58"
"EO1H2240692015363110PF_B109_L1GST.TIF","G:\001_TESE_Prof. Maciel_até 19-01-2026\006_TESE\Dados_Hypirion_29-12-2015\EO1H2240692015363110PF_1GST\EO1H2240692015363110PF","G:\001_TESE_Prof. Maciel_até 19-01-2026\006_TESE\Dados_Hypirion_29-12-2015\EO1H2240692015363110PF_1GST\EO1H2240692015363110PF\EO1H2240692015363110PF_B109_L1GST.TIF",".TIF","6915701","26/01/2026 16:06:55"
"EO1H2240692015363110PF_B110_L1GST.TIF","G:\001_TESE_Prof. Maciel_até 19-01-2026\006_TESE\Dados_Hypirion_29-12-2015\EO1H2240692015363110PF_1GST\EO1H2240692015363110PF","G:\001_TESE_Prof. Maciel_até 19-01-2026\006_TESE\Dados_Hypirion_29-12-2015\EO1H2240692015363110PF_1GST\EO1H2240692015363110PF\EO1H2240692015363110PF_B110_L1GST.TIF",".TIF","6915701","26/01/2026 16:06:55"
"EO1H2240692015363110PF_B111_L1GST.TIF","G:\001_TESE_Prof. Maciel_até 19-01-2026\006_TESE\Dados_Hypirion_29-12-2015\EO1H2240692015363110PF_1GST\EO1H2240692015363110PF","G:\001_TESE_Prof. Maciel_até 19-01-2026\006_TESE\Dados_Hypirion_29-12-2015\EO1H2240692015363110PF_1GST\EO1H2240692015363110PF\EO1H2240692015363110PF_B111_L1GST.TIF",".TIF","6915701","26/01/2026 16:06:58"
"EO1H2240692015363110PF_B112_L1GST.TIF","G:\001_TESE_Prof. Maciel_até 19-01-2026\006_TESE\Dados_Hypirion_29-12-2015\EO1H2240692015363110PF_1GST\EO1H2240692015363110PF","G:\001_TESE_Prof. Maciel_até 19-01-2026\006_TESE\Dados_Hypirion_29-12-2015\EO1H2240692015363110PF_1GST\EO1H2240692015363110PF\EO1H2240692015363110PF_B112_L1GST.TIF",".TIF","6915701","26/01/2026 16:06:58"
"EO1H2240692015363110PF_B113_L1GST.TIF","G:\001_TESE_Prof. Maciel_até 19-01-2026\006_TESE\Dados_Hypirion_29-12-2015\EO1H2240692015363110PF_1GST\EO1H2240692015363110PF","G:\001_TESE_Prof. Maciel_até 19-01-2026\006_TESE\Dados_Hypirion_29-12-2015\EO1H2240692015363110PF_1GST\EO1H2240692015363110PF\EO1H2240692015363110PF_B113_L1GST.TIF",".TIF","6915701","26/01/2026 16:06:58"
"EO1H2240692015363110PF_B114_L1GST.TIF","G:\001_TESE_Prof. Maciel_até 19-01-2026\006_TESE\Dados_Hypirion_29-12-2015\EO1H2240692015363110PF_1GST\EO1H2240692015363110PF","G:\001_TESE_Prof. Maciel_até 19-01-2026\006_TESE\Dados_Hypirion_29-12-2015\EO1H2240692015363110PF_1GST\EO1H2240692015363110PF\EO1H2240692015363110PF_B114_L1GST.TIF",".TIF","6915701","26/01/2026 16:06:57"
"EO1H2240692015363110PF_B115_L1GST.TIF","G:\001_TESE_Prof. Maciel_até 19-01-2026\006_TESE\Dados_Hypirion_29-12-2015\EO1H2240692015363110PF_1GST\EO1H2240692015363110PF","G:\001_TESE_Prof. Maciel_até 19-01-2026\006_TESE\Dados_Hypirion_29-12-2015\EO1H2240692015363110PF_1GST\EO1H2240692015363110PF\EO1H2240692015363110PF_B115_L1GST.TIF",".TIF","6915701","26/01/2026 16:06:58"
"EO1H2240692015363110PF_B116_L1GST.TIF","G:\001_TESE_Prof. Maciel_até 19-01-2026\006_TESE\Dados_Hypirion_29-12-2015\EO1H2240692015363110PF_1GST\EO1H2240692015363110PF","G:\001_TESE_Prof. Maciel_até 19-01-2026\006_TESE\Dados_Hypirion_29-12-2015\EO1H2240692015363110PF_1GST\EO1H2240692015363110PF\EO1H2240692015363110PF_B116_L1GST.TIF",".TIF","6915701","26/01/2026 16:06:55"
"EO1H2240692015363110PF_B117_L1GST.TIF","G:\001_TESE_Prof. Maciel_até 19-01-2026\006_TESE\Dados_Hypirion_29-12-2015\EO1H2240692015363110PF_1GST\EO1H2240692015363110PF","G:\001_TESE_Prof. Maciel_até 19-01-2026\006_TESE\Dados_Hypirion_29-12-2015\EO1H2240692015363110PF_1GST\EO1H2240692015363110PF\EO1H2240692015363110PF_B117_L1GST.TIF",".TIF","6915701","26/01/2026 16:06:56"
"EO1H2240692015363110PF_B118_L1GST.TIF","G:\001_TESE_Prof. Maciel_até 19-01-2026\006_TESE\Dados_Hypirion_29-12-2015\EO1H2240692015363110PF_1GST\EO1H2240692015363110PF","G:\001_TESE_Prof. Maciel_até 19-01-2026\006_TESE\Dados_Hypirion_29-12-2015\EO1H2240692015363110PF_1GST\EO1H2240692015363110PF\EO1H2240692015363110PF_B118_L1GST.TIF",".TIF","6915701","26/01/2026 16:06:59"
"EO1H2240692015363110PF_B119_L1GST.TIF","G:\001_TESE_Prof. Maciel_até 19-01-2026\006_TESE\Dados_Hypirion_29-12-2015\EO1H2240692015363110PF_1GST\EO1H2240692015363110PF","G:\001_TESE_Prof. Maciel_até 19-01-2026\006_TESE\Dados_Hypirion_29-12-2015\EO1H2240692015363110PF_1GST\EO1H2240692015363110PF\EO1H2240692015363110PF_B119_L1GST.TIF",".TIF","6915701","26/01/2026 16:06:54"
"EO1H2240692015363110PF_B120_L1GST.TIF","G:\001_TESE_Prof. Maciel_até 19-01-2026\006_TESE\Dados_Hypirion_29-12-2015\EO1H2240692015363110PF_1GST\EO1H2240692015363110PF","G:\001_TESE_Prof. Maciel_até 19-01-2026\006_TESE\Dados_Hypirion_29-12-2015\EO1H2240692015363110PF_1GST\EO1H2240692015363110PF\EO1H2240692015363110PF_B120_L1GST.TIF",".TIF","6915701","26/01/2026 16:06:58"
"EO1H2240692015363110PF_B121_L1GST.TIF","G:\001_TESE_Prof. Maciel_até 19-01-2026\006_TESE\Dados_Hypirion_29-12-2015\EO1H2240692015363110PF_1GST\EO1H2240692015363110PF","G:\001_TESE_Prof. Maciel_até 19-01-2026\006_TESE\Dados_Hypirion_29-12-2015\EO1H2240692015363110PF_1GST\EO1H2240692015363110PF\EO1H2240692015363110PF_B121_L1GST.TIF",".TIF","6915701","26/01/2026 16:06:55"
"EO1H2240692015363110PF_B122_L1GST.TIF","G:\001_TESE_Prof. Maciel_até 19-01-2026\006_TESE\Dados_Hypirion_29-12-2015\EO1H2240692015363110PF_1GST\EO1H2240692015363110PF","G:\001_TESE_Prof. Maciel_até 19-01-2026\006_TESE\Dados_Hypirion_29-12-2015\EO1H2240692015363110PF_1GST\EO1H2240692015363110PF\EO1H2240692015363110PF_B122_L1GST.TIF",".TIF","6915701","26/01/2026 16:06:57"
"EO1H2240692015363110PF_B123_L1GST.TIF","G:\001_TESE_Prof. Maciel_até 19-01-2026\006_TESE\Dados_Hypirion_29-12-2015\EO1H2240692015363110PF_1GST\EO1H2240692015363110PF","G:\001_TESE_Prof. Maciel_até 19-01-2026\006_TESE\Dados_Hypirion_29-12-2015\EO1H2240692015363110PF_1GST\EO1H2240692015363110PF\EO1H2240692015363110PF_B123_L1GST.TIF",".TIF","6915701","26/01/2026 16:06:56"
"EO1H2240692015363110PF_B124_L1GST.TIF","G:\001_TESE_Prof. Maciel_até 19-01-2026\006_TESE\Dados_Hypirion_29-12-2015\EO1H2240692015363110PF_1GST\EO1H2240692015363110PF","G:\001_TESE_Prof. Maciel_até 19-01-2026\006_TESE\Dados_Hypirion_29-12-2015\EO1H2240692015363110PF_1GST\EO1H2240692015363110PF\EO1H2240692015363110PF_B124_L1GST.TIF",".TIF","6915701","26/01/2026 16:06:54"
"EO1H2240692015363110PF_B125_L1GST.TIF","G:\001_TESE_Prof. Maciel_até 19-01-2026\006_TESE\Dados_Hypirion_29-12-2015\EO1H2240692015363110PF_1GST\EO1H2240692015363110PF","G:\001_TESE_Prof. Maciel_até 19-01-2026\006_TESE\Dados_Hypirion_29-12-2015\EO1H2240692015363110PF_1GST\EO1H2240692015363110PF\EO1H2240692015363110PF_B125_L1GST.TIF",".TIF","6915701","26/01/2026 16:06:56"
"EO1H2240692015363110PF_B126_L1GST.TIF","G:\001_TESE_Prof. Maciel_até 19-01-2026\006_TESE\Dados_Hypirion_29-12-2015\EO1H2240692015363110PF_1GST\EO1H2240692015363110PF","G:\001_TESE_Prof. Maciel_até 19-01-2026\006_TESE\Dados_Hypirion_29-12-2015\EO1H2240692015363110PF_1GST\EO1H2240692015363110PF\EO1H2240692015363110PF_B126_L1GST.TIF",".TIF","6915701","26/01/2026 16:06:58"
"EO1H2240692015363110PF_B127_L1GST.TIF","G:\001_TESE_Prof. Maciel_até 19-01-2026\006_TESE\Dados_Hypirion_29-12-2015\EO1H2240692015363110PF_1GST\EO1H2240692015363110PF","G:\001_TESE_Prof. Maciel_até 19-01-2026\006_TESE\Dados_Hypirion_29-12-2015\EO1H2240692015363110PF_1GST\EO1H2240692015363110PF\EO1H2240692015363110PF_B127_L1GST.TIF",".TIF","6915701","26/01/2026 16:06:53"
"EO1H2240692015363110PF_B128_L1GST.TIF","G:\001_TESE_Prof. Maciel_até 19-01-2026\006_TESE\Dados_Hypirion_29-12-2015\EO1H2240692015363110PF_1GST\EO1H2240692015363110PF","G:\001_TESE_Prof. Maciel_até 19-01-2026\006_TESE\Dados_Hypirion_29-12-2015\EO1H2240692015363110PF_1GST\EO1H2240692015363110PF\EO1H2240692015363110PF_B128_L1GST.TIF",".TIF","6915701","26/01/2026 16:06:58"
"EO1H2240692015363110PF_B129_L1GST.TIF","G:\001_TESE_Prof. Maciel_até 19-01-2026\006_TESE\Dados_Hypirion_29-12-2015\EO1H2240692015363110PF_1GST\EO1H2240692015363110PF","G:\001_TESE_Prof. Maciel_até 19-01-2026\006_TESE\Dados_Hypirion_29-12-2015\EO1H2240692015363110PF_1GST\EO1H2240692015363110PF\EO1H2240692015363110PF_B129_L1GST.TIF",".TIF","6915701","26/01/2026 16:06:59"
"EO1H2240692015363110PF_B130_L1GST.TIF","G:\001_TESE_Prof. Maciel_até 19-01-2026\006_TESE\Dados_Hypirion_29-12-2015\EO1H2240692015363110PF_1GST\EO1H2240692015363110PF","G:\001_TESE_Prof. Maciel_até 19-01-2026\006_TESE\Dados_Hypirion_29-12-2015\EO1H2240692015363110PF_1GST\EO1H2240692015363110PF\EO1H2240692015363110PF_B130_L1GST.TIF",".TIF","6915701","26/01/2026 16:06:55"
"EO1H2240692015363110PF_B131_L1GST.TIF","G:\001_TESE_Prof. Maciel_até 19-01-2026\006_TESE\Dados_Hypirion_29-12-2015\EO1H2240692015363110PF_1GST\EO1H2240692015363110PF","G:\001_TESE_Prof. Maciel_até 19-01-2026\006_TESE\Dados_Hypirion_29-12-2015\EO1H2240692015363110PF_1GST\EO1H2240692015363110PF\EO1H2240692015363110PF_B131_L1GST.TIF",".TIF","6915701","26/01/2026 16:06:58"
"EO1H2240692015363110PF_B132_L1GST.TIF","G:\001_TESE_Prof. Maciel_até 19-01-2026\006_TESE\Dados_Hypirion_29-12-2015\EO1H2240692015363110PF_1GST\EO1H2240692015363110PF","G:\001_TESE_Prof. Maciel_até 19-01-2026\006_TESE\Dados_Hypirion_29-12-2015\EO1H2240692015363110PF_1GST\EO1H2240692015363110PF\EO1H2240692015363110PF_B132_L1GST.TIF",".TIF","6915701","26/01/2026 16:06:54"
"EO1H2240692015363110PF_B133_L1GST.TIF","G:\001_TESE_Prof. Maciel_até 19-01-2026\006_TESE\Dados_Hypirion_29-12-2015\EO1H2240692015363110PF_1GST\EO1H2240692015363110PF","G:\001_TESE_Prof. Maciel_até 19-01-2026\006_TESE\Dados_Hypirion_29-12-2015\EO1H2240692015363110PF_1GST\EO1H2240692015363110PF\EO1H2240692015363110PF_B133_L1GST.TIF",".TIF","6915701","26/01/2026 16:06:57"
"EO1H2240692015363110PF_B134_L1GST.TIF","G:\001_TESE_Prof. Maciel_até 19-01-2026\006_TESE\Dados_Hypirion_29-12-2015\EO1H2240692015363110PF_1GST\EO1H2240692015363110PF","G:\001_TESE_Prof. Maciel_até 19-01-2026\006_TESE\Dados_Hypirion_29-12-2015\EO1H2240692015363110PF_1GST\EO1H2240692015363110PF\EO1H2240692015363110PF_B134_L1GST.TIF",".TIF","6915701","26/01/2026 16:06:57"
"EO1H2240692015363110PF_B135_L1GST.TIF","G:\001_TESE_Prof. Maciel_até 19-01-2026\006_TESE\Dados_Hypirion_29-12-2015\EO1H2240692015363110PF_1GST\EO1H2240692015363110PF","G:\001_TESE_Prof. Maciel_até 19-01-2026\006_TESE\Dados_Hypirion_29-12-2015\EO1H2240692015363110PF_1GST\EO1H2240692015363110PF\EO1H2240692015363110PF_B135_L1GST.TIF",".TIF","6915701","26/01/2026 16:06:55"
"EO1H2240692015363110PF_B136_L1GST.TIF","G:\001_TESE_Prof. Maciel_até 19-01-2026\006_TESE\Dados_Hypirion_29-12-2015\EO1H2240692015363110PF_1GST\EO1H2240692015363110PF","G:\001_TESE_Prof. Maciel_até 19-01-2026\006_TESE\Dados_Hypirion_29-12-2015\EO1H2240692015363110PF_1GST\EO1H2240692015363110PF\EO1H2240692015363110PF_B136_L1GST.TIF",".TIF","6915701","26/01/2026 16:06:57"
"EO1H2240692015363110PF_B137_L1GST.TIF","G:\001_TESE_Prof. Maciel_até 19-01-2026\006_TESE\Dados_Hypirion_29-12-2015\EO1H2240692015363110PF_1GST\EO1H2240692015363110PF","G:\001_TESE_Prof. Maciel_até 19-01-2026\006_TESE\Dados_Hypirion_29-12-2015\EO1H2240692015363110PF_1GST\EO1H2240692015363110PF\EO1H2240692015363110PF_B137_L1GST.TIF",".TIF","6915701","26/01/2026 16:06:56"
"EO1H2240692015363110PF_B138_L1GST.TIF","G:\001_TESE_Prof. Maciel_até 19-01-2026\006_TESE\Dados_Hypirion_29-12-2015\EO1H2240692015363110PF_1GST\EO1H2240692015363110PF","G:\001_TESE_Prof. Maciel_até 19-01-2026\006_TESE\Dados_Hypirion_29-12-2015\EO1H2240692015363110PF_1GST\EO1H2240692015363110PF\EO1H2240692015363110PF_B138_L1GST.TIF",".TIF","6915701","26/01/2026 16:06:54"
"EO1H2240692015363110PF_B139_L1GST.TIF","G:\001_TESE_Prof. Maciel_até 19-01-2026\006_TESE\Dados_Hypirion_29-12-2015\EO1H2240692015363110PF_1GST\EO1H2240692015363110PF","G:\001_TESE_Prof. Maciel_até 19-01-2026\006_TESE\Dados_Hypirion_29-12-2015\EO1H2240692015363110PF_1GST\EO1H2240692015363110PF\EO1H2240692015363110PF_B139_L1GST.TIF",".TIF","6915701","26/01/2026 16:06:54"
"EO1H2240692015363110PF_B140_L1GST.TIF","G:\001_TESE_Prof. Maciel_até 19-01-2026\006_TESE\Dados_Hypirion_29-12-2015\EO1H2240692015363110PF_1GST\EO1H2240692015363110PF","G:\001_TESE_Prof. Maciel_até 19-01-2026\006_TESE\Dados_Hypirion_29-12-2015\EO1H2240692015363110PF_1GST\EO1H2240692015363110PF\EO1H2240692015363110PF_B140_L1GST.TIF",".TIF","6915701","26/01/2026 16:06:55"
"EO1H2240692015363110PF_B141_L1GST.TIF","G:\001_TESE_Prof. Maciel_até 19-01-2026\006_TESE\Dados_Hypirion_29-12-2015\EO1H2240692015363110PF_1GST\EO1H2240692015363110PF","G:\001_TESE_Prof. Maciel_até 19-01-2026\006_TESE\Dados_Hypirion_29-12-2015\EO1H2240692015363110PF_1GST\EO1H2240692015363110PF\EO1H2240692015363110PF_B141_L1GST.TIF",".TIF","6915701","26/01/2026 16:06:59"
"EO1H2240692015363110PF_B142_L1GST.TIF","G:\001_TESE_Prof. Maciel_até 19-01-2026\006_TESE\Dados_Hypirion_29-12-2015\EO1H2240692015363110PF_1GST\EO1H2240692015363110PF","G:\001_TESE_Prof. Maciel_até 19-01-2026\006_TESE\Dados_Hypirion_29-12-2015\EO1H2240692015363110PF_1GST\EO1H2240692015363110PF\EO1H2240692015363110PF_B142_L1GST.TIF",".TIF","6915701","26/01/2026 16:06:59"
"EO1H2240692015363110PF_B143_L1GST.TIF","G:\001_TESE_Prof. Maciel_até 19-01-2026\006_TESE\Dados_Hypirion_29-12-2015\EO1H2240692015363110PF_1GST\EO1H2240692015363110PF","G:\001_TESE_Prof. Maciel_até 19-01-2026\006_TESE\Dados_Hypirion_29-12-2015\EO1H2240692015363110PF_1GST\EO1H2240692015363110PF\EO1H2240692015363110PF_B143_L1GST.TIF",".TIF","6915701","26/01/2026 16:06:54"
"EO1H2240692015363110PF_B144_L1GST.TIF","G:\001_TESE_Prof. Maciel_até 19-01-2026\006_TESE\Dados_Hypirion_29-12-2015\EO1H2240692015363110PF_1GST\EO1H2240692015363110PF","G:\001_TESE_Prof. Maciel_até 19-01-2026\006_TESE\Dados_Hypirion_29-12-2015\EO1H2240692015363110PF_1GST\EO1H2240692015363110PF\EO1H2240692015363110PF_B144_L1GST.TIF",".TIF","6915701","26/01/2026 16:06:54"
"EO1H2240692015363110PF_B145_L1GST.TIF","G:\001_TESE_Prof. Maciel_até 19-01-2026\006_TESE\Dados_Hypirion_29-12-2015\EO1H2240692015363110PF_1GST\EO1H2240692015363110PF","G:\001_TESE_Prof. Maciel_até 19-01-2026\006_TESE\Dados_Hypirion_29-12-2015\EO1H2240692015363110PF_1GST\EO1H2240692015363110PF\EO1H2240692015363110PF_B145_L1GST.TIF",".TIF","6915701","26/01/2026 16:06:56"
"EO1H2240692015363110PF_B146_L1GST.TIF","G:\001_TESE_Prof. Maciel_até 19-01-2026\006_TESE\Dados_Hypirion_29-12-2015\EO1H2240692015363110PF_1GST\EO1H2240692015363110PF","G:\001_TESE_Prof. Maciel_até 19-01-2026\006_TESE\Dados_Hypirion_29-12-2015\EO1H2240692015363110PF_1GST\EO1H2240692015363110PF\EO1H2240692015363110PF_B146_L1GST.TIF",".TIF","6915701","26/01/2026 16:06:57"
"EO1H2240692015363110PF_B147_L1GST.TIF","G:\001_TESE_Prof. Maciel_até 19-01-2026\006_TESE\Dados_Hypirion_29-12-2015\EO1H2240692015363110PF_1GST\EO1H2240692015363110PF","G:\001_TESE_Prof. Maciel_até 19-01-2026\006_TESE\Dados_Hypirion_29-12-2015\EO1H2240692015363110PF_1GST\EO1H2240692015363110PF\EO1H2240692015363110PF_B147_L1GST.TIF",".TIF","6915701","26/01/2026 16:06:58"
"EO1H2240692015363110PF_B148_L1GST.TIF","G:\001_TESE_Prof. Maciel_até 19-01-2026\006_TESE\Dados_Hypirion_29-12-2015\EO1H2240692015363110PF_1GST\EO1H2240692015363110PF","G:\001_TESE_Prof. Maciel_até 19-01-2026\006_TESE\Dados_Hypirion_29-12-2015\EO1H2240692015363110PF_1GST\EO1H2240692015363110PF\EO1H2240692015363110PF_B148_L1GST.TIF",".TIF","6915701","26/01/2026 16:06:57"
"EO1H2240692015363110PF_B149_L1GST.TIF","G:\001_TESE_Prof. Maciel_até 19-01-2026\006_TESE\Dados_Hypirion_29-12-2015\EO1H2240692015363110PF_1GST\EO1H2240692015363110PF","G:\001_TESE_Prof. Maciel_até 19-01-2026\006_TESE\Dados_Hypirion_29-12-2015\EO1H2240692015363110PF_1GST\EO1H2240692015363110PF\EO1H2240692015363110PF_B149_L1GST.TIF",".TIF","6915701","26/01/2026 16:06:57"
"EO1H2240692015363110PF_B150_L1GST.TIF","G:\001_TESE_Prof. Maciel_até 19-01-2026\006_TESE\Dados_Hypirion_29-12-2015\EO1H2240692015363110PF_1GST\EO1H2240692015363110PF","G:\001_TESE_Prof. Maciel_até 19-01-2026\006_TESE\Dados_Hypirion_29-12-2015\EO1H2240692015363110PF_1GST\EO1H2240692015363110PF\EO1H2240692015363110PF_B150_L1GST.TIF",".TIF","6915701","26/01/2026 16:06:57"
"EO1H2240692015363110PF_B151_L1GST.TIF","G:\001_TESE_Prof. Maciel_até 19-01-2026\006_TESE\Dados_Hypirion_29-12-2015\EO1H2240692015363110PF_1GST\EO1H2240692015363110PF","G:\001_TESE_Prof. Maciel_até 19-01-2026\006_TESE\Dados_Hypirion_29-12-2015\EO1H2240692015363110PF_1GST\EO1H2240692015363110PF\EO1H2240692015363110PF_B151_L1GST.TIF",".TIF","6915701","26/01/2026 16:06:57"
"EO1H2240692015363110PF_B152_L1GST.TIF","G:\001_TESE_Prof. Maciel_até 19-01-2026\006_TESE\Dados_Hypirion_29-12-2015\EO1H2240692015363110PF_1GST\EO1H2240692015363110PF","G:\001_TESE_Prof. Maciel_até 19-01-2026\006_TESE\Dados_Hypirion_29-12-2015\EO1H2240692015363110PF_1GST\EO1H2240692015363110PF\EO1H2240692015363110PF_B152_L1GST.TIF",".TIF","6915701","26/01/2026 16:06:58"
"EO1H2240692015363110PF_B153_L1GST.TIF","G:\001_TESE_Prof. Maciel_até 19-01-2026\006_TESE\Dados_Hypirion_29-12-2015\EO1H2240692015363110PF_1GST\EO1H2240692015363110PF","G:\001_TESE_Prof. Maciel_até 19-01-2026\006_TESE\Dados_Hypirion_29-12-2015\EO1H2240692015363110PF_1GST\EO1H2240692015363110PF\EO1H2240692015363110PF_B153_L1GST.TIF",".TIF","6915701","26/01/2026 16:06:54"
"EO1H2240692015363110PF_B154_L1GST.TIF","G:\001_TESE_Prof. Maciel_até 19-01-2026\006_TESE\Dados_Hypirion_29-12-2015\EO1H2240692015363110PF_1GST\EO1H2240692015363110PF","G:\001_TESE_Prof. Maciel_até 19-01-2026\006_TESE\Dados_Hypirion_29-12-2015\EO1H2240692015363110PF_1GST\EO1H2240692015363110PF\EO1H2240692015363110PF_B154_L1GST.TIF",".TIF","6915701","26/01/2026 16:06:55"
"EO1H2240692015363110PF_B155_L1GST.TIF","G:\001_TESE_Prof. Maciel_até 19-01-2026\006_TESE\Dados_Hypirion_29-12-2015\EO1H2240692015363110PF_1GST\EO1H2240692015363110PF","G:\001_TESE_Prof. Maciel_até 19-01-2026\006_TESE\Dados_Hypirion_29-12-2015\EO1H2240692015363110PF_1GST\EO1H2240692015363110PF\EO1H2240692015363110PF_B155_L1GST.TIF",".TIF","6915701","26/01/2026 16:06:55"
"EO1H2240692015363110PF_B156_L1GST.TIF","G:\001_TESE_Prof. Maciel_até 19-01-2026\006_TESE\Dados_Hypirion_29-12-2015\EO1H2240692015363110PF_1GST\EO1H2240692015363110PF","G:\001_TESE_Prof. Maciel_até 19-01-2026\006_TESE\Dados_Hypirion_29-12-2015\EO1H2240692015363110PF_1GST\EO1H2240692015363110PF\EO1H2240692015363110PF_B156_L1GST.TIF",".TIF","6915701","26/01/2026 16:06:58"
"EO1H2240692015363110PF_B157_L1GST.TIF","G:\001_TESE_Prof. Maciel_até 19-01-2026\006_TESE\Dados_Hypirion_29-12-2015\EO1H2240692015363110PF_1GST\EO1H2240692015363110PF","G:\001_TESE_Prof. Maciel_até 19-01-2026\006_TESE\Dados_Hypirion_29-12-2015\EO1H2240692015363110PF_1GST\EO1H2240692015363110PF\EO1H2240692015363110PF_B157_L1GST.TIF",".TIF","6915701","26/01/2026 16:06:55"
"EO1H2240692015363110PF_B158_L1GST.TIF","G:\001_TESE_Prof. Maciel_até 19-01-2026\006_TESE\Dados_Hypirion_29-12-2015\EO1H2240692015363110PF_1GST\EO1H2240692015363110PF","G:\001_TESE_Prof. Maciel_até 19-01-2026\006_TESE\Dados_Hypirion_29-12-2015\EO1H2240692015363110PF_1GST\EO1H2240692015363110PF\EO1H2240692015363110PF_B158_L1GST.TIF",".TIF","6915701","26/01/2026 16:06:54"
"EO1H2240692015363110PF_B159_L1GST.TIF","G:\001_TESE_Prof. Maciel_até 19-01-2026\006_TESE\Dados_Hypirion_29-12-2015\EO1H2240692015363110PF_1GST\EO1H2240692015363110PF","G:\001_TESE_Prof. Maciel_até 19-01-2026\006_TESE\Dados_Hypirion_29-12-2015\EO1H2240692015363110PF_1GST\EO1H2240692015363110PF\EO1H2240692015363110PF_B159_L1GST.TIF",".TIF","6915701","26/01/2026 16:06:57"
"EO1H2240692015363110PF_B160_L1GST.TIF","G:\001_TESE_Prof. Maciel_até 19-01-2026\006_TESE\Dados_Hypirion_29-12-2015\EO1H2240692015363110PF_1GST\EO1H2240692015363110PF","G:\001_TESE_Prof. Maciel_até 19-01-2026\006_TESE\Dados_Hypirion_29-12-2015\EO1H2240692015363110PF_1GST\EO1H2240692015363110PF\EO1H2240692015363110PF_B160_L1GST.TIF",".TIF","6915701","26/01/2026 16:06:55"
"EO1H2240692015363110PF_B161_L1GST.TIF","G:\001_TESE_Prof. Maciel_até 19-01-2026\006_TESE\Dados_Hypirion_29-12-2015\EO1H2240692015363110PF_1GST\EO1H2240692015363110PF","G:\001_TESE_Prof. Maciel_até 19-01-2026\006_TESE\Dados_Hypirion_29-12-2015\EO1H2240692015363110PF_1GST\EO1H2240692015363110PF\EO1H2240692015363110PF_B161_L1GST.TIF",".TIF","6915701","26/01/2026 16:06:57"
"EO1H2240692015363110PF_B162_L1GST.TIF","G:\001_TESE_Prof. Maciel_até 19-01-2026\006_TESE\Dados_Hypirion_29-12-2015\EO1H2240692015363110PF_1GST\EO1H2240692015363110PF","G:\001_TESE_Prof. Maciel_até 19-01-2026\006_TESE\Dados_Hypirion_29-12-2015\EO1H2240692015363110PF_1GST\EO1H2240692015363110PF\EO1H2240692015363110PF_B162_L1GST.TIF",".TIF","6915701","26/01/2026 16:06:57"
"EO1H2240692015363110PF_B163_L1GST.TIF","G:\001_TESE_Prof. Maciel_até 19-01-2026\006_TESE\Dados_Hypirion_29-12-2015\EO1H2240692015363110PF_1GST\EO1H2240692015363110PF","G:\001_TESE_Prof. Maciel_até 19-01-2026\006_TESE\Dados_Hypirion_29-12-2015\EO1H2240692015363110PF_1GST\EO1H2240692015363110PF\EO1H2240692015363110PF_B163_L1GST.TIF",".TIF","6915701","26/01/2026 16:06:56"
"EO1H2240692015363110PF_B164_L1GST.TIF","G:\001_TESE_Prof. Maciel_até 19-01-2026\006_TESE\Dados_Hypirion_29-12-2015\EO1H2240692015363110PF_1GST\EO1H2240692015363110PF","G:\001_TESE_Prof. Maciel_até 19-01-2026\006_TESE\Dados_Hypirion_29-12-2015\EO1H2240692015363110PF_1GST\EO1H2240692015363110PF\EO1H2240692015363110PF_B164_L1GST.TIF",".TIF","6915701","26/01/2026 16:06:55"
"EO1H2240692015363110PF_B165_L1GST.TIF","G:\001_TESE_Prof. Maciel_até 19-01-2026\006_TESE\Dados_Hypirion_29-12-2015\EO1H2240692015363110PF_1GST\EO1H2240692015363110PF","G:\001_TESE_Prof. Maciel_até 19-01-2026\006_TESE\Dados_Hypirion_29-12-2015\EO1H2240692015363110PF_1GST\EO1H2240692015363110PF\EO1H2240692015363110PF_B165_L1GST.TIF",".TIF","6915701","26/01/2026 16:06:54"
"EO1H2240692015363110PF_B166_L1GST.TIF","G:\001_TESE_Prof. Maciel_até 19-01-2026\006_TESE\Dados_Hypirion_29-12-2015\EO1H2240692015363110PF_1GST\EO1H2240692015363110PF","G:\001_TESE_Prof. Maciel_até 19-01-2026\006_TESE\Dados_Hypirion_29-12-2015\EO1H2240692015363110PF_1GST\EO1H2240692015363110PF\EO1H2240692015363110PF_B166_L1GST.TIF",".TIF","6915701","26/01/2026 16:06:55"
"EO1H2240692015363110PF_B167_L1GST.TIF","G:\001_TESE_Prof. Maciel_até 19-01-2026\006_TESE\Dados_Hypirion_29-12-2015\EO1H2240692015363110PF_1GST\EO1H2240692015363110PF","G:\001_TESE_Prof. Maciel_até 19-01-2026\006_TESE\Dados_Hypirion_29-12-2015\EO1H2240692015363110PF_1GST\EO1H2240692015363110PF\EO1H2240692015363110PF_B167_L1GST.TIF",".TIF","6915701","26/01/2026 16:06:57"
"EO1H2240692015363110PF_B168_L1GST.TIF","G:\001_TESE_Prof. Maciel_até 19-01-2026\006_TESE\Dados_Hypirion_29-12-2015\EO1H2240692015363110PF_1GST\EO1H2240692015363110PF","G:\001_TESE_Prof. Maciel_até 19-01-2026\006_TESE\Dados_Hypirion_29-12-2015\EO1H2240692015363110PF_1GST\EO1H2240692015363110PF\EO1H2240692015363110PF_B168_L1GST.TIF",".TIF","6915701","26/01/2026 16:06:59"
"EO1H2240692015363110PF_B169_L1GST.TIF","G:\001_TESE_Prof. Maciel_até 19-01-2026\006_TESE\Dados_Hypirion_29-12-2015\EO1H2240692015363110PF_1GST\EO1H2240692015363110PF","G:\001_TESE_Prof. Maciel_até 19-01-2026\006_TESE\Dados_Hypirion_29-12-2015\EO1H2240692015363110PF_1GST\EO1H2240692015363110PF\EO1H2240692015363110PF_B169_L1GST.TIF",".TIF","6915701","26/01/2026 16:06:55"
"EO1H2240692015363110PF_B170_L1GST.TIF","G:\001_TESE_Prof. Maciel_até 19-01-2026\006_TESE\Dados_Hypirion_29-12-2015\EO1H2240692015363110PF_1GST\EO1H2240692015363110PF","G:\001_TESE_Prof. Maciel_até 19-01-2026\006_TESE\Dados_Hypirion_29-12-2015\EO1H2240692015363110PF_1GST\EO1H2240692015363110PF\EO1H2240692015363110PF_B170_L1GST.TIF",".TIF","6915701","26/01/2026 16:06:54"
"EO1H2240692015363110PF_B171_L1GST.TIF","G:\001_TESE_Prof. Maciel_até 19-01-2026\006_TESE\Dados_Hypirion_29-12-2015\EO1H2240692015363110PF_1GST\EO1H2240692015363110PF","G:\001_TESE_Prof. Maciel_até 19-01-2026\006_TESE\Dados_Hypirion_29-12-2015\EO1H2240692015363110PF_1GST\EO1H2240692015363110PF\EO1H2240692015363110PF_B171_L1GST.TIF",".TIF","6915701","26/01/2026 16:06:57"
"EO1H2240692015363110PF_B172_L1GST.TIF","G:\001_TESE_Prof. Maciel_até 19-01-2026\006_TESE\Dados_Hypirion_29-12-2015\EO1H2240692015363110PF_1GST\EO1H2240692015363110PF","G:\001_TESE_Prof. Maciel_até 19-01-2026\006_TESE\Dados_Hypirion_29-12-2015\EO1H2240692015363110PF_1GST\EO1H2240692015363110PF\EO1H2240692015363110PF_B172_L1GST.TIF",".TIF","6915701","26/01/2026 16:06:57"
"EO1H2240692015363110PF_B173_L1GST.TIF","G:\001_TESE_Prof. Maciel_até 19-01-2026\006_TESE\Dados_Hypirion_29-12-2015\EO1H2240692015363110PF_1GST\EO1H2240692015363110PF","G:\001_TESE_Prof. Maciel_até 19-01-2026\006_TESE\Dados_Hypirion_29-12-2015\EO1H2240692015363110PF_1GST\EO1H2240692015363110PF\EO1H2240692015363110PF_B173_L1GST.TIF",".TIF","6915701","26/01/2026 16:06:55"
"EO1H2240692015363110PF_B174_L1GST.TIF","G:\001_TESE_Prof. Maciel_até 19-01-2026\006_TESE\Dados_Hypirion_29-12-2015\EO1H2240692015363110PF_1GST\EO1H2240692015363110PF","G:\001_TESE_Prof. Maciel_até 19-01-2026\006_TESE\Dados_Hypirion_29-12-2015\EO1H2240692015363110PF_1GST\EO1H2240692015363110PF\EO1H2240692015363110PF_B174_L1GST.TIF",".TIF","6915701","26/01/2026 16:06:56"
"EO1H2240692015363110PF_B175_L1GST.TIF","G:\001_TESE_Prof. Maciel_até 19-01-2026\006_TESE\Dados_Hypirion_29-12-2015\EO1H2240692015363110PF_1GST\EO1H2240692015363110PF","G:\001_TESE_Prof. Maciel_até 19-01-2026\006_TESE\Dados_Hypirion_29-12-2015\EO1H2240692015363110PF_1GST\EO1H2240692015363110PF\EO1H2240692015363110PF_B175_L1GST.TIF",".TIF","6915701","26/01/2026 16:06:58"
"EO1H2240692015363110PF_B176_L1GST.TIF","G:\001_TESE_Prof. Maciel_até 19-01-2026\006_TESE\Dados_Hypirion_29-12-2015\EO1H2240692015363110PF_1GST\EO1H2240692015363110PF","G:\001_TESE_Prof. Maciel_até 19-01-2026\006_TESE\Dados_Hypirion_29-12-2015\EO1H2240692015363110PF_1GST\EO1H2240692015363110PF\EO1H2240692015363110PF_B176_L1GST.TIF",".TIF","6915701","26/01/2026 16:06:55"
"EO1H2240692015363110PF_B177_L1GST.TIF","G:\001_TESE_Prof. Maciel_até 19-01-2026\006_TESE\Dados_Hypirion_29-12-2015\EO1H2240692015363110PF_1GST\EO1H2240692015363110PF","G:\001_TESE_Prof. Maciel_até 19-01-2026\006_TESE\Dados_Hypirion_29-12-2015\EO1H2240692015363110PF_1GST\EO1H2240692015363110PF\EO1H2240692015363110PF_B177_L1GST.TIF",".TIF","6915701","26/01/2026 16:06:58"
"EO1H2240692015363110PF_B178_L1GST.TIF","G:\001_TESE_Prof. Maciel_até 19-01-2026\006_TESE\Dados_Hypirion_29-12-2015\EO1H2240692015363110PF_1GST\EO1H2240692015363110PF","G:\001_TESE_Prof. Maciel_até 19-01-2026\006_TESE\Dados_Hypirion_29-12-2015\EO1H2240692015363110PF_1GST\EO1H2240692015363110PF\EO1H2240692015363110PF_B178_L1GST.TIF",".TIF","6915701","26/01/2026 16:06:54"
"EO1H2240692015363110PF_B179_L1GST.TIF","G:\001_TESE_Prof. Maciel_até 19-01-2026\006_TESE\Dados_Hypirion_29-12-2015\EO1H2240692015363110PF_1GST\EO1H2240692015363110PF","G:\001_TESE_Prof. Maciel_até 19-01-2026\006_TESE\Dados_Hypirion_29-12-2015\EO1H2240692015363110PF_1GST\EO1H2240692015363110PF\EO1H2240692015363110PF_B179_L1GST.TIF",".TIF","6915701","26/01/2026 16:06:56"
"EO1H2240692015363110PF_B180_L1GST.TIF","G:\001_TESE_Prof. Maciel_até 19-01-2026\006_TESE\Dados_Hypirion_29-12-2015\EO1H2240692015363110PF_1GST\EO1H2240692015363110PF","G:\001_TESE_Prof. Maciel_até 19-01-2026\006_TESE\Dados_Hypirion_29-12-2015\EO1H2240692015363110PF_1GST\EO1H2240692015363110PF\EO1H2240692015363110PF_B180_L1GST.TIF",".TIF","6915701","26/01/2026 16:06:55"
"EO1H2240692015363110PF_B181_L1GST.TIF","G:\001_TESE_Prof. Maciel_até 19-01-2026\006_TESE\Dados_Hypirion_29-12-2015\EO1H2240692015363110PF_1GST\EO1H2240692015363110PF","G:\001_TESE_Prof. Maciel_até 19-01-2026\006_TESE\Dados_Hypirion_29-12-2015\EO1H2240692015363110PF_1GST\EO1H2240692015363110PF\EO1H2240692015363110PF_B181_L1GST.TIF",".TIF","6915701","26/01/2026 16:06:58"
"EO1H2240692015363110PF_B182_L1GST.TIF","G:\001_TESE_Prof. Maciel_até 19-01-2026\006_TESE\Dados_Hypirion_29-12-2015\EO1H2240692015363110PF_1GST\EO1H2240692015363110PF","G:\001_TESE_Prof. Maciel_até 19-01-2026\006_TESE\Dados_Hypirion_29-12-2015\EO1H2240692015363110PF_1GST\EO1H2240692015363110PF\EO1H2240692015363110PF_B182_L1GST.TIF",".TIF","6915701","26/01/2026 16:06:57"
"EO1H2240692015363110PF_B183_L1GST.TIF","G:\001_TESE_Prof. Maciel_até 19-01-2026\006_TESE\Dados_Hypirion_29-12-2015\EO1H2240692015363110PF_1GST\EO1H2240692015363110PF","G:\001_TESE_Prof. Maciel_até 19-01-2026\006_TESE\Dados_Hypirion_29-12-2015\EO1H2240692015363110PF_1GST\EO1H2240692015363110PF\EO1H2240692015363110PF_B183_L1GST.TIF",".TIF","6915701","26/01/2026 16:06:57"
"EO1H2240692015363110PF_B184_L1GST.TIF","G:\001_TESE_Prof. Maciel_até 19-01-2026\006_TESE\Dados_Hypirion_29-12-2015\EO1H2240692015363110PF_1GST\EO1H2240692015363110PF","G:\001_TESE_Prof. Maciel_até 19-01-2026\006_TESE\Dados_Hypirion_29-12-2015\EO1H2240692015363110PF_1GST\EO1H2240692015363110PF\EO1H2240692015363110PF_B184_L1GST.TIF",".TIF","6915701","26/01/2026 16:06:54"
"EO1H2240692015363110PF_B185_L1GST.TIF","G:\001_TESE_Prof. Maciel_até 19-01-2026\006_TESE\Dados_Hypirion_29-12-2015\EO1H2240692015363110PF_1GST\EO1H2240692015363110PF","G:\001_TESE_Prof. Maciel_até 19-01-2026\006_TESE\Dados_Hypirion_29-12-2015\EO1H2240692015363110PF_1GST\EO1H2240692015363110PF\EO1H2240692015363110PF_B185_L1GST.TIF",".TIF","6915701","26/01/2026 16:06:56"
"EO1H2240692015363110PF_B186_L1GST.TIF","G:\001_TESE_Prof. Maciel_até 19-01-2026\006_TESE\Dados_Hypirion_29-12-2015\EO1H2240692015363110PF_1GST\EO1H2240692015363110PF","G:\001_TESE_Prof. Maciel_até 19-01-2026\006_TESE\Dados_Hypirion_29-12-2015\EO1H2240692015363110PF_1GST\EO1H2240692015363110PF\EO1H2240692015363110PF_B186_L1GST.TIF",".TIF","6915701","26/01/2026 16:06:56"
"EO1H2240692015363110PF_B187_L1GST.TIF","G:\001_TESE_Prof. Maciel_até 19-01-2026\006_TESE\Dados_Hypirion_29-12-2015\EO1H2240692015363110PF_1GST\EO1H2240692015363110PF","G:\001_TESE_Prof. Maciel_até 19-01-2026\006_TESE\Dados_Hypirion_29-12-2015\EO1H2240692015363110PF_1GST\EO1H2240692015363110PF\EO1H2240692015363110PF_B187_L1GST.TIF",".TIF","6915701","26/01/2026 16:06:57"
"EO1H2240692015363110PF_B188_L1GST.TIF","G:\001_TESE_Prof. Maciel_até 19-01-2026\006_TESE\Dados_Hypirion_29-12-2015\EO1H2240692015363110PF_1GST\EO1H2240692015363110PF","G:\001_TESE_Prof. Maciel_até 19-01-2026\006_TESE\Dados_Hypirion_29-12-2015\EO1H2240692015363110PF_1GST\EO1H2240692015363110PF\EO1H2240692015363110PF_B188_L1GST.TIF",".TIF","6915701","26/01/2026 16:06:57"
"EO1H2240692015363110PF_B189_L1GST.TIF","G:\001_TESE_Prof. Maciel_até 19-01-2026\006_TESE\Dados_Hypirion_29-12-2015\EO1H2240692015363110PF_1GST\EO1H2240692015363110PF","G:\001_TESE_Prof. Maciel_até 19-01-2026\006_TESE\Dados_Hypirion_29-12-2015\EO1H2240692015363110PF_1GST\EO1H2240692015363110PF\EO1H2240692015363110PF_B189_L1GST.TIF",".TIF","6915701","26/01/2026 16:06:54"
"EO1H2240692015363110PF_B190_L1GST.TIF","G:\001_TESE_Prof. Maciel_até 19-01-2026\006_TESE\Dados_Hypirion_29-12-2015\EO1H2240692015363110PF_1GST\EO1H2240692015363110PF","G:\001_TESE_Prof. Maciel_até 19-01-2026\006_TESE\Dados_Hypirion_29-12-2015\EO1H2240692015363110PF_1GST\EO1H2240692015363110PF\EO1H2240692015363110PF_B190_L1GST.TIF",".TIF","6915701","26/01/2026 16:06:57"
"EO1H2240692015363110PF_B191_L1GST.TIF","G:\001_TESE_Prof. Maciel_até 19-01-2026\006_TESE\Dados_Hypirion_29-12-2015\EO1H2240692015363110PF_1GST\EO1H2240692015363110PF","G:\001_TESE_Prof. Maciel_até 19-01-2026\006_TESE\Dados_Hypirion_29-12-2015\EO1H2240692015363110PF_1GST\EO1H2240692015363110PF\EO1H2240692015363110PF_B191_L1GST.TIF",".TIF","6915701","26/01/2026 16:06:56"
"EO1H2240692015363110PF_B192_L1GST.TIF","G:\001_TESE_Prof. Maciel_até 19-01-2026\006_TESE\Dados_Hypirion_29-12-2015\EO1H2240692015363110PF_1GST\EO1H2240692015363110PF","G:\001_TESE_Prof. Maciel_até 19-01-2026\006_TESE\Dados_Hypirion_29-12-2015\EO1H2240692015363110PF_1GST\EO1H2240692015363110PF\EO1H2240692015363110PF_B192_L1GST.TIF",".TIF","6915701","26/01/2026 16:06:59"
"EO1H2240692015363110PF_B193_L1GST.TIF","G:\001_TESE_Prof. Maciel_até 19-01-2026\006_TESE\Dados_Hypirion_29-12-2015\EO1H2240692015363110PF_1GST\EO1H2240692015363110PF","G:\001_TESE_Prof. Maciel_até 19-01-2026\006_TESE\Dados_Hypirion_29-12-2015\EO1H2240692015363110PF_1GST\EO1H2240692015363110PF\EO1H2240692015363110PF_B193_L1GST.TIF",".TIF","6915701","26/01/2026 16:06:56"
"EO1H2240692015363110PF_B194_L1GST.TIF","G:\001_TESE_Prof. Maciel_até 19-01-2026\006_TESE\Dados_Hypirion_29-12-2015\EO1H2240692015363110PF_1GST\EO1H2240692015363110PF","G:\001_TESE_Prof. Maciel_até 19-01-2026\006_TESE\Dados_Hypirion_29-12-2015\EO1H2240692015363110PF_1GST\EO1H2240692015363110PF\EO1H2240692015363110PF_B194_L1GST.TIF",".TIF","6915701","26/01/2026 16:06:55"
"EO1H2240692015363110PF_B195_L1GST.TIF","G:\001_TESE_Prof. Maciel_até 19-01-2026\006_TESE\Dados_Hypirion_29-12-2015\EO1H2240692015363110PF_1GST\EO1H2240692015363110PF","G:\001_TESE_Prof. Maciel_até 19-01-2026\006_TESE\Dados_Hypirion_29-12-2015\EO1H2240692015363110PF_1GST\EO1H2240692015363110PF\EO1H2240692015363110PF_B195_L1GST.TIF",".TIF","6915701","26/01/2026 16:06:57"
"EO1H2240692015363110PF_B196_L1GST.TIF","G:\001_TESE_Prof. Maciel_até 19-01-2026\006_TESE\Dados_Hypirion_29-12-2015\EO1H2240692015363110PF_1GST\EO1H2240692015363110PF","G:\001_TESE_Prof. Maciel_até 19-01-2026\006_TESE\Dados_Hypirion_29-12-2015\EO1H2240692015363110PF_1GST\EO1H2240692015363110PF\EO1H2240692015363110PF_B196_L1GST.TIF",".TIF","6915701","26/01/2026 16:06:58"
"EO1H2240692015363110PF_B197_L1GST.TIF","G:\001_TESE_Prof. Maciel_até 19-01-2026\006_TESE\Dados_Hypirion_29-12-2015\EO1H2240692015363110PF_1GST\EO1H2240692015363110PF","G:\001_TESE_Prof. Maciel_até 19-01-2026\006_TESE\Dados_Hypirion_29-12-2015\EO1H2240692015363110PF_1GST\EO1H2240692015363110PF\EO1H2240692015363110PF_B197_L1GST.TIF",".TIF","6915701","26/01/2026 16:06:56"
"EO1H2240692015363110PF_B198_L1GST.TIF","G:\001_TESE_Prof. Maciel_até 19-01-2026\006_TESE\Dados_Hypirion_29-12-2015\EO1H2240692015363110PF_1GST\EO1H2240692015363110PF","G:\001_TESE_Prof. Maciel_até 19-01-2026\006_TESE\Dados_Hypirion_29-12-2015\EO1H2240692015363110PF_1GST\EO1H2240692015363110PF\EO1H2240692015363110PF_B198_L1GST.TIF",".TIF","6915701","26/01/2026 16:06:59"
"EO1H2240692015363110PF_B199_L1GST.TIF","G:\001_TESE_Prof. Maciel_até 19-01-2026\006_TESE\Dados_Hypirion_29-12-2015\EO1H2240692015363110PF_1GST\EO1H2240692015363110PF","G:\001_TESE_Prof. Maciel_até 19-01-2026\006_TESE\Dados_Hypirion_29-12-2015\EO1H2240692015363110PF_1GST\EO1H2240692015363110PF\EO1H2240692015363110PF_B199_L1GST.TIF",".TIF","6915701","26/01/2026 16:06:58"
"EO1H2240692015363110PF_B200_L1GST.TIF","G:\001_TESE_Prof. Maciel_até 19-01-2026\006_TESE\Dados_Hypirion_29-12-2015\EO1H2240692015363110PF_1GST\EO1H2240692015363110PF","G:\001_TESE_Prof. Maciel_até 19-01-2026\006_TESE\Dados_Hypirion_29-12-2015\EO1H2240692015363110PF_1GST\EO1H2240692015363110PF\EO1H2240692015363110PF_B200_L1GST.TIF",".TIF","6915701","26/01/2026 16:06:57"
"EO1H2240692015363110PF_B201_L1GST.TIF","G:\001_TESE_Prof. Maciel_até 19-01-2026\006_TESE\Dados_Hypirion_29-12-2015\EO1H2240692015363110PF_1GST\EO1H2240692015363110PF","G:\001_TESE_Prof. Maciel_até 19-01-2026\006_TESE\Dados_Hypirion_29-12-2015\EO1H2240692015363110PF_1GST\EO1H2240692015363110PF\EO1H2240692015363110PF_B201_L1GST.TIF",".TIF","6915701","26/01/2026 16:06:58"
"EO1H2240692015363110PF_B202_L1GST.TIF","G:\001_TESE_Prof. Maciel_até 19-01-2026\006_TESE\Dados_Hypirion_29-12-2015\EO1H2240692015363110PF_1GST\EO1H2240692015363110PF","G:\001_TESE_Prof. Maciel_até 19-01-2026\006_TESE\Dados_Hypirion_29-12-2015\EO1H2240692015363110PF_1GST\EO1H2240692015363110PF\EO1H2240692015363110PF_B202_L1GST.TIF",".TIF","6915701","26/01/2026 16:06:53"
"EO1H2240692015363110PF_B203_L1GST.TIF","G:\001_TESE_Prof. Maciel_até 19-01-2026\006_TESE\Dados_Hypirion_29-12-2015\EO1H2240692015363110PF_1GST\EO1H2240692015363110PF","G:\001_TESE_Prof. Maciel_até 19-01-2026\006_TESE\Dados_Hypirion_29-12-2015\EO1H2240692015363110PF_1GST\EO1H2240692015363110PF\EO1H2240692015363110PF_B203_L1GST.TIF",".TIF","6915701","26/01/2026 16:06:54"
"EO1H2240692015363110PF_B204_L1GST.TIF","G:\001_TESE_Prof. Maciel_até 19-01-2026\006_TESE\Dados_Hypirion_29-12-2015\EO1H2240692015363110PF_1GST\EO1H2240692015363110PF","G:\001_TESE_Prof. Maciel_até 19-01-2026\006_TESE\Dados_Hypirion_29-12-2015\EO1H2240692015363110PF_1GST\EO1H2240692015363110PF\EO1H2240692015363110PF_B204_L1GST.TIF",".TIF","6915701","26/01/2026 16:06:58"
"EO1H2240692015363110PF_B205_L1GST.TIF","G:\001_TESE_Prof. Maciel_até 19-01-2026\006_TESE\Dados_Hypirion_29-12-2015\EO1H2240692015363110PF_1GST\EO1H2240692015363110PF","G:\001_TESE_Prof. Maciel_até 19-01-2026\006_TESE\Dados_Hypirion_29-12-2015\EO1H2240692015363110PF_1GST\EO1H2240692015363110PF\EO1H2240692015363110PF_B205_L1GST.TIF",".TIF","6915701","26/01/2026 16:06:59"
"EO1H2240692015363110PF_B206_L1GST.TIF","G:\001_TESE_Prof. Maciel_até 19-01-2026\006_TESE\Dados_Hypirion_29-12-2015\EO1H2240692015363110PF_1GST\EO1H2240692015363110PF","G:\001_TESE_Prof. Maciel_até 19-01-2026\006_TESE\Dados_Hypirion_29-12-2015\EO1H2240692015363110PF_1GST\EO1H2240692015363110PF\EO1H2240692015363110PF_B206_L1GST.TIF",".TIF","6915701","26/01/2026 16:06:53"
"EO1H2240692015363110PF_B207_L1GST.TIF","G:\001_TESE_Prof. Maciel_até 19-01-2026\006_TESE\Dados_Hypirion_29-12-2015\EO1H2240692015363110PF_1GST\EO1H2240692015363110PF","G:\001_TESE_Prof. Maciel_até 19-01-2026\006_TESE\Dados_Hypirion_29-12-2015\EO1H2240692015363110PF_1GST\EO1H2240692015363110PF\EO1H2240692015363110PF_B207_L1GST.TIF",".TIF","6915701","26/01/2026 16:06:56"
"EO1H2240692015363110PF_B208_L1GST.TIF","G:\001_TESE_Prof. Maciel_até 19-01-2026\006_TESE\Dados_Hypirion_29-12-2015\EO1H2240692015363110PF_1GST\EO1H2240692015363110PF","G:\001_TESE_Prof. Maciel_até 19-01-2026\006_TESE\Dados_Hypirion_29-12-2015\EO1H2240692015363110PF_1GST\EO1H2240692015363110PF\EO1H2240692015363110PF_B208_L1GST.TIF",".TIF","6915701","26/01/2026 16:06:57"
"EO1H2240692015363110PF_B209_L1GST.TIF","G:\001_TESE_Prof. Maciel_até 19-01-2026\006_TESE\Dados_Hypirion_29-12-2015\EO1H2240692015363110PF_1GST\EO1H2240692015363110PF","G:\001_TESE_Prof. Maciel_até 19-01-2026\006_TESE\Dados_Hypirion_29-12-2015\EO1H2240692015363110PF_1GST\EO1H2240692015363110PF\EO1H2240692015363110PF_B209_L1GST.TIF",".TIF","6915701","26/01/2026 16:06:54"
"EO1H2240692015363110PF_B210_L1GST.TIF","G:\001_TESE_Prof. Maciel_até 19-01-2026\006_TESE\Dados_Hypirion_29-12-2015\EO1H2240692015363110PF_1GST\EO1H2240692015363110PF","G:\001_TESE_Prof. Maciel_até 19-01-2026\006_TESE\Dados_Hypirion_29-12-2015\EO1H2240692015363110PF_1GST\EO1H2240692015363110PF\EO1H2240692015363110PF_B210_L1GST.TIF",".TIF","6915701","26/01/2026 16:06:56"
"EO1H2240692015363110PF_B211_L1GST.TIF","G:\001_TESE_Prof. Maciel_até 19-01-2026\006_TESE\Dados_Hypirion_29-12-2015\EO1H2240692015363110PF_1GST\EO1H2240692015363110PF","G:\001_TESE_Prof. Maciel_até 19-01-2026\006_TESE\Dados_Hypirion_29-12-2015\EO1H2240692015363110PF_1GST\EO1H2240692015363110PF\EO1H2240692015363110PF_B211_L1GST.TIF",".TIF","6915701","26/01/2026 16:06:56"
"EO1H2240692015363110PF_B212_L1GST.TIF","G:\001_TESE_Prof. Maciel_até 19-01-2026\006_TESE\Dados_Hypirion_29-12-2015\EO1H2240692015363110PF_1GST\EO1H2240692015363110PF","G:\001_TESE_Prof. Maciel_até 19-01-2026\006_TESE\Dados_Hypirion_29-12-2015\EO1H2240692015363110PF_1GST\EO1H2240692015363110PF\EO1H2240692015363110PF_B212_L1GST.TIF",".TIF","6915701","26/01/2026 16:06:56"
"EO1H2240692015363110PF_B213_L1GST.TIF","G:\001_TESE_Prof. Maciel_até 19-01-2026\006_TESE\Dados_Hypirion_29-12-2015\EO1H2240692015363110PF_1GST\EO1H2240692015363110PF","G:\001_TESE_Prof. Maciel_até 19-01-2026\006_TESE\Dados_Hypirion_29-12-2015\EO1H2240692015363110PF_1GST\EO1H2240692015363110PF\EO1H2240692015363110PF_B213_L1GST.TIF",".TIF","6915701","26/01/2026 16:06:54"
"EO1H2240692015363110PF_B214_L1GST.TIF","G:\001_TESE_Prof. Maciel_até 19-01-2026\006_TESE\Dados_Hypirion_29-12-2015\EO1H2240692015363110PF_1GST\EO1H2240692015363110PF","G:\001_TESE_Prof. Maciel_até 19-01-2026\006_TESE\Dados_Hypirion_29-12-2015\EO1H2240692015363110PF_1GST\EO1H2240692015363110PF\EO1H2240692015363110PF_B214_L1GST.TIF",".TIF","6915701","26/01/2026 16:06:59"
"EO1H2240692015363110PF_B215_L1GST.TIF","G:\001_TESE_Prof. Maciel_até 19-01-2026\006_TESE\Dados_Hypirion_29-12-2015\EO1H2240692015363110PF_1GST\EO1H2240692015363110PF","G:\001_TESE_Prof. Maciel_até 19-01-2026\006_TESE\Dados_Hypirion_29-12-2015\EO1H2240692015363110PF_1GST\EO1H2240692015363110PF\EO1H2240692015363110PF_B215_L1GST.TIF",".TIF","6915701","26/01/2026 16:06:58"
"EO1H2240692015363110PF_B216_L1GST.TIF","G:\001_TESE_Prof. Maciel_até 19-01-2026\006_TESE\Dados_Hypirion_29-12-2015\EO1H2240692015363110PF_1GST\EO1H2240692015363110PF","G:\001_TESE_Prof. Maciel_até 19-01-2026\006_TESE\Dados_Hypirion_29-12-2015\EO1H2240692015363110PF_1GST\EO1H2240692015363110PF\EO1H2240692015363110PF_B216_L1GST.TIF",".TIF","6915701","26/01/2026 16:06:55"
"EO1H2240692015363110PF_B217_L1GST.TIF","G:\001_TESE_Prof. Maciel_até 19-01-2026\006_TESE\Dados_Hypirion_29-12-2015\EO1H2240692015363110PF_1GST\EO1H2240692015363110PF","G:\001_TESE_Prof. Maciel_até 19-01-2026\006_TESE\Dados_Hypirion_29-12-2015\EO1H2240692015363110PF_1GST\EO1H2240692015363110PF\EO1H2240692015363110PF_B217_L1GST.TIF",".TIF","6915701","26/01/2026 16:06:54"
"EO1H2240692015363110PF_B218_L1GST.TIF","G:\001_TESE_Prof. Maciel_até 19-01-2026\006_TESE\Dados_Hypirion_29-12-2015\EO1H2240692015363110PF_1GST\EO1H2240692015363110PF","G:\001_TESE_Prof. Maciel_até 19-01-2026\006_TESE\Dados_Hypirion_29-12-2015\EO1H2240692015363110PF_1GST\EO1H2240692015363110PF\EO1H2240692015363110PF_B218_L1GST.TIF",".TIF","6915701","26/01/2026 16:06:55"
"EO1H2240692015363110PF_B219_L1GST.TIF","G:\001_TESE_Prof. Maciel_até 19-01-2026\006_TESE\Dados_Hypirion_29-12-2015\EO1H2240692015363110PF_1GST\EO1H2240692015363110PF","G:\001_TESE_Prof. Maciel_até 19-01-2026\006_TESE\Dados_Hypirion_29-12-2015\EO1H2240692015363110PF_1GST\EO1H2240692015363110PF\EO1H2240692015363110PF_B219_L1GST.TIF",".TIF","6915701","26/01/2026 16:06:56"
"EO1H2240692015363110PF_B220_L1GST.TIF","G:\001_TESE_Prof. Maciel_até 19-01-2026\006_TESE\Dados_Hypirion_29-12-2015\EO1H2240692015363110PF_1GST\EO1H2240692015363110PF","G:\001_TESE_Prof. Maciel_até 19-01-2026\006_TESE\Dados_Hypirion_29-12-2015\EO1H2240692015363110PF_1GST\EO1H2240692015363110PF\EO1H2240692015363110PF_B220_L1GST.TIF",".TIF","6915701","26/01/2026 16:06:59"
"EO1H2240692015363110PF_B221_L1GST.TIF","G:\001_TESE_Prof. Maciel_até 19-01-2026\006_TESE\Dados_Hypirion_29-12-2015\EO1H2240692015363110PF_1GST\EO1H2240692015363110PF","G:\001_TESE_Prof. Maciel_até 19-01-2026\006_TESE\Dados_Hypirion_29-12-2015\EO1H2240692015363110PF_1GST\EO1H2240692015363110PF\EO1H2240692015363110PF_B221_L1GST.TIF",".TIF","6915701","26/01/2026 16:06:56"
"EO1H2240692015363110PF_B222_L1GST.TIF","G:\001_TESE_Prof. Maciel_até 19-01-2026\006_TESE\Dados_Hypirion_29-12-2015\EO1H2240692015363110PF_1GST\EO1H2240692015363110PF","G:\001_TESE_Prof. Maciel_até 19-01-2026\006_TESE\Dados_Hypirion_29-12-2015\EO1H2240692015363110PF_1GST\EO1H2240692015363110PF\EO1H2240692015363110PF_B222_L1GST.TIF",".TIF","6915701","26/01/2026 16:06:54"
"EO1H2240692015363110PF_B223_L1GST.TIF","G:\001_TESE_Prof. Maciel_até 19-01-2026\006_TESE\Dados_Hypirion_29-12-2015\EO1H2240692015363110PF_1GST\EO1H2240692015363110PF","G:\001_TESE_Prof. Maciel_até 19-01-2026\006_TESE\Dados_Hypirion_29-12-2015\EO1H2240692015363110PF_1GST\EO1H2240692015363110PF\EO1H2240692015363110PF_B223_L1GST.TIF",".TIF","6915701","26/01/2026 16:06:59"
"EO1H2240692015363110PF_B224_L1GST.TIF","G:\001_TESE_Prof. Maciel_até 19-01-2026\006_TESE\Dados_Hypirion_29-12-2015\EO1H2240692015363110PF_1GST\EO1H2240692015363110PF","G:\001_TESE_Prof. Maciel_até 19-01-2026\006_TESE\Dados_Hypirion_29-12-2015\EO1H2240692015363110PF_1GST\EO1H2240692015363110PF\EO1H2240692015363110PF_B224_L1GST.TIF",".TIF","6915701","26/01/2026 16:06:53"
"EO1H2240692015363110PF_B225_L1GST.TIF","G:\001_TESE_Prof. Maciel_até 19-01-2026\006_TESE\Dados_Hypirion_29-12-2015\EO1H2240692015363110PF_1GST\EO1H2240692015363110PF","G:\001_TESE_Prof. Maciel_até 19-01-2026\006_TESE\Dados_Hypirion_29-12-2015\EO1H2240692015363110PF_1GST\EO1H2240692015363110PF\EO1H2240692015363110PF_B225_L1GST.TIF",".TIF","6915701","26/01/2026 16:06:58"
"EO1H2240692015363110PF_B226_L1GST.TIF","G:\001_TESE_Prof. Maciel_até 19-01-2026\006_TESE\Dados_Hypirion_29-12-2015\EO1H2240692015363110PF_1GST\EO1H2240692015363110PF","G:\001_TESE_Prof. Maciel_até 19-01-2026\006_TESE\Dados_Hypirion_29-12-2015\EO1H2240692015363110PF_1GST\EO1H2240692015363110PF\EO1H2240692015363110PF_B226_L1GST.TIF",".TIF","6915701","26/01/2026 16:06:57"
"EO1H2240692015363110PF_B227_L1GST.TIF","G:\001_TESE_Prof. Maciel_até 19-01-2026\006_TESE\Dados_Hypirion_29-12-2015\EO1H2240692015363110PF_1GST\EO1H2240692015363110PF","G:\001_TESE_Prof. Maciel_até 19-01-2026\006_TESE\Dados_Hypirion_29-12-2015\EO1H2240692015363110PF_1GST\EO1H2240692015363110PF\EO1H2240692015363110PF_B227_L1GST.TIF",".TIF","6915701","26/01/2026 16:06:56"
"EO1H2240692015363110PF_B228_L1GST.TIF","G:\001_TESE_Prof. Maciel_até 19-01-2026\006_TESE\Dados_Hypirion_29-12-2015\EO1H2240692015363110PF_1GST\EO1H2240692015363110PF","G:\001_TESE_Prof. Maciel_até 19-01-2026\006_TESE\Dados_Hypirion_29-12-2015\EO1H2240692015363110PF_1GST\EO1H2240692015363110PF\EO1H2240692015363110PF_B228_L1GST.TIF",".TIF","6915701","26/01/2026 16:06:59"
"EO1H2240692015363110PF_B229_L1GST.TIF","G:\001_TESE_Prof. Maciel_até 19-01-2026\006_TESE\Dados_Hypirion_29-12-2015\EO1H2240692015363110PF_1GST\EO1H2240692015363110PF","G:\001_TESE_Prof. Maciel_até 19-01-2026\006_TESE\Dados_Hypirion_29-12-2015\EO1H2240692015363110PF_1GST\EO1H2240692015363110PF\EO1H2240692015363110PF_B229_L1GST.TIF",".TIF","6915701","26/01/2026 16:06:56"
"EO1H2240692015363110PF_B230_L1GST.TIF","G:\001_TESE_Prof. Maciel_até 19-01-2026\006_TESE\Dados_Hypirion_29-12-2015\EO1H2240692015363110PF_1GST\EO1H2240692015363110PF","G:\001_TESE_Prof. Maciel_até 19-01-2026\006_TESE\Dados_Hypirion_29-12-2015\EO1H2240692015363110PF_1GST\EO1H2240692015363110PF\EO1H2240692015363110PF_B230_L1GST.TIF",".TIF","6915701","26/01/2026 16:06:58"
"EO1H2240692015363110PF_B231_L1GST.TIF","G:\001_TESE_Prof. Maciel_até 19-01-2026\006_TESE\Dados_Hypirion_29-12-2015\EO1H2240692015363110PF_1GST\EO1H2240692015363110PF","G:\001_TESE_Prof. Maciel_até 19-01-2026\006_TESE\Dados_Hypirion_29-12-2015\EO1H2240692015363110PF_1GST\EO1H2240692015363110PF\EO1H2240692015363110PF_B231_L1GST.TIF",".TIF","6915701","26/01/2026 16:06:57"
"EO1H2240692015363110PF_B232_L1GST.TIF","G:\001_TESE_Prof. Maciel_até 19-01-2026\006_TESE\Dados_Hypirion_29-12-2015\EO1H2240692015363110PF_1GST\EO1H2240692015363110PF","G:\001_TESE_Prof. Maciel_até 19-01-2026\006_TESE\Dados_Hypirion_29-12-2015\EO1H2240692015363110PF_1GST\EO1H2240692015363110PF\EO1H2240692015363110PF_B232_L1GST.TIF",".TIF","6915701","26/01/2026 16:06:54"
"EO1H2240692015363110PF_B233_L1GST.TIF","G:\001_TESE_Prof. Maciel_até 19-01-2026\006_TESE\Dados_Hypirion_29-12-2015\EO1H2240692015363110PF_1GST\EO1H2240692015363110PF","G:\001_TESE_Prof. Maciel_até 19-01-2026\006_TESE\Dados_Hypirion_29-12-2015\EO1H2240692015363110PF_1GST\EO1H2240692015363110PF\EO1H2240692015363110PF_B233_L1GST.TIF",".TIF","6915701","26/01/2026 16:06:55"
"EO1H2240692015363110PF_B234_L1GST.TIF","G:\001_TESE_Prof. Maciel_até 19-01-2026\006_TESE\Dados_Hypirion_29-12-2015\EO1H2240692015363110PF_1GST\EO1H2240692015363110PF","G:\001_TESE_Prof. Maciel_até 19-01-2026\006_TESE\Dados_Hypirion_29-12-2015\EO1H2240692015363110PF_1GST\EO1H2240692015363110PF\EO1H2240692015363110PF_B234_L1GST.TIF",".TIF","6915701","26/01/2026 16:06:57"
"EO1H2240692015363110PF_B235_L1GST.TIF","G:\001_TESE_Prof. Maciel_até 19-01-2026\006_TESE\Dados_Hypirion_29-12-2015\EO1H2240692015363110PF_1GST\EO1H2240692015363110PF","G:\001_TESE_Prof. Maciel_até 19-01-2026\006_TESE\Dados_Hypirion_29-12-2015\EO1H2240692015363110PF_1GST\EO1H2240692015363110PF\EO1H2240692015363110PF_B235_L1GST.TIF",".TIF","6915701","26/01/2026 16:06:54"
"EO1H2240692015363110PF_B236_L1GST.TIF","G:\001_TESE_Prof. Maciel_até 19-01-2026\006_TESE\Dados_Hypirion_29-12-2015\EO1H2240692015363110PF_1GST\EO1H2240692015363110PF","G:\001_TESE_Prof. Maciel_até 19-01-2026\006_TESE\Dados_Hypirion_29-12-2015\EO1H2240692015363110PF_1GST\EO1H2240692015363110PF\EO1H2240692015363110PF_B236_L1GST.TIF",".TIF","6915701","26/01/2026 16:06:55"
"EO1H2240692015363110PF_B237_L1GST.TIF","G:\001_TESE_Prof. Maciel_até 19-01-2026\006_TESE\Dados_Hypirion_29-12-2015\EO1H2240692015363110PF_1GST\EO1H2240692015363110PF","G:\001_TESE_Prof. Maciel_até 19-01-2026\006_TESE\Dados_Hypirion_29-12-2015\EO1H2240692015363110PF_1GST\EO1H2240692015363110PF\EO1H2240692015363110PF_B237_L1GST.TIF",".TIF","6915701","26/01/2026 16:06:57"
"EO1H2240692015363110PF_B238_L1GST.TIF","G:\001_TESE_Prof. Maciel_até 19-01-2026\006_TESE\Dados_Hypirion_29-12-2015\EO1H2240692015363110PF_1GST\EO1H2240692015363110PF","G:\001_TESE_Prof. Maciel_até 19-01-2026\006_TESE\Dados_Hypirion_29-12-2015\EO1H2240692015363110PF_1GST\EO1H2240692015363110PF\EO1H2240692015363110PF_B238_L1GST.TIF",".TIF","6915701","26/01/2026 16:06:59"
"EO1H2240692015363110PF_B239_L1GST.TIF","G:\001_TESE_Prof. Maciel_até 19-01-2026\006_TESE\Dados_Hypirion_29-12-2015\EO1H2240692015363110PF_1GST\EO1H2240692015363110PF","G:\001_TESE_Prof. Maciel_até 19-01-2026\006_TESE\Dados_Hypirion_29-12-2015\EO1H2240692015363110PF_1GST\EO1H2240692015363110PF\EO1H2240692015363110PF_B239_L1GST.TIF",".TIF","6915701","26/01/2026 16:06:56"
"EO1H2240692015363110PF_B240_L1GST.TIF","G:\001_TESE_Prof. Maciel_até 19-01-2026\006_TESE\Dados_Hypirion_29-12-2015\EO1H2240692015363110PF_1GST\EO1H2240692015363110PF","G:\001_TESE_Prof. Maciel_até 19-01-2026\006_TESE\Dados_Hypirion_29-12-2015\EO1H2240692015363110PF_1GST\EO1H2240692015363110PF\EO1H2240692015363110PF_B240_L1GST.TIF",".TIF","6915701","26/01/2026 16:06:56"
"EO1H2240692015363110PF_B241_L1GST.TIF","G:\001_TESE_Prof. Maciel_até 19-01-2026\006_TESE\Dados_Hypirion_29-12-2015\EO1H2240692015363110PF_1GST\EO1H2240692015363110PF","G:\001_TESE_Prof. Maciel_até 19-01-2026\006_TESE\Dados_Hypirion_29-12-2015\EO1H2240692015363110PF_1GST\EO1H2240692015363110PF\EO1H2240692015363110PF_B241_L1GST.TIF",".TIF","6915701","26/01/2026 16:06:55"
"EO1H2240692015363110PF_B242_L1GST.TIF","G:\001_TESE_Prof. Maciel_até 19-01-2026\006_TESE\Dados_Hypirion_29-12-2015\EO1H2240692015363110PF_1GST\EO1H2240692015363110PF","G:\001_TESE_Prof. Maciel_até 19-01-2026\006_TESE\Dados_Hypirion_29-12-2015\EO1H2240692015363110PF_1GST\EO1H2240692015363110PF\EO1H2240692015363110PF_B242_L1GST.TIF",".TIF","6915701","26/01/2026 16:06:55"
"EO1H2240692015363110PF_MTL_L1GST.TXT","G:\001_TESE_Prof. Maciel_até 19-01-2026\006_TESE\Dados_Hypirion_29-12-2015\EO1H2240692015363110PF_1GST\EO1H2240692015363110PF","G:\001_TESE_Prof. Maciel_até 19-01-2026\006_TESE\Dados_Hypirion_29-12-2015\EO1H2240692015363110PF_1GST\EO1H2240692015363110PF\EO1H2240692015363110PF_MTL_L1GST.TXT",".TXT","18035","26/01/2026 16:06:56"
"README.txt","G:\001_TESE_Prof. Maciel_até 19-01-2026\006_TESE\Dados_Hypirion_29-12-2015\EO1H2240692015363110PF_1GST\EO1H2240692015363110PF","G:\001_TESE_Prof. Maciel_até 19-01-2026\006_TESE\Dados_Hypirion_29-12-2015\EO1H2240692015363110PF_1GST\EO1H2240692015363110PF\README.txt",".txt","5804","26/01/2026 16:06:58"
"EO1H2240692015363110PF.hdr","G:\001_TESE_Prof. Maciel_até 19-01-2026\006_TESE\Dados_Hypirion_29-12-2015\EO1H2240692015363110PF_1R\EO1H2240692015363110PF","G:\001_TESE_Prof. Maciel_até 19-01-2026\006_TESE\Dados_Hypirion_29-12-2015\EO1H2240692015363110PF_1R\EO1H2240692015363110PF\EO1H2240692015363110PF.hdr",".hdr","13884","26/01/2026 16:07:08"
"README.txt","G:\001_TESE_Prof. Maciel_até 19-01-2026\006_TESE\Dados_Hypirion_29-12-2015\EO1H2240692015363110PF_1R\EO1H2240692015363110PF","G:\001_TESE_Prof. Maciel_até 19-01-2026\006_TESE\Dados_Hypirion_29-12-2015\EO1H2240692015363110PF_1R\EO1H2240692015363110PF\README.txt",".txt","5804","26/01/2026 16:07:11"
"EO1H2240692015363110PF_B001_L1T.TIF","G:\001_TESE_Prof. Maciel_até 19-01-2026\006_TESE\Dados_Hypirion_29-12-2015\EO1H2240692015363110PF_1T","G:\001_TESE_Prof. Maciel_até 19-01-2026\006_TESE\Dados_Hypirion_29-12-2015\EO1H2240692015363110PF_1T\EO1H2240692015363110PF_B001_L1T.TIF",".TIF","6936802","26/01/2026 16:07:16"
"EO1H2240692015363110PF_B002_L1T.TIF","G:\001_TESE_Prof. Maciel_até 19-01-2026\006_TESE\Dados_Hypirion_29-12-2015\EO1H2240692015363110PF_1T","G:\001_TESE_Prof. Maciel_até 19-01-2026\006_TESE\Dados_Hypirion_29-12-2015\EO1H2240692015363110PF_1T\EO1H2240692015363110PF_B002_L1T.TIF",".TIF","6936802","26/01/2026 16:07:16"
"EO1H2240692015363110PF_B003_L1T.TIF","G:\001_TESE_Prof. Maciel_até 19-01-2026\006_TESE\Dados_Hypirion_29-12-2015\EO1H2240692015363110PF_1T","G:\001_TESE_Prof. Maciel_até 19-01-2026\006_TESE\Dados_Hypirion_29-12-2015\EO1H2240692015363110PF_1T\EO1H2240692015363110PF_B003_L1T.TIF",".TIF","6936802","26/01/2026 16:07:16"
"EO1H2240692015363110PF_B004_L1T.TIF","G:\001_TESE_Prof. Maciel_até 19-01-2026\006_TESE\Dados_Hypirion_29-12-2015\EO1H2240692015363110PF_1T","G:\001_TESE_Prof. Maciel_até 19-01-2026\006_TESE\Dados_Hypirion_29-12-2015\EO1H2240692015363110PF_1T\EO1H2240692015363110PF_B004_L1T.TIF",".TIF","6936802","26/01/2026 16:07:16"
"EO1H2240692015363110PF_B005_L1T.TIF","G:\001_TESE_Prof. Maciel_até 19-01-2026\006_TESE\Dados_Hypirion_29-12-2015\EO1H2240692015363110PF_1T","G:\001_TESE_Prof. Maciel_até 19-01-2026\006_TESE\Dados_Hypirion_29-12-2015\EO1H2240692015363110PF_1T\EO1H2240692015363110PF_B005_L1T.TIF",".TIF","6936802","26/01/2026 16:07:16"
"EO1H2240692015363110PF_B006_L1T.TIF","G:\001_TESE_Prof. Maciel_até 19-01-2026\006_TESE\Dados_Hypirion_29-12-2015\EO1H2240692015363110PF_1T","G:\001_TESE_Prof. Maciel_até 19-01-2026\006_TESE\Dados_Hypirion_29-12-2015\EO1H2240692015363110PF_1T\EO1H2240692015363110PF_B006_L1T.TIF",".TIF","6936802","26/01/2026 16:07:16"
"EO1H2240692015363110PF_B007_L1T.TIF","G:\001_TESE_Prof. Maciel_até 19-01-2026\006_TESE\Dados_Hypirion_29-12-2015\EO1H2240692015363110PF_1T","G:\001_TESE_Prof. Maciel_até 19-01-2026\006_TESE\Dados_Hypirion_29-12-2015\EO1H2240692015363110PF_1T\EO1H2240692015363110PF_B007_L1T.TIF",".TIF","6936802","26/01/2026 16:07:16"
"EO1H2240692015363110PF_B008_L1T.TIF","G:\001_TESE_Prof. Maciel_até 19-01-2026\006_TESE\Dados_Hypirion_29-12-2015\EO1H2240692015363110PF_1T","G:\001_TESE_Prof. Maciel_até 19-01-2026\006_TESE\Dados_Hypirion_29-12-2015\EO1H2240692015363110PF_1T\EO1H2240692015363110PF_B008_L1T.TIF",".TIF","6936802","26/01/2026 16:07:16"
"EO1H2240692015363110PF_B009_L1T.TIF","G:\001_TESE_Prof. Maciel_até 19-01-2026\006_TESE\Dados_Hypirion_29-12-2015\EO1H2240692015363110PF_1T","G:\001_TESE_Prof. Maciel_até 19-01-2026\006_TESE\Dados_Hypirion_29-12-2015\EO1H2240692015363110PF_1T\EO1H2240692015363110PF_B009_L1T.TIF",".TIF","6936802","26/01/2026 16:07:17"
"EO1H2240692015363110PF_B010_L1T.TIF","G:\001_TESE_Prof. Maciel_até 19-01-2026\006_TESE\Dados_Hypirion_29-12-2015\EO1H2240692015363110PF_1T","G:\001_TESE_Prof. Maciel_até 19-01-2026\006_TESE\Dados_Hypirion_29-12-2015\EO1H2240692015363110PF_1T\EO1H2240692015363110PF_B010_L1T.TIF",".TIF","6936802","26/01/2026 16:07:17"
"EO1H2240692015363110PF_B011_L1T.TIF","G:\001_TESE_Prof. Maciel_até 19-01-2026\006_TESE\Dados_Hypirion_29-12-2015\EO1H2240692015363110PF_1T","G:\001_TESE_Prof. Maciel_até 19-01-2026\006_TESE\Dados_Hypirion_29-12-2015\EO1H2240692015363110PF_1T\EO1H2240692015363110PF_B011_L1T.TIF",".TIF","6936802","26/01/2026 16:07:17"
"EO1H2240692015363110PF_B012_L1T.TIF","G:\001_TESE_Prof. Maciel_até 19-01-2026\006_TESE\Dados_Hypirion_29-12-2015\EO1H2240692015363110PF_1T","G:\001_TESE_Prof. Maciel_até 19-01-2026\006_TESE\Dados_Hypirion_29-12-2015\EO1H2240692015363110PF_1T\EO1H2240692015363110PF_B012_L1T.TIF",".TIF","6936802","26/01/2026 16:07:17"
"EO1H2240692015363110PF_B013_L1T.TIF","G:\001_TESE_Prof. Maciel_até 19-01-2026\006_TESE\Dados_Hypirion_29-12-2015\EO1H2240692015363110PF_1T","G:\001_TESE_Prof. Maciel_até 19-01-2026\006_TESE\Dados_Hypirion_29-12-2015\EO1H2240692015363110PF_1T\EO1H2240692015363110PF_B013_L1T.TIF",".TIF","6936802","26/01/2026 16:07:17"
"EO1H2240692015363110PF_B014_L1T.TIF","G:\001_TESE_Prof. Maciel_até 19-01-2026\006_TESE\Dados_Hypirion_29-12-2015\EO1H2240692015363110PF_1T","G:\001_TESE_Prof. Maciel_até 19-01-2026\006_TESE\Dados_Hypirion_29-12-2015\EO1H2240692015363110PF_1T\EO1H2240692015363110PF_B014_L1T.TIF",".TIF","6936802","26/01/2026 16:07:17"
"EO1H2240692015363110PF_B015_L1T.TIF","G:\001_TESE_Prof. Maciel_até 19-01-2026\006_TESE\Dados_Hypirion_29-12-2015\EO1H2240692015363110PF_1T","G:\001_TESE_Prof. Maciel_até 19-01-2026\006_TESE\Dados_Hypirion_29-12-2015\EO1H2240692015363110PF_1T\EO1H2240692015363110PF_B015_L1T.TIF",".TIF","6936802","26/01/2026 16:07:17"
"EO1H2240692015363110PF_B016_L1T.TIF","G:\001_TESE_Prof. Maciel_até 19-01-2026\006_TESE\Dados_Hypirion_29-12-2015\EO1H2240692015363110PF_1T","G:\001_TESE_Prof. Maciel_até 19-01-2026\006_TESE\Dados_Hypirion_29-12-2015\EO1H2240692015363110PF_1T\EO1H2240692015363110PF_B016_L1T.TIF",".TIF","6936802","26/01/2026 16:07:17"
"EO1H2240692015363110PF_B017_L1T.TIF","G:\001_TESE_Prof. Maciel_até 19-01-2026\006_TESE\Dados_Hypirion_29-12-2015\EO1H2240692015363110PF_1T","G:\001_TESE_Prof. Maciel_até 19-01-2026\006_TESE\Dados_Hypirion_29-12-2015\EO1H2240692015363110PF_1T\EO1H2240692015363110PF_B017_L1T.TIF",".TIF","6936802","26/01/2026 16:07:17"
"EO1H2240692015363110PF_B018_L1T.TIF","G:\001_TESE_Prof. Maciel_até 19-01-2026\006_TESE\Dados_Hypirion_29-12-2015\EO1H2240692015363110PF_1T","G:\001_TESE_Prof. Maciel_até 19-01-2026\006_TESE\Dados_Hypirion_29-12-2015\EO1H2240692015363110PF_1T\EO1H2240692015363110PF_B018_L1T.TIF",".TIF","6936802","26/01/2026 16:07:17"
"EO1H2240692015363110PF_B019_L1T.TIF","G:\001_TESE_Prof. Maciel_até 19-01-2026\006_TESE\Dados_Hypirion_29-12-2015\EO1H2240692015363110PF_1T","G:\001_TESE_Prof. Maciel_até 19-01-2026\006_TESE\Dados_Hypirion_29-12-2015\EO1H2240692015363110PF_1T\EO1H2240692015363110PF_B019_L1T.TIF",".TIF","6936802","26/01/2026 16:07:17"
"EO1H2240692015363110PF_B020_L1T.TIF","G:\001_TESE_Prof. Maciel_até 19-01-2026\006_TESE\Dados_Hypirion_29-12-2015\EO1H2240692015363110PF_1T","G:\001_TESE_Prof. Maciel_até 19-01-2026\006_TESE\Dados_Hypirion_29-12-2015\EO1H2240692015363110PF_1T\EO1H2240692015363110PF_B020_L1T.TIF",".TIF","6936802","26/01/2026 16:07:17"
"EO1H2240692015363110PF_B021_L1T.TIF","G:\001_TESE_Prof. Maciel_até 19-01-2026\006_TESE\Dados_Hypirion_29-12-2015\EO1H2240692015363110PF_1T","G:\001_TESE_Prof. Maciel_até 19-01-2026\006_TESE\Dados_Hypirion_29-12-2015\EO1H2240692015363110PF_1T\EO1H2240692015363110PF_B021_L1T.TIF",".TIF","6936802","26/01/2026 16:07:17"
"EO1H2240692015363110PF_B022_L1T.TIF","G:\001_TESE_Prof. Maciel_até 19-01-2026\006_TESE\Dados_Hypirion_29-12-2015\EO1H2240692015363110PF_1T","G:\001_TESE_Prof. Maciel_até 19-01-2026\006_TESE\Dados_Hypirion_29-12-2015\EO1H2240692015363110PF_1T\EO1H2240692015363110PF_B022_L1T.TIF",".TIF","6936802","26/01/2026 16:07:17"
"EO1H2240692015363110PF_B023_L1T.TIF","G:\001_TESE_Prof. Maciel_até 19-01-2026\006_TESE\Dados_Hypirion_29-12-2015\EO1H2240692015363110PF_1T","G:\001_TESE_Prof. Maciel_até 19-01-2026\006_TESE\Dados_Hypirion_29-12-2015\EO1H2240692015363110PF_1T\EO1H2240692015363110PF_B023_L1T.TIF",".TIF","6936802","26/01/2026 16:07:17"
"EO1H2240692015363110PF_B024_L1T.TIF","G:\001_TESE_Prof. Maciel_até 19-01-2026\006_TESE\Dados_Hypirion_29-12-2015\EO1H2240692015363110PF_1T","G:\001_TESE_Prof. Maciel_até 19-01-2026\006_TESE\Dados_Hypirion_29-12-2015\EO1H2240692015363110PF_1T\EO1H2240692015363110PF_B024_L1T.TIF",".TIF","6936802","26/01/2026 16:07:17"
"EO1H2240692015363110PF_B025_L1T.TIF","G:\001_TESE_Prof. Maciel_até 19-01-2026\006_TESE\Dados_Hypirion_29-12-2015\EO1H2240692015363110PF_1T","G:\001_TESE_Prof. Maciel_até 19-01-2026\006_TESE\Dados_Hypirion_29-12-2015\EO1H2240692015363110PF_1T\EO1H2240692015363110PF_B025_L1T.TIF",".TIF","6936802","26/01/2026 16:07:17"
"EO1H2240692015363110PF_B026_L1T.TIF","G:\001_TESE_Prof. Maciel_até 19-01-2026\006_TESE\Dados_Hypirion_29-12-2015\EO1H2240692015363110PF_1T","G:\001_TESE_Prof. Maciel_até 19-01-2026\006_TESE\Dados_Hypirion_29-12-2015\EO1H2240692015363110PF_1T\EO1H2240692015363110PF_B026_L1T.TIF",".TIF","6936802","26/01/2026 16:07:17"
"EO1H2240692015363110PF_B027_L1T.TIF","G:\001_TESE_Prof. Maciel_até 19-01-2026\006_TESE\Dados_Hypirion_29-12-2015\EO1H2240692015363110PF_1T","G:\001_TESE_Prof. Maciel_até 19-01-2026\006_TESE\Dados_Hypirion_29-12-2015\EO1H2240692015363110PF_1T\EO1H2240692015363110PF_B027_L1T.TIF",".TIF","6936802","26/01/2026 16:07:17"
"EO1H2240692015363110PF_B028_L1T.TIF","G:\001_TESE_Prof. Maciel_até 19-01-2026\006_TESE\Dados_Hypirion_29-12-2015\EO1H2240692015363110PF_1T","G:\001_TESE_Prof. Maciel_até 19-01-2026\006_TESE\Dados_Hypirion_29-12-2015\EO1H2240692015363110PF_1T\EO1H2240692015363110PF_B028_L1T.TIF",".TIF","6936802","26/01/2026 16:07:17"
"EO1H2240692015363110PF_B029_L1T.TIF","G:\001_TESE_Prof. Maciel_até 19-01-2026\006_TESE\Dados_Hypirion_29-12-2015\EO1H2240692015363110PF_1T","G:\001_TESE_Prof. Maciel_até 19-01-2026\006_TESE\Dados_Hypirion_29-12-2015\EO1H2240692015363110PF_1T\EO1H2240692015363110PF_B029_L1T.TIF",".TIF","6936802","26/01/2026 16:07:17"
"EO1H2240692015363110PF_B030_L1T.TIF","G:\001_TESE_Prof. Maciel_até 19-01-2026\006_TESE\Dados_Hypirion_29-12-2015\EO1H2240692015363110PF_1T","G:\001_TESE_Prof. Maciel_até 19-01-2026\006_TESE\Dados_Hypirion_29-12-2015\EO1H2240692015363110PF_1T\EO1H2240692015363110PF_B030_L1T.TIF",".TIF","6936802","26/01/2026 16:07:17"
"EO1H2240692015363110PF_B031_L1T.TIF","G:\001_TESE_Prof. Maciel_até 19-01-2026\006_TESE\Dados_Hypirion_29-12-2015\EO1H2240692015363110PF_1T","G:\001_TESE_Prof. Maciel_até 19-01-2026\006_TESE\Dados_Hypirion_29-12-2015\EO1H2240692015363110PF_1T\EO1H2240692015363110PF_B031_L1T.TIF",".TIF","6936802","26/01/2026 16:07:17"
"EO1H2240692015363110PF_B032_L1T.TIF","G:\001_TESE_Prof. Maciel_até 19-01-2026\006_TESE\Dados_Hypirion_29-12-2015\EO1H2240692015363110PF_1T","G:\001_TESE_Prof. Maciel_até 19-01-2026\006_TESE\Dados_Hypirion_29-12-2015\EO1H2240692015363110PF_1T\EO1H2240692015363110PF_B032_L1T.TIF",".TIF","6936802","26/01/2026 16:07:17"
"EO1H2240692015363110PF_B033_L1T.TIF","G:\001_TESE_Prof. Maciel_até 19-01-2026\006_TESE\Dados_Hypirion_29-12-2015\EO1H2240692015363110PF_1T","G:\001_TESE_Prof. Maciel_até 19-01-2026\006_TESE\Dados_Hypirion_29-12-2015\EO1H2240692015363110PF_1T\EO1H2240692015363110PF_B033_L1T.TIF",".TIF","6936802","26/01/2026 16:07:17"
"EO1H2240692015363110PF_B034_L1T.TIF","G:\001_TESE_Prof. Maciel_até 19-01-2026\006_TESE\Dados_Hypirion_29-12-2015\EO1H2240692015363110PF_1T","G:\001_TESE_Prof. Maciel_até 19-01-2026\006_TESE\Dados_Hypirion_29-12-2015\EO1H2240692015363110PF_1T\EO1H2240692015363110PF_B034_L1T.TIF",".TIF","6936802","26/01/2026 16:07:17"
"EO1H2240692015363110PF_B035_L1T.TIF","G:\001_TESE_Prof. Maciel_até 19-01-2026\006_TESE\Dados_Hypirion_29-12-2015\EO1H2240692015363110PF_1T","G:\001_TESE_Prof. Maciel_até 19-01-2026\006_TESE\Dados_Hypirion_29-12-2015\EO1H2240692015363110PF_1T\EO1H2240692015363110PF_B035_L1T.TIF",".TIF","6936802","26/01/2026 16:07:17"
"EO1H2240692015363110PF_B036_L1T.TIF","G:\001_TESE_Prof. Maciel_até 19-01-2026\006_TESE\Dados_Hypirion_29-12-2015\EO1H2240692015363110PF_1T","G:\001_TESE_Prof. Maciel_até 19-01-2026\006_TESE\Dados_Hypirion_29-12-2015\EO1H2240692015363110PF_1T\EO1H2240692015363110PF_B036_L1T.TIF",".TIF","6936802","26/01/2026 16:07:17"
"EO1H2240692015363110PF_B037_L1T.TIF","G:\001_TESE_Prof. Maciel_até 19-01-2026\006_TESE\Dados_Hypirion_29-12-2015\EO1H2240692015363110PF_1T","G:\001_TESE_Prof. Maciel_até 19-01-2026\006_TESE\Dados_Hypirion_29-12-2015\EO1H2240692015363110PF_1T\EO1H2240692015363110PF_B037_L1T.TIF",".TIF","6936802","26/01/2026 16:07:17"
"EO1H2240692015363110PF_B038_L1T.TIF","G:\001_TESE_Prof. Maciel_até 19-01-2026\006_TESE\Dados_Hypirion_29-12-2015\EO1H2240692015363110PF_1T","G:\001_TESE_Prof. Maciel_até 19-01-2026\006_TESE\Dados_Hypirion_29-12-2015\EO1H2240692015363110PF_1T\EO1H2240692015363110PF_B038_L1T.TIF",".TIF","6936802","26/01/2026 16:07:17"
"EO1H2240692015363110PF_B039_L1T.TIF","G:\001_TESE_Prof. Maciel_até 19-01-2026\006_TESE\Dados_Hypirion_29-12-2015\EO1H2240692015363110PF_1T","G:\001_TESE_Prof. Maciel_até 19-01-2026\006_TESE\Dados_Hypirion_29-12-2015\EO1H2240692015363110PF_1T\EO1H2240692015363110PF_B039_L1T.TIF",".TIF","6936802","26/01/2026 16:07:17"
"EO1H2240692015363110PF_B040_L1T.TIF","G:\001_TESE_Prof. Maciel_até 19-01-2026\006_TESE\Dados_Hypirion_29-12-2015\EO1H2240692015363110PF_1T","G:\001_TESE_Prof. Maciel_até 19-01-2026\006_TESE\Dados_Hypirion_29-12-2015\EO1H2240692015363110PF_1T\EO1H2240692015363110PF_B040_L1T.TIF",".TIF","6936802","26/01/2026 16:07:17"
"EO1H2240692015363110PF_B041_L1T.TIF","G:\001_TESE_Prof. Maciel_até 19-01-2026\006_TESE\Dados_Hypirion_29-12-2015\EO1H2240692015363110PF_1T","G:\001_TESE_Prof. Maciel_até 19-01-2026\006_TESE\Dados_Hypirion_29-12-2015\EO1H2240692015363110PF_1T\EO1H2240692015363110PF_B041_L1T.TIF",".TIF","6936802","26/01/2026 16:07:17"
"EO1H2240692015363110PF_B042_L1T.TIF","G:\001_TESE_Prof. Maciel_até 19-01-2026\006_TESE\Dados_Hypirion_29-12-2015\EO1H2240692015363110PF_1T","G:\001_TESE_Prof. Maciel_até 19-01-2026\006_TESE\Dados_Hypirion_29-12-2015\EO1H2240692015363110PF_1T\EO1H2240692015363110PF_B042_L1T.TIF",".TIF","6936802","26/01/2026 16:07:17"
"EO1H2240692015363110PF_B043_L1T.TIF","G:\001_TESE_Prof. Maciel_até 19-01-2026\006_TESE\Dados_Hypirion_29-12-2015\EO1H2240692015363110PF_1T","G:\001_TESE_Prof. Maciel_até 19-01-2026\006_TESE\Dados_Hypirion_29-12-2015\EO1H2240692015363110PF_1T\EO1H2240692015363110PF_B043_L1T.TIF",".TIF","6936802","26/01/2026 16:07:17"
"EO1H2240692015363110PF_B044_L1T.TIF","G:\001_TESE_Prof. Maciel_até 19-01-2026\006_TESE\Dados_Hypirion_29-12-2015\EO1H2240692015363110PF_1T","G:\001_TESE_Prof. Maciel_até 19-01-2026\006_TESE\Dados_Hypirion_29-12-2015\EO1H2240692015363110PF_1T\EO1H2240692015363110PF_B044_L1T.TIF",".TIF","6936802","26/01/2026 16:07:17"
"EO1H2240692015363110PF_B045_L1T.TIF","G:\001_TESE_Prof. Maciel_até 19-01-2026\006_TESE\Dados_Hypirion_29-12-2015\EO1H2240692015363110PF_1T","G:\001_TESE_Prof. Maciel_até 19-01-2026\006_TESE\Dados_Hypirion_29-12-2015\EO1H2240692015363110PF_1T\EO1H2240692015363110PF_B045_L1T.TIF",".TIF","6936802","26/01/2026 16:07:18"
"EO1H2240692015363110PF_B046_L1T.TIF","G:\001_TESE_Prof. Maciel_até 19-01-2026\006_TESE\Dados_Hypirion_29-12-2015\EO1H2240692015363110PF_1T","G:\001_TESE_Prof. Maciel_até 19-01-2026\006_TESE\Dados_Hypirion_29-12-2015\EO1H2240692015363110PF_1T\EO1H2240692015363110PF_B046_L1T.TIF",".TIF","6936802","26/01/2026 16:07:18"
"EO1H2240692015363110PF_B047_L1T.TIF","G:\001_TESE_Prof. Maciel_até 19-01-2026\006_TESE\Dados_Hypirion_29-12-2015\EO1H2240692015363110PF_1T","G:\001_TESE_Prof. Maciel_até 19-01-2026\006_TESE\Dados_Hypirion_29-12-2015\EO1H2240692015363110PF_1T\EO1H2240692015363110PF_B047_L1T.TIF",".TIF","6936802","26/01/2026 16:07:18"
"EO1H2240692015363110PF_B048_L1T.TIF","G:\001_TESE_Prof. Maciel_até 19-01-2026\006_TESE\Dados_Hypirion_29-12-2015\EO1H2240692015363110PF_1T","G:\001_TESE_Prof. Maciel_até 19-01-2026\006_TESE\Dados_Hypirion_29-12-2015\EO1H2240692015363110PF_1T\EO1H2240692015363110PF_B048_L1T.TIF",".TIF","6936802","26/01/2026 16:07:18"
"EO1H2240692015363110PF_B049_L1T.TIF","G:\001_TESE_Prof. Maciel_até 19-01-2026\006_TESE\Dados_Hypirion_29-12-2015\EO1H2240692015363110PF_1T","G:\001_TESE_Prof. Maciel_até 19-01-2026\006_TESE\Dados_Hypirion_29-12-2015\EO1H2240692015363110PF_1T\EO1H2240692015363110PF_B049_L1T.TIF",".TIF","6936802","26/01/2026 16:07:18"
"EO1H2240692015363110PF_B050_L1T.TIF","G:\001_TESE_Prof. Maciel_até 19-01-2026\006_TESE\Dados_Hypirion_29-12-2015\EO1H2240692015363110PF_1T","G:\001_TESE_Prof. Maciel_até 19-01-2026\006_TESE\Dados_Hypirion_29-12-2015\EO1H2240692015363110PF_1T\EO1H2240692015363110PF_B050_L1T.TIF",".TIF","6936802","26/01/2026 16:07:18"
"EO1H2240692015363110PF_B051_L1T.TIF","G:\001_TESE_Prof. Maciel_até 19-01-2026\006_TESE\Dados_Hypirion_29-12-2015\EO1H2240692015363110PF_1T","G:\001_TESE_Prof. Maciel_até 19-01-2026\006_TESE\Dados_Hypirion_29-12-2015\EO1H2240692015363110PF_1T\EO1H2240692015363110PF_B051_L1T.TIF",".TIF","6936802","26/01/2026 16:07:18"
"EO1H2240692015363110PF_B052_L1T.TIF","G:\001_TESE_Prof. Maciel_até 19-01-2026\006_TESE\Dados_Hypirion_29-12-2015\EO1H2240692015363110PF_1T","G:\001_TESE_Prof. Maciel_até 19-01-2026\006_TESE\Dados_Hypirion_29-12-2015\EO1H2240692015363110PF_1T\EO1H2240692015363110PF_B052_L1T.TIF",".TIF","6936802","26/01/2026 16:07:18"
"EO1H2240692015363110PF_B053_L1T.TIF","G:\001_TESE_Prof. Maciel_até 19-01-2026\006_TESE\Dados_Hypirion_29-12-2015\EO1H2240692015363110PF_1T","G:\001_TESE_Prof. Maciel_até 19-01-2026\006_TESE\Dados_Hypirion_29-12-2015\EO1H2240692015363110PF_1T\EO1H2240692015363110PF_B053_L1T.TIF",".TIF","6936802","26/01/2026 16:07:18"
"EO1H2240692015363110PF_B054_L1T.TIF","G:\001_TESE_Prof. Maciel_até 19-01-2026\006_TESE\Dados_Hypirion_29-12-2015\EO1H2240692015363110PF_1T","G:\001_TESE_Prof. Maciel_até 19-01-2026\006_TESE\Dados_Hypirion_29-12-2015\EO1H2240692015363110PF_1T\EO1H2240692015363110PF_B054_L1T.TIF",".TIF","6936802","26/01/2026 16:07:18"
"EO1H2240692015363110PF_B055_L1T.TIF","G:\001_TESE_Prof. Maciel_até 19-01-2026\006_TESE\Dados_Hypirion_29-12-2015\EO1H2240692015363110PF_1T","G:\001_TESE_Prof. Maciel_até 19-01-2026\006_TESE\Dados_Hypirion_29-12-2015\EO1H2240692015363110PF_1T\EO1H2240692015363110PF_B055_L1T.TIF",".TIF","6936802","26/01/2026 16:07:18"
"EO1H2240692015363110PF_B056_L1T.TIF","G:\001_TESE_Prof. Maciel_até 19-01-2026\006_TESE\Dados_Hypirion_29-12-2015\EO1H2240692015363110PF_1T","G:\001_TESE_Prof. Maciel_até 19-01-2026\006_TESE\Dados_Hypirion_29-12-2015\EO1H2240692015363110PF_1T\EO1H2240692015363110PF_B056_L1T.TIF",".TIF","6936802","26/01/2026 16:07:18"
"EO1H2240692015363110PF_B057_L1T.TIF","G:\001_TESE_Prof. Maciel_até 19-01-2026\006_TESE\Dados_Hypirion_29-12-2015\EO1H2240692015363110PF_1T","G:\001_TESE_Prof. Maciel_até 19-01-2026\006_TESE\Dados_Hypirion_29-12-2015\EO1H2240692015363110PF_1T\EO1H2240692015363110PF_B057_L1T.TIF",".TIF","6936802","26/01/2026 16:07:18"
"EO1H2240692015363110PF_B058_L1T.TIF","G:\001_TESE_Prof. Maciel_até 19-01-2026\006_TESE\Dados_Hypirion_29-12-2015\EO1H2240692015363110PF_1T","G:\001_TESE_Prof. Maciel_até 19-01-2026\006_TESE\Dados_Hypirion_29-12-2015\EO1H2240692015363110PF_1T\EO1H2240692015363110PF_B058_L1T.TIF",".TIF","6936802","26/01/2026 16:07:18"
"EO1H2240692015363110PF_B059_L1T.TIF","G:\001_TESE_Prof. Maciel_até 19-01-2026\006_TESE\Dados_Hypirion_29-12-2015\EO1H2240692015363110PF_1T","G:\001_TESE_Prof. Maciel_até 19-01-2026\006_TESE\Dados_Hypirion_29-12-2015\EO1H2240692015363110PF_1T\EO1H2240692015363110PF_B059_L1T.TIF",".TIF","6936802","26/01/2026 16:07:18"
"EO1H2240692015363110PF_B060_L1T.TIF","G:\001_TESE_Prof. Maciel_até 19-01-2026\006_TESE\Dados_Hypirion_29-12-2015\EO1H2240692015363110PF_1T","G:\001_TESE_Prof. Maciel_até 19-01-2026\006_TESE\Dados_Hypirion_29-12-2015\EO1H2240692015363110PF_1T\EO1H2240692015363110PF_B060_L1T.TIF",".TIF","6936802","26/01/2026 16:07:18"
"EO1H2240692015363110PF_B061_L1T.TIF","G:\001_TESE_Prof. Maciel_até 19-01-2026\006_TESE\Dados_Hypirion_29-12-2015\EO1H2240692015363110PF_1T","G:\001_TESE_Prof. Maciel_até 19-01-2026\006_TESE\Dados_Hypirion_29-12-2015\EO1H2240692015363110PF_1T\EO1H2240692015363110PF_B061_L1T.TIF",".TIF","6936802","26/01/2026 16:07:18"
"EO1H2240692015363110PF_B062_L1T.TIF","G:\001_TESE_Prof. Maciel_até 19-01-2026\006_TESE\Dados_Hypirion_29-12-2015\EO1H2240692015363110PF_1T","G:\001_TESE_Prof. Maciel_até 19-01-2026\006_TESE\Dados_Hypirion_29-12-2015\EO1H2240692015363110PF_1T\EO1H2240692015363110PF_B062_L1T.TIF",".TIF","6936802","26/01/2026 16:07:18"
"EO1H2240692015363110PF_B063_L1T.TIF","G:\001_TESE_Prof. Maciel_até 19-01-2026\006_TESE\Dados_Hypirion_29-12-2015\EO1H2240692015363110PF_1T","G:\001_TESE_Prof. Maciel_até 19-01-2026\006_TESE\Dados_Hypirion_29-12-2015\EO1H2240692015363110PF_1T\EO1H2240692015363110PF_B063_L1T.TIF",".TIF","6936802","26/01/2026 16:07:18"
"EO1H2240692015363110PF_B064_L1T.TIF","G:\001_TESE_Prof. Maciel_até 19-01-2026\006_TESE\Dados_Hypirion_29-12-2015\EO1H2240692015363110PF_1T","G:\001_TESE_Prof. Maciel_até 19-01-2026\006_TESE\Dados_Hypirion_29-12-2015\EO1H2240692015363110PF_1T\EO1H2240692015363110PF_B064_L1T.TIF",".TIF","6936802","26/01/2026 16:07:18"
"EO1H2240692015363110PF_B065_L1T.TIF","G:\001_TESE_Prof. Maciel_até 19-01-2026\006_TESE\Dados_Hypirion_29-12-2015\EO1H2240692015363110PF_1T","G:\001_TESE_Prof. Maciel_até 19-01-2026\006_TESE\Dados_Hypirion_29-12-2015\EO1H2240692015363110PF_1T\EO1H2240692015363110PF_B065_L1T.TIF",".TIF","6936802","26/01/2026 16:07:18"
"EO1H2240692015363110PF_B066_L1T.TIF","G:\001_TESE_Prof. Maciel_até 19-01-2026\006_TESE\Dados_Hypirion_29-12-2015\EO1H2240692015363110PF_1T","G:\001_TESE_Prof. Maciel_até 19-01-2026\006_TESE\Dados_Hypirion_29-12-2015\EO1H2240692015363110PF_1T\EO1H2240692015363110PF_B066_L1T.TIF",".TIF","6936802","26/01/2026 16:07:18"
"EO1H2240692015363110PF_B067_L1T.TIF","G:\001_TESE_Prof. Maciel_até 19-01-2026\006_TESE\Dados_Hypirion_29-12-2015\EO1H2240692015363110PF_1T","G:\001_TESE_Prof. Maciel_até 19-01-2026\006_TESE\Dados_Hypirion_29-12-2015\EO1H2240692015363110PF_1T\EO1H2240692015363110PF_B067_L1T.TIF",".TIF","6936802","26/01/2026 16:07:18"
"EO1H2240692015363110PF_B068_L1T.TIF","G:\001_TESE_Prof. Maciel_até 19-01-2026\006_TESE\Dados_Hypirion_29-12-2015\EO1H2240692015363110PF_1T","G:\001_TESE_Prof. Maciel_até 19-01-2026\006_TESE\Dados_Hypirion_29-12-2015\EO1H2240692015363110PF_1T\EO1H2240692015363110PF_B068_L1T.TIF",".TIF","6936802","26/01/2026 16:07:18"
"EO1H2240692015363110PF_B069_L1T.TIF","G:\001_TESE_Prof. Maciel_até 19-01-2026\006_TESE\Dados_Hypirion_29-12-2015\EO1H2240692015363110PF_1T","G:\001_TESE_Prof. Maciel_até 19-01-2026\006_TESE\Dados_Hypirion_29-12-2015\EO1H2240692015363110PF_1T\EO1H2240692015363110PF_B069_L1T.TIF",".TIF","6936802","26/01/2026 16:07:18"
"EO1H2240692015363110PF_B070_L1T.TIF","G:\001_TESE_Prof. Maciel_até 19-01-2026\006_TESE\Dados_Hypirion_29-12-2015\EO1H2240692015363110PF_1T","G:\001_TESE_Prof. Maciel_até 19-01-2026\006_TESE\Dados_Hypirion_29-12-2015\EO1H2240692015363110PF_1T\EO1H2240692015363110PF_B070_L1T.TIF",".TIF","6936802","26/01/2026 16:07:18"
"EO1H2240692015363110PF_B071_L1T.TIF","G:\001_TESE_Prof. Maciel_até 19-01-2026\006_TESE\Dados_Hypirion_29-12-2015\EO1H2240692015363110PF_1T","G:\001_TESE_Prof. Maciel_até 19-01-2026\006_TESE\Dados_Hypirion_29-12-2015\EO1H2240692015363110PF_1T\EO1H2240692015363110PF_B071_L1T.TIF",".TIF","6936802","26/01/2026 16:07:18"
"EO1H2240692015363110PF_B072_L1T.TIF","G:\001_TESE_Prof. Maciel_até 19-01-2026\006_TESE\Dados_Hypirion_29-12-2015\EO1H2240692015363110PF_1T","G:\001_TESE_Prof. Maciel_até 19-01-2026\006_TESE\Dados_Hypirion_29-12-2015\EO1H2240692015363110PF_1T\EO1H2240692015363110PF_B072_L1T.TIF",".TIF","6936802","26/01/2026 16:07:18"
"EO1H2240692015363110PF_B073_L1T.TIF","G:\001_TESE_Prof. Maciel_até 19-01-2026\006_TESE\Dados_Hypirion_29-12-2015\EO1H2240692015363110PF_1T","G:\001_TESE_Prof. Maciel_até 19-01-2026\006_TESE\Dados_Hypirion_29-12-2015\EO1H2240692015363110PF_1T\EO1H2240692015363110PF_B073_L1T.TIF",".TIF","6936802","26/01/2026 16:07:18"
"EO1H2240692015363110PF_B074_L1T.TIF","G:\001_TESE_Prof. Maciel_até 19-01-2026\006_TESE\Dados_Hypirion_29-12-2015\EO1H2240692015363110PF_1T","G:\001_TESE_Prof. Maciel_até 19-01-2026\006_TESE\Dados_Hypirion_29-12-2015\EO1H2240692015363110PF_1T\EO1H2240692015363110PF_B074_L1T.TIF",".TIF","6936802","26/01/2026 16:07:18"
"EO1H2240692015363110PF_B075_L1T.TIF","G:\001_TESE_Prof. Maciel_até 19-01-2026\006_TESE\Dados_Hypirion_29-12-2015\EO1H2240692015363110PF_1T","G:\001_TESE_Prof. Maciel_até 19-01-2026\006_TESE\Dados_Hypirion_29-12-2015\EO1H2240692015363110PF_1T\EO1H2240692015363110PF_B075_L1T.TIF",".TIF","6936802","26/01/2026 16:07:18"
"EO1H2240692015363110PF_B076_L1T.TIF","G:\001_TESE_Prof. Maciel_até 19-01-2026\006_TESE\Dados_Hypirion_29-12-2015\EO1H2240692015363110PF_1T","G:\001_TESE_Prof. Maciel_até 19-01-2026\006_TESE\Dados_Hypirion_29-12-2015\EO1H2240692015363110PF_1T\EO1H2240692015363110PF_B076_L1T.TIF",".TIF","6936802","26/01/2026 16:07:18"
"EO1H2240692015363110PF_B077_L1T.TIF","G:\001_TESE_Prof. Maciel_até 19-01-2026\006_TESE\Dados_Hypirion_29-12-2015\EO1H2240692015363110PF_1T","G:\001_TESE_Prof. Maciel_até 19-01-2026\006_TESE\Dados_Hypirion_29-12-2015\EO1H2240692015363110PF_1T\EO1H2240692015363110PF_B077_L1T.TIF",".TIF","6936802","26/01/2026 16:07:18"
"EO1H2240692015363110PF_B078_L1T.TIF","G:\001_TESE_Prof. Maciel_até 19-01-2026\006_TESE\Dados_Hypirion_29-12-2015\EO1H2240692015363110PF_1T","G:\001_TESE_Prof. Maciel_até 19-01-2026\006_TESE\Dados_Hypirion_29-12-2015\EO1H2240692015363110PF_1T\EO1H2240692015363110PF_B078_L1T.TIF",".TIF","6936802","26/01/2026 16:07:18"
"EO1H2240692015363110PF_B079_L1T.TIF","G:\001_TESE_Prof. Maciel_até 19-01-2026\006_TESE\Dados_Hypirion_29-12-2015\EO1H2240692015363110PF_1T","G:\001_TESE_Prof. Maciel_até 19-01-2026\006_TESE\Dados_Hypirion_29-12-2015\EO1H2240692015363110PF_1T\EO1H2240692015363110PF_B079_L1T.TIF",".TIF","6936802","26/01/2026 16:07:18"
"EO1H2240692015363110PF_B080_L1T.TIF","G:\001_TESE_Prof. Maciel_até 19-01-2026\006_TESE\Dados_Hypirion_29-12-2015\EO1H2240692015363110PF_1T","G:\001_TESE_Prof. Maciel_até 19-01-2026\006_TESE\Dados_Hypirion_29-12-2015\EO1H2240692015363110PF_1T\EO1H2240692015363110PF_B080_L1T.TIF",".TIF","6936802","26/01/2026 16:07:18"
"EO1H2240692015363110PF_B081_L1T.TIF","G:\001_TESE_Prof. Maciel_até 19-01-2026\006_TESE\Dados_Hypirion_29-12-2015\EO1H2240692015363110PF_1T","G:\001_TESE_Prof. Maciel_até 19-01-2026\006_TESE\Dados_Hypirion_29-12-2015\EO1H2240692015363110PF_1T\EO1H2240692015363110PF_B081_L1T.TIF",".TIF","6936802","26/01/2026 16:07:18"
"EO1H2240692015363110PF_B082_L1T.TIF","G:\001_TESE_Prof. Maciel_até 19-01-2026\006_TESE\Dados_Hypirion_29-12-2015\EO1H2240692015363110PF_1T","G:\001_TESE_Prof. Maciel_até 19-01-2026\006_TESE\Dados_Hypirion_29-12-2015\EO1H2240692015363110PF_1T\EO1H2240692015363110PF_B082_L1T.TIF",".TIF","6936802","26/01/2026 16:07:18"
"EO1H2240692015363110PF_B083_L1T.TIF","G:\001_TESE_Prof. Maciel_até 19-01-2026\006_TESE\Dados_Hypirion_29-12-2015\EO1H2240692015363110PF_1T","G:\001_TESE_Prof. Maciel_até 19-01-2026\006_TESE\Dados_Hypirion_29-12-2015\EO1H2240692015363110PF_1T\EO1H2240692015363110PF_B083_L1T.TIF",".TIF","6936802","26/01/2026 16:07:18"
"EO1H2240692015363110PF_B084_L1T.TIF","G:\001_TESE_Prof. Maciel_até 19-01-2026\006_TESE\Dados_Hypirion_29-12-2015\EO1H2240692015363110PF_1T","G:\001_TESE_Prof. Maciel_até 19-01-2026\006_TESE\Dados_Hypirion_29-12-2015\EO1H2240692015363110PF_1T\EO1H2240692015363110PF_B084_L1T.TIF",".TIF","6936802","26/01/2026 16:07:18"
"EO1H2240692015363110PF_B085_L1T.TIF","G:\001_TESE_Prof. Maciel_até 19-01-2026\006_TESE\Dados_Hypirion_29-12-2015\EO1H2240692015363110PF_1T","G:\001_TESE_Prof. Maciel_até 19-01-2026\006_TESE\Dados_Hypirion_29-12-2015\EO1H2240692015363110PF_1T\EO1H2240692015363110PF_B085_L1T.TIF",".TIF","6936802","26/01/2026 16:07:18"
"EO1H2240692015363110PF_B086_L1T.TIF","G:\001_TESE_Prof. Maciel_até 19-01-2026\006_TESE\Dados_Hypirion_29-12-2015\EO1H2240692015363110PF_1T","G:\001_TESE_Prof. Maciel_até 19-01-2026\006_TESE\Dados_Hypirion_29-12-2015\EO1H2240692015363110PF_1T\EO1H2240692015363110PF_B086_L1T.TIF",".TIF","6936802","26/01/2026 16:07:19"
"EO1H2240692015363110PF_B087_L1T.TIF","G:\001_TESE_Prof. Maciel_até 19-01-2026\006_TESE\Dados_Hypirion_29-12-2015\EO1H2240692015363110PF_1T","G:\001_TESE_Prof. Maciel_até 19-01-2026\006_TESE\Dados_Hypirion_29-12-2015\EO1H2240692015363110PF_1T\EO1H2240692015363110PF_B087_L1T.TIF",".TIF","6936802","26/01/2026 16:07:19"
"EO1H2240692015363110PF_B088_L1T.TIF","G:\001_TESE_Prof. Maciel_até 19-01-2026\006_TESE\Dados_Hypirion_29-12-2015\EO1H2240692015363110PF_1T","G:\001_TESE_Prof. Maciel_até 19-01-2026\006_TESE\Dados_Hypirion_29-12-2015\EO1H2240692015363110PF_1T\EO1H2240692015363110PF_B088_L1T.TIF",".TIF","6936802","26/01/2026 16:07:19"
"EO1H2240692015363110PF_B089_L1T.TIF","G:\001_TESE_Prof. Maciel_até 19-01-2026\006_TESE\Dados_Hypirion_29-12-2015\EO1H2240692015363110PF_1T","G:\001_TESE_Prof. Maciel_até 19-01-2026\006_TESE\Dados_Hypirion_29-12-2015\EO1H2240692015363110PF_1T\EO1H2240692015363110PF_B089_L1T.TIF",".TIF","6936802","26/01/2026 16:07:19"
"EO1H2240692015363110PF_B090_L1T.TIF","G:\001_TESE_Prof. Maciel_até 19-01-2026\006_TESE\Dados_Hypirion_29-12-2015\EO1H2240692015363110PF_1T","G:\001_TESE_Prof. Maciel_até 19-01-2026\006_TESE\Dados_Hypirion_29-12-2015\EO1H2240692015363110PF_1T\EO1H2240692015363110PF_B090_L1T.TIF",".TIF","6936802","26/01/2026 16:07:19"
"EO1H2240692015363110PF_B091_L1T.TIF","G:\001_TESE_Prof. Maciel_até 19-01-2026\006_TESE\Dados_Hypirion_29-12-2015\EO1H2240692015363110PF_1T","G:\001_TESE_Prof. Maciel_até 19-01-2026\006_TESE\Dados_Hypirion_29-12-2015\EO1H2240692015363110PF_1T\EO1H2240692015363110PF_B091_L1T.TIF",".TIF","6936802","26/01/2026 16:07:19"
"EO1H2240692015363110PF_B092_L1T.TIF","G:\001_TESE_Prof. Maciel_até 19-01-2026\006_TESE\Dados_Hypirion_29-12-2015\EO1H2240692015363110PF_1T","G:\001_TESE_Prof. Maciel_até 19-01-2026\006_TESE\Dados_Hypirion_29-12-2015\EO1H2240692015363110PF_1T\EO1H2240692015363110PF_B092_L1T.TIF",".TIF","6936802","26/01/2026 16:07:19"
"EO1H2240692015363110PF_B093_L1T.TIF","G:\001_TESE_Prof. Maciel_até 19-01-2026\006_TESE\Dados_Hypirion_29-12-2015\EO1H2240692015363110PF_1T","G:\001_TESE_Prof. Maciel_até 19-01-2026\006_TESE\Dados_Hypirion_29-12-2015\EO1H2240692015363110PF_1T\EO1H2240692015363110PF_B093_L1T.TIF",".TIF","6936802","26/01/2026 16:07:19"
"EO1H2240692015363110PF_B094_L1T.TIF","G:\001_TESE_Prof. Maciel_até 19-01-2026\006_TESE\Dados_Hypirion_29-12-2015\EO1H2240692015363110PF_1T","G:\001_TESE_Prof. Maciel_até 19-01-2026\006_TESE\Dados_Hypirion_29-12-2015\EO1H2240692015363110PF_1T\EO1H2240692015363110PF_B094_L1T.TIF",".TIF","6936802","26/01/2026 16:07:19"
"EO1H2240692015363110PF_B095_L1T.TIF","G:\001_TESE_Prof. Maciel_até 19-01-2026\006_TESE\Dados_Hypirion_29-12-2015\EO1H2240692015363110PF_1T","G:\001_TESE_Prof. Maciel_até 19-01-2026\006_TESE\Dados_Hypirion_29-12-2015\EO1H2240692015363110PF_1T\EO1H2240692015363110PF_B095_L1T.TIF",".TIF","6936802","26/01/2026 16:07:19"
"EO1H2240692015363110PF_B096_L1T.TIF","G:\001_TESE_Prof. Maciel_até 19-01-2026\006_TESE\Dados_Hypirion_29-12-2015\EO1H2240692015363110PF_1T","G:\001_TESE_Prof. Maciel_até 19-01-2026\006_TESE\Dados_Hypirion_29-12-2015\EO1H2240692015363110PF_1T\EO1H2240692015363110PF_B096_L1T.TIF",".TIF","6936802","26/01/2026 16:07:19"
"EO1H2240692015363110PF_B097_L1T.TIF","G:\001_TESE_Prof. Maciel_até 19-01-2026\006_TESE\Dados_Hypirion_29-12-2015\EO1H2240692015363110PF_1T","G:\001_TESE_Prof. Maciel_até 19-01-2026\006_TESE\Dados_Hypirion_29-12-2015\EO1H2240692015363110PF_1T\EO1H2240692015363110PF_B097_L1T.TIF",".TIF","6936802","26/01/2026 16:07:19"
"EO1H2240692015363110PF_B098_L1T.TIF","G:\001_TESE_Prof. Maciel_até 19-01-2026\006_TESE\Dados_Hypirion_29-12-2015\EO1H2240692015363110PF_1T","G:\001_TESE_Prof. Maciel_até 19-01-2026\006_TESE\Dados_Hypirion_29-12-2015\EO1H2240692015363110PF_1T\EO1H2240692015363110PF_B098_L1T.TIF",".TIF","6936802","26/01/2026 16:07:19"
"EO1H2240692015363110PF_B099_L1T.TIF","G:\001_TESE_Prof. Maciel_até 19-01-2026\006_TESE\Dados_Hypirion_29-12-2015\EO1H2240692015363110PF_1T","G:\001_TESE_Prof. Maciel_até 19-01-2026\006_TESE\Dados_Hypirion_29-12-2015\EO1H2240692015363110PF_1T\EO1H2240692015363110PF_B099_L1T.TIF",".TIF","6936802","26/01/2026 16:07:19"
"EO1H2240692015363110PF_B100_L1T.TIF","G:\001_TESE_Prof. Maciel_até 19-01-2026\006_TESE\Dados_Hypirion_29-12-2015\EO1H2240692015363110PF_1T","G:\001_TESE_Prof. Maciel_até 19-01-2026\006_TESE\Dados_Hypirion_29-12-2015\EO1H2240692015363110PF_1T\EO1H2240692015363110PF_B100_L1T.TIF",".TIF","6936802","26/01/2026 16:07:19"
"EO1H2240692015363110PF_B101_L1T.TIF","G:\001_TESE_Prof. Maciel_até 19-01-2026\006_TESE\Dados_Hypirion_29-12-2015\EO1H2240692015363110PF_1T","G:\001_TESE_Prof. Maciel_até 19-01-2026\006_TESE\Dados_Hypirion_29-12-2015\EO1H2240692015363110PF_1T\EO1H2240692015363110PF_B101_L1T.TIF",".TIF","6936802","26/01/2026 16:07:19"
"EO1H2240692015363110PF_B102_L1T.TIF","G:\001_TESE_Prof. Maciel_até 19-01-2026\006_TESE\Dados_Hypirion_29-12-2015\EO1H2240692015363110PF_1T","G:\001_TESE_Prof. Maciel_até 19-01-2026\006_TESE\Dados_Hypirion_29-12-2015\EO1H2240692015363110PF_1T\EO1H2240692015363110PF_B102_L1T.TIF",".TIF","6936802","26/01/2026 16:07:19"
"EO1H2240692015363110PF_B103_L1T.TIF","G:\001_TESE_Prof. Maciel_até 19-01-2026\006_TESE\Dados_Hypirion_29-12-2015\EO1H2240692015363110PF_1T","G:\001_TESE_Prof. Maciel_até 19-01-2026\006_TESE\Dados_Hypirion_29-12-2015\EO1H2240692015363110PF_1T\EO1H2240692015363110PF_B103_L1T.TIF",".TIF","6936802","26/01/2026 16:07:19"
"EO1H2240692015363110PF_B104_L1T.TIF","G:\001_TESE_Prof. Maciel_até 19-01-2026\006_TESE\Dados_Hypirion_29-12-2015\EO1H2240692015363110PF_1T","G:\001_TESE_Prof. Maciel_até 19-01-2026\006_TESE\Dados_Hypirion_29-12-2015\EO1H2240692015363110PF_1T\EO1H2240692015363110PF_B104_L1T.TIF",".TIF","6936802","26/01/2026 16:07:19"
"EO1H2240692015363110PF_B105_L1T.TIF","G:\001_TESE_Prof. Maciel_até 19-01-2026\006_TESE\Dados_Hypirion_29-12-2015\EO1H2240692015363110PF_1T","G:\001_TESE_Prof. Maciel_até 19-01-2026\006_TESE\Dados_Hypirion_29-12-2015\EO1H2240692015363110PF_1T\EO1H2240692015363110PF_B105_L1T.TIF",".TIF","6936802","26/01/2026 16:07:19"
"EO1H2240692015363110PF_B106_L1T.TIF","G:\001_TESE_Prof. Maciel_até 19-01-2026\006_TESE\Dados_Hypirion_29-12-2015\EO1H2240692015363110PF_1T","G:\001_TESE_Prof. Maciel_até 19-01-2026\006_TESE\Dados_Hypirion_29-12-2015\EO1H2240692015363110PF_1T\EO1H2240692015363110PF_B106_L1T.TIF",".TIF","6936802","26/01/2026 16:07:19"
"EO1H2240692015363110PF_B107_L1T.TIF","G:\001_TESE_Prof. Maciel_até 19-01-2026\006_TESE\Dados_Hypirion_29-12-2015\EO1H2240692015363110PF_1T","G:\001_TESE_Prof. Maciel_até 19-01-2026\006_TESE\Dados_Hypirion_29-12-2015\EO1H2240692015363110PF_1T\EO1H2240692015363110PF_B107_L1T.TIF",".TIF","6936802","26/01/2026 16:07:19"
"EO1H2240692015363110PF_B108_L1T.TIF","G:\001_TESE_Prof. Maciel_até 19-01-2026\006_TESE\Dados_Hypirion_29-12-2015\EO1H2240692015363110PF_1T","G:\001_TESE_Prof. Maciel_até 19-01-2026\006_TESE\Dados_Hypirion_29-12-2015\EO1H2240692015363110PF_1T\EO1H2240692015363110PF_B108_L1T.TIF",".TIF","6936802","26/01/2026 16:07:19"
"EO1H2240692015363110PF_B109_L1T.TIF","G:\001_TESE_Prof. Maciel_até 19-01-2026\006_TESE\Dados_Hypirion_29-12-2015\EO1H2240692015363110PF_1T","G:\001_TESE_Prof. Maciel_até 19-01-2026\006_TESE\Dados_Hypirion_29-12-2015\EO1H2240692015363110PF_1T\EO1H2240692015363110PF_B109_L1T.TIF",".TIF","6936802","26/01/2026 16:07:19"
"EO1H2240692015363110PF_B110_L1T.TIF","G:\001_TESE_Prof. Maciel_até 19-01-2026\006_TESE\Dados_Hypirion_29-12-2015\EO1H2240692015363110PF_1T","G:\001_TESE_Prof. Maciel_até 19-01-2026\006_TESE\Dados_Hypirion_29-12-2015\EO1H2240692015363110PF_1T\EO1H2240692015363110PF_B110_L1T.TIF",".TIF","6936802","26/01/2026 16:07:19"
"EO1H2240692015363110PF_B111_L1T.TIF","G:\001_TESE_Prof. Maciel_até 19-01-2026\006_TESE\Dados_Hypirion_29-12-2015\EO1H2240692015363110PF_1T","G:\001_TESE_Prof. Maciel_até 19-01-2026\006_TESE\Dados_Hypirion_29-12-2015\EO1H2240692015363110PF_1T\EO1H2240692015363110PF_B111_L1T.TIF",".TIF","6936802","26/01/2026 16:07:19"
"EO1H2240692015363110PF_B112_L1T.TIF","G:\001_TESE_Prof. Maciel_até 19-01-2026\006_TESE\Dados_Hypirion_29-12-2015\EO1H2240692015363110PF_1T","G:\001_TESE_Prof. Maciel_até 19-01-2026\006_TESE\Dados_Hypirion_29-12-2015\EO1H2240692015363110PF_1T\EO1H2240692015363110PF_B112_L1T.TIF",".TIF","6936802","26/01/2026 16:07:19"
"EO1H2240692015363110PF_B113_L1T.TIF","G:\001_TESE_Prof. Maciel_até 19-01-2026\006_TESE\Dados_Hypirion_29-12-2015\EO1H2240692015363110PF_1T","G:\001_TESE_Prof. Maciel_até 19-01-2026\006_TESE\Dados_Hypirion_29-12-2015\EO1H2240692015363110PF_1T\EO1H2240692015363110PF_B113_L1T.TIF",".TIF","6936802","26/01/2026 16:07:19"
"EO1H2240692015363110PF_B114_L1T.TIF","G:\001_TESE_Prof. Maciel_até 19-01-2026\006_TESE\Dados_Hypirion_29-12-2015\EO1H2240692015363110PF_1T","G:\001_TESE_Prof. Maciel_até 19-01-2026\006_TESE\Dados_Hypirion_29-12-2015\EO1H2240692015363110PF_1T\EO1H2240692015363110PF_B114_L1T.TIF",".TIF","6936802","26/01/2026 16:07:19"
"EO1H2240692015363110PF_B115_L1T.TIF","G:\001_TESE_Prof. Maciel_até 19-01-2026\006_TESE\Dados_Hypirion_29-12-2015\EO1H2240692015363110PF_1T","G:\001_TESE_Prof. Maciel_até 19-01-2026\006_TESE\Dados_Hypirion_29-12-2015\EO1H2240692015363110PF_1T\EO1H2240692015363110PF_B115_L1T.TIF",".TIF","6936802","26/01/2026 16:07:19"
"EO1H2240692015363110PF_B116_L1T.TIF","G:\001_TESE_Prof. Maciel_até 19-01-2026\006_TESE\Dados_Hypirion_29-12-2015\EO1H2240692015363110PF_1T","G:\001_TESE_Prof. Maciel_até 19-01-2026\006_TESE\Dados_Hypirion_29-12-2015\EO1H2240692015363110PF_1T\EO1H2240692015363110PF_B116_L1T.TIF",".TIF","6936802","26/01/2026 16:07:19"
"EO1H2240692015363110PF_B117_L1T.TIF","G:\001_TESE_Prof. Maciel_até 19-01-2026\006_TESE\Dados_Hypirion_29-12-2015\EO1H2240692015363110PF_1T","G:\001_TESE_Prof. Maciel_até 19-01-2026\006_TESE\Dados_Hypirion_29-12-2015\EO1H2240692015363110PF_1T\EO1H2240692015363110PF_B117_L1T.TIF",".TIF","6936802","26/01/2026 16:07:19"
"EO1H2240692015363110PF_B118_L1T.TIF","G:\001_TESE_Prof. Maciel_até 19-01-2026\006_TESE\Dados_Hypirion_29-12-2015\EO1H2240692015363110PF_1T","G:\001_TESE_Prof. Maciel_até 19-01-2026\006_TESE\Dados_Hypirion_29-12-2015\EO1H2240692015363110PF_1T\EO1H2240692015363110PF_B118_L1T.TIF",".TIF","6936802","26/01/2026 16:07:19"
"EO1H2240692015363110PF_B119_L1T.TIF","G:\001_TESE_Prof. Maciel_até 19-01-2026\006_TESE\Dados_Hypirion_29-12-2015\EO1H2240692015363110PF_1T","G:\001_TESE_Prof. Maciel_até 19-01-2026\006_TESE\Dados_Hypirion_29-12-2015\EO1H2240692015363110PF_1T\EO1H2240692015363110PF_B119_L1T.TIF",".TIF","6936802","26/01/2026 16:07:19"
"EO1H2240692015363110PF_B120_L1T.TIF","G:\001_TESE_Prof. Maciel_até 19-01-2026\006_TESE\Dados_Hypirion_29-12-2015\EO1H2240692015363110PF_1T","G:\001_TESE_Prof. Maciel_até 19-01-2026\006_TESE\Dados_Hypirion_29-12-2015\EO1H2240692015363110PF_1T\EO1H2240692015363110PF_B120_L1T.TIF",".TIF","6936802","26/01/2026 16:07:19"
"EO1H2240692015363110PF_B121_L1T.TIF","G:\001_TESE_Prof. Maciel_até 19-01-2026\006_TESE\Dados_Hypirion_29-12-2015\EO1H2240692015363110PF_1T","G:\001_TESE_Prof. Maciel_até 19-01-2026\006_TESE\Dados_Hypirion_29-12-2015\EO1H2240692015363110PF_1T\EO1H2240692015363110PF_B121_L1T.TIF",".TIF","6936802","26/01/2026 16:07:19"
"EO1H2240692015363110PF_B122_L1T.TIF","G:\001_TESE_Prof. Maciel_até 19-01-2026\006_TESE\Dados_Hypirion_29-12-2015\EO1H2240692015363110PF_1T","G:\001_TESE_Prof. Maciel_até 19-01-2026\006_TESE\Dados_Hypirion_29-12-2015\EO1H2240692015363110PF_1T\EO1H2240692015363110PF_B122_L1T.TIF",".TIF","6936802","26/01/2026 16:07:19"
"EO1H2240692015363110PF_B123_L1T.TIF","G:\001_TESE_Prof. Maciel_até 19-01-2026\006_TESE\Dados_Hypirion_29-12-2015\EO1H2240692015363110PF_1T","G:\001_TESE_Prof. Maciel_até 19-01-2026\006_TESE\Dados_Hypirion_29-12-2015\EO1H2240692015363110PF_1T\EO1H2240692015363110PF_B123_L1T.TIF",".TIF","6936802","26/01/2026 16:07:20"
"EO1H2240692015363110PF_B124_L1T.TIF","G:\001_TESE_Prof. Maciel_até 19-01-2026\006_TESE\Dados_Hypirion_29-12-2015\EO1H2240692015363110PF_1T","G:\001_TESE_Prof. Maciel_até 19-01-2026\006_TESE\Dados_Hypirion_29-12-2015\EO1H2240692015363110PF_1T\EO1H2240692015363110PF_B124_L1T.TIF",".TIF","6936802","26/01/2026 16:07:20"
"EO1H2240692015363110PF_B125_L1T.TIF","G:\001_TESE_Prof. Maciel_até 19-01-2026\006_TESE\Dados_Hypirion_29-12-2015\EO1H2240692015363110PF_1T","G:\001_TESE_Prof. Maciel_até 19-01-2026\006_TESE\Dados_Hypirion_29-12-2015\EO1H2240692015363110PF_1T\EO1H2240692015363110PF_B125_L1T.TIF",".TIF","6936802","26/01/2026 16:07:20"
"EO1H2240692015363110PF_B126_L1T.TIF","G:\001_TESE_Prof. Maciel_até 19-01-2026\006_TESE\Dados_Hypirion_29-12-2015\EO1H2240692015363110PF_1T","G:\001_TESE_Prof. Maciel_até 19-01-2026\006_TESE\Dados_Hypirion_29-12-2015\EO1H2240692015363110PF_1T\EO1H2240692015363110PF_B126_L1T.TIF",".TIF","6936802","26/01/2026 16:07:20"
"EO1H2240692015363110PF_B127_L1T.TIF","G:\001_TESE_Prof. Maciel_até 19-01-2026\006_TESE\Dados_Hypirion_29-12-2015\EO1H2240692015363110PF_1T","G:\001_TESE_Prof. Maciel_até 19-01-2026\006_TESE\Dados_Hypirion_29-12-2015\EO1H2240692015363110PF_1T\EO1H2240692015363110PF_B127_L1T.TIF",".TIF","6936802","26/01/2026 16:07:20"
"EO1H2240692015363110PF_B128_L1T.TIF","G:\001_TESE_Prof. Maciel_até 19-01-2026\006_TESE\Dados_Hypirion_29-12-2015\EO1H2240692015363110PF_1T","G:\001_TESE_Prof. Maciel_até 19-01-2026\006_TESE\Dados_Hypirion_29-12-2015\EO1H2240692015363110PF_1T\EO1H2240692015363110PF_B128_L1T.TIF",".TIF","6936802","26/01/2026 16:07:20"
"EO1H2240692015363110PF_B129_L1T.TIF","G:\001_TESE_Prof. Maciel_até 19-01-2026\006_TESE\Dados_Hypirion_29-12-2015\EO1H2240692015363110PF_1T","G:\001_TESE_Prof. Maciel_até 19-01-2026\006_TESE\Dados_Hypirion_29-12-2015\EO1H2240692015363110PF_1T\EO1H2240692015363110PF_B129_L1T.TIF",".TIF","6936802","26/01/2026 16:07:20"
"EO1H2240692015363110PF_B130_L1T.TIF","G:\001_TESE_Prof. Maciel_até 19-01-2026\006_TESE\Dados_Hypirion_29-12-2015\EO1H2240692015363110PF_1T","G:\001_TESE_Prof. Maciel_até 19-01-2026\006_TESE\Dados_Hypirion_29-12-2015\EO1H2240692015363110PF_1T\EO1H2240692015363110PF_B130_L1T.TIF",".TIF","6936802","26/01/2026 16:07:20"
"EO1H2240692015363110PF_B131_L1T.TIF","G:\001_TESE_Prof. Maciel_até 19-01-2026\006_TESE\Dados_Hypirion_29-12-2015\EO1H2240692015363110PF_1T","G:\001_TESE_Prof. Maciel_até 19-01-2026\006_TESE\Dados_Hypirion_29-12-2015\EO1H2240692015363110PF_1T\EO1H2240692015363110PF_B131_L1T.TIF",".TIF","6936802","26/01/2026 16:07:20"
"EO1H2240692015363110PF_B132_L1T.TIF","G:\001_TESE_Prof. Maciel_até 19-01-2026\006_TESE\Dados_Hypirion_29-12-2015\EO1H2240692015363110PF_1T","G:\001_TESE_Prof. Maciel_até 19-01-2026\006_TESE\Dados_Hypirion_29-12-2015\EO1H2240692015363110PF_1T\EO1H2240692015363110PF_B132_L1T.TIF",".TIF","6936802","26/01/2026 16:07:20"
"EO1H2240692015363110PF_B133_L1T.TIF","G:\001_TESE_Prof. Maciel_até 19-01-2026\006_TESE\Dados_Hypirion_29-12-2015\EO1H2240692015363110PF_1T","G:\001_TESE_Prof. Maciel_até 19-01-2026\006_TESE\Dados_Hypirion_29-12-2015\EO1H2240692015363110PF_1T\EO1H2240692015363110PF_B133_L1T.TIF",".TIF","6936802","26/01/2026 16:07:20"
"EO1H2240692015363110PF_B134_L1T.TIF","G:\001_TESE_Prof. Maciel_até 19-01-2026\006_TESE\Dados_Hypirion_29-12-2015\EO1H2240692015363110PF_1T","G:\001_TESE_Prof. Maciel_até 19-01-2026\006_TESE\Dados_Hypirion_29-12-2015\EO1H2240692015363110PF_1T\EO1H2240692015363110PF_B134_L1T.TIF",".TIF","6936802","26/01/2026 16:07:20"
"EO1H2240692015363110PF_B135_L1T.TIF","G:\001_TESE_Prof. Maciel_até 19-01-2026\006_TESE\Dados_Hypirion_29-12-2015\EO1H2240692015363110PF_1T","G:\001_TESE_Prof. Maciel_até 19-01-2026\006_TESE\Dados_Hypirion_29-12-2015\EO1H2240692015363110PF_1T\EO1H2240692015363110PF_B135_L1T.TIF",".TIF","6936802","26/01/2026 16:07:20"
"EO1H2240692015363110PF_B136_L1T.TIF","G:\001_TESE_Prof. Maciel_até 19-01-2026\006_TESE\Dados_Hypirion_29-12-2015\EO1H2240692015363110PF_1T","G:\001_TESE_Prof. Maciel_até 19-01-2026\006_TESE\Dados_Hypirion_29-12-2015\EO1H2240692015363110PF_1T\EO1H2240692015363110PF_B136_L1T.TIF",".TIF","6936802","26/01/2026 16:07:20"
"EO1H2240692015363110PF_B137_L1T.TIF","G:\001_TESE_Prof. Maciel_até 19-01-2026\006_TESE\Dados_Hypirion_29-12-2015\EO1H2240692015363110PF_1T","G:\001_TESE_Prof. Maciel_até 19-01-2026\006_TESE\Dados_Hypirion_29-12-2015\EO1H2240692015363110PF_1T\EO1H2240692015363110PF_B137_L1T.TIF",".TIF","6936802","26/01/2026 16:07:20"
"EO1H2240692015363110PF_B138_L1T.TIF","G:\001_TESE_Prof. Maciel_até 19-01-2026\006_TESE\Dados_Hypirion_29-12-2015\EO1H2240692015363110PF_1T","G:\001_TESE_Prof. Maciel_até 19-01-2026\006_TESE\Dados_Hypirion_29-12-2015\EO1H2240692015363110PF_1T\EO1H2240692015363110PF_B138_L1T.TIF",".TIF","6936802","26/01/2026 16:07:20"
"EO1H2240692015363110PF_B139_L1T.TIF","G:\001_TESE_Prof. Maciel_até 19-01-2026\006_TESE\Dados_Hypirion_29-12-2015\EO1H2240692015363110PF_1T","G:\001_TESE_Prof. Maciel_até 19-01-2026\006_TESE\Dados_Hypirion_29-12-2015\EO1H2240692015363110PF_1T\EO1H2240692015363110PF_B139_L1T.TIF",".TIF","6936802","26/01/2026 16:07:20"
"EO1H2240692015363110PF_B140_L1T.TIF","G:\001_TESE_Prof. Maciel_até 19-01-2026\006_TESE\Dados_Hypirion_29-12-2015\EO1H2240692015363110PF_1T","G:\001_TESE_Prof. Maciel_até 19-01-2026\006_TESE\Dados_Hypirion_29-12-2015\EO1H2240692015363110PF_1T\EO1H2240692015363110PF_B140_L1T.TIF",".TIF","6936802","26/01/2026 16:07:20"
"EO1H2240692015363110PF_B141_L1T.TIF","G:\001_TESE_Prof. Maciel_até 19-01-2026\006_TESE\Dados_Hypirion_29-12-2015\EO1H2240692015363110PF_1T","G:\001_TESE_Prof. Maciel_até 19-01-2026\006_TESE\Dados_Hypirion_29-12-2015\EO1H2240692015363110PF_1T\EO1H2240692015363110PF_B141_L1T.TIF",".TIF","6936802","26/01/2026 16:07:20"
"EO1H2240692015363110PF_B142_L1T.TIF","G:\001_TESE_Prof. Maciel_até 19-01-2026\006_TESE\Dados_Hypirion_29-12-2015\EO1H2240692015363110PF_1T","G:\001_TESE_Prof. Maciel_até 19-01-2026\006_TESE\Dados_Hypirion_29-12-2015\EO1H2240692015363110PF_1T\EO1H2240692015363110PF_B142_L1T.TIF",".TIF","6936802","26/01/2026 16:07:20"
"EO1H2240692015363110PF_B143_L1T.TIF","G:\001_TESE_Prof. Maciel_até 19-01-2026\006_TESE\Dados_Hypirion_29-12-2015\EO1H2240692015363110PF_1T","G:\001_TESE_Prof. Maciel_até 19-01-2026\006_TESE\Dados_Hypirion_29-12-2015\EO1H2240692015363110PF_1T\EO1H2240692015363110PF_B143_L1T.TIF",".TIF","6936802","26/01/2026 16:07:20"
"EO1H2240692015363110PF_B144_L1T.TIF","G:\001_TESE_Prof. Maciel_até 19-01-2026\006_TESE\Dados_Hypirion_29-12-2015\EO1H2240692015363110PF_1T","G:\001_TESE_Prof. Maciel_até 19-01-2026\006_TESE\Dados_Hypirion_29-12-2015\EO1H2240692015363110PF_1T\EO1H2240692015363110PF_B144_L1T.TIF",".TIF","6936802","26/01/2026 16:07:20"
"EO1H2240692015363110PF_B145_L1T.TIF","G:\001_TESE_Prof. Maciel_até 19-01-2026\006_TESE\Dados_Hypirion_29-12-2015\EO1H2240692015363110PF_1T","G:\001_TESE_Prof. Maciel_até 19-01-2026\006_TESE\Dados_Hypirion_29-12-2015\EO1H2240692015363110PF_1T\EO1H2240692015363110PF_B145_L1T.TIF",".TIF","6936802","26/01/2026 16:07:20"
"EO1H2240692015363110PF_B146_L1T.TIF","G:\001_TESE_Prof. Maciel_até 19-01-2026\006_TESE\Dados_Hypirion_29-12-2015\EO1H2240692015363110PF_1T","G:\001_TESE_Prof. Maciel_até 19-01-2026\006_TESE\Dados_Hypirion_29-12-2015\EO1H2240692015363110PF_1T\EO1H2240692015363110PF_B146_L1T.TIF",".TIF","6936802","26/01/2026 16:07:20"
"EO1H2240692015363110PF_B147_L1T.TIF","G:\001_TESE_Prof. Maciel_até 19-01-2026\006_TESE\Dados_Hypirion_29-12-2015\EO1H2240692015363110PF_1T","G:\001_TESE_Prof. Maciel_até 19-01-2026\006_TESE\Dados_Hypirion_29-12-2015\EO1H2240692015363110PF_1T\EO1H2240692015363110PF_B147_L1T.TIF",".TIF","6936802","26/01/2026 16:07:20"
"EO1H2240692015363110PF_B148_L1T.TIF","G:\001_TESE_Prof. Maciel_até 19-01-2026\006_TESE\Dados_Hypirion_29-12-2015\EO1H2240692015363110PF_1T","G:\001_TESE_Prof. Maciel_até 19-01-2026\006_TESE\Dados_Hypirion_29-12-2015\EO1H2240692015363110PF_1T\EO1H2240692015363110PF_B148_L1T.TIF",".TIF","6936802","26/01/2026 16:07:20"
"EO1H2240692015363110PF_B149_L1T.TIF","G:\001_TESE_Prof. Maciel_até 19-01-2026\006_TESE\Dados_Hypirion_29-12-2015\EO1H2240692015363110PF_1T","G:\001_TESE_Prof. Maciel_até 19-01-2026\006_TESE\Dados_Hypirion_29-12-2015\EO1H2240692015363110PF_1T\EO1H2240692015363110PF_B149_L1T.TIF",".TIF","6936802","26/01/2026 16:07:20"
"EO1H2240692015363110PF_B150_L1T.TIF","G:\001_TESE_Prof. Maciel_até 19-01-2026\006_TESE\Dados_Hypirion_29-12-2015\EO1H2240692015363110PF_1T","G:\001_TESE_Prof. Maciel_até 19-01-2026\006_TESE\Dados_Hypirion_29-12-2015\EO1H2240692015363110PF_1T\EO1H2240692015363110PF_B150_L1T.TIF",".TIF","6936802","26/01/2026 16:07:20"
"EO1H2240692015363110PF_B151_L1T.TIF","G:\001_TESE_Prof. Maciel_até 19-01-2026\006_TESE\Dados_Hypirion_29-12-2015\EO1H2240692015363110PF_1T","G:\001_TESE_Prof. Maciel_até 19-01-2026\006_TESE\Dados_Hypirion_29-12-2015\EO1H2240692015363110PF_1T\EO1H2240692015363110PF_B151_L1T.TIF",".TIF","6936802","26/01/2026 16:07:20"
"EO1H2240692015363110PF_B152_L1T.TIF","G:\001_TESE_Prof. Maciel_até 19-01-2026\006_TESE\Dados_Hypirion_29-12-2015\EO1H2240692015363110PF_1T","G:\001_TESE_Prof. Maciel_até 19-01-2026\006_TESE\Dados_Hypirion_29-12-2015\EO1H2240692015363110PF_1T\EO1H2240692015363110PF_B152_L1T.TIF",".TIF","6936802","26/01/2026 16:07:20"
"EO1H2240692015363110PF_B153_L1T.TIF","G:\001_TESE_Prof. Maciel_até 19-01-2026\006_TESE\Dados_Hypirion_29-12-2015\EO1H2240692015363110PF_1T","G:\001_TESE_Prof. Maciel_até 19-01-2026\006_TESE\Dados_Hypirion_29-12-2015\EO1H2240692015363110PF_1T\EO1H2240692015363110PF_B153_L1T.TIF",".TIF","6936802","26/01/2026 16:07:20"
"EO1H2240692015363110PF_B154_L1T.TIF","G:\001_TESE_Prof. Maciel_até 19-01-2026\006_TESE\Dados_Hypirion_29-12-2015\EO1H2240692015363110PF_1T","G:\001_TESE_Prof. Maciel_até 19-01-2026\006_TESE\Dados_Hypirion_29-12-2015\EO1H2240692015363110PF_1T\EO1H2240692015363110PF_B154_L1T.TIF",".TIF","6936802","26/01/2026 16:07:20"
"EO1H2240692015363110PF_B155_L1T.TIF","G:\001_TESE_Prof. Maciel_até 19-01-2026\006_TESE\Dados_Hypirion_29-12-2015\EO1H2240692015363110PF_1T","G:\001_TESE_Prof. Maciel_até 19-01-2026\006_TESE\Dados_Hypirion_29-12-2015\EO1H2240692015363110PF_1T\EO1H2240692015363110PF_B155_L1T.TIF",".TIF","6936802","26/01/2026 16:07:20"
"EO1H2240692015363110PF_B156_L1T.TIF","G:\001_TESE_Prof. Maciel_até 19-01-2026\006_TESE\Dados_Hypirion_29-12-2015\EO1H2240692015363110PF_1T","G:\001_TESE_Prof. Maciel_até 19-01-2026\006_TESE\Dados_Hypirion_29-12-2015\EO1H2240692015363110PF_1T\EO1H2240692015363110PF_B156_L1T.TIF",".TIF","6936802","26/01/2026 16:07:20"
"EO1H2240692015363110PF_B157_L1T.TIF","G:\001_TESE_Prof. Maciel_até 19-01-2026\006_TESE\Dados_Hypirion_29-12-2015\EO1H2240692015363110PF_1T","G:\001_TESE_Prof. Maciel_até 19-01-2026\006_TESE\Dados_Hypirion_29-12-2015\EO1H2240692015363110PF_1T\EO1H2240692015363110PF_B157_L1T.TIF",".TIF","6936802","26/01/2026 16:07:20"
"EO1H2240692015363110PF_B158_L1T.TIF","G:\001_TESE_Prof. Maciel_até 19-01-2026\006_TESE\Dados_Hypirion_29-12-2015\EO1H2240692015363110PF_1T","G:\001_TESE_Prof. Maciel_até 19-01-2026\006_TESE\Dados_Hypirion_29-12-2015\EO1H2240692015363110PF_1T\EO1H2240692015363110PF_B158_L1T.TIF",".TIF","6936802","26/01/2026 16:07:20"
"EO1H2240692015363110PF_B159_L1T.TIF","G:\001_TESE_Prof. Maciel_até 19-01-2026\006_TESE\Dados_Hypirion_29-12-2015\EO1H2240692015363110PF_1T","G:\001_TESE_Prof. Maciel_até 19-01-2026\006_TESE\Dados_Hypirion_29-12-2015\EO1H2240692015363110PF_1T\EO1H2240692015363110PF_B159_L1T.TIF",".TIF","6936802","26/01/2026 16:07:20"
"EO1H2240692015363110PF_B160_L1T.TIF","G:\001_TESE_Prof. Maciel_até 19-01-2026\006_TESE\Dados_Hypirion_29-12-2015\EO1H2240692015363110PF_1T","G:\001_TESE_Prof. Maciel_até 19-01-2026\006_TESE\Dados_Hypirion_29-12-2015\EO1H2240692015363110PF_1T\EO1H2240692015363110PF_B160_L1T.TIF",".TIF","6936802","26/01/2026 16:07:21"
"EO1H2240692015363110PF_B161_L1T.TIF","G:\001_TESE_Prof. Maciel_até 19-01-2026\006_TESE\Dados_Hypirion_29-12-2015\EO1H2240692015363110PF_1T","G:\001_TESE_Prof. Maciel_até 19-01-2026\006_TESE\Dados_Hypirion_29-12-2015\EO1H2240692015363110PF_1T\EO1H2240692015363110PF_B161_L1T.TIF",".TIF","6936802","26/01/2026 16:07:21"
"EO1H2240692015363110PF_B162_L1T.TIF","G:\001_TESE_Prof. Maciel_até 19-01-2026\006_TESE\Dados_Hypirion_29-12-2015\EO1H2240692015363110PF_1T","G:\001_TESE_Prof. Maciel_até 19-01-2026\006_TESE\Dados_Hypirion_29-12-2015\EO1H2240692015363110PF_1T\EO1H2240692015363110PF_B162_L1T.TIF",".TIF","6936802","26/01/2026 16:07:21"
"EO1H2240692015363110PF_B163_L1T.TIF","G:\001_TESE_Prof. Maciel_até 19-01-2026\006_TESE\Dados_Hypirion_29-12-2015\EO1H2240692015363110PF_1T","G:\001_TESE_Prof. Maciel_até 19-01-2026\006_TESE\Dados_Hypirion_29-12-2015\EO1H2240692015363110PF_1T\EO1H2240692015363110PF_B163_L1T.TIF",".TIF","6936802","26/01/2026 16:07:21"
"EO1H2240692015363110PF_B164_L1T.TIF","G:\001_TESE_Prof. Maciel_até 19-01-2026\006_TESE\Dados_Hypirion_29-12-2015\EO1H2240692015363110PF_1T","G:\001_TESE_Prof. Maciel_até 19-01-2026\006_TESE\Dados_Hypirion_29-12-2015\EO1H2240692015363110PF_1T\EO1H2240692015363110PF_B164_L1T.TIF",".TIF","6936802","26/01/2026 16:07:21"
"EO1H2240692015363110PF_B165_L1T.TIF","G:\001_TESE_Prof. Maciel_até 19-01-2026\006_TESE\Dados_Hypirion_29-12-2015\EO1H2240692015363110PF_1T","G:\001_TESE_Prof. Maciel_até 19-01-2026\006_TESE\Dados_Hypirion_29-12-2015\EO1H2240692015363110PF_1T\EO1H2240692015363110PF_B165_L1T.TIF",".TIF","6936802","26/01/2026 16:07:21"
"EO1H2240692015363110PF_B166_L1T.TIF","G:\001_TESE_Prof. Maciel_até 19-01-2026\006_TESE\Dados_Hypirion_29-12-2015\EO1H2240692015363110PF_1T","G:\001_TESE_Prof. Maciel_até 19-01-2026\006_TESE\Dados_Hypirion_29-12-2015\EO1H2240692015363110PF_1T\EO1H2240692015363110PF_B166_L1T.TIF",".TIF","6936802","26/01/2026 16:07:21"
"EO1H2240692015363110PF_B167_L1T.TIF","G:\001_TESE_Prof. Maciel_até 19-01-2026\006_TESE\Dados_Hypirion_29-12-2015\EO1H2240692015363110PF_1T","G:\001_TESE_Prof. Maciel_até 19-01-2026\006_TESE\Dados_Hypirion_29-12-2015\EO1H2240692015363110PF_1T\EO1H2240692015363110PF_B167_L1T.TIF",".TIF","6936802","26/01/2026 16:07:21"
"EO1H2240692015363110PF_B168_L1T.TIF","G:\001_TESE_Prof. Maciel_até 19-01-2026\006_TESE\Dados_Hypirion_29-12-2015\EO1H2240692015363110PF_1T","G:\001_TESE_Prof. Maciel_até 19-01-2026\006_TESE\Dados_Hypirion_29-12-2015\EO1H2240692015363110PF_1T\EO1H2240692015363110PF_B168_L1T.TIF",".TIF","6936802","26/01/2026 16:07:21"
"EO1H2240692015363110PF_B169_L1T.TIF","G:\001_TESE_Prof. Maciel_até 19-01-2026\006_TESE\Dados_Hypirion_29-12-2015\EO1H2240692015363110PF_1T","G:\001_TESE_Prof. Maciel_até 19-01-2026\006_TESE\Dados_Hypirion_29-12-2015\EO1H2240692015363110PF_1T\EO1H2240692015363110PF_B169_L1T.TIF",".TIF","6936802","26/01/2026 16:07:21"
"EO1H2240692015363110PF_B170_L1T.TIF","G:\001_TESE_Prof. Maciel_até 19-01-2026\006_TESE\Dados_Hypirion_29-12-2015\EO1H2240692015363110PF_1T","G:\001_TESE_Prof. Maciel_até 19-01-2026\006_TESE\Dados_Hypirion_29-12-2015\EO1H2240692015363110PF_1T\EO1H2240692015363110PF_B170_L1T.TIF",".TIF","6936802","26/01/2026 16:07:21"
"EO1H2240692015363110PF_B171_L1T.TIF","G:\001_TESE_Prof. Maciel_até 19-01-2026\006_TESE\Dados_Hypirion_29-12-2015\EO1H2240692015363110PF_1T","G:\001_TESE_Prof. Maciel_até 19-01-2026\006_TESE\Dados_Hypirion_29-12-2015\EO1H2240692015363110PF_1T\EO1H2240692015363110PF_B171_L1T.TIF",".TIF","6936802","26/01/2026 16:07:21"
"EO1H2240692015363110PF_B172_L1T.TIF","G:\001_TESE_Prof. Maciel_até 19-01-2026\006_TESE\Dados_Hypirion_29-12-2015\EO1H2240692015363110PF_1T","G:\001_TESE_Prof. Maciel_até 19-01-2026\006_TESE\Dados_Hypirion_29-12-2015\EO1H2240692015363110PF_1T\EO1H2240692015363110PF_B172_L1T.TIF",".TIF","6936802","26/01/2026 16:07:21"
"EO1H2240692015363110PF_B173_L1T.TIF","G:\001_TESE_Prof. Maciel_até 19-01-2026\006_TESE\Dados_Hypirion_29-12-2015\EO1H2240692015363110PF_1T","G:\001_TESE_Prof. Maciel_até 19-01-2026\006_TESE\Dados_Hypirion_29-12-2015\EO1H2240692015363110PF_1T\EO1H2240692015363110PF_B173_L1T.TIF",".TIF","6936802","26/01/2026 16:07:21"
"EO1H2240692015363110PF_B174_L1T.TIF","G:\001_TESE_Prof. Maciel_até 19-01-2026\006_TESE\Dados_Hypirion_29-12-2015\EO1H2240692015363110PF_1T","G:\001_TESE_Prof. Maciel_até 19-01-2026\006_TESE\Dados_Hypirion_29-12-2015\EO1H2240692015363110PF_1T\EO1H2240692015363110PF_B174_L1T.TIF",".TIF","6936802","26/01/2026 16:07:21"
"EO1H2240692015363110PF_B175_L1T.TIF","G:\001_TESE_Prof. Maciel_até 19-01-2026\006_TESE\Dados_Hypirion_29-12-2015\EO1H2240692015363110PF_1T","G:\001_TESE_Prof. Maciel_até 19-01-2026\006_TESE\Dados_Hypirion_29-12-2015\EO1H2240692015363110PF_1T\EO1H2240692015363110PF_B175_L1T.TIF",".TIF","6936802","26/01/2026 16:07:21"
"EO1H2240692015363110PF_B176_L1T.TIF","G:\001_TESE_Prof. Maciel_até 19-01-2026\006_TESE\Dados_Hypirion_29-12-2015\EO1H2240692015363110PF_1T","G:\001_TESE_Prof. Maciel_até 19-01-2026\006_TESE\Dados_Hypirion_29-12-2015\EO1H2240692015363110PF_1T\EO1H2240692015363110PF_B176_L1T.TIF",".TIF","6936802","26/01/2026 16:07:21"
"EO1H2240692015363110PF_B177_L1T.TIF","G:\001_TESE_Prof. Maciel_até 19-01-2026\006_TESE\Dados_Hypirion_29-12-2015\EO1H2240692015363110PF_1T","G:\001_TESE_Prof. Maciel_até 19-01-2026\006_TESE\Dados_Hypirion_29-12-2015\EO1H2240692015363110PF_1T\EO1H2240692015363110PF_B177_L1T.TIF",".TIF","6936802","26/01/2026 16:07:21"
"EO1H2240692015363110PF_B178_L1T.TIF","G:\001_TESE_Prof. Maciel_até 19-01-2026\006_TESE\Dados_Hypirion_29-12-2015\EO1H2240692015363110PF_1T","G:\001_TESE_Prof. Maciel_até 19-01-2026\006_TESE\Dados_Hypirion_29-12-2015\EO1H2240692015363110PF_1T\EO1H2240692015363110PF_B178_L1T.TIF",".TIF","6936802","26/01/2026 16:07:21"
"EO1H2240692015363110PF_B179_L1T.TIF","G:\001_TESE_Prof. Maciel_até 19-01-2026\006_TESE\Dados_Hypirion_29-12-2015\EO1H2240692015363110PF_1T","G:\001_TESE_Prof. Maciel_até 19-01-2026\006_TESE\Dados_Hypirion_29-12-2015\EO1H2240692015363110PF_1T\EO1H2240692015363110PF_B179_L1T.TIF",".TIF","6936802","26/01/2026 16:07:22"
"EO1H2240692015363110PF_B180_L1T.TIF","G:\001_TESE_Prof. Maciel_até 19-01-2026\006_TESE\Dados_Hypirion_29-12-2015\EO1H2240692015363110PF_1T","G:\001_TESE_Prof. Maciel_até 19-01-2026\006_TESE\Dados_Hypirion_29-12-2015\EO1H2240692015363110PF_1T\EO1H2240692015363110PF_B180_L1T.TIF",".TIF","6936802","26/01/2026 16:07:22"
"EO1H2240692015363110PF_B181_L1T.TIF","G:\001_TESE_Prof. Maciel_até 19-01-2026\006_TESE\Dados_Hypirion_29-12-2015\EO1H2240692015363110PF_1T","G:\001_TESE_Prof. Maciel_até 19-01-2026\006_TESE\Dados_Hypirion_29-12-2015\EO1H2240692015363110PF_1T\EO1H2240692015363110PF_B181_L1T.TIF",".TIF","6936802","26/01/2026 16:07:22"
"EO1H2240692015363110PF_B182_L1T.TIF","G:\001_TESE_Prof. Maciel_até 19-01-2026\006_TESE\Dados_Hypirion_29-12-2015\EO1H2240692015363110PF_1T","G:\001_TESE_Prof. Maciel_até 19-01-2026\006_TESE\Dados_Hypirion_29-12-2015\EO1H2240692015363110PF_1T\EO1H2240692015363110PF_B182_L1T.TIF",".TIF","6936802","26/01/2026 16:07:22"
"EO1H2240692015363110PF_B183_L1T.TIF","G:\001_TESE_Prof. Maciel_até 19-01-2026\006_TESE\Dados_Hypirion_29-12-2015\EO1H2240692015363110PF_1T","G:\001_TESE_Prof. Maciel_até 19-01-2026\006_TESE\Dados_Hypirion_29-12-2015\EO1H2240692015363110PF_1T\EO1H2240692015363110PF_B183_L1T.TIF",".TIF","6936802","26/01/2026 16:07:22"
"EO1H2240692015363110PF_B184_L1T.TIF","G:\001_TESE_Prof. Maciel_até 19-01-2026\006_TESE\Dados_Hypirion_29-12-2015\EO1H2240692015363110PF_1T","G:\001_TESE_Prof. Maciel_até 19-01-2026\006_TESE\Dados_Hypirion_29-12-2015\EO1H2240692015363110PF_1T\EO1H2240692015363110PF_B184_L1T.TIF",".TIF","6936802","26/01/2026 16:07:22"
"EO1H2240692015363110PF_B185_L1T.TIF","G:\001_TESE_Prof. Maciel_até 19-01-2026\006_TESE\Dados_Hypirion_29-12-2015\EO1H2240692015363110PF_1T","G:\001_TESE_Prof. Maciel_até 19-01-2026\006_TESE\Dados_Hypirion_29-12-2015\EO1H2240692015363110PF_1T\EO1H2240692015363110PF_B185_L1T.TIF",".TIF","6936802","26/01/2026 16:07:22"
"EO1H2240692015363110PF_B186_L1T.TIF","G:\001_TESE_Prof. Maciel_até 19-01-2026\006_TESE\Dados_Hypirion_29-12-2015\EO1H2240692015363110PF_1T","G:\001_TESE_Prof. Maciel_até 19-01-2026\006_TESE\Dados_Hypirion_29-12-2015\EO1H2240692015363110PF_1T\EO1H2240692015363110PF_B186_L1T.TIF",".TIF","6936802","26/01/2026 16:07:22"
"EO1H2240692015363110PF_B187_L1T.TIF","G:\001_TESE_Prof. Maciel_até 19-01-2026\006_TESE\Dados_Hypirion_29-12-2015\EO1H2240692015363110PF_1T","G:\001_TESE_Prof. Maciel_até 19-01-2026\006_TESE\Dados_Hypirion_29-12-2015\EO1H2240692015363110PF_1T\EO1H2240692015363110PF_B187_L1T.TIF",".TIF","6936802","26/01/2026 16:07:22"
"EO1H2240692015363110PF_B188_L1T.TIF","G:\001_TESE_Prof. Maciel_até 19-01-2026\006_TESE\Dados_Hypirion_29-12-2015\EO1H2240692015363110PF_1T","G:\001_TESE_Prof. Maciel_até 19-01-2026\006_TESE\Dados_Hypirion_29-12-2015\EO1H2240692015363110PF_1T\EO1H2240692015363110PF_B188_L1T.TIF",".TIF","6936802","26/01/2026 16:07:22"
"EO1H2240692015363110PF_B189_L1T.TIF","G:\001_TESE_Prof. Maciel_até 19-01-2026\006_TESE\Dados_Hypirion_29-12-2015\EO1H2240692015363110PF_1T","G:\001_TESE_Prof. Maciel_até 19-01-2026\006_TESE\Dados_Hypirion_29-12-2015\EO1H2240692015363110PF_1T\EO1H2240692015363110PF_B189_L1T.TIF",".TIF","6936802","26/01/2026 16:07:22"
"EO1H2240692015363110PF_B190_L1T.TIF","G:\001_TESE_Prof. Maciel_até 19-01-2026\006_TESE\Dados_Hypirion_29-12-2015\EO1H2240692015363110PF_1T","G:\001_TESE_Prof. Maciel_até 19-01-2026\006_TESE\Dados_Hypirion_29-12-2015\EO1H2240692015363110PF_1T\EO1H2240692015363110PF_B190_L1T.TIF",".TIF","6936802","26/01/2026 16:07:22"
"EO1H2240692015363110PF_B191_L1T.TIF","G:\001_TESE_Prof. Maciel_até 19-01-2026\006_TESE\Dados_Hypirion_29-12-2015\EO1H2240692015363110PF_1T","G:\001_TESE_Prof. Maciel_até 19-01-2026\006_TESE\Dados_Hypirion_29-12-2015\EO1H2240692015363110PF_1T\EO1H2240692015363110PF_B191_L1T.TIF",".TIF","6936802","26/01/2026 16:07:22"
"EO1H2240692015363110PF_B192_L1T.TIF","G:\001_TESE_Prof. Maciel_até 19-01-2026\006_TESE\Dados_Hypirion_29-12-2015\EO1H2240692015363110PF_1T","G:\001_TESE_Prof. Maciel_até 19-01-2026\006_TESE\Dados_Hypirion_29-12-2015\EO1H2240692015363110PF_1T\EO1H2240692015363110PF_B192_L1T.TIF",".TIF","6936802","26/01/2026 16:07:22"
"EO1H2240692015363110PF_B193_L1T.TIF","G:\001_TESE_Prof. Maciel_até 19-01-2026\006_TESE\Dados_Hypirion_29-12-2015\EO1H2240692015363110PF_1T","G:\001_TESE_Prof. Maciel_até 19-01-2026\006_TESE\Dados_Hypirion_29-12-2015\EO1H2240692015363110PF_1T\EO1H2240692015363110PF_B193_L1T.TIF",".TIF","6936802","26/01/2026 16:07:22"
"EO1H2240692015363110PF_B194_L1T.TIF","G:\001_TESE_Prof. Maciel_até 19-01-2026\006_TESE\Dados_Hypirion_29-12-2015\EO1H2240692015363110PF_1T","G:\001_TESE_Prof. Maciel_até 19-01-2026\006_TESE\Dados_Hypirion_29-12-2015\EO1H2240692015363110PF_1T\EO1H2240692015363110PF_B194_L1T.TIF",".TIF","6936802","26/01/2026 16:07:22"
"EO1H2240692015363110PF_B195_L1T.TIF","G:\001_TESE_Prof. Maciel_até 19-01-2026\006_TESE\Dados_Hypirion_29-12-2015\EO1H2240692015363110PF_1T","G:\001_TESE_Prof. Maciel_até 19-01-2026\006_TESE\Dados_Hypirion_29-12-2015\EO1H2240692015363110PF_1T\EO1H2240692015363110PF_B195_L1T.TIF",".TIF","6936802","26/01/2026 16:07:22"
"EO1H2240692015363110PF_B196_L1T.TIF","G:\001_TESE_Prof. Maciel_até 19-01-2026\006_TESE\Dados_Hypirion_29-12-2015\EO1H2240692015363110PF_1T","G:\001_TESE_Prof. Maciel_até 19-01-2026\006_TESE\Dados_Hypirion_29-12-2015\EO1H2240692015363110PF_1T\EO1H2240692015363110PF_B196_L1T.TIF",".TIF","6936802","26/01/2026 16:07:22"
"EO1H2240692015363110PF_B197_L1T.TIF","G:\001_TESE_Prof. Maciel_até 19-01-2026\006_TESE\Dados_Hypirion_29-12-2015\EO1H2240692015363110PF_1T","G:\001_TESE_Prof. Maciel_até 19-01-2026\006_TESE\Dados_Hypirion_29-12-2015\EO1H2240692015363110PF_1T\EO1H2240692015363110PF_B197_L1T.TIF",".TIF","6936802","26/01/2026 16:07:22"
"EO1H2240692015363110PF_B198_L1T.TIF","G:\001_TESE_Prof. Maciel_até 19-01-2026\006_TESE\Dados_Hypirion_29-12-2015\EO1H2240692015363110PF_1T","G:\001_TESE_Prof. Maciel_até 19-01-2026\006_TESE\Dados_Hypirion_29-12-2015\EO1H2240692015363110PF_1T\EO1H2240692015363110PF_B198_L1T.TIF",".TIF","6936802","26/01/2026 16:07:22"
"EO1H2240692015363110PF_B199_L1T.TIF","G:\001_TESE_Prof. Maciel_até 19-01-2026\006_TESE\Dados_Hypirion_29-12-2015\EO1H2240692015363110PF_1T","G:\001_TESE_Prof. Maciel_até 19-01-2026\006_TESE\Dados_Hypirion_29-12-2015\EO1H2240692015363110PF_1T\EO1H2240692015363110PF_B199_L1T.TIF",".TIF","6936802","26/01/2026 16:07:22"
"EO1H2240692015363110PF_B200_L1T.TIF","G:\001_TESE_Prof. Maciel_até 19-01-2026\006_TESE\Dados_Hypirion_29-12-2015\EO1H2240692015363110PF_1T","G:\001_TESE_Prof. Maciel_até 19-01-2026\006_TESE\Dados_Hypirion_29-12-2015\EO1H2240692015363110PF_1T\EO1H2240692015363110PF_B200_L1T.TIF",".TIF","6936802","26/01/2026 16:07:22"
"EO1H2240692015363110PF_B201_L1T.TIF","G:\001_TESE_Prof. Maciel_até 19-01-2026\006_TESE\Dados_Hypirion_29-12-2015\EO1H2240692015363110PF_1T","G:\001_TESE_Prof. Maciel_até 19-01-2026\006_TESE\Dados_Hypirion_29-12-2015\EO1H2240692015363110PF_1T\EO1H2240692015363110PF_B201_L1T.TIF",".TIF","6936802","26/01/2026 16:07:22"
"EO1H2240692015363110PF_B202_L1T.TIF","G:\001_TESE_Prof. Maciel_até 19-01-2026\006_TESE\Dados_Hypirion_29-12-2015\EO1H2240692015363110PF_1T","G:\001_TESE_Prof. Maciel_até 19-01-2026\006_TESE\Dados_Hypirion_29-12-2015\EO1H2240692015363110PF_1T\EO1H2240692015363110PF_B202_L1T.TIF",".TIF","6936802","26/01/2026 16:07:22"
"EO1H2240692015363110PF_B203_L1T.TIF","G:\001_TESE_Prof. Maciel_até 19-01-2026\006_TESE\Dados_Hypirion_29-12-2015\EO1H2240692015363110PF_1T","G:\001_TESE_Prof. Maciel_até 19-01-2026\006_TESE\Dados_Hypirion_29-12-2015\EO1H2240692015363110PF_1T\EO1H2240692015363110PF_B203_L1T.TIF",".TIF","6936802","26/01/2026 16:07:22"
"EO1H2240692015363110PF_B204_L1T.TIF","G:\001_TESE_Prof. Maciel_até 19-01-2026\006_TESE\Dados_Hypirion_29-12-2015\EO1H2240692015363110PF_1T","G:\001_TESE_Prof. Maciel_até 19-01-2026\006_TESE\Dados_Hypirion_29-12-2015\EO1H2240692015363110PF_1T\EO1H2240692015363110PF_B204_L1T.TIF",".TIF","6936802","26/01/2026 16:07:22"
"EO1H2240692015363110PF_B205_L1T.TIF","G:\001_TESE_Prof. Maciel_até 19-01-2026\006_TESE\Dados_Hypirion_29-12-2015\EO1H2240692015363110PF_1T","G:\001_TESE_Prof. Maciel_até 19-01-2026\006_TESE\Dados_Hypirion_29-12-2015\EO1H2240692015363110PF_1T\EO1H2240692015363110PF_B205_L1T.TIF",".TIF","6936802","26/01/2026 16:07:22"
"EO1H2240692015363110PF_B206_L1T.TIF","G:\001_TESE_Prof. Maciel_até 19-01-2026\006_TESE\Dados_Hypirion_29-12-2015\EO1H2240692015363110PF_1T","G:\001_TESE_Prof. Maciel_até 19-01-2026\006_TESE\Dados_Hypirion_29-12-2015\EO1H2240692015363110PF_1T\EO1H2240692015363110PF_B206_L1T.TIF",".TIF","6936802","26/01/2026 16:07:22"
"EO1H2240692015363110PF_B207_L1T.TIF","G:\001_TESE_Prof. Maciel_até 19-01-2026\006_TESE\Dados_Hypirion_29-12-2015\EO1H2240692015363110PF_1T","G:\001_TESE_Prof. Maciel_até 19-01-2026\006_TESE\Dados_Hypirion_29-12-2015\EO1H2240692015363110PF_1T\EO1H2240692015363110PF_B207_L1T.TIF",".TIF","6936802","26/01/2026 16:07:22"
"EO1H2240692015363110PF_B208_L1T.TIF","G:\001_TESE_Prof. Maciel_até 19-01-2026\006_TESE\Dados_Hypirion_29-12-2015\EO1H2240692015363110PF_1T","G:\001_TESE_Prof. Maciel_até 19-01-2026\006_TESE\Dados_Hypirion_29-12-2015\EO1H2240692015363110PF_1T\EO1H2240692015363110PF_B208_L1T.TIF",".TIF","6936802","26/01/2026 16:07:22"
"EO1H2240692015363110PF_B209_L1T.TIF","G:\001_TESE_Prof. Maciel_até 19-01-2026\006_TESE\Dados_Hypirion_29-12-2015\EO1H2240692015363110PF_1T","G:\001_TESE_Prof. Maciel_até 19-01-2026\006_TESE\Dados_Hypirion_29-12-2015\EO1H2240692015363110PF_1T\EO1H2240692015363110PF_B209_L1T.TIF",".TIF","6936802","26/01/2026 16:07:22"
"EO1H2240692015363110PF_B210_L1T.TIF","G:\001_TESE_Prof. Maciel_até 19-01-2026\006_TESE\Dados_Hypirion_29-12-2015\EO1H2240692015363110PF_1T","G:\001_TESE_Prof. Maciel_até 19-01-2026\006_TESE\Dados_Hypirion_29-12-2015\EO1H2240692015363110PF_1T\EO1H2240692015363110PF_B210_L1T.TIF",".TIF","6936802","26/01/2026 16:07:22"
"EO1H2240692015363110PF_B211_L1T.TIF","G:\001_TESE_Prof. Maciel_até 19-01-2026\006_TESE\Dados_Hypirion_29-12-2015\EO1H2240692015363110PF_1T","G:\001_TESE_Prof. Maciel_até 19-01-2026\006_TESE\Dados_Hypirion_29-12-2015\EO1H2240692015363110PF_1T\EO1H2240692015363110PF_B211_L1T.TIF",".TIF","6936802","26/01/2026 16:07:22"
"EO1H2240692015363110PF_B212_L1T.TIF","G:\001_TESE_Prof. Maciel_até 19-01-2026\006_TESE\Dados_Hypirion_29-12-2015\EO1H2240692015363110PF_1T","G:\001_TESE_Prof. Maciel_até 19-01-2026\006_TESE\Dados_Hypirion_29-12-2015\EO1H2240692015363110PF_1T\EO1H2240692015363110PF_B212_L1T.TIF",".TIF","6936802","26/01/2026 16:07:22"
"EO1H2240692015363110PF_B213_L1T.TIF","G:\001_TESE_Prof. Maciel_até 19-01-2026\006_TESE\Dados_Hypirion_29-12-2015\EO1H2240692015363110PF_1T","G:\001_TESE_Prof. Maciel_até 19-01-2026\006_TESE\Dados_Hypirion_29-12-2015\EO1H2240692015363110PF_1T\EO1H2240692015363110PF_B213_L1T.TIF",".TIF","6936802","26/01/2026 16:07:22"
"EO1H2240692015363110PF_B214_L1T.TIF","G:\001_TESE_Prof. Maciel_até 19-01-2026\006_TESE\Dados_Hypirion_29-12-2015\EO1H2240692015363110PF_1T","G:\001_TESE_Prof. Maciel_até 19-01-2026\006_TESE\Dados_Hypirion_29-12-2015\EO1H2240692015363110PF_1T\EO1H2240692015363110PF_B214_L1T.TIF",".TIF","6936802","26/01/2026 16:07:22"
"EO1H2240692015363110PF_B215_L1T.TIF","G:\001_TESE_Prof. Maciel_até 19-01-2026\006_TESE\Dados_Hypirion_29-12-2015\EO1H2240692015363110PF_1T","G:\001_TESE_Prof. Maciel_até 19-01-2026\006_TESE\Dados_Hypirion_29-12-2015\EO1H2240692015363110PF_1T\EO1H2240692015363110PF_B215_L1T.TIF",".TIF","6936802","26/01/2026 16:07:22"
"EO1H2240692015363110PF_B216_L1T.TIF","G:\001_TESE_Prof. Maciel_até 19-01-2026\006_TESE\Dados_Hypirion_29-12-2015\EO1H2240692015363110PF_1T","G:\001_TESE_Prof. Maciel_até 19-01-2026\006_TESE\Dados_Hypirion_29-12-2015\EO1H2240692015363110PF_1T\EO1H2240692015363110PF_B216_L1T.TIF",".TIF","6936802","26/01/2026 16:07:22"
"EO1H2240692015363110PF_B217_L1T.TIF","G:\001_TESE_Prof. Maciel_até 19-01-2026\006_TESE\Dados_Hypirion_29-12-2015\EO1H2240692015363110PF_1T","G:\001_TESE_Prof. Maciel_até 19-01-2026\006_TESE\Dados_Hypirion_29-12-2015\EO1H2240692015363110PF_1T\EO1H2240692015363110PF_B217_L1T.TIF",".TIF","6936802","26/01/2026 16:07:22"
"EO1H2240692015363110PF_B218_L1T.TIF","G:\001_TESE_Prof. Maciel_até 19-01-2026\006_TESE\Dados_Hypirion_29-12-2015\EO1H2240692015363110PF_1T","G:\001_TESE_Prof. Maciel_até 19-01-2026\006_TESE\Dados_Hypirion_29-12-2015\EO1H2240692015363110PF_1T\EO1H2240692015363110PF_B218_L1T.TIF",".TIF","6936802","26/01/2026 16:07:22"
"EO1H2240692015363110PF_B219_L1T.TIF","G:\001_TESE_Prof. Maciel_até 19-01-2026\006_TESE\Dados_Hypirion_29-12-2015\EO1H2240692015363110PF_1T","G:\001_TESE_Prof. Maciel_até 19-01-2026\006_TESE\Dados_Hypirion_29-12-2015\EO1H2240692015363110PF_1T\EO1H2240692015363110PF_B219_L1T.TIF",".TIF","6936802","26/01/2026 16:07:22"
"EO1H2240692015363110PF_B220_L1T.TIF","G:\001_TESE_Prof. Maciel_até 19-01-2026\006_TESE\Dados_Hypirion_29-12-2015\EO1H2240692015363110PF_1T","G:\001_TESE_Prof. Maciel_até 19-01-2026\006_TESE\Dados_Hypirion_29-12-2015\EO1H2240692015363110PF_1T\EO1H2240692015363110PF_B220_L1T.TIF",".TIF","6936802","26/01/2026 16:07:23"
"EO1H2240692015363110PF_B221_L1T.TIF","G:\001_TESE_Prof. Maciel_até 19-01-2026\006_TESE\Dados_Hypirion_29-12-2015\EO1H2240692015363110PF_1T","G:\001_TESE_Prof. Maciel_até 19-01-2026\006_TESE\Dados_Hypirion_29-12-2015\EO1H2240692015363110PF_1T\EO1H2240692015363110PF_B221_L1T.TIF",".TIF","6936802","26/01/2026 16:07:23"
"EO1H2240692015363110PF_B222_L1T.TIF","G:\001_TESE_Prof. Maciel_até 19-01-2026\006_TESE\Dados_Hypirion_29-12-2015\EO1H2240692015363110PF_1T","G:\001_TESE_Prof. Maciel_até 19-01-2026\006_TESE\Dados_Hypirion_29-12-2015\EO1H2240692015363110PF_1T\EO1H2240692015363110PF_B222_L1T.TIF",".TIF","6936802","26/01/2026 16:07:23"
"EO1H2240692015363110PF_B223_L1T.TIF","G:\001_TESE_Prof. Maciel_até 19-01-2026\006_TESE\Dados_Hypirion_29-12-2015\EO1H2240692015363110PF_1T","G:\001_TESE_Prof. Maciel_até 19-01-2026\006_TESE\Dados_Hypirion_29-12-2015\EO1H2240692015363110PF_1T\EO1H2240692015363110PF_B223_L1T.TIF",".TIF","6936802","26/01/2026 16:07:23"
"EO1H2240692015363110PF_B224_L1T.TIF","G:\001_TESE_Prof. Maciel_até 19-01-2026\006_TESE\Dados_Hypirion_29-12-2015\EO1H2240692015363110PF_1T","G:\001_TESE_Prof. Maciel_até 19-01-2026\006_TESE\Dados_Hypirion_29-12-2015\EO1H2240692015363110PF_1T\EO1H2240692015363110PF_B224_L1T.TIF",".TIF","6936802","26/01/2026 16:07:23"
"EO1H2240692015363110PF_B225_L1T.TIF","G:\001_TESE_Prof. Maciel_até 19-01-2026\006_TESE\Dados_Hypirion_29-12-2015\EO1H2240692015363110PF_1T","G:\001_TESE_Prof. Maciel_até 19-01-2026\006_TESE\Dados_Hypirion_29-12-2015\EO1H2240692015363110PF_1T\EO1H2240692015363110PF_B225_L1T.TIF",".TIF","6936802","26/01/2026 16:07:23"
"EO1H2240692015363110PF_B226_L1T.TIF","G:\001_TESE_Prof. Maciel_até 19-01-2026\006_TESE\Dados_Hypirion_29-12-2015\EO1H2240692015363110PF_1T","G:\001_TESE_Prof. Maciel_até 19-01-2026\006_TESE\Dados_Hypirion_29-12-2015\EO1H2240692015363110PF_1T\EO1H2240692015363110PF_B226_L1T.TIF",".TIF","6936802","26/01/2026 16:07:23"
"EO1H2240692015363110PF_B227_L1T.TIF","G:\001_TESE_Prof. Maciel_até 19-01-2026\006_TESE\Dados_Hypirion_29-12-2015\EO1H2240692015363110PF_1T","G:\001_TESE_Prof. Maciel_até 19-01-2026\006_TESE\Dados_Hypirion_29-12-2015\EO1H2240692015363110PF_1T\EO1H2240692015363110PF_B227_L1T.TIF",".TIF","6936802","26/01/2026 16:07:23"
"EO1H2240692015363110PF_B228_L1T.TIF","G:\001_TESE_Prof. Maciel_até 19-01-2026\006_TESE\Dados_Hypirion_29-12-2015\EO1H2240692015363110PF_1T","G:\001_TESE_Prof. Maciel_até 19-01-2026\006_TESE\Dados_Hypirion_29-12-2015\EO1H2240692015363110PF_1T\EO1H2240692015363110PF_B228_L1T.TIF",".TIF","6936802","26/01/2026 16:07:23"
"EO1H2240692015363110PF_B229_L1T.TIF","G:\001_TESE_Prof. Maciel_até 19-01-2026\006_TESE\Dados_Hypirion_29-12-2015\EO1H2240692015363110PF_1T","G:\001_TESE_Prof. Maciel_até 19-01-2026\006_TESE\Dados_Hypirion_29-12-2015\EO1H2240692015363110PF_1T\EO1H2240692015363110PF_B229_L1T.TIF",".TIF","6936802","26/01/2026 16:07:23"
"EO1H2240692015363110PF_B230_L1T.TIF","G:\001_TESE_Prof. Maciel_até 19-01-2026\006_TESE\Dados_Hypirion_29-12-2015\EO1H2240692015363110PF_1T","G:\001_TESE_Prof. Maciel_até 19-01-2026\006_TESE\Dados_Hypirion_29-12-2015\EO1H2240692015363110PF_1T\EO1H2240692015363110PF_B230_L1T.TIF",".TIF","6936802","26/01/2026 16:07:23"
"EO1H2240692015363110PF_B231_L1T.TIF","G:\001_TESE_Prof. Maciel_até 19-01-2026\006_TESE\Dados_Hypirion_29-12-2015\EO1H2240692015363110PF_1T","G:\001_TESE_Prof. Maciel_até 19-01-2026\006_TESE\Dados_Hypirion_29-12-2015\EO1H2240692015363110PF_1T\EO1H2240692015363110PF_B231_L1T.TIF",".TIF","6936802","26/01/2026 16:07:23"
"EO1H2240692015363110PF_B232_L1T.TIF","G:\001_TESE_Prof. Maciel_até 19-01-2026\006_TESE\Dados_Hypirion_29-12-2015\EO1H2240692015363110PF_1T","G:\001_TESE_Prof. Maciel_até 19-01-2026\006_TESE\Dados_Hypirion_29-12-2015\EO1H2240692015363110PF_1T\EO1H2240692015363110PF_B232_L1T.TIF",".TIF","6936802","26/01/2026 16:07:23"
"EO1H2240692015363110PF_B233_L1T.TIF","G:\001_TESE_Prof. Maciel_até 19-01-2026\006_TESE\Dados_Hypirion_29-12-2015\EO1H2240692015363110PF_1T","G:\001_TESE_Prof. Maciel_até 19-01-2026\006_TESE\Dados_Hypirion_29-12-2015\EO1H2240692015363110PF_1T\EO1H2240692015363110PF_B233_L1T.TIF",".TIF","6936802","26/01/2026 16:07:23"
"EO1H2240692015363110PF_B234_L1T.TIF","G:\001_TESE_Prof. Maciel_até 19-01-2026\006_TESE\Dados_Hypirion_29-12-2015\EO1H2240692015363110PF_1T","G:\001_TESE_Prof. Maciel_até 19-01-2026\006_TESE\Dados_Hypirion_29-12-2015\EO1H2240692015363110PF_1T\EO1H2240692015363110PF_B234_L1T.TIF",".TIF","6936802","26/01/2026 16:07:23"
"EO1H2240692015363110PF_B235_L1T.TIF","G:\001_TESE_Prof. Maciel_até 19-01-2026\006_TESE\Dados_Hypirion_29-12-2015\EO1H2240692015363110PF_1T","G:\001_TESE_Prof. Maciel_até 19-01-2026\006_TESE\Dados_Hypirion_29-12-2015\EO1H2240692015363110PF_1T\EO1H2240692015363110PF_B235_L1T.TIF",".TIF","6936802","26/01/2026 16:07:23"
"EO1H2240692015363110PF_B236_L1T.TIF","G:\001_TESE_Prof. Maciel_até 19-01-2026\006_TESE\Dados_Hypirion_29-12-2015\EO1H2240692015363110PF_1T","G:\001_TESE_Prof. Maciel_até 19-01-2026\006_TESE\Dados_Hypirion_29-12-2015\EO1H2240692015363110PF_1T\EO1H2240692015363110PF_B236_L1T.TIF",".TIF","6936802","26/01/2026 16:07:23"
"EO1H2240692015363110PF_B237_L1T.TIF","G:\001_TESE_Prof. Maciel_até 19-01-2026\006_TESE\Dados_Hypirion_29-12-2015\EO1H2240692015363110PF_1T","G:\001_TESE_Prof. Maciel_até 19-01-2026\006_TESE\Dados_Hypirion_29-12-2015\EO1H2240692015363110PF_1T\EO1H2240692015363110PF_B237_L1T.TIF",".TIF","6936802","26/01/2026 16:07:23"
"EO1H2240692015363110PF_B238_L1T.TIF","G:\001_TESE_Prof. Maciel_até 19-01-2026\006_TESE\Dados_Hypirion_29-12-2015\EO1H2240692015363110PF_1T","G:\001_TESE_Prof. Maciel_até 19-01-2026\006_TESE\Dados_Hypirion_29-12-2015\EO1H2240692015363110PF_1T\EO1H2240692015363110PF_B238_L1T.TIF",".TIF","6936802","26/01/2026 16:07:23"
"EO1H2240692015363110PF_B239_L1T.TIF","G:\001_TESE_Prof. Maciel_até 19-01-2026\006_TESE\Dados_Hypirion_29-12-2015\EO1H2240692015363110PF_1T","G:\001_TESE_Prof. Maciel_até 19-01-2026\006_TESE\Dados_Hypirion_29-12-2015\EO1H2240692015363110PF_1T\EO1H2240692015363110PF_B239_L1T.TIF",".TIF","6936802","26/01/2026 16:07:23"
"EO1H2240692015363110PF_B240_L1T.TIF","G:\001_TESE_Prof. Maciel_até 19-01-2026\006_TESE\Dados_Hypirion_29-12-2015\EO1H2240692015363110PF_1T","G:\001_TESE_Prof. Maciel_até 19-01-2026\006_TESE\Dados_Hypirion_29-12-2015\EO1H2240692015363110PF_1T\EO1H2240692015363110PF_B240_L1T.TIF",".TIF","6936802","26/01/2026 16:07:23"
"EO1H2240692015363110PF_B241_L1T.TIF","G:\001_TESE_Prof. Maciel_até 19-01-2026\006_TESE\Dados_Hypirion_29-12-2015\EO1H2240692015363110PF_1T","G:\001_TESE_Prof. Maciel_até 19-01-2026\006_TESE\Dados_Hypirion_29-12-2015\EO1H2240692015363110PF_1T\EO1H2240692015363110PF_B241_L1T.TIF",".TIF","6936802","26/01/2026 16:07:23"
"EO1H2240692015363110PF_B242_L1T.TIF","G:\001_TESE_Prof. Maciel_até 19-01-2026\006_TESE\Dados_Hypirion_29-12-2015\EO1H2240692015363110PF_1T","G:\001_TESE_Prof. Maciel_até 19-01-2026\006_TESE\Dados_Hypirion_29-12-2015\EO1H2240692015363110PF_1T\EO1H2240692015363110PF_B242_L1T.TIF",".TIF","6936802","26/01/2026 16:07:23"
"EO1H2240692015363110PF_MTL_L1T.TXT","G:\001_TESE_Prof. Maciel_até 19-01-2026\006_TESE\Dados_Hypirion_29-12-2015\EO1H2240692015363110PF_1T","G:\001_TESE_Prof. Maciel_até 19-01-2026\006_TESE\Dados_Hypirion_29-12-2015\EO1H2240692015363110PF_1T\EO1H2240692015363110PF_MTL_L1T.TXT",".TXT","17539","26/01/2026 16:07:23"
"README.txt","G:\001_TESE_Prof. Maciel_até 19-01-2026\006_TESE\Dados_Hypirion_29-12-2015\EO1H2240692015363110PF_1T","G:\001_TESE_Prof. Maciel_até 19-01-2026\006_TESE\Dados_Hypirion_29-12-2015\EO1H2240692015363110PF_1T\README.txt",".txt","5804","26/01/2026 16:07:23"
"EO1H2240692015363110PF_1GST.ZIP","G:\001_TESE_Prof. Maciel_até 19-01-2026\006_TESE\Dados_Hypirion_29-12-2015\ZIPs","G:\001_TESE_Prof. Maciel_até 19-01-2026\006_TESE\Dados_Hypirion_29-12-2015\ZIPs\EO1H2240692015363110PF_1GST.ZIP",".ZIP","227563389","26/01/2026 15:12:58"
"EO1H2240692015363110PF_1R.ZIP","G:\001_TESE_Prof. Maciel_até 19-01-2026\006_TESE\Dados_Hypirion_29-12-2015\ZIPs","G:\001_TESE_Prof. Maciel_até 19-01-2026\006_TESE\Dados_Hypirion_29-12-2015\ZIPs\EO1H2240692015363110PF_1R.ZIP",".ZIP","247935988","26/01/2026 15:12:15"
"EO1H2240692015363110PF_1T.ZIP","G:\001_TESE_Prof. Maciel_até 19-01-2026\006_TESE\Dados_Hypirion_29-12-2015\ZIPs","G:\001_TESE_Prof. Maciel_até 19-01-2026\006_TESE\Dados_Hypirion_29-12-2015\ZIPs\EO1H2240692015363110PF_1T.ZIP",".ZIP","233478746","26/01/2026 15:16:54"
"MB_C9_Soja_2015_AOI_EO1H2240692015363110PF.tif","G:\001_TESE_Prof. Maciel_até 19-01-2026\006_TESE\Dados_MapaBioma_2015","G:\001_TESE_Prof. Maciel_até 19-01-2026\006_TESE\Dados_MapaBioma_2015\MB_C9_Soja_2015_AOI_EO1H2240692015363110PF.tif",".tif","99045","26/01/2026 16:17:04"
"ATTO_325_data_structure_38.csv","G:\001_TESE_Prof. Maciel_até 19-01-2026\006_TESE\DIA_20260129\ATTO_325_v3_Micrometeorologic dataset - Eddy Covaria..._20260129","G:\001_TESE_Prof. Maciel_até 19-01-2026\006_TESE\DIA_20260129\ATTO_325_v3_Micrometeorologic dataset - Eddy Covaria..._20260129\ATTO_325_data_structure_38.csv",".csv","2853","29/01/2026 15:45:08"
"ATTO_325_data_structure_38.html","G:\001_TESE_Prof. Maciel_até 19-01-2026\006_TESE\DIA_20260129\ATTO_325_v3_Micrometeorologic dataset - Eddy Covaria..._20260129","G:\001_TESE_Prof. Maciel_até 19-01-2026\006_TESE\DIA_20260129\ATTO_325_v3_Micrometeorologic dataset - Eddy Covaria..._20260129\ATTO_325_data_structure_38.html",".html","14334","29/01/2026 15:45:08"
"ATTO_325_data_structure_38.json","G:\001_TESE_Prof. Maciel_até 19-01-2026\006_TESE\DIA_20260129\ATTO_325_v3_Micrometeorologic dataset - Eddy Covaria..._20260129","G:\001_TESE_Prof. Maciel_até 19-01-2026\006_TESE\DIA_20260129\ATTO_325_v3_Micrometeorologic dataset - Eddy Covaria..._20260129\ATTO_325_data_structure_38.json",".json","17829","29/01/2026 15:45:08"
"ATTO_325_v3_.json","G:\001_TESE_Prof. Maciel_até 19-01-2026\006_TESE\DIA_20260129\ATTO_325_v3_Micrometeorologic dataset - Eddy Covaria..._20260129","G:\001_TESE_Prof. Maciel_até 19-01-2026\006_TESE\DIA_20260129\ATTO_325_v3_Micrometeorologic dataset - Eddy Covaria..._20260129\ATTO_325_v3_.json",".json","17829","29/01/2026 15:45:08"
"ATTO_325_v3_data.csv","G:\001_TESE_Prof. Maciel_até 19-01-2026\006_TESE\DIA_20260129\ATTO_325_v3_Micrometeorologic dataset - Eddy Covaria..._20260129","G:\001_TESE_Prof. Maciel_até 19-01-2026\006_TESE\DIA_20260129\ATTO_325_v3_Micrometeorologic dataset - Eddy Covaria..._20260129\ATTO_325_v3_data.csv",".csv","1859599","29/01/2026 15:45:08"
"ATTO_325_v3_general_metadata.json","G:\001_TESE_Prof. Maciel_até 19-01-2026\006_TESE\DIA_20260129\ATTO_325_v3_Micrometeorologic dataset - Eddy Covaria..._20260129","G:\001_TESE_Prof. Maciel_até 19-01-2026\006_TESE\DIA_20260129\ATTO_325_v3_Micrometeorologic dataset - Eddy Covaria..._20260129\ATTO_325_v3_general_metadata.json",".json","24072","29/01/2026 15:45:08"
"ATTO_325_v3_metadata.html","G:\001_TESE_Prof. Maciel_até 19-01-2026\006_TESE\DIA_20260129\ATTO_325_v3_Micrometeorologic dataset - Eddy Covaria..._20260129","G:\001_TESE_Prof. Maciel_até 19-01-2026\006_TESE\DIA_20260129\ATTO_325_v3_Micrometeorologic dataset - Eddy Covaria..._20260129\ATTO_325_v3_metadata.html",".html","152223","29/01/2026 15:45:08"
"ATUALIZAR_INVENTARIO_INVENTARIO_CAPITULO_06_HSI_20260128_v11_v01_log.json","G:\001_TESE_Prof. Maciel_até 19-01-2026\006_TESE\DIA_20260129","G:\001_TESE_Prof. Maciel_até 19-01-2026\006_TESE\DIA_20260129\ATUALIZAR_INVENTARIO_INVENTARIO_CAPITULO_06_HSI_20260128_v11_v01_log.json",".json","4535","29/01/2026 18:34:19"
"CHECKLIST DA TESE_29-01-2026.docx","G:\001_TESE_Prof. Maciel_até 19-01-2026\006_TESE\DIA_20260129","G:\001_TESE_Prof. Maciel_até 19-01-2026\006_TESE\DIA_20260129\CHECKLIST DA TESE_29-01-2026.docx",".docx","75931","29/01/2026 22:37:05"
"CRIAR_PASTA_DIA_20260129_v01_log.json","G:\001_TESE_Prof. Maciel_até 19-01-2026\006_TESE\DIA_20260129","G:\001_TESE_Prof. Maciel_até 19-01-2026\006_TESE\DIA_20260129\CRIAR_PASTA_DIA_20260129_v01_log.json",".json","435","29/01/2026 08:37:42"
"ERA5LAND_FORCING_SOJA_20151001_20151230_CENTROID_MAIOR_TALHAO_v04.csv","G:\001_TESE_Prof. Maciel_até 19-01-2026\006_TESE\DIA_20260129","G:\001_TESE_Prof. Maciel_até 19-01-2026\006_TESE\DIA_20260129\ERA5LAND_FORCING_SOJA_20151001_20151230_CENTROID_MAIOR_TALHAO_v04.csv",".csv","874626","29/01/2026 10:39:17"
"ERA5LAND_FORCING_SOJA_20151001_20151230_CENTROID_MAIOR_TALHAO_v04_log.json","G:\001_TESE_Prof. Maciel_até 19-01-2026\006_TESE\DIA_20260129","G:\001_TESE_Prof. Maciel_até 19-01-2026\006_TESE\DIA_20260129\ERA5LAND_FORCING_SOJA_20151001_20151230_CENTROID_MAIOR_TALHAO_v04_log.json",".json","1037","29/01/2026 10:39:17"
"ERA5LAND_FORCING_SOJA_20151001_20151230_CENTROID_MAIOR_TALHAO_v05.csv","G:\001_TESE_Prof. Maciel_até 19-01-2026\006_TESE\DIA_20260129","G:\001_TESE_Prof. Maciel_até 19-01-2026\006_TESE\DIA_20260129\ERA5LAND_FORCING_SOJA_20151001_20151230_CENTROID_MAIOR_TALHAO_v05.csv",".csv","774311","29/01/2026 11:09:33"
"ERA5LAND_FORCING_SOJA_20151001_20151230_CENTROID_MAIOR_TALHAO_v05_log.json","G:\001_TESE_Prof. Maciel_até 19-01-2026\006_TESE\DIA_20260129","G:\001_TESE_Prof. Maciel_até 19-01-2026\006_TESE\DIA_20260129\ERA5LAND_FORCING_SOJA_20151001_20151230_CENTROID_MAIOR_TALHAO_v05_log.json",".json","756","29/01/2026 11:09:33"
"ERA5LAND_FORCING_SOJA_20151001_20151230_CENTROID_MAIOR_TALHAO_v06.csv","G:\001_TESE_Prof. Maciel_até 19-01-2026\006_TESE\DIA_20260129","G:\001_TESE_Prof. Maciel_até 19-01-2026\006_TESE\DIA_20260129\ERA5LAND_FORCING_SOJA_20151001_20151230_CENTROID_MAIOR_TALHAO_v06.csv",".csv","801989","29/01/2026 11:17:25"
"ERA5LAND_FORCING_SOJA_20151001_20151230_CENTROID_MAIOR_TALHAO_v06_log.json","G:\001_TESE_Prof. Maciel_até 19-01-2026\006_TESE\DIA_20260129","G:\001_TESE_Prof. Maciel_até 19-01-2026\006_TESE\DIA_20260129\ERA5LAND_FORCING_SOJA_20151001_20151230_CENTROID_MAIOR_TALHAO_v06_log.json",".json","895","29/01/2026 11:17:25"
"ERA5LAND_FORCING_SOJA_20151001_20151230_CENTROID_MAIOR_TALHAO_v07.csv","G:\001_TESE_Prof. Maciel_até 19-01-2026\006_TESE\DIA_20260129","G:\001_TESE_Prof. Maciel_até 19-01-2026\006_TESE\DIA_20260129\ERA5LAND_FORCING_SOJA_20151001_20151230_CENTROID_MAIOR_TALHAO_v07.csv",".csv","801949","29/01/2026 11:22:46"
"ERA5LAND_FORCING_SOJA_20151001_20151230_CENTROID_MAIOR_TALHAO_v07_log.json","G:\001_TESE_Prof. Maciel_até 19-01-2026\006_TESE\DIA_20260129","G:\001_TESE_Prof. Maciel_até 19-01-2026\006_TESE\DIA_20260129\ERA5LAND_FORCING_SOJA_20151001_20151230_CENTROID_MAIOR_TALHAO_v07_log.json",".json","768","29/01/2026 11:22:46"
"ERA5LAND_SSRD_SOJA_20151001_20151230_CENTROID_MAIOR_TALHAO_v01.csv","G:\001_TESE_Prof. Maciel_até 19-01-2026\006_TESE\DIA_20260129","G:\001_TESE_Prof. Maciel_até 19-01-2026\006_TESE\DIA_20260129\ERA5LAND_SSRD_SOJA_20151001_20151230_CENTROID_MAIOR_TALHAO_v01.csv",".csv","272300","29/01/2026 11:00:11"
"FLUXO_CO2_MINIMO_SOJA_20151001_20151230_v01.csv","G:\001_TESE_Prof. Maciel_até 19-01-2026\006_TESE\DIA_20260129","G:\001_TESE_Prof. Maciel_até 19-01-2026\006_TESE\DIA_20260129\FLUXO_CO2_MINIMO_SOJA_20151001_20151230_v01.csv",".csv","313491","29/01/2026 08:46:46"
"FLUXO_CO2_MINIMO_SOJA_20151001_20151230_v01_log.json","G:\001_TESE_Prof. Maciel_até 19-01-2026\006_TESE\DIA_20260129","G:\001_TESE_Prof. Maciel_até 19-01-2026\006_TESE\DIA_20260129\FLUXO_CO2_MINIMO_SOJA_20151001_20151230_v01_log.json",".json","1083","29/01/2026 08:46:46"
"FLUXO_CO2_MINIMO_SOJA_20151001_20151230_v05.csv","G:\001_TESE_Prof. Maciel_até 19-01-2026\006_TESE\DIA_20260129","G:\001_TESE_Prof. Maciel_até 19-01-2026\006_TESE\DIA_20260129\FLUXO_CO2_MINIMO_SOJA_20151001_20151230_v05.csv",".csv","350996","29/01/2026 12:06:34"
"FLUXO_CO2_MINIMO_SOJA_20151001_20151230_v05_log.json","G:\001_TESE_Prof. Maciel_até 19-01-2026\006_TESE\DIA_20260129","G:\001_TESE_Prof. Maciel_até 19-01-2026\006_TESE\DIA_20260129\FLUXO_CO2_MINIMO_SOJA_20151001_20151230_v05_log.json",".json","1102","29/01/2026 12:06:34"
"FLUXO_CO2_MINIMO_SOJA_20151001_20151230_v06.csv","G:\001_TESE_Prof. Maciel_até 19-01-2026\006_TESE\DIA_20260129","G:\001_TESE_Prof. Maciel_até 19-01-2026\006_TESE\DIA_20260129\FLUXO_CO2_MINIMO_SOJA_20151001_20151230_v06.csv",".csv","231465","29/01/2026 16:15:32"
"FLUXO_CO2_MINIMO_SOJA_20151001_20151230_v06_log.json","G:\001_TESE_Prof. Maciel_até 19-01-2026\006_TESE\DIA_20260129","G:\001_TESE_Prof. Maciel_até 19-01-2026\006_TESE\DIA_20260129\FLUXO_CO2_MINIMO_SOJA_20151001_20151230_v06_log.json",".json","229","29/01/2026 16:15:32"
"ITEM8_CO2_ANALISE_20151001_20151230_v03_log.json","G:\001_TESE_Prof. Maciel_até 19-01-2026\006_TESE\DIA_20260129","G:\001_TESE_Prof. Maciel_até 19-01-2026\006_TESE\DIA_20260129\ITEM8_CO2_ANALISE_20151001_20151230_v03_log.json",".json","847","29/01/2026 16:28:16"
"ITEM8_CO2_ANALISE_RESUMO_20151001_20151230_v01.csv","G:\001_TESE_Prof. Maciel_até 19-01-2026\006_TESE\DIA_20260129","G:\001_TESE_Prof. Maciel_até 19-01-2026\006_TESE\DIA_20260129\ITEM8_CO2_ANALISE_RESUMO_20151001_20151230_v01.csv",".csv","486","29/01/2026 10:04:53"
"ITEM8_CO2_ANALISE_RESUMO_20151001_20151230_v02.csv","G:\001_TESE_Prof. Maciel_até 19-01-2026\006_TESE\DIA_20260129","G:\001_TESE_Prof. Maciel_até 19-01-2026\006_TESE\DIA_20260129\ITEM8_CO2_ANALISE_RESUMO_20151001_20151230_v02.csv",".csv","604","29/01/2026 10:07:21"
"ITEM8_CO2_ANALISE_RESUMO_20151001_20151230_v03.csv","G:\001_TESE_Prof. Maciel_até 19-01-2026\006_TESE\DIA_20260129","G:\001_TESE_Prof. Maciel_até 19-01-2026\006_TESE\DIA_20260129\ITEM8_CO2_ANALISE_RESUMO_20151001_20151230_v03.csv",".csv","166","29/01/2026 16:28:16"
"ITEM8_CO2_ANALISE_v01_log.json","G:\001_TESE_Prof. Maciel_até 19-01-2026\006_TESE\DIA_20260129","G:\001_TESE_Prof. Maciel_até 19-01-2026\006_TESE\DIA_20260129\ITEM8_CO2_ANALISE_v01_log.json",".json","1334","29/01/2026 10:04:53"
"ITEM8_CO2_ANALISE_v02_log.json","G:\001_TESE_Prof. Maciel_até 19-01-2026\006_TESE\DIA_20260129","G:\001_TESE_Prof. Maciel_até 19-01-2026\006_TESE\DIA_20260129\ITEM8_CO2_ANALISE_v02_log.json",".json","1054","29/01/2026 10:07:21"
"ITEM8_CO2_DAILY_SUMS_20151001_20151230_CO2UNIT_v01.csv","G:\001_TESE_Prof. Maciel_até 19-01-2026\006_TESE\DIA_20260129","G:\001_TESE_Prof. Maciel_até 19-01-2026\006_TESE\DIA_20260129\ITEM8_CO2_DAILY_SUMS_20151001_20151230_CO2UNIT_v01.csv",".csv","11555","29/01/2026 10:16:35"
"ITEM8_CO2_DAILY_SUMS_20151001_20151230_v03.csv","G:\001_TESE_Prof. Maciel_até 19-01-2026\006_TESE\DIA_20260129","G:\001_TESE_Prof. Maciel_até 19-01-2026\006_TESE\DIA_20260129\ITEM8_CO2_DAILY_SUMS_20151001_20151230_v03.csv",".csv","8139","29/01/2026 16:28:16"
"ITEM8_CO2_DAILY_SUMS_v01.csv","G:\001_TESE_Prof. Maciel_até 19-01-2026\006_TESE\DIA_20260129","G:\001_TESE_Prof. Maciel_até 19-01-2026\006_TESE\DIA_20260129\ITEM8_CO2_DAILY_SUMS_v01.csv",".csv","12058","29/01/2026 10:04:53"
"ITEM8_CO2_DAILY_SUMS_v02.csv","G:\001_TESE_Prof. Maciel_até 19-01-2026\006_TESE\DIA_20260129","G:\001_TESE_Prof. Maciel_até 19-01-2026\006_TESE\DIA_20260129\ITEM8_CO2_DAILY_SUMS_v02.csv",".csv","6513","29/01/2026 10:07:21"
"ITEM8_CO2_DIURNAL_CYCLE_20151001_20151230_v03.csv","G:\001_TESE_Prof. Maciel_até 19-01-2026\006_TESE\DIA_20260129","G:\001_TESE_Prof. Maciel_até 19-01-2026\006_TESE\DIA_20260129\ITEM8_CO2_DIURNAL_CYCLE_20151001_20151230_v03.csv",".csv","1646","29/01/2026 16:28:16"
"ITEM8_CO2_DIURNAL_CYCLE_v01.csv","G:\001_TESE_Prof. Maciel_até 19-01-2026\006_TESE\DIA_20260129","G:\001_TESE_Prof. Maciel_até 19-01-2026\006_TESE\DIA_20260129\ITEM8_CO2_DIURNAL_CYCLE_v01.csv",".csv","2364","29/01/2026 10:04:53"
"ITEM8_CO2_DIURNAL_CYCLE_v02.csv","G:\001_TESE_Prof. Maciel_até 19-01-2026\006_TESE\DIA_20260129","G:\001_TESE_Prof. Maciel_até 19-01-2026\006_TESE\DIA_20260129\ITEM8_CO2_DIURNAL_CYCLE_v02.csv",".csv","1908","29/01/2026 10:07:21"
"ITEM8_CO2_UNITS_20151001_20151230_v01_log.json","G:\001_TESE_Prof. Maciel_até 19-01-2026\006_TESE\DIA_20260129","G:\001_TESE_Prof. Maciel_até 19-01-2026\006_TESE\DIA_20260129\ITEM8_CO2_UNITS_20151001_20151230_v01_log.json",".json","1076","29/01/2026 10:16:35"
"QC_FLUXO_CO2_MINIMO_SOJA_20151001_20151230_v01_log.json","G:\001_TESE_Prof. Maciel_até 19-01-2026\006_TESE\DIA_20260129","G:\001_TESE_Prof. Maciel_até 19-01-2026\006_TESE\DIA_20260129\QC_FLUXO_CO2_MINIMO_SOJA_20151001_20151230_v01_log.json",".json","2066","29/01/2026 10:02:13"
"ATUALIZAR_INVENTARIO_INVENTARIO_CAPITULO_06_HSI_20260130_v12_v01_log.json","G:\001_TESE_Prof. Maciel_até 19-01-2026\006_TESE\DIA_20260130","G:\001_TESE_Prof. Maciel_até 19-01-2026\006_TESE\DIA_20260130\ATUALIZAR_INVENTARIO_INVENTARIO_CAPITULO_06_HSI_20260130_v12_v01_log.json",".json","1798","29/01/2026 22:54:08"
"NEE_FIS0_BASELINE_SOJA_20151001_20151230_v02.csv","G:\001_TESE_Prof. Maciel_até 19-01-2026\006_TESE\DIA_20260130","G:\001_TESE_Prof. Maciel_até 19-01-2026\006_TESE\DIA_20260130\NEE_FIS0_BASELINE_SOJA_20151001_20151230_v02.csv",".csv","372545","29/01/2026 21:05:05"
"NEE_FIS0_BASELINE_SOJA_20151001_20151230_v02_log.json","G:\001_TESE_Prof. Maciel_até 19-01-2026\006_TESE\DIA_20260130","G:\001_TESE_Prof. Maciel_até 19-01-2026\006_TESE\DIA_20260130\NEE_FIS0_BASELINE_SOJA_20151001_20151230_v02_log.json",".json","1873","29/01/2026 21:05:05"
"NEE_FIS0_BASELINE_SOJA_20151001_20151230_v03.csv","G:\001_TESE_Prof. Maciel_até 19-01-2026\006_TESE\DIA_20260130","G:\001_TESE_Prof. Maciel_até 19-01-2026\006_TESE\DIA_20260130\NEE_FIS0_BASELINE_SOJA_20151001_20151230_v03.csv",".csv","386528","29/01/2026 21:18:16"
"NEE_FIS0_BASELINE_SOJA_20151001_20151230_v03_log.json","G:\001_TESE_Prof. Maciel_até 19-01-2026\006_TESE\DIA_20260130","G:\001_TESE_Prof. Maciel_até 19-01-2026\006_TESE\DIA_20260130\NEE_FIS0_BASELINE_SOJA_20151001_20151230_v03_log.json",".json","1564","29/01/2026 21:18:16"
"XGB_RESIDUAL_MODEL_SOJA_v01.json","G:\001_TESE_Prof. Maciel_até 19-01-2026\006_TESE\DIA_20260130","G:\001_TESE_Prof. Maciel_até 19-01-2026\006_TESE\DIA_20260130\XGB_RESIDUAL_MODEL_SOJA_v01.json",".json","1103371","29/01/2026 21:25:47"
"XGB_RESIDUAL_PRED_VAL_SOJA_v01.csv","G:\001_TESE_Prof. Maciel_até 19-01-2026\006_TESE\DIA_20260130","G:\001_TESE_Prof. Maciel_até 19-01-2026\006_TESE\DIA_20260130\XGB_RESIDUAL_PRED_VAL_SOJA_v01.csv",".csv","76247","29/01/2026 21:25:47"
"XGB_RESIDUAL_TRAIN_SOJA_v01_log.json","G:\001_TESE_Prof. Maciel_até 19-01-2026\006_TESE\DIA_20260130","G:\001_TESE_Prof. Maciel_até 19-01-2026\006_TESE\DIA_20260130\XGB_RESIDUAL_TRAIN_SOJA_v01_log.json",".json","1219","29/01/2026 21:25:47"
"EO1H2240692015363110PF_B001_L1T.tif","G:\001_TESE_Prof. Maciel_até 19-01-2026\006_TESE\HYPERION_20151229\PIPELINE_SOJA_HYPERION_v01\01_inputs","G:\001_TESE_Prof. Maciel_até 19-01-2026\006_TESE\HYPERION_20151229\PIPELINE_SOJA_HYPERION_v01\01_inputs\EO1H2240692015363110PF_B001_L1T.tif",".tif","6936802","26/01/2026 16:07:16"
"EO1H2240692015363110PF_B030_L1T.TIF","G:\001_TESE_Prof. Maciel_até 19-01-2026\006_TESE\HYPERION_20151229\PIPELINE_SOJA_HYPERION_v01\01_inputs","G:\001_TESE_Prof. Maciel_até 19-01-2026\006_TESE\HYPERION_20151229\PIPELINE_SOJA_HYPERION_v01\01_inputs\EO1H2240692015363110PF_B030_L1T.TIF",".TIF","6936802","26/01/2026 16:07:17"
"EO1H2240692015363110PF_B045_L1T.TIF","G:\001_TESE_Prof. Maciel_até 19-01-2026\006_TESE\HYPERION_20151229\PIPELINE_SOJA_HYPERION_v01\01_inputs","G:\001_TESE_Prof. Maciel_até 19-01-2026\006_TESE\HYPERION_20151229\PIPELINE_SOJA_HYPERION_v01\01_inputs\EO1H2240692015363110PF_B045_L1T.TIF",".TIF","6936802","26/01/2026 16:07:18"
"EO1H2240692015363110PF_B140_L1T.TIF","G:\001_TESE_Prof. Maciel_até 19-01-2026\006_TESE\HYPERION_20151229\PIPELINE_SOJA_HYPERION_v01\01_inputs","G:\001_TESE_Prof. Maciel_até 19-01-2026\006_TESE\HYPERION_20151229\PIPELINE_SOJA_HYPERION_v01\01_inputs\EO1H2240692015363110PF_B140_L1T.TIF",".TIF","6936802","26/01/2026 16:07:20"
"MB_C9_Soja_2015_AOI_EO1H2240692015363110PF.tif","G:\001_TESE_Prof. Maciel_até 19-01-2026\006_TESE\HYPERION_20151229\PIPELINE_SOJA_HYPERION_v01\01_inputs","G:\001_TESE_Prof. Maciel_até 19-01-2026\006_TESE\HYPERION_20151229\PIPELINE_SOJA_HYPERION_v01\01_inputs\MB_C9_Soja_2015_AOI_EO1H2240692015363110PF.tif",".tif","99045","26/01/2026 16:17:04"
"EO1H2240692015363110PF_B010_L1T.TIF","G:\001_TESE_Prof. Maciel_até 19-01-2026\006_TESE\HYPERION_20151229\PIPELINE_SOJA_HYPERION_v01\01_inputs_canon\bands","G:\001_TESE_Prof. Maciel_até 19-01-2026\006_TESE\HYPERION_20151229\PIPELINE_SOJA_HYPERION_v01\01_inputs_canon\bands\EO1H2240692015363110PF_B010_L1T.TIF",".TIF","6936802","26/01/2026 16:07:17"
"EO1H2240692015363110PF_B018_L1T.TIF","G:\001_TESE_Prof. Maciel_até 19-01-2026\006_TESE\HYPERION_20151229\PIPELINE_SOJA_HYPERION_v01\01_inputs_canon\bands","G:\001_TESE_Prof. Maciel_até 19-01-2026\006_TESE\HYPERION_20151229\PIPELINE_SOJA_HYPERION_v01\01_inputs_canon\bands\EO1H2240692015363110PF_B018_L1T.TIF",".TIF","6936802","26/01/2026 16:07:17"
"EO1H2240692015363110PF_B021_L1T.TIF","G:\001_TESE_Prof. Maciel_até 19-01-2026\006_TESE\HYPERION_20151229\PIPELINE_SOJA_HYPERION_v01\01_inputs_canon\bands","G:\001_TESE_Prof. Maciel_até 19-01-2026\006_TESE\HYPERION_20151229\PIPELINE_SOJA_HYPERION_v01\01_inputs_canon\bands\EO1H2240692015363110PF_B021_L1T.TIF",".TIF","6936802","26/01/2026 16:07:17"
"EO1H2240692015363110PF_B022_L1T.TIF","G:\001_TESE_Prof. Maciel_até 19-01-2026\006_TESE\HYPERION_20151229\PIPELINE_SOJA_HYPERION_v01\01_inputs_canon\bands","G:\001_TESE_Prof. Maciel_até 19-01-2026\006_TESE\HYPERION_20151229\PIPELINE_SOJA_HYPERION_v01\01_inputs_canon\bands\EO1H2240692015363110PF_B022_L1T.TIF",".TIF","6936802","26/01/2026 16:07:17"
"EO1H2240692015363110PF_B031_L1T.TIF","G:\001_TESE_Prof. Maciel_até 19-01-2026\006_TESE\HYPERION_20151229\PIPELINE_SOJA_HYPERION_v01\01_inputs_canon\bands","G:\001_TESE_Prof. Maciel_até 19-01-2026\006_TESE\HYPERION_20151229\PIPELINE_SOJA_HYPERION_v01\01_inputs_canon\bands\EO1H2240692015363110PF_B031_L1T.TIF",".TIF","6936802","26/01/2026 16:07:17"
"EO1H2240692015363110PF_B045_L1T.TIF","G:\001_TESE_Prof. Maciel_até 19-01-2026\006_TESE\HYPERION_20151229\PIPELINE_SOJA_HYPERION_v01\01_inputs_canon\bands","G:\001_TESE_Prof. Maciel_até 19-01-2026\006_TESE\HYPERION_20151229\PIPELINE_SOJA_HYPERION_v01\01_inputs_canon\bands\EO1H2240692015363110PF_B045_L1T.TIF",".TIF","6936802","26/01/2026 16:07:18"
"EO1H2240692015363110PF_B149_L1T.TIF","G:\001_TESE_Prof. Maciel_até 19-01-2026\006_TESE\HYPERION_20151229\PIPELINE_SOJA_HYPERION_v01\01_inputs_canon\bands","G:\001_TESE_Prof. Maciel_até 19-01-2026\006_TESE\HYPERION_20151229\PIPELINE_SOJA_HYPERION_v01\01_inputs_canon\bands\EO1H2240692015363110PF_B149_L1T.TIF",".TIF","6936802","26/01/2026 16:07:20"
"EO1H2240692015363110PF_B205_L1T.TIF","G:\001_TESE_Prof. Maciel_até 19-01-2026\006_TESE\HYPERION_20151229\PIPELINE_SOJA_HYPERION_v01\01_inputs_canon\bands","G:\001_TESE_Prof. Maciel_até 19-01-2026\006_TESE\HYPERION_20151229\PIPELINE_SOJA_HYPERION_v01\01_inputs_canon\bands\EO1H2240692015363110PF_B205_L1T.TIF",".TIF","6936802","26/01/2026 16:07:22"
"SOJA_MASK_ALINHADA_20260126_164753.tif","G:\001_TESE_Prof. Maciel_até 19-01-2026\006_TESE\HYPERION_20151229\PIPELINE_SOJA_HYPERION_v01\01_inputs_canon\mask","G:\001_TESE_Prof. Maciel_até 19-01-2026\006_TESE\HYPERION_20151229\PIPELINE_SOJA_HYPERION_v01\01_inputs_canon\mask\SOJA_MASK_ALINHADA_20260126_164753.tif",".tif","3463986","27/01/2026 03:36:30"
"EVI_SOJA_20151229_v02_TESTE.tif","G:\001_TESE_Prof. Maciel_até 19-01-2026\006_TESE\HYPERION_20151229\PIPELINE_SOJA_HYPERION_v01\02_indices","G:\001_TESE_Prof. Maciel_até 19-01-2026\006_TESE\HYPERION_20151229\PIPELINE_SOJA_HYPERION_v01\02_indices\EVI_SOJA_20151229_v02_TESTE.tif",".tif","13837902","27/01/2026 04:19:21"
"GNDVI_SOJA_20151229_v02_TESTE.tif","G:\001_TESE_Prof. Maciel_até 19-01-2026\006_TESE\HYPERION_20151229\PIPELINE_SOJA_HYPERION_v01\02_indices","G:\001_TESE_Prof. Maciel_até 19-01-2026\006_TESE\HYPERION_20151229\PIPELINE_SOJA_HYPERION_v01\02_indices\GNDVI_SOJA_20151229_v02_TESTE.tif",".tif","13837902","27/01/2026 04:38:50"
"LSWI_SOJA_20151229_v02_TESTE.tif","G:\001_TESE_Prof. Maciel_até 19-01-2026\006_TESE\HYPERION_20151229\PIPELINE_SOJA_HYPERION_v01\02_indices","G:\001_TESE_Prof. Maciel_até 19-01-2026\006_TESE\HYPERION_20151229\PIPELINE_SOJA_HYPERION_v01\02_indices\LSWI_SOJA_20151229_v02_TESTE.tif",".tif","13837902","27/01/2026 04:56:21"
"MSAVI2_SOJA_20151229_v02_TESTE.tif","G:\001_TESE_Prof. Maciel_até 19-01-2026\006_TESE\HYPERION_20151229\PIPELINE_SOJA_HYPERION_v01\02_indices","G:\001_TESE_Prof. Maciel_até 19-01-2026\006_TESE\HYPERION_20151229\PIPELINE_SOJA_HYPERION_v01\02_indices\MSAVI2_SOJA_20151229_v02_TESTE.tif",".tif","13837902","27/01/2026 04:36:37"
"NBR_SOJA_20151229_v01.tif","G:\001_TESE_Prof. Maciel_até 19-01-2026\006_TESE\HYPERION_20151229\PIPELINE_SOJA_HYPERION_v01\02_indices","G:\001_TESE_Prof. Maciel_até 19-01-2026\006_TESE\HYPERION_20151229\PIPELINE_SOJA_HYPERION_v01\02_indices\NBR_SOJA_20151229_v01.tif",".tif","1505383","27/01/2026 05:16:35"
"NDMI_SOJA_20151229_v02_TESTE.tif","G:\001_TESE_Prof. Maciel_até 19-01-2026\006_TESE\HYPERION_20151229\PIPELINE_SOJA_HYPERION_v01\02_indices","G:\001_TESE_Prof. Maciel_até 19-01-2026\006_TESE\HYPERION_20151229\PIPELINE_SOJA_HYPERION_v01\02_indices\NDMI_SOJA_20151229_v02_TESTE.tif",".tif","13837902","27/01/2026 04:45:56"
"NDMI_SOJA_20151229_v03_SWIR2.tif","G:\001_TESE_Prof. Maciel_até 19-01-2026\006_TESE\HYPERION_20151229\PIPELINE_SOJA_HYPERION_v01\02_indices","G:\001_TESE_Prof. Maciel_até 19-01-2026\006_TESE\HYPERION_20151229\PIPELINE_SOJA_HYPERION_v01\02_indices\NDMI_SOJA_20151229_v03_SWIR2.tif",".tif","13837902","27/01/2026 05:08:01"
"NDMI_SOJA_20151229_v04_ORIGINAL_SWIR1.tif","G:\001_TESE_Prof. Maciel_até 19-01-2026\006_TESE\HYPERION_20151229\PIPELINE_SOJA_HYPERION_v01\02_indices","G:\001_TESE_Prof. Maciel_até 19-01-2026\006_TESE\HYPERION_20151229\PIPELINE_SOJA_HYPERION_v01\02_indices\NDMI_SOJA_20151229_v04_ORIGINAL_SWIR1.tif",".tif","1565772","27/01/2026 05:33:36"
"NDVI_SOJA_20151229_v02_TESTE.tif","G:\001_TESE_Prof. Maciel_até 19-01-2026\006_TESE\HYPERION_20151229\PIPELINE_SOJA_HYPERION_v01\02_indices","G:\001_TESE_Prof. Maciel_até 19-01-2026\006_TESE\HYPERION_20151229\PIPELINE_SOJA_HYPERION_v01\02_indices\NDVI_SOJA_20151229_v02_TESTE.tif",".tif","13837902","27/01/2026 03:47:17"
"NDWI_GAO_SOJA_20151229_v02_TESTE.tif","G:\001_TESE_Prof. Maciel_até 19-01-2026\006_TESE\HYPERION_20151229\PIPELINE_SOJA_HYPERION_v01\02_indices","G:\001_TESE_Prof. Maciel_até 19-01-2026\006_TESE\HYPERION_20151229\PIPELINE_SOJA_HYPERION_v01\02_indices\NDWI_GAO_SOJA_20151229_v02_TESTE.tif",".tif","13837902","27/01/2026 04:43:43"
"NDWI_McF_SOJA_20151229_v01.tif","G:\001_TESE_Prof. Maciel_até 19-01-2026\006_TESE\HYPERION_20151229\PIPELINE_SOJA_HYPERION_v01\02_indices","G:\001_TESE_Prof. Maciel_até 19-01-2026\006_TESE\HYPERION_20151229\PIPELINE_SOJA_HYPERION_v01\02_indices\NDWI_McF_SOJA_20151229_v01.tif",".tif","1595335","27/01/2026 05:37:08"
"SAVI_SOJA_20151229_v02_TESTE.tif","G:\001_TESE_Prof. Maciel_até 19-01-2026\006_TESE\HYPERION_20151229\PIPELINE_SOJA_HYPERION_v01\02_indices","G:\001_TESE_Prof. Maciel_até 19-01-2026\006_TESE\HYPERION_20151229\PIPELINE_SOJA_HYPERION_v01\02_indices\SAVI_SOJA_20151229_v02_TESTE.tif",".tif","13837902","27/01/2026 04:33:38"
"SOJA_MASK_ALINHADA_20260126_164350.tif","G:\001_TESE_Prof. Maciel_até 19-01-2026\006_TESE\HYPERION_20151229\PIPELINE_SOJA_HYPERION_v01\02_outputs","G:\001_TESE_Prof. Maciel_até 19-01-2026\006_TESE\HYPERION_20151229\PIPELINE_SOJA_HYPERION_v01\02_outputs\SOJA_MASK_ALINHADA_20260126_164350.tif",".tif","3475599","26/01/2026 16:43:50"
"SOJA_MASK_ALINHADA_20260126_164706.tif","G:\001_TESE_Prof. Maciel_até 19-01-2026\006_TESE\HYPERION_20151229\PIPELINE_SOJA_HYPERION_v01\02_outputs","G:\001_TESE_Prof. Maciel_até 19-01-2026\006_TESE\HYPERION_20151229\PIPELINE_SOJA_HYPERION_v01\02_outputs\SOJA_MASK_ALINHADA_20260126_164706.tif",".tif","3475599","26/01/2026 16:47:06"
"SOJA_MASK_ALINHADA_20260126_164746.tif","G:\001_TESE_Prof. Maciel_até 19-01-2026\006_TESE\HYPERION_20151229\PIPELINE_SOJA_HYPERION_v01\02_outputs","G:\001_TESE_Prof. Maciel_até 19-01-2026\006_TESE\HYPERION_20151229\PIPELINE_SOJA_HYPERION_v01\02_outputs\SOJA_MASK_ALINHADA_20260126_164746.tif",".tif","3475599","26/01/2026 16:47:46"
"SOJA_MASK_ALINHADA_20260126_164753.tif","G:\001_TESE_Prof. Maciel_até 19-01-2026\006_TESE\HYPERION_20151229\PIPELINE_SOJA_HYPERION_v01\02_outputs","G:\001_TESE_Prof. Maciel_até 19-01-2026\006_TESE\HYPERION_20151229\PIPELINE_SOJA_HYPERION_v01\02_outputs\SOJA_MASK_ALINHADA_20260126_164753.tif",".tif","3475599","26/01/2026 16:47:53"
"EVI_SOJA_HEATMAP_20151229_v01_norm.tif","G:\001_TESE_Prof. Maciel_até 19-01-2026\006_TESE\HYPERION_20151229\PIPELINE_SOJA_HYPERION_v01\03_heatmaps","G:\001_TESE_Prof. Maciel_até 19-01-2026\006_TESE\HYPERION_20151229\PIPELINE_SOJA_HYPERION_v01\03_heatmaps\EVI_SOJA_HEATMAP_20151229_v01_norm.tif",".tif","13837902","27/01/2026 04:19:21"
"GNDVI_SOJA_HEATMAP_20151229_v01_norm.tif","G:\001_TESE_Prof. Maciel_até 19-01-2026\006_TESE\HYPERION_20151229\PIPELINE_SOJA_HYPERION_v01\03_heatmaps","G:\001_TESE_Prof. Maciel_até 19-01-2026\006_TESE\HYPERION_20151229\PIPELINE_SOJA_HYPERION_v01\03_heatmaps\GNDVI_SOJA_HEATMAP_20151229_v01_norm.tif",".tif","13837902","27/01/2026 04:38:50"
"LSWI_SOJA_HEATMAP_20151229_v01_norm.tif","G:\001_TESE_Prof. Maciel_até 19-01-2026\006_TESE\HYPERION_20151229\PIPELINE_SOJA_HYPERION_v01\03_heatmaps","G:\001_TESE_Prof. Maciel_até 19-01-2026\006_TESE\HYPERION_20151229\PIPELINE_SOJA_HYPERION_v01\03_heatmaps\LSWI_SOJA_HEATMAP_20151229_v01_norm.tif",".tif","13837902","27/01/2026 04:56:21"
"MSAVI2_SOJA_HEATMAP_20151229_v01_norm.tif","G:\001_TESE_Prof. Maciel_até 19-01-2026\006_TESE\HYPERION_20151229\PIPELINE_SOJA_HYPERION_v01\03_heatmaps","G:\001_TESE_Prof. Maciel_até 19-01-2026\006_TESE\HYPERION_20151229\PIPELINE_SOJA_HYPERION_v01\03_heatmaps\MSAVI2_SOJA_HEATMAP_20151229_v01_norm.tif",".tif","13837902","27/01/2026 04:36:37"
"NBR_SOJA_HEATMAP_20151229_v01_norm.tif","G:\001_TESE_Prof. Maciel_até 19-01-2026\006_TESE\HYPERION_20151229\PIPELINE_SOJA_HYPERION_v01\03_heatmaps","G:\001_TESE_Prof. Maciel_até 19-01-2026\006_TESE\HYPERION_20151229\PIPELINE_SOJA_HYPERION_v01\03_heatmaps\NBR_SOJA_HEATMAP_20151229_v01_norm.tif",".tif","1472733","27/01/2026 05:16:35"
"NDMI_SOJA_HEATMAP_20151229_v01_norm.tif","G:\001_TESE_Prof. Maciel_até 19-01-2026\006_TESE\HYPERION_20151229\PIPELINE_SOJA_HYPERION_v01\03_heatmaps","G:\001_TESE_Prof. Maciel_até 19-01-2026\006_TESE\HYPERION_20151229\PIPELINE_SOJA_HYPERION_v01\03_heatmaps\NDMI_SOJA_HEATMAP_20151229_v01_norm.tif",".tif","13837902","27/01/2026 04:45:56"
"NDMI_SOJA_HEATMAP_20151229_v02_SWIR2_norm.tif","G:\001_TESE_Prof. Maciel_até 19-01-2026\006_TESE\HYPERION_20151229\PIPELINE_SOJA_HYPERION_v01\03_heatmaps","G:\001_TESE_Prof. Maciel_até 19-01-2026\006_TESE\HYPERION_20151229\PIPELINE_SOJA_HYPERION_v01\03_heatmaps\NDMI_SOJA_HEATMAP_20151229_v02_SWIR2_norm.tif",".tif","13837902","27/01/2026 05:08:01"
"NDMI_SOJA_HEATMAP_20151229_v04_ORIGINAL_SWIR1_norm.tif","G:\001_TESE_Prof. Maciel_até 19-01-2026\006_TESE\HYPERION_20151229\PIPELINE_SOJA_HYPERION_v01\03_heatmaps","G:\001_TESE_Prof. Maciel_até 19-01-2026\006_TESE\HYPERION_20151229\PIPELINE_SOJA_HYPERION_v01\03_heatmaps\NDMI_SOJA_HEATMAP_20151229_v04_ORIGINAL_SWIR1_norm.tif",".tif","1529733","27/01/2026 05:33:36"
"NDVI_SOJA_HEATMAP_20151229_v01.tif","G:\001_TESE_Prof. Maciel_até 19-01-2026\006_TESE\HYPERION_20151229\PIPELINE_SOJA_HYPERION_v01\03_heatmaps","G:\001_TESE_Prof. Maciel_até 19-01-2026\006_TESE\HYPERION_20151229\PIPELINE_SOJA_HYPERION_v01\03_heatmaps\NDVI_SOJA_HEATMAP_20151229_v01.tif",".tif","13837902","27/01/2026 03:57:14"
"NDVI_SOJA_HEATMAP_20151229_v01_norm.tif","G:\001_TESE_Prof. Maciel_até 19-01-2026\006_TESE\HYPERION_20151229\PIPELINE_SOJA_HYPERION_v01\03_heatmaps","G:\001_TESE_Prof. Maciel_até 19-01-2026\006_TESE\HYPERION_20151229\PIPELINE_SOJA_HYPERION_v01\03_heatmaps\NDVI_SOJA_HEATMAP_20151229_v01_norm.tif",".tif","13837902","27/01/2026 04:01:53"
"NDWI_GAO_SOJA_HEATMAP_20151229_v01_norm.tif","G:\001_TESE_Prof. Maciel_até 19-01-2026\006_TESE\HYPERION_20151229\PIPELINE_SOJA_HYPERION_v01\03_heatmaps","G:\001_TESE_Prof. Maciel_até 19-01-2026\006_TESE\HYPERION_20151229\PIPELINE_SOJA_HYPERION_v01\03_heatmaps\NDWI_GAO_SOJA_HEATMAP_20151229_v01_norm.tif",".tif","13837902","27/01/2026 04:43:43"
"NDWI_McF_SOJA_HEATMAP_20151229_v01_norm.tif","G:\001_TESE_Prof. Maciel_até 19-01-2026\006_TESE\HYPERION_20151229\PIPELINE_SOJA_HYPERION_v01\03_heatmaps","G:\001_TESE_Prof. Maciel_até 19-01-2026\006_TESE\HYPERION_20151229\PIPELINE_SOJA_HYPERION_v01\03_heatmaps\NDWI_McF_SOJA_HEATMAP_20151229_v01_norm.tif",".tif","1581023","27/01/2026 05:37:08"
"SAVI_SOJA_HEATMAP_20151229_v01_norm.tif","G:\001_TESE_Prof. Maciel_até 19-01-2026\006_TESE\HYPERION_20151229\PIPELINE_SOJA_HYPERION_v01\03_heatmaps","G:\001_TESE_Prof. Maciel_até 19-01-2026\006_TESE\HYPERION_20151229\PIPELINE_SOJA_HYPERION_v01\03_heatmaps\SAVI_SOJA_HEATMAP_20151229_v01_norm.tif",".tif","13837902","27/01/2026 04:33:38"
"CENTROIDE_MAIOR_TALHAO_SOJA_ISBA_20151229_v02.json","G:\001_TESE_Prof. Maciel_até 19-01-2026\006_TESE\HYPERION_20151229\PIPELINE_SOJA_HYPERION_v01\05_meteorologia\00_referencia_espacial","G:\001_TESE_Prof. Maciel_até 19-01-2026\006_TESE\HYPERION_20151229\PIPELINE_SOJA_HYPERION_v01\05_meteorologia\00_referencia_espacial\CENTROIDE_MAIOR_TALHAO_SOJA_ISBA_20151229_v02.json",".json","929","27/01/2026 08:23:39"
"CENTROIDE_MAIOR_TALHAO_SOJA_ISBA_20151229_v02.tif","G:\001_TESE_Prof. Maciel_até 19-01-2026\006_TESE\HYPERION_20151229\PIPELINE_SOJA_HYPERION_v01\05_meteorologia\00_referencia_espacial","G:\001_TESE_Prof. Maciel_até 19-01-2026\006_TESE\HYPERION_20151229\PIPELINE_SOJA_HYPERION_v01\05_meteorologia\00_referencia_espacial\CENTROIDE_MAIOR_TALHAO_SOJA_ISBA_20151229_v02.tif",".tif","367","27/01/2026 08:23:39"
"CENTROIDE_SOJA_ISBA_20151229_v01.json","G:\001_TESE_Prof. Maciel_até 19-01-2026\006_TESE\HYPERION_20151229\PIPELINE_SOJA_HYPERION_v01\05_meteorologia\00_referencia_espacial","G:\001_TESE_Prof. Maciel_até 19-01-2026\006_TESE\HYPERION_20151229\PIPELINE_SOJA_HYPERION_v01\05_meteorologia\00_referencia_espacial\CENTROIDE_SOJA_ISBA_20151229_v01.json",".json","587","27/01/2026 08:10:39"
"CENTROIDE_SOJA_ISBA_20151229_v01.tif","G:\001_TESE_Prof. Maciel_até 19-01-2026\006_TESE\HYPERION_20151229\PIPELINE_SOJA_HYPERION_v01\05_meteorologia\00_referencia_espacial","G:\001_TESE_Prof. Maciel_até 19-01-2026\006_TESE\HYPERION_20151229\PIPELINE_SOJA_HYPERION_v01\05_meteorologia\00_referencia_espacial\CENTROIDE_SOJA_ISBA_20151229_v01.tif",".tif","367","27/01/2026 08:10:39"
"ERA5LAND_FORCING_SOJA_20151001_20151230_CENTROID_MAIOR_TALHAO.csv","G:\001_TESE_Prof. Maciel_até 19-01-2026\006_TESE\HYPERION_20151229\PIPELINE_SOJA_HYPERION_v01\05_meteorologia\01_forcing_era5land","G:\001_TESE_Prof. Maciel_até 19-01-2026\006_TESE\HYPERION_20151229\PIPELINE_SOJA_HYPERION_v01\05_meteorologia\01_forcing_era5land\ERA5LAND_FORCING_SOJA_20151001_20151230_CENTROID_MAIOR_TALHAO.csv",".csv","583819","27/01/2026 08:33:51"
"ERA5LAND_FORCING_SOJA_20151001_20151230_CENTROID_MAIOR_TALHAO_v02.csv","G:\001_TESE_Prof. Maciel_até 19-01-2026\006_TESE\HYPERION_20151229\PIPELINE_SOJA_HYPERION_v01\05_meteorologia\01_forcing_era5land","G:\001_TESE_Prof. Maciel_até 19-01-2026\006_TESE\HYPERION_20151229\PIPELINE_SOJA_HYPERION_v01\05_meteorologia\01_forcing_era5land\ERA5LAND_FORCING_SOJA_20151001_20151230_CENTROID_MAIOR_TALHAO_v02.csv",".csv","709403","28/01/2026 11:42:00"
"ERA5LAND_FORCING_SOJA_20151001_20151230_CENTROID_MAIOR_TALHAO_v03.csv","G:\001_TESE_Prof. Maciel_até 19-01-2026\006_TESE\HYPERION_20151229\PIPELINE_SOJA_HYPERION_v01\05_meteorologia\01_forcing_era5land","G:\001_TESE_Prof. Maciel_até 19-01-2026\006_TESE\HYPERION_20151229\PIPELINE_SOJA_HYPERION_v01\05_meteorologia\01_forcing_era5land\ERA5LAND_FORCING_SOJA_20151001_20151230_CENTROID_MAIOR_TALHAO_v03.csv",".csv","715151","28/01/2026 11:58:26"
"METEO_83270_timeseries_clean_20151229_v01.csv","G:\001_TESE_Prof. Maciel_até 19-01-2026\006_TESE\HYPERION_20151229\PIPELINE_SOJA_HYPERION_v01\05_meteorologia\01_timeseries_clean","G:\001_TESE_Prof. Maciel_até 19-01-2026\006_TESE\HYPERION_20151229\PIPELINE_SOJA_HYPERION_v01\05_meteorologia\01_timeseries_clean\METEO_83270_timeseries_clean_20151229_v01.csv",".csv","373","27/01/2026 07:21:29"
"METEO_83270_features_20151229_v01.csv","G:\001_TESE_Prof. Maciel_até 19-01-2026\006_TESE\HYPERION_20151229\PIPELINE_SOJA_HYPERION_v01\05_meteorologia\02_features","G:\001_TESE_Prof. Maciel_até 19-01-2026\006_TESE\HYPERION_20151229\PIPELINE_SOJA_HYPERION_v01\05_meteorologia\02_features\METEO_83270_features_20151229_v01.csv",".csv","2401","27/01/2026 07:21:29"
"METEO_83270_nearest_record_20151229_v01.csv","G:\001_TESE_Prof. Maciel_até 19-01-2026\006_TESE\HYPERION_20151229\PIPELINE_SOJA_HYPERION_v01\05_meteorologia\02_features","G:\001_TESE_Prof. Maciel_até 19-01-2026\006_TESE\HYPERION_20151229\PIPELINE_SOJA_HYPERION_v01\05_meteorologia\02_features\METEO_83270_nearest_record_20151229_v01.csv",".csv","211","27/01/2026 07:21:29"
"DATASET_INTEGRADO_SOJA_20151229_TABELA_TESE_FINAL_v02.csv","G:\001_TESE_Prof. Maciel_até 19-01-2026\006_TESE\HYPERION_20151229\PIPELINE_SOJA_HYPERION_v01\06_dataset_integrado","G:\001_TESE_Prof. Maciel_até 19-01-2026\006_TESE\HYPERION_20151229\PIPELINE_SOJA_HYPERION_v01\06_dataset_integrado\DATASET_INTEGRADO_SOJA_20151229_TABELA_TESE_FINAL_v02.csv",".csv","2115","27/01/2026 07:37:44"
"DATASET_INTEGRADO_SOJA_20151229_v01.csv","G:\001_TESE_Prof. Maciel_até 19-01-2026\006_TESE\HYPERION_20151229\PIPELINE_SOJA_HYPERION_v01\06_dataset_integrado","G:\001_TESE_Prof. Maciel_até 19-01-2026\006_TESE\HYPERION_20151229\PIPELINE_SOJA_HYPERION_v01\06_dataset_integrado\DATASET_INTEGRADO_SOJA_20151229_v01.csv",".csv","8398","27/01/2026 07:22:34"
"DATASET_INTEGRADO_SOJA_20151229_v01_TABELA_TESE_v01.csv","G:\001_TESE_Prof. Maciel_até 19-01-2026\006_TESE\HYPERION_20151229\PIPELINE_SOJA_HYPERION_v01\06_dataset_integrado","G:\001_TESE_Prof. Maciel_até 19-01-2026\006_TESE\HYPERION_20151229\PIPELINE_SOJA_HYPERION_v01\06_dataset_integrado\DATASET_INTEGRADO_SOJA_20151229_v01_TABELA_TESE_v01.csv",".csv","1895","27/01/2026 07:36:13"
"SOIL_TEXTURE_OPENLANDMAP_POINT_ISBA_v01.csv","G:\001_TESE_Prof. Maciel_até 19-01-2026\006_TESE\HYPERION_20151229\PIPELINE_SOJA_HYPERION_v01\07_isba\01_solo\00_inputs","G:\001_TESE_Prof. Maciel_até 19-01-2026\006_TESE\HYPERION_20151229\PIPELINE_SOJA_HYPERION_v01\07_isba\01_solo\00_inputs\SOIL_TEXTURE_OPENLANDMAP_POINT_ISBA_v01.csv",".csv","339","27/01/2026 08:42:15"
"SOILGRIDS_ISBA_SOILSTATE_POINT_v02.csv","G:\001_TESE_Prof. Maciel_até 19-01-2026\006_TESE\HYPERION_20151229\PIPELINE_SOJA_HYPERION_v01\07_isba\01_solo\00_inputs","G:\001_TESE_Prof. Maciel_até 19-01-2026\006_TESE\HYPERION_20151229\PIPELINE_SOJA_HYPERION_v01\07_isba\01_solo\00_inputs\SOILGRIDS_ISBA_SOILSTATE_POINT_v02.csv",".csv","377","27/01/2026 09:22:06"
"SOIL_HYDRAULIC_PARAMS_ISBA_v01.csv","G:\001_TESE_Prof. Maciel_até 19-01-2026\006_TESE\HYPERION_20151229\PIPELINE_SOJA_HYPERION_v01\07_isba\01_solo\01_outputs","G:\001_TESE_Prof. Maciel_até 19-01-2026\006_TESE\HYPERION_20151229\PIPELINE_SOJA_HYPERION_v01\07_isba\01_solo\01_outputs\SOIL_HYDRAULIC_PARAMS_ISBA_v01.csv",".csv","258","27/01/2026 08:48:19"
"SOIL_HYDRAULIC_PARAMS_ISBA_v02.csv","G:\001_TESE_Prof. Maciel_até 19-01-2026\006_TESE\HYPERION_20151229\PIPELINE_SOJA_HYPERION_v01\07_isba\01_solo\01_outputs","G:\001_TESE_Prof. Maciel_até 19-01-2026\006_TESE\HYPERION_20151229\PIPELINE_SOJA_HYPERION_v01\07_isba\01_solo\01_outputs\SOIL_HYDRAULIC_PARAMS_ISBA_v02.csv",".csv","210","27/01/2026 09:26:06"
"SOIL_TEXTURE_OPENLANDMAP_POINT_ISBA_v01_clean.csv","G:\001_TESE_Prof. Maciel_até 19-01-2026\006_TESE\HYPERION_20151229\PIPELINE_SOJA_HYPERION_v01\07_isba\01_solo\01_outputs","G:\001_TESE_Prof. Maciel_até 19-01-2026\006_TESE\HYPERION_20151229\PIPELINE_SOJA_HYPERION_v01\07_isba\01_solo\01_outputs\SOIL_TEXTURE_OPENLANDMAP_POINT_ISBA_v01_clean.csv",".csv","274","27/01/2026 08:46:33"
"DTB_SOILGRIDS250M_2017_POINT_1x1_ISBA_20151229_v01.tif","G:\001_TESE_Prof. Maciel_até 19-01-2026\006_TESE\HYPERION_20151229\PIPELINE_SOJA_HYPERION_v01\07_isba\01_solo\03_profundidade\01_outputs","G:\001_TESE_Prof. Maciel_até 19-01-2026\006_TESE\HYPERION_20151229\PIPELINE_SOJA_HYPERION_v01\07_isba\01_solo\03_profundidade\01_outputs\DTB_SOILGRIDS250M_2017_POINT_1x1_ISBA_20151229_v01.tif",".tif","409","28/01/2026 08:33:15"
"SOILGRIDS_DTB_POINT_ISBA_20151229_v01.csv","G:\001_TESE_Prof. Maciel_até 19-01-2026\006_TESE\HYPERION_20151229\PIPELINE_SOJA_HYPERION_v01\07_isba\01_solo\03_profundidade\01_outputs","G:\001_TESE_Prof. Maciel_até 19-01-2026\006_TESE\HYPERION_20151229\PIPELINE_SOJA_HYPERION_v01\07_isba\01_solo\03_profundidade\01_outputs\SOILGRIDS_DTB_POINT_ISBA_20151229_v01.csv",".csv","164","28/01/2026 08:33:15"
"ISBA_CONFIG_PHOTOSYNTHESIS_SOJA_20151229_v01.json","G:\001_TESE_Prof. Maciel_até 19-01-2026\006_TESE\HYPERION_20151229\PIPELINE_SOJA_HYPERION_v01\07_isba\02_spinup\01_outputs","G:\001_TESE_Prof. Maciel_até 19-01-2026\006_TESE\HYPERION_20151229\PIPELINE_SOJA_HYPERION_v01\07_isba\02_spinup\01_outputs\ISBA_CONFIG_PHOTOSYNTHESIS_SOJA_20151229_v01.json",".json","1387","28/01/2026 11:32:57"
"ISBA_CONFIG_PHOTOSYNTHESIS_SOJA_20151229_v02.json","G:\001_TESE_Prof. Maciel_até 19-01-2026\006_TESE\HYPERION_20151229\PIPELINE_SOJA_HYPERION_v01\07_isba\02_spinup\01_outputs","G:\001_TESE_Prof. Maciel_até 19-01-2026\006_TESE\HYPERION_20151229\PIPELINE_SOJA_HYPERION_v01\07_isba\02_spinup\01_outputs\ISBA_CONFIG_PHOTOSYNTHESIS_SOJA_20151229_v02.json",".json","1608","28/01/2026 11:43:48"
"ISBA_CONFIG_PHOTOSYNTHESIS_SOJA_20151229_v03.json","G:\001_TESE_Prof. Maciel_até 19-01-2026\006_TESE\HYPERION_20151229\PIPELINE_SOJA_HYPERION_v01\07_isba\02_spinup\01_outputs","G:\001_TESE_Prof. Maciel_até 19-01-2026\006_TESE\HYPERION_20151229\PIPELINE_SOJA_HYPERION_v01\07_isba\02_spinup\01_outputs\ISBA_CONFIG_PHOTOSYNTHESIS_SOJA_20151229_v03.json",".json","1757","28/01/2026 12:45:05"
"ISBA_FORCING_VARMAP_SOJA_20151229_v01.json","G:\001_TESE_Prof. Maciel_até 19-01-2026\006_TESE\HYPERION_20151229\PIPELINE_SOJA_HYPERION_v01\07_isba\02_spinup\01_outputs","G:\001_TESE_Prof. Maciel_até 19-01-2026\006_TESE\HYPERION_20151229\PIPELINE_SOJA_HYPERION_v01\07_isba\02_spinup\01_outputs\ISBA_FORCING_VARMAP_SOJA_20151229_v01.json",".json","1571","28/01/2026 11:37:36"
"ISBA_FORCING_VARMAP_SOJA_20151229_v02.json","G:\001_TESE_Prof. Maciel_até 19-01-2026\006_TESE\HYPERION_20151229\PIPELINE_SOJA_HYPERION_v01\07_isba\02_spinup\01_outputs","G:\001_TESE_Prof. Maciel_até 19-01-2026\006_TESE\HYPERION_20151229\PIPELINE_SOJA_HYPERION_v01\07_isba\02_spinup\01_outputs\ISBA_FORCING_VARMAP_SOJA_20151229_v02.json",".json","1306","28/01/2026 11:42:00"
"ISBA_FORCING_VARMAP_SOJA_20151229_v03.json","G:\001_TESE_Prof. Maciel_até 19-01-2026\006_TESE\HYPERION_20151229\PIPELINE_SOJA_HYPERION_v01\07_isba\02_spinup\01_outputs","G:\001_TESE_Prof. Maciel_até 19-01-2026\006_TESE\HYPERION_20151229\PIPELINE_SOJA_HYPERION_v01\07_isba\02_spinup\01_outputs\ISBA_FORCING_VARMAP_SOJA_20151229_v03.json",".json","1306","28/01/2026 12:45:05"
"STATE_INIT_ISBA_thetaFC_v01.csv","G:\001_TESE_Prof. Maciel_até 19-01-2026\006_TESE\HYPERION_20151229\PIPELINE_SOJA_HYPERION_v01\07_isba\02_spinup\01_outputs","G:\001_TESE_Prof. Maciel_até 19-01-2026\006_TESE\HYPERION_20151229\PIPELINE_SOJA_HYPERION_v01\07_isba\02_spinup\01_outputs\STATE_INIT_ISBA_thetaFC_v01.csv",".csv","247","27/01/2026 09:35:14"
"FCOVER_GRID_SOJA_20151229_v01.tif","G:\001_TESE_Prof. Maciel_até 19-01-2026\006_TESE\HYPERION_20151229\PIPELINE_SOJA_HYPERION_v01\07_isba\03_offline_spatial","G:\001_TESE_Prof. Maciel_até 19-01-2026\006_TESE\HYPERION_20151229\PIPELINE_SOJA_HYPERION_v01\07_isba\03_offline_spatial\FCOVER_GRID_SOJA_20151229_v01.tif",".tif","1029304","28/01/2026 13:12:53"
"ISBA_DOMAIN_GRID_SOJA_HYPERION_20151229_v01.json","G:\001_TESE_Prof. Maciel_até 19-01-2026\006_TESE\HYPERION_20151229\PIPELINE_SOJA_HYPERION_v01\07_isba\03_offline_spatial","G:\001_TESE_Prof. Maciel_até 19-01-2026\006_TESE\HYPERION_20151229\PIPELINE_SOJA_HYPERION_v01\07_isba\03_offline_spatial\ISBA_DOMAIN_GRID_SOJA_HYPERION_20151229_v01.json",".json","840","28/01/2026 13:03:53"
"ISBA_DOMAIN_GRID_SOJA_HYPERION_20151229_v01_log.json","G:\001_TESE_Prof. Maciel_até 19-01-2026\006_TESE\HYPERION_20151229\PIPELINE_SOJA_HYPERION_v01\07_isba\03_offline_spatial","G:\001_TESE_Prof. Maciel_até 19-01-2026\006_TESE\HYPERION_20151229\PIPELINE_SOJA_HYPERION_v01\07_isba\03_offline_spatial\ISBA_DOMAIN_GRID_SOJA_HYPERION_20151229_v01_log.json",".json","421","28/01/2026 13:03:53"
"ISBA_DOMAIN_GRID_SOJA_HYPERION_20151229_v01_QC_v01.json","G:\001_TESE_Prof. Maciel_até 19-01-2026\006_TESE\HYPERION_20151229\PIPELINE_SOJA_HYPERION_v01\07_isba\03_offline_spatial","G:\001_TESE_Prof. Maciel_até 19-01-2026\006_TESE\HYPERION_20151229\PIPELINE_SOJA_HYPERION_v01\07_isba\03_offline_spatial\ISBA_DOMAIN_GRID_SOJA_HYPERION_20151229_v01_QC_v01.json",".json","867","28/01/2026 13:07:02"
"ISBA_ESTRATEGIA_RESSALVAS_OFFLINE_SPATIAL_20260128_v01.txt","G:\001_TESE_Prof. Maciel_até 19-01-2026\006_TESE\HYPERION_20151229\PIPELINE_SOJA_HYPERION_v01\07_isba\03_offline_spatial","G:\001_TESE_Prof. Maciel_até 19-01-2026\006_TESE\HYPERION_20151229\PIPELINE_SOJA_HYPERION_v01\07_isba\03_offline_spatial\ISBA_ESTRATEGIA_RESSALVAS_OFFLINE_SPATIAL_20260128_v01.txt",".txt","1467","28/01/2026 16:32:36"
"ISBA_OFFLINE_SPATIAL_RUN_MANIFEST_SOJA_20151229_v01.json","G:\001_TESE_Prof. Maciel_até 19-01-2026\006_TESE\HYPERION_20151229\PIPELINE_SOJA_HYPERION_v01\07_isba\03_offline_spatial","G:\001_TESE_Prof. Maciel_até 19-01-2026\006_TESE\HYPERION_20151229\PIPELINE_SOJA_HYPERION_v01\07_isba\03_offline_spatial\ISBA_OFFLINE_SPATIAL_RUN_MANIFEST_SOJA_20151229_v01.json",".json","2078","28/01/2026 13:26:19"
"ISBA_OFFLINE_SPATIAL_RUN_MANIFEST_SOJA_20151229_v01_log.json","G:\001_TESE_Prof. Maciel_até 19-01-2026\006_TESE\HYPERION_20151229\PIPELINE_SOJA_HYPERION_v01\07_isba\03_offline_spatial","G:\001_TESE_Prof. Maciel_até 19-01-2026\006_TESE\HYPERION_20151229\PIPELINE_SOJA_HYPERION_v01\07_isba\03_offline_spatial\ISBA_OFFLINE_SPATIAL_RUN_MANIFEST_SOJA_20151229_v01_log.json",".json","387","28/01/2026 13:26:19"
"ISBA_SPATIAL_INPUTS_UNIFORM_SOJA_20151229_v01.json","G:\001_TESE_Prof. Maciel_até 19-01-2026\006_TESE\HYPERION_20151229\PIPELINE_SOJA_HYPERION_v01\07_isba\03_offline_spatial","G:\001_TESE_Prof. Maciel_até 19-01-2026\006_TESE\HYPERION_20151229\PIPELINE_SOJA_HYPERION_v01\07_isba\03_offline_spatial\ISBA_SPATIAL_INPUTS_UNIFORM_SOJA_20151229_v01.json",".json","3295","28/01/2026 13:10:41"
"ISBA_SPATIAL_INPUTS_UNIFORM_SOJA_20151229_v01_log.json","G:\001_TESE_Prof. Maciel_até 19-01-2026\006_TESE\HYPERION_20151229\PIPELINE_SOJA_HYPERION_v01\07_isba\03_offline_spatial","G:\001_TESE_Prof. Maciel_até 19-01-2026\006_TESE\HYPERION_20151229\PIPELINE_SOJA_HYPERION_v01\07_isba\03_offline_spatial\ISBA_SPATIAL_INPUTS_UNIFORM_SOJA_20151229_v01_log.json",".json","371","28/01/2026 13:10:41"
"ISBA_SPATIAL_INPUTS_UNIFORM_SOJA_20151229_v01_QC_v01.json","G:\001_TESE_Prof. Maciel_até 19-01-2026\006_TESE\HYPERION_20151229\PIPELINE_SOJA_HYPERION_v01\07_isba\03_offline_spatial","G:\001_TESE_Prof. Maciel_até 19-01-2026\006_TESE\HYPERION_20151229\PIPELINE_SOJA_HYPERION_v01\07_isba\03_offline_spatial\ISBA_SPATIAL_INPUTS_UNIFORM_SOJA_20151229_v01_QC_v01.json",".json","902","28/01/2026 13:11:41"
"LAI_FCOVER_GRID_SOJA_20151229_v01_log.json","G:\001_TESE_Prof. Maciel_até 19-01-2026\006_TESE\HYPERION_20151229\PIPELINE_SOJA_HYPERION_v01\07_isba\03_offline_spatial","G:\001_TESE_Prof. Maciel_até 19-01-2026\006_TESE\HYPERION_20151229\PIPELINE_SOJA_HYPERION_v01\07_isba\03_offline_spatial\LAI_FCOVER_GRID_SOJA_20151229_v01_log.json",".json","672","28/01/2026 13:12:53"
"LAI_FCOVER_GRID_SOJA_20151229_v01_QC_v01.json","G:\001_TESE_Prof. Maciel_até 19-01-2026\006_TESE\HYPERION_20151229\PIPELINE_SOJA_HYPERION_v01\07_isba\03_offline_spatial","G:\001_TESE_Prof. Maciel_até 19-01-2026\006_TESE\HYPERION_20151229\PIPELINE_SOJA_HYPERION_v01\07_isba\03_offline_spatial\LAI_FCOVER_GRID_SOJA_20151229_v01_QC_v01.json",".json","922","28/01/2026 13:15:12"
"LAI_GRID_SOJA_20151229_v01.tif","G:\001_TESE_Prof. Maciel_até 19-01-2026\006_TESE\HYPERION_20151229\PIPELINE_SOJA_HYPERION_v01\07_isba\03_offline_spatial","G:\001_TESE_Prof. Maciel_até 19-01-2026\006_TESE\HYPERION_20151229\PIPELINE_SOJA_HYPERION_v01\07_isba\03_offline_spatial\LAI_GRID_SOJA_20151229_v01.tif",".tif","1029304","28/01/2026 13:12:53"
"SOIL_DEPTH_GRID_SOJA_20151229_v01.tif","G:\001_TESE_Prof. Maciel_até 19-01-2026\006_TESE\HYPERION_20151229\PIPELINE_SOJA_HYPERION_v01\07_isba\03_offline_spatial","G:\001_TESE_Prof. Maciel_até 19-01-2026\006_TESE\HYPERION_20151229\PIPELINE_SOJA_HYPERION_v01\07_isba\03_offline_spatial\SOIL_DEPTH_GRID_SOJA_20151229_v01.tif",".tif","1029304","28/01/2026 13:16:49"
"SOIL_DEPTH_GRID_SOJA_20151229_v01_log.json","G:\001_TESE_Prof. Maciel_até 19-01-2026\006_TESE\HYPERION_20151229\PIPELINE_SOJA_HYPERION_v01\07_isba\03_offline_spatial","G:\001_TESE_Prof. Maciel_até 19-01-2026\006_TESE\HYPERION_20151229\PIPELINE_SOJA_HYPERION_v01\07_isba\03_offline_spatial\SOIL_DEPTH_GRID_SOJA_20151229_v01_log.json",".json","482","28/01/2026 13:16:49"
"SOIL_DEPTH_GRID_SOJA_20151229_v01_QC_v01.json","G:\001_TESE_Prof. Maciel_até 19-01-2026\006_TESE\HYPERION_20151229\PIPELINE_SOJA_HYPERION_v01\07_isba\03_offline_spatial","G:\001_TESE_Prof. Maciel_até 19-01-2026\006_TESE\HYPERION_20151229\PIPELINE_SOJA_HYPERION_v01\07_isba\03_offline_spatial\SOIL_DEPTH_GRID_SOJA_20151229_v01_QC_v01.json",".json","719","28/01/2026 13:19:42"
"SOIL_HYDRAULIC_UNIFORM_ISBA_SOJA_20151229_v01.json","G:\001_TESE_Prof. Maciel_até 19-01-2026\006_TESE\HYPERION_20151229\PIPELINE_SOJA_HYPERION_v01\07_isba\03_offline_spatial","G:\001_TESE_Prof. Maciel_até 19-01-2026\006_TESE\HYPERION_20151229\PIPELINE_SOJA_HYPERION_v01\07_isba\03_offline_spatial\SOIL_HYDRAULIC_UNIFORM_ISBA_SOJA_20151229_v01.json",".json","568","28/01/2026 13:20:43"
"SOIL_HYDRAULIC_UNIFORM_ISBA_SOJA_20151229_v01_log.json","G:\001_TESE_Prof. Maciel_até 19-01-2026\006_TESE\HYPERION_20151229\PIPELINE_SOJA_HYPERION_v01\07_isba\03_offline_spatial","G:\001_TESE_Prof. Maciel_até 19-01-2026\006_TESE\HYPERION_20151229\PIPELINE_SOJA_HYPERION_v01\07_isba\03_offline_spatial\SOIL_HYDRAULIC_UNIFORM_ISBA_SOJA_20151229_v01_log.json",".json","453","28/01/2026 13:20:43"
"SOIL_HYDRAULIC_UNIFORM_ISBA_SOJA_20151229_v01_QC_v01.json","G:\001_TESE_Prof. Maciel_até 19-01-2026\006_TESE\HYPERION_20151229\PIPELINE_SOJA_HYPERION_v01\07_isba\03_offline_spatial","G:\001_TESE_Prof. Maciel_até 19-01-2026\006_TESE\HYPERION_20151229\PIPELINE_SOJA_HYPERION_v01\07_isba\03_offline_spatial\SOIL_HYDRAULIC_UNIFORM_ISBA_SOJA_20151229_v01_QC_v01.json",".json","633","28/01/2026 13:23:17"
"CANOPY_STRUCT_ISBA_INPUT_SOJA_20151229_v01.csv","G:\001_TESE_Prof. Maciel_até 19-01-2026\006_TESE\HYPERION_20151229\PIPELINE_SOJA_HYPERION_v01\08_lai","G:\001_TESE_Prof. Maciel_até 19-01-2026\006_TESE\HYPERION_20151229\PIPELINE_SOJA_HYPERION_v01\08_lai\CANOPY_STRUCT_ISBA_INPUT_SOJA_20151229_v01.csv",".csv","63","28/01/2026 10:36:49"
"CANOPY_STRUCT_ISBA_INPUT_SOJA_20151229_v01_log.json","G:\001_TESE_Prof. Maciel_até 19-01-2026\006_TESE\HYPERION_20151229\PIPELINE_SOJA_HYPERION_v01\08_lai","G:\001_TESE_Prof. Maciel_até 19-01-2026\006_TESE\HYPERION_20151229\PIPELINE_SOJA_HYPERION_v01\08_lai\CANOPY_STRUCT_ISBA_INPUT_SOJA_20151229_v01_log.json",".json","311","28/01/2026 10:36:49"
"ECO_PHYS_ISBA_INPUT_SOJA_20151229_v01.csv","G:\001_TESE_Prof. Maciel_até 19-01-2026\006_TESE\HYPERION_20151229\PIPELINE_SOJA_HYPERION_v01\08_lai","G:\001_TESE_Prof. Maciel_até 19-01-2026\006_TESE\HYPERION_20151229\PIPELINE_SOJA_HYPERION_v01\08_lai\ECO_PHYS_ISBA_INPUT_SOJA_20151229_v01.csv",".csv","114","28/01/2026 10:41:40"
"ECO_PHYS_ISBA_INPUT_SOJA_20151229_v01_log.json","G:\001_TESE_Prof. Maciel_até 19-01-2026\006_TESE\HYPERION_20151229\PIPELINE_SOJA_HYPERION_v01\08_lai","G:\001_TESE_Prof. Maciel_até 19-01-2026\006_TESE\HYPERION_20151229\PIPELINE_SOJA_HYPERION_v01\08_lai\ECO_PHYS_ISBA_INPUT_SOJA_20151229_v01_log.json",".json","418","28/01/2026 10:41:40"
"FCOVER_ISBA_INPUT_SOJA_20151229_v01.csv","G:\001_TESE_Prof. Maciel_até 19-01-2026\006_TESE\HYPERION_20151229\PIPELINE_SOJA_HYPERION_v01\08_lai","G:\001_TESE_Prof. Maciel_até 19-01-2026\006_TESE\HYPERION_20151229\PIPELINE_SOJA_HYPERION_v01\08_lai\FCOVER_ISBA_INPUT_SOJA_20151229_v01.csv",".csv","44","28/01/2026 10:34:09"
"FCOVER_ISBA_INPUT_SOJA_20151229_v01_log.json","G:\001_TESE_Prof. Maciel_até 19-01-2026\006_TESE\HYPERION_20151229\PIPELINE_SOJA_HYPERION_v01\08_lai","G:\001_TESE_Prof. Maciel_até 19-01-2026\006_TESE\HYPERION_20151229\PIPELINE_SOJA_HYPERION_v01\08_lai\FCOVER_ISBA_INPUT_SOJA_20151229_v01_log.json",".json","560","28/01/2026 10:34:09"
"LAI_ISBA_INPUT_SOJA_20151229_v01.csv","G:\001_TESE_Prof. Maciel_até 19-01-2026\006_TESE\HYPERION_20151229\PIPELINE_SOJA_HYPERION_v01\08_lai","G:\001_TESE_Prof. Maciel_até 19-01-2026\006_TESE\HYPERION_20151229\PIPELINE_SOJA_HYPERION_v01\08_lai\LAI_ISBA_INPUT_SOJA_20151229_v01.csv",".csv","41","28/01/2026 10:30:00"
"LAI_ISBA_INPUT_SOJA_20151229_v01_log.json","G:\001_TESE_Prof. Maciel_até 19-01-2026\006_TESE\HYPERION_20151229\PIPELINE_SOJA_HYPERION_v01\08_lai","G:\001_TESE_Prof. Maciel_até 19-01-2026\006_TESE\HYPERION_20151229\PIPELINE_SOJA_HYPERION_v01\08_lai\LAI_ISBA_INPUT_SOJA_20151229_v01_log.json",".json","584","28/01/2026 10:30:00"
"LAI_MODIS_POINT_SOJA_20151001_20151229_v01.csv","G:\001_TESE_Prof. Maciel_até 19-01-2026\006_TESE\HYPERION_20151229\PIPELINE_SOJA_HYPERION_v01\08_lai","G:\001_TESE_Prof. Maciel_até 19-01-2026\006_TESE\HYPERION_20151229\PIPELINE_SOJA_HYPERION_v01\08_lai\LAI_MODIS_POINT_SOJA_20151001_20151229_v01.csv",".csv","1597","28/01/2026 08:49:17"
"LAI_MODIS_POINT_SOJA_20151001_20151229_v02.csv","G:\001_TESE_Prof. Maciel_até 19-01-2026\006_TESE\HYPERION_20151229\PIPELINE_SOJA_HYPERION_v01\08_lai","G:\001_TESE_Prof. Maciel_até 19-01-2026\006_TESE\HYPERION_20151229\PIPELINE_SOJA_HYPERION_v01\08_lai\LAI_MODIS_POINT_SOJA_20151001_20151229_v02.csv",".csv","1888","28/01/2026 10:22:36"
"LAI_MODIS_POINT_SOJA_20151001_20151229_v02_log.json","G:\001_TESE_Prof. Maciel_até 19-01-2026\006_TESE\HYPERION_20151229\PIPELINE_SOJA_HYPERION_v01\08_lai","G:\001_TESE_Prof. Maciel_até 19-01-2026\006_TESE\HYPERION_20151229\PIPELINE_SOJA_HYPERION_v01\08_lai\LAI_MODIS_POINT_SOJA_20151001_20151229_v02_log.json",".json","573","28/01/2026 10:22:36"
"LAI_MODIS_POINT_SOJA_20151229_v03.csv","G:\001_TESE_Prof. Maciel_até 19-01-2026\006_TESE\HYPERION_20151229\PIPELINE_SOJA_HYPERION_v01\08_lai","G:\001_TESE_Prof. Maciel_até 19-01-2026\006_TESE\HYPERION_20151229\PIPELINE_SOJA_HYPERION_v01\08_lai\LAI_MODIS_POINT_SOJA_20151229_v03.csv",".csv","41","28/01/2026 10:26:27"
"LAI_MODIS_POINT_SOJA_20151229_v03_log.json","G:\001_TESE_Prof. Maciel_até 19-01-2026\006_TESE\HYPERION_20151229\PIPELINE_SOJA_HYPERION_v01\08_lai","G:\001_TESE_Prof. Maciel_até 19-01-2026\006_TESE\HYPERION_20151229\PIPELINE_SOJA_HYPERION_v01\08_lai\LAI_MODIS_POINT_SOJA_20151229_v03_log.json",".json","544","28/01/2026 10:26:27"
"INVENTARIO_CAPITULO_06_HSI_20260127_025832_v01.txt","G:\001_TESE_Prof. Maciel_até 19-01-2026\006_TESE\Inventário_2026","G:\001_TESE_Prof. Maciel_até 19-01-2026\006_TESE\Inventário_2026\INVENTARIO_CAPITULO_06_HSI_20260127_025832_v01.txt",".txt","84248","27/01/2026 02:58:32"
"INVENTARIO_CAPITULO_06_HSI_20260128_v02.txt","G:\001_TESE_Prof. Maciel_até 19-01-2026\006_TESE\Inventário_2026","G:\001_TESE_Prof. Maciel_até 19-01-2026\006_TESE\Inventário_2026\INVENTARIO_CAPITULO_06_HSI_20260128_v02.txt",".txt","10674","28/01/2026 10:07:08"
"INVENTARIO_CAPITULO_06_HSI_20260128_v02_log.json","G:\001_TESE_Prof. Maciel_até 19-01-2026\006_TESE\Inventário_2026","G:\001_TESE_Prof. Maciel_até 19-01-2026\006_TESE\Inventário_2026\INVENTARIO_CAPITULO_06_HSI_20260128_v02_log.json",".json","450","28/01/2026 10:07:08"
"INVENTARIO_CAPITULO_06_HSI_20260128_v03.txt","G:\001_TESE_Prof. Maciel_até 19-01-2026\006_TESE\Inventário_2026","G:\001_TESE_Prof. Maciel_até 19-01-2026\006_TESE\Inventário_2026\INVENTARIO_CAPITULO_06_HSI_20260128_v03.txt",".txt","11816","28/01/2026 11:05:23"
"INVENTARIO_CAPITULO_06_HSI_20260128_v03_log.json","G:\001_TESE_Prof. Maciel_até 19-01-2026\006_TESE\Inventário_2026","G:\001_TESE_Prof. Maciel_até 19-01-2026\006_TESE\Inventário_2026\INVENTARIO_CAPITULO_06_HSI_20260128_v03_log.json",".json","450","28/01/2026 11:05:23"
"INVENTARIO_CAPITULO_06_HSI_20260128_v04.txt","G:\001_TESE_Prof. Maciel_até 19-01-2026\006_TESE\Inventário_2026","G:\001_TESE_Prof. Maciel_até 19-01-2026\006_TESE\Inventário_2026\INVENTARIO_CAPITULO_06_HSI_20260128_v04.txt",".txt","13005","28/01/2026 11:48:37"
"INVENTARIO_CAPITULO_06_HSI_20260128_v04_log.json","G:\001_TESE_Prof. Maciel_até 19-01-2026\006_TESE\Inventário_2026","G:\001_TESE_Prof. Maciel_até 19-01-2026\006_TESE\Inventário_2026\INVENTARIO_CAPITULO_06_HSI_20260128_v04_log.json",".json","450","28/01/2026 11:48:37"
"INVENTARIO_CAPITULO_06_HSI_20260128_v05.txt","G:\001_TESE_Prof. Maciel_até 19-01-2026\006_TESE\Inventário_2026","G:\001_TESE_Prof. Maciel_até 19-01-2026\006_TESE\Inventário_2026\INVENTARIO_CAPITULO_06_HSI_20260128_v05.txt",".txt","14009","28/01/2026 12:47:10"
"INVENTARIO_CAPITULO_06_HSI_20260128_v05_log.json","G:\001_TESE_Prof. Maciel_até 19-01-2026\006_TESE\Inventário_2026","G:\001_TESE_Prof. Maciel_até 19-01-2026\006_TESE\Inventário_2026\INVENTARIO_CAPITULO_06_HSI_20260128_v05_log.json",".json","450","28/01/2026 12:47:10"
"INVENTARIO_CAPITULO_06_HSI_20260128_v06.txt","G:\001_TESE_Prof. Maciel_até 19-01-2026\006_TESE\Inventário_2026","G:\001_TESE_Prof. Maciel_até 19-01-2026\006_TESE\Inventário_2026\INVENTARIO_CAPITULO_06_HSI_20260128_v06.txt",".txt","14117","28/01/2026 13:00:22"
"INVENTARIO_CAPITULO_06_HSI_20260128_v06_log.json","G:\001_TESE_Prof. Maciel_até 19-01-2026\006_TESE\Inventário_2026","G:\001_TESE_Prof. Maciel_até 19-01-2026\006_TESE\Inventário_2026\INVENTARIO_CAPITULO_06_HSI_20260128_v06_log.json",".json","450","28/01/2026 13:00:22"
"INVENTARIO_CAPITULO_06_HSI_20260128_v07.txt","G:\001_TESE_Prof. Maciel_até 19-01-2026\006_TESE\Inventário_2026","G:\001_TESE_Prof. Maciel_até 19-01-2026\006_TESE\Inventário_2026\INVENTARIO_CAPITULO_06_HSI_20260128_v07.txt",".txt","14467","28/01/2026 13:08:20"
"INVENTARIO_CAPITULO_06_HSI_20260128_v07_log.json","G:\001_TESE_Prof. Maciel_até 19-01-2026\006_TESE\Inventário_2026","G:\001_TESE_Prof. Maciel_até 19-01-2026\006_TESE\Inventário_2026\INVENTARIO_CAPITULO_06_HSI_20260128_v07_log.json",".json","450","28/01/2026 13:08:20"
"INVENTARIO_CAPITULO_06_HSI_20260128_v08.txt","G:\001_TESE_Prof. Maciel_até 19-01-2026\006_TESE\Inventário_2026","G:\001_TESE_Prof. Maciel_até 19-01-2026\006_TESE\Inventário_2026\INVENTARIO_CAPITULO_06_HSI_20260128_v08.txt",".txt","105994","28/01/2026 16:38:41"
"INVENTARIO_CAPITULO_06_HSI_20260128_v08_log.json","G:\001_TESE_Prof. Maciel_até 19-01-2026\006_TESE\Inventário_2026","G:\001_TESE_Prof. Maciel_até 19-01-2026\006_TESE\Inventário_2026\INVENTARIO_CAPITULO_06_HSI_20260128_v08_log.json",".json","4175","28/01/2026 16:38:42"
"INVENTARIO_CAPITULO_06_HSI_20260128_v09.txt","G:\001_TESE_Prof. Maciel_até 19-01-2026\006_TESE\Inventário_2026","G:\001_TESE_Prof. Maciel_até 19-01-2026\006_TESE\Inventário_2026\INVENTARIO_CAPITULO_06_HSI_20260128_v09.txt",".txt","106158","29/01/2026 08:37:42"
"INVENTARIO_CAPITULO_06_HSI_20260128_v10.txt","G:\001_TESE_Prof. Maciel_até 19-01-2026\006_TESE\Inventário_2026","G:\001_TESE_Prof. Maciel_até 19-01-2026\006_TESE\Inventário_2026\INVENTARIO_CAPITULO_06_HSI_20260128_v10.txt",".txt","106385","29/01/2026 08:46:46"
"INVENTARIO_CAPITULO_06_HSI_20260128_v11.txt","G:\001_TESE_Prof. Maciel_até 19-01-2026\006_TESE\Inventário_2026","G:\001_TESE_Prof. Maciel_até 19-01-2026\006_TESE\Inventário_2026\INVENTARIO_CAPITULO_06_HSI_20260128_v11.txt",".txt","110122","29/01/2026 18:34:19"
"INVENTARIO_CAPITULO_06_HSI_20260130_v12.txt","G:\001_TESE_Prof. Maciel_até 19-01-2026\006_TESE\Inventário_2026","G:\001_TESE_Prof. Maciel_até 19-01-2026\006_TESE\Inventário_2026\INVENTARIO_CAPITULO_06_HSI_20260130_v12.txt",".txt","111353","29/01/2026 22:54:08"
"MAPA_LOGICO_CAPITULO_06_HSI_20260127_v01.txt","G:\001_TESE_Prof. Maciel_até 19-01-2026\006_TESE\Inventário_2026","G:\001_TESE_Prof. Maciel_até 19-01-2026\006_TESE\Inventário_2026\MAPA_LOGICO_CAPITULO_06_HSI_20260127_v01.txt",".txt","4931","27/01/2026 02:59:29"
"tese.tex","G:\001_TESE_Prof. Maciel_até 19-01-2026\006_TESE_V16_03-02-2026","G:\001_TESE_Prof. Maciel_até 19-01-2026\006_TESE_V16_03-02-2026\tese.tex",".tex","274877","04/02/2026 08:44:55"
"V.15_Projeto de Tese de Doutorado_David Lopes Maciel_30-01-2026.docx","G:\001_TESE_Prof. Maciel_até 19-01-2026\006_TESE_V16_03-02-2026","G:\001_TESE_Prof. Maciel_até 19-01-2026\006_TESE_V16_03-02-2026\V.15_Projeto de Tese de Doutorado_David Lopes Maciel_30-01-2026.docx",".docx","1706396","03/02/2026 16:08:14"
"V.16_Projeto de Tese de Doutorado_David Lopes Maciel_30-01-2026.docx","G:\001_TESE_Prof. Maciel_até 19-01-2026\006_TESE_V16_03-02-2026","G:\001_TESE_Prof. Maciel_até 19-01-2026\006_TESE_V16_03-02-2026\V.16_Projeto de Tese de Doutorado_David Lopes Maciel_30-01-2026.docx",".docx","1705343","05/02/2026 07:13:41"
"V.16_Projeto de Tese de Doutorado_David Lopes Maciel_30-01-2026.pdf","G:\001_TESE_Prof. Maciel_até 19-01-2026\006_TESE_V16_03-02-2026","G:\001_TESE_Prof. Maciel_até 19-01-2026\006_TESE_V16_03-02-2026\V.16_Projeto de Tese de Doutorado_David Lopes Maciel_30-01-2026.pdf",".pdf","1560868","04/02/2026 06:09:07"
"Checklist_itens_pendentes_V17j.docx","G:\001_TESE_Prof. Maciel_até 19-01-2026\007_TESE_V17_20-03-2026","G:\001_TESE_Prof. Maciel_até 19-01-2026\007_TESE_V17_20-03-2026\Checklist_itens_pendentes_V17j.docx",".docx","38174","20/03/2026 16:04:48"
"V.17_Projeto de Tese de Doutorado_David Lopes Maciel_20-03-2026.docx","G:\001_TESE_Prof. Maciel_até 19-01-2026\007_TESE_V17_20-03-2026","G:\001_TESE_Prof. Maciel_até 19-01-2026\007_TESE_V17_20-03-2026\V.17_Projeto de Tese de Doutorado_David Lopes Maciel_20-03-2026.docx",".docx","1700359","28/03/2026 13:01:09"
"V.17_Projeto de Tese de Doutorado_David Lopes Maciel_20-03-2026.pdf","G:\001_TESE_Prof. Maciel_até 19-01-2026\007_TESE_V17_20-03-2026","G:\001_TESE_Prof. Maciel_até 19-01-2026\007_TESE_V17_20-03-2026\V.17_Projeto de Tese de Doutorado_David Lopes Maciel_20-03-2026.pdf",".pdf","1452377","20/03/2026 16:01:27"
"V.18_Projeto de Tese de Doutorado_David Lopes Maciel_28-03-2026.pdf","G:\001_TESE_Prof. Maciel_até 19-01-2026\008_TESE_V18_28-03-2026","G:\001_TESE_Prof. Maciel_até 19-01-2026\008_TESE_V18_28-03-2026\V.18_Projeto de Tese de Doutorado_David Lopes Maciel_28-03-2026.pdf",".pdf","509331","28/03/2026 16:56:59"
"V.19_Projeto de Tese de Doutorado_David Lopes Maciel_30-03-2026.pdf","G:\001_TESE_Prof. Maciel_até 19-01-2026\009_TESE_V18_30-03-2026","G:\001_TESE_Prof. Maciel_até 19-01-2026\009_TESE_V18_30-03-2026\V.19_Projeto de Tese de Doutorado_David Lopes Maciel_30-03-2026.pdf",".pdf","1283824","30/03/2026 13:58:23"
"Curriculo_Lattes_28-04-2026.pdf","G:\001_TESE_Prof. Maciel_até 19-01-2026\010_TESE_V18_30-03-2026","G:\001_TESE_Prof. Maciel_até 19-01-2026\010_TESE_V18_30-03-2026\Curriculo_Lattes_28-04-2026.pdf",".pdf","7238124","28/04/2026 16:56:40"
"Modelagem_espectral_para_determinacao_da.pdf","G:\001_TESE_Prof. Maciel_até 19-01-2026\010_TESE_V18_30-03-2026","G:\001_TESE_Prof. Maciel_até 19-01-2026\010_TESE_V18_30-03-2026\Modelagem_espectral_para_determinacao_da.pdf",".pdf","6546330","13/04/2026 11:19:05"
"V.20_Projeto de Tese de Doutorado_David Lopes Maciel_30-03-2026.pdf","G:\001_TESE_Prof. Maciel_até 19-01-2026\010_TESE_V18_30-03-2026","G:\001_TESE_Prof. Maciel_até 19-01-2026\010_TESE_V18_30-03-2026\V.20_Projeto de Tese de Doutorado_David Lopes Maciel_30-03-2026.pdf",".pdf","2087018","02/04/2026 02:23:01"
"V.20_Projeto_de_Tese_de_Doutorado_David_Lopes_Maciel_30-03-2026-CopySpider_02-04-2026.pdf","G:\001_TESE_Prof. Maciel_até 19-01-2026\010_TESE_V18_30-03-2026","G:\001_TESE_Prof. Maciel_até 19-01-2026\010_TESE_V18_30-03-2026\V.20_Projeto_de_Tese_de_Doutorado_David_Lopes_Maciel_30-03-2026-CopySpider_02-04-2026.pdf",".pdf","22154335","02/04/2026 16:51:36"
"Instrucao_para_Elaboracao_de_Tese_e_Dissertacao_PGDRA_1.pdf","G:\001_TESE_Prof. Maciel_até 19-01-2026\011_TESE_V21_28-04-2026","G:\001_TESE_Prof. Maciel_até 19-01-2026\011_TESE_V21_28-04-2026\Instrucao_para_Elaboracao_de_Tese_e_Dissertacao_PGDRA_1.pdf",".pdf","246595","28/04/2026 22:06:25"
"main (10).pdf","G:\001_TESE_Prof. Maciel_até 19-01-2026\011_TESE_V21_28-04-2026","G:\001_TESE_Prof. Maciel_até 19-01-2026\011_TESE_V21_28-04-2026\main (10).pdf",".pdf","2090586","28/04/2026 16:43:08"
"main (11).pdf","G:\001_TESE_Prof. Maciel_até 19-01-2026\011_TESE_V21_28-04-2026","G:\001_TESE_Prof. Maciel_até 19-01-2026\011_TESE_V21_28-04-2026\main (11).pdf",".pdf","2091552","28/04/2026 17:05:46"
"main (12).pdf","G:\001_TESE_Prof. Maciel_até 19-01-2026\011_TESE_V21_28-04-2026","G:\001_TESE_Prof. Maciel_até 19-01-2026\011_TESE_V21_28-04-2026\main (12).pdf",".pdf","2091580","28/04/2026 17:18:43"
"main (13).pdf","G:\001_TESE_Prof. Maciel_até 19-01-2026\011_TESE_V21_28-04-2026","G:\001_TESE_Prof. Maciel_até 19-01-2026\011_TESE_V21_28-04-2026\main (13).pdf",".pdf","2096581","28/04/2026 17:41:44"
"main (14).pdf","G:\001_TESE_Prof. Maciel_até 19-01-2026\011_TESE_V21_28-04-2026","G:\001_TESE_Prof. Maciel_até 19-01-2026\011_TESE_V21_28-04-2026\main (14).pdf",".pdf","2099040","28/04/2026 17:49:39"
"main (15).pdf","G:\001_TESE_Prof. Maciel_até 19-01-2026\011_TESE_V21_28-04-2026","G:\001_TESE_Prof. Maciel_até 19-01-2026\011_TESE_V21_28-04-2026\main (15).pdf",".pdf","1309623","28/04/2026 18:04:22"
"main (16).pdf","G:\001_TESE_Prof. Maciel_até 19-01-2026\011_TESE_V21_28-04-2026","G:\001_TESE_Prof. Maciel_até 19-01-2026\011_TESE_V21_28-04-2026\main (16).pdf",".pdf","1309646","28/04/2026 18:09:50"
"main (17).pdf","G:\001_TESE_Prof. Maciel_até 19-01-2026\011_TESE_V21_28-04-2026","G:\001_TESE_Prof. Maciel_até 19-01-2026\011_TESE_V21_28-04-2026\main (17).pdf",".pdf","1313946","28/04/2026 18:28:41"
"main (18).pdf","G:\001_TESE_Prof. Maciel_até 19-01-2026\011_TESE_V21_28-04-2026","G:\001_TESE_Prof. Maciel_até 19-01-2026\011_TESE_V21_28-04-2026\main (18).pdf",".pdf","1313922","28/04/2026 18:33:35"
"main (19).pdf","G:\001_TESE_Prof. Maciel_até 19-01-2026\011_TESE_V21_28-04-2026","G:\001_TESE_Prof. Maciel_até 19-01-2026\011_TESE_V21_28-04-2026\main (19).pdf",".pdf","1321407","28/04/2026 18:48:03"
"main (20).pdf","G:\001_TESE_Prof. Maciel_até 19-01-2026\011_TESE_V21_28-04-2026","G:\001_TESE_Prof. Maciel_até 19-01-2026\011_TESE_V21_28-04-2026\main (20).pdf",".pdf","1332823","28/04/2026 18:56:47"
"main (21).pdf","G:\001_TESE_Prof. Maciel_até 19-01-2026\011_TESE_V21_28-04-2026","G:\001_TESE_Prof. Maciel_até 19-01-2026\011_TESE_V21_28-04-2026\main (21).pdf",".pdf","1345232","28/04/2026 19:05:54"
"main (22).pdf","G:\001_TESE_Prof. Maciel_até 19-01-2026\011_TESE_V21_28-04-2026","G:\001_TESE_Prof. Maciel_até 19-01-2026\011_TESE_V21_28-04-2026\main (22).pdf",".pdf","1351287","28/04/2026 19:10:46"
"main (23).pdf","G:\001_TESE_Prof. Maciel_até 19-01-2026\011_TESE_V21_28-04-2026","G:\001_TESE_Prof. Maciel_até 19-01-2026\011_TESE_V21_28-04-2026\main (23).pdf",".pdf","1351299","28/04/2026 19:26:00"
"main (24).pdf","G:\001_TESE_Prof. Maciel_até 19-01-2026\011_TESE_V21_28-04-2026","G:\001_TESE_Prof. Maciel_até 19-01-2026\011_TESE_V21_28-04-2026\main (24).pdf",".pdf","1351292","28/04/2026 19:30:11"
"main (25).pdf","G:\001_TESE_Prof. Maciel_até 19-01-2026\011_TESE_V21_28-04-2026","G:\001_TESE_Prof. Maciel_até 19-01-2026\011_TESE_V21_28-04-2026\main (25).pdf",".pdf","1357784","28/04/2026 19:42:41"
"main (26).pdf","G:\001_TESE_Prof. Maciel_até 19-01-2026\011_TESE_V21_28-04-2026","G:\001_TESE_Prof. Maciel_até 19-01-2026\011_TESE_V21_28-04-2026\main (26).pdf",".pdf","1357758","28/04/2026 19:51:47"
"main (27).pdf","G:\001_TESE_Prof. Maciel_até 19-01-2026\011_TESE_V21_28-04-2026","G:\001_TESE_Prof. Maciel_até 19-01-2026\011_TESE_V21_28-04-2026\main (27).pdf",".pdf","1356119","28/04/2026 19:57:11"
"main (28).pdf","G:\001_TESE_Prof. Maciel_até 19-01-2026\011_TESE_V21_28-04-2026","G:\001_TESE_Prof. Maciel_até 19-01-2026\011_TESE_V21_28-04-2026\main (28).pdf",".pdf","1356794","28/04/2026 20:04:14"
"main (29).pdf","G:\001_TESE_Prof. Maciel_até 19-01-2026\011_TESE_V21_28-04-2026","G:\001_TESE_Prof. Maciel_até 19-01-2026\011_TESE_V21_28-04-2026\main (29).pdf",".pdf","1357272","28/04/2026 20:14:36"
"main (3).pdf","G:\001_TESE_Prof. Maciel_até 19-01-2026\011_TESE_V21_28-04-2026","G:\001_TESE_Prof. Maciel_até 19-01-2026\011_TESE_V21_28-04-2026\main (3).pdf",".pdf","2087018","28/04/2026 15:21:36"
"main (30).pdf","G:\001_TESE_Prof. Maciel_até 19-01-2026\011_TESE_V21_28-04-2026","G:\001_TESE_Prof. Maciel_até 19-01-2026\011_TESE_V21_28-04-2026\main (30).pdf",".pdf","1356976","28/04/2026 20:16:43"
"main (31).pdf","G:\001_TESE_Prof. Maciel_até 19-01-2026\011_TESE_V21_28-04-2026","G:\001_TESE_Prof. Maciel_até 19-01-2026\011_TESE_V21_28-04-2026\main (31).pdf",".pdf","1356976","28/04/2026 20:16:51"
"main (32).pdf","G:\001_TESE_Prof. Maciel_até 19-01-2026\011_TESE_V21_28-04-2026","G:\001_TESE_Prof. Maciel_até 19-01-2026\011_TESE_V21_28-04-2026\main (32).pdf",".pdf","1356249","28/04/2026 20:22:27"
"main (33).pdf","G:\001_TESE_Prof. Maciel_até 19-01-2026\011_TESE_V21_28-04-2026","G:\001_TESE_Prof. Maciel_até 19-01-2026\011_TESE_V21_28-04-2026\main (33).pdf",".pdf","1355866","28/04/2026 21:43:05"
"main (34).pdf","G:\001_TESE_Prof. Maciel_até 19-01-2026\011_TESE_V21_28-04-2026","G:\001_TESE_Prof. Maciel_até 19-01-2026\011_TESE_V21_28-04-2026\main (34).pdf",".pdf","1355928","28/04/2026 21:50:42"
"main (35).pdf","G:\001_TESE_Prof. Maciel_até 19-01-2026\011_TESE_V21_28-04-2026","G:\001_TESE_Prof. Maciel_até 19-01-2026\011_TESE_V21_28-04-2026\main (35).pdf",".pdf","1357445","28/04/2026 22:15:55"
"main (36).pdf","G:\001_TESE_Prof. Maciel_até 19-01-2026\011_TESE_V21_28-04-2026","G:\001_TESE_Prof. Maciel_até 19-01-2026\011_TESE_V21_28-04-2026\main (36).pdf",".pdf","1357361","28/04/2026 22:21:52"
"main (37).pdf","G:\001_TESE_Prof. Maciel_até 19-01-2026\011_TESE_V21_28-04-2026","G:\001_TESE_Prof. Maciel_até 19-01-2026\011_TESE_V21_28-04-2026\main (37).pdf",".pdf","1357452","28/04/2026 22:36:59"
"main (38).pdf","G:\001_TESE_Prof. Maciel_até 19-01-2026\011_TESE_V21_28-04-2026","G:\001_TESE_Prof. Maciel_até 19-01-2026\011_TESE_V21_28-04-2026\main (38).pdf",".pdf","1357676","28/04/2026 22:46:03"
"main (39).pdf","G:\001_TESE_Prof. Maciel_até 19-01-2026\011_TESE_V21_28-04-2026","G:\001_TESE_Prof. Maciel_até 19-01-2026\011_TESE_V21_28-04-2026\main (39).pdf",".pdf","1350222","28/04/2026 22:58:48"
"main (4).pdf","G:\001_TESE_Prof. Maciel_até 19-01-2026\011_TESE_V21_28-04-2026","G:\001_TESE_Prof. Maciel_até 19-01-2026\011_TESE_V21_28-04-2026\main (4).pdf",".pdf","2086774","28/04/2026 15:28:51"
"main (40).pdf","G:\001_TESE_Prof. Maciel_até 19-01-2026\011_TESE_V21_28-04-2026","G:\001_TESE_Prof. Maciel_até 19-01-2026\011_TESE_V21_28-04-2026\main (40).pdf",".pdf","1349399","28/04/2026 23:13:31"
"main (41).pdf","G:\001_TESE_Prof. Maciel_até 19-01-2026\011_TESE_V21_28-04-2026","G:\001_TESE_Prof. Maciel_até 19-01-2026\011_TESE_V21_28-04-2026\main (41).pdf",".pdf","1348780","28/04/2026 23:18:10"
"main (42).pdf","G:\001_TESE_Prof. Maciel_até 19-01-2026\011_TESE_V21_28-04-2026","G:\001_TESE_Prof. Maciel_até 19-01-2026\011_TESE_V21_28-04-2026\main (42).pdf",".pdf","1348748","28/04/2026 23:25:08"
"main (5).pdf","G:\001_TESE_Prof. Maciel_até 19-01-2026\011_TESE_V21_28-04-2026","G:\001_TESE_Prof. Maciel_até 19-01-2026\011_TESE_V21_28-04-2026\main (5).pdf",".pdf","2086870","28/04/2026 15:41:20"
"main (6).pdf","G:\001_TESE_Prof. Maciel_até 19-01-2026\011_TESE_V21_28-04-2026","G:\001_TESE_Prof. Maciel_até 19-01-2026\011_TESE_V21_28-04-2026\main (6).pdf",".pdf","2086856","28/04/2026 16:01:05"
"main (7).pdf","G:\001_TESE_Prof. Maciel_até 19-01-2026\011_TESE_V21_28-04-2026","G:\001_TESE_Prof. Maciel_até 19-01-2026\011_TESE_V21_28-04-2026\main (7).pdf",".pdf","2086914","28/04/2026 16:05:14"
"main (8).pdf","G:\001_TESE_Prof. Maciel_até 19-01-2026\011_TESE_V21_28-04-2026","G:\001_TESE_Prof. Maciel_até 19-01-2026\011_TESE_V21_28-04-2026\main (8).pdf",".pdf","2091212","28/04/2026 16:19:37"
"main (9).pdf","G:\001_TESE_Prof. Maciel_até 19-01-2026\011_TESE_V21_28-04-2026","G:\001_TESE_Prof. Maciel_até 19-01-2026\011_TESE_V21_28-04-2026\main (9).pdf",".pdf","2090586","28/04/2026 16:39:32"
"V.43_Tese de Doutorado_David Lopes Maciel_28-04-2026.pdf","G:\001_TESE_Prof. Maciel_até 19-01-2026\011_TESE_V21_28-04-2026","G:\001_TESE_Prof. Maciel_até 19-01-2026\011_TESE_V21_28-04-2026\V.43_Tese de Doutorado_David Lopes Maciel_28-04-2026.pdf",".pdf","1348748","28/04/2026 23:27:18"
"V.48_Tese de Doutorado_David Lopes Maciel_28-04-2026.pdf","G:\001_TESE_Prof. Maciel_até 19-01-2026\011_TESE_V21_28-04-2026","G:\001_TESE_Prof. Maciel_até 19-01-2026\011_TESE_V21_28-04-2026\V.48_Tese de Doutorado_David Lopes Maciel_28-04-2026.pdf",".pdf","1349308","29/04/2026 00:21:32"
"anexo_a.tex","G:\001_TESE_Prof. Maciel_até 19-01-2026\LATEX_TESE\anexos","G:\001_TESE_Prof. Maciel_até 19-01-2026\LATEX_TESE\anexos\anexo_a.tex",".tex","48","04/02/2026 21:11:06"
"cap01_introducao.tex","G:\001_TESE_Prof. Maciel_até 19-01-2026\LATEX_TESE\capitulos","G:\001_TESE_Prof. Maciel_até 19-01-2026\LATEX_TESE\capitulos\cap01_introducao.tex",".tex","290118","04/02/2026 21:11:06"
"cap02_referencial.tex","G:\001_TESE_Prof. Maciel_até 19-01-2026\LATEX_TESE\capitulos","G:\001_TESE_Prof. Maciel_até 19-01-2026\LATEX_TESE\capitulos\cap02_referencial.tex",".tex","60","04/02/2026 21:11:06"
"cap03_metodologia.tex","G:\001_TESE_Prof. Maciel_até 19-01-2026\LATEX_TESE\capitulos","G:\001_TESE_Prof. Maciel_até 19-01-2026\LATEX_TESE\capitulos\cap03_metodologia.tex",".tex","51","04/02/2026 21:11:06"
"cap04_resultados.tex","G:\001_TESE_Prof. Maciel_até 19-01-2026\LATEX_TESE\capitulos","G:\001_TESE_Prof. Maciel_até 19-01-2026\LATEX_TESE\capitulos\cap04_resultados.tex",".tex","50","04/02/2026 21:11:06"
"cap05_conclusao.tex","G:\001_TESE_Prof. Maciel_até 19-01-2026\LATEX_TESE\capitulos","G:\001_TESE_Prof. Maciel_até 19-01-2026\LATEX_TESE\capitulos\cap05_conclusao.tex",".tex","49","04/02/2026 21:11:06"
"importado.tex","G:\001_TESE_Prof. Maciel_até 19-01-2026\LATEX_TESE","G:\001_TESE_Prof. Maciel_até 19-01-2026\LATEX_TESE\importado.tex",".tex","290118","04/02/2026 21:11:06"
"main.pdf","G:\001_TESE_Prof. Maciel_até 19-01-2026\LATEX_TESE","G:\001_TESE_Prof. Maciel_até 19-01-2026\LATEX_TESE\main.pdf",".pdf","2120883","04/02/2026 21:18:39"
"main.tex","G:\001_TESE_Prof. Maciel_até 19-01-2026\LATEX_TESE","G:\001_TESE_Prof. Maciel_até 19-01-2026\LATEX_TESE\main.tex",".tex","1660","04/02/2026 21:11:06"
"abstract.tex","G:\001_TESE_Prof. Maciel_até 19-01-2026\LATEX_TESE\pretextuais","G:\001_TESE_Prof. Maciel_até 19-01-2026\LATEX_TESE\pretextuais\abstract.tex",".tex","48","04/02/2026 21:11:06"
"resumo.tex","G:\001_TESE_Prof. Maciel_até 19-01-2026\LATEX_TESE\pretextuais","G:\001_TESE_Prof. Maciel_até 19-01-2026\LATEX_TESE\pretextuais\resumo.tex",".tex","56","04/02/2026 21:11:06"
"referencias.bib","G:\001_TESE_Prof. Maciel_até 19-01-2026\LATEX_TESE","G:\001_TESE_Prof. Maciel_até 19-01-2026\LATEX_TESE\referencias.bib",".bib","96","04/02/2026 20:37:55"
"teste.pdf","G:\001_TESE_Prof. Maciel_até 19-01-2026\LATEX_TESTE","G:\001_TESE_Prof. Maciel_até 19-01-2026\LATEX_TESTE\teste.pdf",".pdf","17439","04/02/2026 20:32:57"
"teste.tex","G:\001_TESE_Prof. Maciel_até 19-01-2026\LATEX_TESTE","G:\001_TESE_Prof. Maciel_até 19-01-2026\LATEX_TESTE\teste.tex",".tex","163","04/02/2026 20:17:00"
"AMOSTRA_50_PRIMEIROS_v01.csv","G:\001_TESE_Prof. Maciel_até 19-01-2026\Revisão_30-01-2026","G:\001_TESE_Prof. Maciel_até 19-01-2026\Revisão_30-01-2026\AMOSTRA_50_PRIMEIROS_v01.csv",".csv","6638","30/01/2026 05:43:40"
"Doutorado_Educação_UNIR_2026_novo_SEI_2479017_Edital_12_DOUTORADO_PPGEEPROF_UNIR_2025.pdf","G:\001_TESE_Prof. Maciel_até 19-01-2026\Revisão_30-01-2026\COPIA_CONSOLIDADA","G:\001_TESE_Prof. Maciel_até 19-01-2026\Revisão_30-01-2026\COPIA_CONSOLIDADA\Doutorado_Educação_UNIR_2026_novo_SEI_2479017_Edital_12_DOUTORADO_PPGEEPROF_UNIR_2025.pdf",".pdf","246634","24/01/2026 10:40:23"
"Downloads_Capitulo_6_mapbiomas_c9_ro_2016 (1).tif","G:\001_TESE_Prof. Maciel_até 19-01-2026\Revisão_30-01-2026\COPIA_CONSOLIDADA","G:\001_TESE_Prof. Maciel_até 19-01-2026\Revisão_30-01-2026\COPIA_CONSOLIDADA\Downloads_Capitulo_6_mapbiomas_c9_ro_2016 (1).tif",".tif","12562724","24/01/2026 15:24:01"
"Downloads_Capitulo_6_mapbiomas_c9_ro_2016.tif","G:\001_TESE_Prof. Maciel_até 19-01-2026\Revisão_30-01-2026\COPIA_CONSOLIDADA","G:\001_TESE_Prof. Maciel_até 19-01-2026\Revisão_30-01-2026\COPIA_CONSOLIDADA\Downloads_Capitulo_6_mapbiomas_c9_ro_2016.tif",".tif","12562724","24/01/2026 14:49:03"
"Downloads_Catalisa_Template_Mapeamento_de_hipoteses.docx","G:\001_TESE_Prof. Maciel_até 19-01-2026\Revisão_30-01-2026\COPIA_CONSOLIDADA","G:\001_TESE_Prof. Maciel_até 19-01-2026\Revisão_30-01-2026\COPIA_CONSOLIDADA\Downloads_Catalisa_Template_Mapeamento_de_hipoteses.docx",".docx","458313","20/01/2026 12:54:26"
"Downloads_David Lopes Maciel _ Lattes_compressed.pdf","G:\001_TESE_Prof. Maciel_até 19-01-2026\Revisão_30-01-2026\COPIA_CONSOLIDADA","G:\001_TESE_Prof. Maciel_até 19-01-2026\Revisão_30-01-2026\COPIA_CONSOLIDADA\Downloads_David Lopes Maciel _ Lattes_compressed.pdf",".pdf","4835339","15/01/2026 09:14:18"
"Downloads_David Lopes Maciel _ Lattes-1-33.pdf","G:\001_TESE_Prof. Maciel_até 19-01-2026\Revisão_30-01-2026\COPIA_CONSOLIDADA","G:\001_TESE_Prof. Maciel_até 19-01-2026\Revisão_30-01-2026\COPIA_CONSOLIDADA\Downloads_David Lopes Maciel _ Lattes-1-33.pdf",".pdf","4834797","15/01/2026 09:18:26"
"Downloads_David Lopes Maciel _ Lattes-2026_compressed (1).pdf","G:\001_TESE_Prof. Maciel_até 19-01-2026\Revisão_30-01-2026\COPIA_CONSOLIDADA","G:\001_TESE_Prof. Maciel_até 19-01-2026\Revisão_30-01-2026\COPIA_CONSOLIDADA\Downloads_David Lopes Maciel _ Lattes-2026_compressed (1).pdf",".pdf","3913823","15/01/2026 09:21:58"
"Downloads_David Lopes Maciel _ Lattes-2026_compressed.pdf","G:\001_TESE_Prof. Maciel_até 19-01-2026\Revisão_30-01-2026\COPIA_CONSOLIDADA","G:\001_TESE_Prof. Maciel_até 19-01-2026\Revisão_30-01-2026\COPIA_CONSOLIDADA\Downloads_David Lopes Maciel _ Lattes-2026_compressed.pdf",".pdf","4593679","15/01/2026 09:17:32"
"Downloads_david_lopes_maciel_1970-05-25.zip","G:\001_TESE_Prof. Maciel_até 19-01-2026\Revisão_30-01-2026\COPIA_CONSOLIDADA","G:\001_TESE_Prof. Maciel_até 19-01-2026\Revisão_30-01-2026\COPIA_CONSOLIDADA\Downloads_david_lopes_maciel_1970-05-25.zip",".zip","1852488","22/01/2026 08:38:45"
"Downloads_ERA5LAND_FORCING_SOJA_20151001_20151230_CENTROID_MAIOR_TALHAO.csv","G:\001_TESE_Prof. Maciel_até 19-01-2026\Revisão_30-01-2026\COPIA_CONSOLIDADA","G:\001_TESE_Prof. Maciel_até 19-01-2026\Revisão_30-01-2026\COPIA_CONSOLIDADA\Downloads_ERA5LAND_FORCING_SOJA_20151001_20151230_CENTROID_MAIOR_TALHAO.csv",".csv","583819","27/01/2026 08:33:51"
"Downloads_ERA5LAND_SSRD_SOJA_20151001_20151230_CENTROID_MAIOR_TALHAO_v01.csv","G:\001_TESE_Prof. Maciel_até 19-01-2026\Revisão_30-01-2026\COPIA_CONSOLIDADA","G:\001_TESE_Prof. Maciel_até 19-01-2026\Revisão_30-01-2026\COPIA_CONSOLIDADA\Downloads_ERA5LAND_SSRD_SOJA_20151001_20151230_CENTROID_MAIOR_TALHAO_v01.csv",".csv","272300","29/01/2026 11:00:11"
"Downloads_Mapa_soja39_porto_velho_col9_2017.tif","G:\001_TESE_Prof. Maciel_até 19-01-2026\Revisão_30-01-2026\COPIA_CONSOLIDADA","G:\001_TESE_Prof. Maciel_até 19-01-2026\Revisão_30-01-2026\COPIA_CONSOLIDADA\Downloads_Mapa_soja39_porto_velho_col9_2017.tif",".tif","878979","23/01/2026 09:42:44"
"Downloads_mapbiomas_10m_collection2_integration_v1-classification_2023.tif","G:\001_TESE_Prof. Maciel_até 19-01-2026\Revisão_30-01-2026\COPIA_CONSOLIDADA","G:\001_TESE_Prof. Maciel_até 19-01-2026\Revisão_30-01-2026\COPIA_CONSOLIDADA\Downloads_mapbiomas_10m_collection2_integration_v1-classification_2023.tif",".tif","5499290793","19/01/2026 11:35:26"
"Users_macie_OneDrive_Documentos_Artigo_Cientifico_PROJETOS DE FUNDAÇÕES E CONTENÇÕES_David Lopes Maciel (Recuperação Automática).doc","G:\001_TESE_Prof. Maciel_até 19-01-2026\Revisão_30-01-2026\COPIA_CONSOLIDADA","G:\001_TESE_Prof. Maciel_até 19-01-2026\Revisão_30-01-2026\COPIA_CONSOLIDADA\Users_macie_OneDrive_Documentos_Artigo_Cientifico_PROJETOS DE FUNDAÇÕES E CONTENÇÕES_David Lopes Maciel (Recuperação Automática).doc",".doc","53760","13/08/2024 12:10:38"
"Users_macie_OneDrive_Documentos_Contrato_Unir_Aditivo_Comprovante_de_pagamento___DAVID_LOPES_MACIEL.pdf","G:\001_TESE_Prof. Maciel_até 19-01-2026\Revisão_30-01-2026\COPIA_CONSOLIDADA","G:\001_TESE_Prof. Maciel_até 19-01-2026\Revisão_30-01-2026\COPIA_CONSOLIDADA\Users_macie_OneDrive_Documentos_Contrato_Unir_Aditivo_Comprovante_de_pagamento___DAVID_LOPES_MACIEL.pdf",".pdf","10854","16/05/2025 15:35:11"
"Users_macie_OneDrive_Documentos_Contrato_Unir_Aditivo_David_Lopes_Maciel.pdf","G:\001_TESE_Prof. Maciel_até 19-01-2026\Revisão_30-01-2026\COPIA_CONSOLIDADA","G:\001_TESE_Prof. Maciel_até 19-01-2026\Revisão_30-01-2026\COPIA_CONSOLIDADA\Users_macie_OneDrive_Documentos_Contrato_Unir_Aditivo_David_Lopes_Maciel.pdf",".pdf","197423","16/05/2025 15:33:17"
"Users_macie_OneDrive_Documentos_Contrato_Unir_Aditivo_FICHA_FIN.___DAVID_LOPES_MACIEL.pdf","G:\001_TESE_Prof. Maciel_até 19-01-2026\Revisão_30-01-2026\COPIA_CONSOLIDADA","G:\001_TESE_Prof. Maciel_até 19-01-2026\Revisão_30-01-2026\COPIA_CONSOLIDADA\Users_macie_OneDrive_Documentos_Contrato_Unir_Aditivo_FICHA_FIN.___DAVID_LOPES_MACIEL.pdf",".pdf","97556","16/05/2025 15:37:58"
"Users_macie_OneDrive_Documentos_Contrato_Unir_Aditivo_PLANILHA_ADITIVO_CONTRATO___DAVID_LOPES_MACIEL.pdf","G:\001_TESE_Prof. Maciel_até 19-01-2026\Revisão_30-01-2026\COPIA_CONSOLIDADA","G:\001_TESE_Prof. Maciel_até 19-01-2026\Revisão_30-01-2026\COPIA_CONSOLIDADA\Users_macie_OneDrive_Documentos_Contrato_Unir_Aditivo_PLANILHA_ADITIVO_CONTRATO___DAVID_LOPES_MACIEL.pdf",".pdf","180820","16/05/2025 15:36:22"
"Users_macie_OneDrive_Documentos_Contrato_Unir_Aditivo_Renovação_Publicação_DAVID_LOPES_MACIEL.pdf","G:\001_TESE_Prof. Maciel_até 19-01-2026\Revisão_30-01-2026\COPIA_CONSOLIDADA","G:\001_TESE_Prof. Maciel_até 19-01-2026\Revisão_30-01-2026\COPIA_CONSOLIDADA\Users_macie_OneDrive_Documentos_Contrato_Unir_Aditivo_Renovação_Publicação_DAVID_LOPES_MACIEL.pdf",".pdf","196189","11/07/2025 11:13:23"
"Users_macie_OneDrive_Documentos_DAVID_LOPES_MACIEL.pdf","G:\001_TESE_Prof. Maciel_até 19-01-2026\Revisão_30-01-2026\COPIA_CONSOLIDADA","G:\001_TESE_Prof. Maciel_até 19-01-2026\Revisão_30-01-2026\COPIA_CONSOLIDADA\Users_macie_OneDrive_Documentos_DAVID_LOPES_MACIEL.pdf",".pdf","196189","16/07/2025 08:26:09"
"Users_macie_OneDrive_Documentos_Renovação_Contrato UNIR_Comprovante_de_pagamento___DAVID_LOPES_MACIEL.pdf","G:\001_TESE_Prof. Maciel_até 19-01-2026\Revisão_30-01-2026\COPIA_CONSOLIDADA","G:\001_TESE_Prof. Maciel_até 19-01-2026\Revisão_30-01-2026\COPIA_CONSOLIDADA\Users_macie_OneDrive_Documentos_Renovação_Contrato UNIR_Comprovante_de_pagamento___DAVID_LOPES_MACIEL.pdf",".pdf","10854","24/06/2025 18:58:05"
"Users_macie_OneDrive_Documentos_Renovação_Contrato UNIR_Contrato_DAVID.pdf","G:\001_TESE_Prof. Maciel_até 19-01-2026\Revisão_30-01-2026\COPIA_CONSOLIDADA","G:\001_TESE_Prof. Maciel_até 19-01-2026\Revisão_30-01-2026\COPIA_CONSOLIDADA\Users_macie_OneDrive_Documentos_Renovação_Contrato UNIR_Contrato_DAVID.pdf",".pdf","547858","29/07/2025 11:53:01"
"Users_macie_OneDrive_Documentos_Renovação_Contrato UNIR_DAVID_LOPES_MACIEL (1).pdf","G:\001_TESE_Prof. Maciel_até 19-01-2026\Revisão_30-01-2026\COPIA_CONSOLIDADA","G:\001_TESE_Prof. Maciel_até 19-01-2026\Revisão_30-01-2026\COPIA_CONSOLIDADA\Users_macie_OneDrive_Documentos_Renovação_Contrato UNIR_DAVID_LOPES_MACIEL (1).pdf",".pdf","199907","07/09/2025 11:08:33"
"Users_macie_OneDrive_Documentos_Renovação_Contrato UNIR_David_Lopes_Maciel.pdf","G:\001_TESE_Prof. Maciel_até 19-01-2026\Revisão_30-01-2026\COPIA_CONSOLIDADA","G:\001_TESE_Prof. Maciel_até 19-01-2026\Revisão_30-01-2026\COPIA_CONSOLIDADA\Users_macie_OneDrive_Documentos_Renovação_Contrato UNIR_David_Lopes_Maciel.pdf",".pdf","197423","24/06/2025 18:56:28"
"Users_macie_OneDrive_Documentos_Renovação_Contrato UNIR_E_mail_de_Renovacao_do_contrato___Prof._David_Maciel.pdf","G:\001_TESE_Prof. Maciel_até 19-01-2026\Revisão_30-01-2026\COPIA_CONSOLIDADA","G:\001_TESE_Prof. Maciel_até 19-01-2026\Revisão_30-01-2026\COPIA_CONSOLIDADA\Users_macie_OneDrive_Documentos_Renovação_Contrato UNIR_E_mail_de_Renovacao_do_contrato___Prof._David_Maciel.pdf",".pdf","159471","24/06/2025 18:43:29"
"Users_macie_OneDrive_Documentos_Renovação_Contrato UNIR_extrato_de_renovacao_david.pdf","G:\001_TESE_Prof. Maciel_até 19-01-2026\Revisão_30-01-2026\COPIA_CONSOLIDADA","G:\001_TESE_Prof. Maciel_até 19-01-2026\Revisão_30-01-2026\COPIA_CONSOLIDADA\Users_macie_OneDrive_Documentos_Renovação_Contrato UNIR_extrato_de_renovacao_david.pdf",".pdf","193295","24/06/2025 18:41:21"
"Users_macie_OneDrive_Documentos_Renovação_Contrato UNIR_FICHA_FIN.___DAVID_LOPES_MACIEL.pdf","G:\001_TESE_Prof. Maciel_até 19-01-2026\Revisão_30-01-2026\COPIA_CONSOLIDADA","G:\001_TESE_Prof. Maciel_até 19-01-2026\Revisão_30-01-2026\COPIA_CONSOLIDADA\Users_macie_OneDrive_Documentos_Renovação_Contrato UNIR_FICHA_FIN.___DAVID_LOPES_MACIEL.pdf",".pdf","97556","29/07/2025 11:48:24"
"Users_macie_OneDrive_Documentos_Renovação_Contrato UNIR_PLANILHA_ADITIVO_CONTRATO___DAVID_LOPES_MACIEL.pdf","G:\001_TESE_Prof. Maciel_até 19-01-2026\Revisão_30-01-2026\COPIA_CONSOLIDADA","G:\001_TESE_Prof. Maciel_até 19-01-2026\Revisão_30-01-2026\COPIA_CONSOLIDADA\Users_macie_OneDrive_Documentos_Renovação_Contrato UNIR_PLANILHA_ADITIVO_CONTRATO___DAVID_LOPES_MACIEL.pdf",".pdf","180820","24/06/2025 18:58:31"
"Users_macie_OneDrive_Documentos_Tese Doutorado v14 - Versão Final_Jackson.pdf","G:\001_TESE_Prof. Maciel_até 19-01-2026\Revisão_30-01-2026\COPIA_CONSOLIDADA","G:\001_TESE_Prof. Maciel_até 19-01-2026\Revisão_30-01-2026\COPIA_CONSOLIDADA\Users_macie_OneDrive_Documentos_Tese Doutorado v14 - Versão Final_Jackson.pdf",".pdf","2998745","10/09/2025 10:19:39"
"Users_macie_OneDrive_Documentos_Tratamento médicos e Exames para IRPF_2026_DAVID.pdf","G:\001_TESE_Prof. Maciel_até 19-01-2026\Revisão_30-01-2026\COPIA_CONSOLIDADA","G:\001_TESE_Prof. Maciel_até 19-01-2026\Revisão_30-01-2026\COPIA_CONSOLIDADA\Users_macie_OneDrive_Documentos_Tratamento médicos e Exames para IRPF_2026_DAVID.pdf",".pdf","29769","05/11/2025 08:26:35"
"Users_Visitante01_Downloads_Pré-Projeto_Natiele_Maciel_PGDRA2025_V02 (1).pdf","G:\001_TESE_Prof. Maciel_até 19-01-2026\Revisão_30-01-2026\COPIA_CONSOLIDADA","G:\001_TESE_Prof. Maciel_até 19-01-2026\Revisão_30-01-2026\COPIA_CONSOLIDADA\Users_Visitante01_Downloads_Pré-Projeto_Natiele_Maciel_PGDRA2025_V02 (1).pdf",".pdf","4187236","18/07/2025 07:21:54"
"Users_Visitante01_Downloads_Pré-Projeto_Natiele_Maciel_PGDRA2025_V02.pdf","G:\001_TESE_Prof. Maciel_até 19-01-2026\Revisão_30-01-2026\COPIA_CONSOLIDADA","G:\001_TESE_Prof. Maciel_até 19-01-2026\Revisão_30-01-2026\COPIA_CONSOLIDADA\Users_Visitante01_Downloads_Pré-Projeto_Natiele_Maciel_PGDRA2025_V02.pdf",".pdf","4187236","04/07/2025 10:12:30"
"Users_Visitante01_OneDrive_Documentos_DAVID_LOPES_MACIEL.pdf","G:\001_TESE_Prof. Maciel_até 19-01-2026\Revisão_30-01-2026\COPIA_CONSOLIDADA","G:\001_TESE_Prof. Maciel_até 19-01-2026\Revisão_30-01-2026\COPIA_CONSOLIDADA\Users_Visitante01_OneDrive_Documentos_DAVID_LOPES_MACIEL.pdf",".pdf","196189","16/07/2025 08:26:09"
"Windows_SystemApps_Microsoft.Windows.CloudExperienceHost_cw5n1h2txyewy_images_updateSettingsLottie.json","G:\001_TESE_Prof. Maciel_até 19-01-2026\Revisão_30-01-2026\COPIA_CONSOLIDADA","G:\001_TESE_Prof. Maciel_até 19-01-2026\Revisão_30-01-2026\COPIA_CONSOLIDADA\Windows_SystemApps_Microsoft.Windows.CloudExperienceHost_cw5n1h2txyewy_images_updateSettingsLottie.json",".json","70790","01/04/2024 03:22:49"
"Windows_SystemApps_Microsoft.Windows.CloudExperienceHost_cw5n1h2txyewy_webapps_inclusiveOobe_view_oobeupdatesettings-main.html","G:\001_TESE_Prof. Maciel_até 19-01-2026\Revisão_30-01-2026\COPIA_CONSOLIDADA","G:\001_TESE_Prof. Maciel_até 19-01-2026\Revisão_30-01-2026\COPIA_CONSOLIDADA\Windows_SystemApps_Microsoft.Windows.CloudExperienceHost_cw5n1h2txyewy_webapps_inclusiveOobe_view_oobeupdatesettings-main.html",".html","4386","01/04/2024 03:22:53"
"Windows_SystemApps_MicrosoftWindows.Client.OOBE_cw5n1h2txyewy_webapps_inclusiveOobe_view_oobeupdatesettings-main.html","G:\001_TESE_Prof. Maciel_até 19-01-2026\Revisão_30-01-2026\COPIA_CONSOLIDADA","G:\001_TESE_Prof. Maciel_até 19-01-2026\Revisão_30-01-2026\COPIA_CONSOLIDADA\Windows_SystemApps_MicrosoftWindows.Client.OOBE_cw5n1h2txyewy_webapps_inclusiveOobe_view_oobeupdatesettings-main.html",".html","3945","10/01/2026 04:49:26"
"Windows_SystemApps_MicrosoftWindows.Client.OOBE_cw5n1h2txyewy_webapps_scoobe_media_updateSettingsLottie.json","G:\001_TESE_Prof. Maciel_até 19-01-2026\Revisão_30-01-2026\COPIA_CONSOLIDADA","G:\001_TESE_Prof. Maciel_até 19-01-2026\Revisão_30-01-2026\COPIA_CONSOLIDADA\Windows_SystemApps_MicrosoftWindows.Client.OOBE_cw5n1h2txyewy_webapps_scoobe_media_updateSettingsLottie.json",".json","70790","10/01/2026 04:49:25"
"Windows_WinSxS_amd64_microsoft-windows-c..riencehost.appxmain_31bf3856ad364e35_10.0.26100.1_none_ffac2132b62c9074_oobeupdatesettings-main.html","G:\001_TESE_Prof. Maciel_até 19-01-2026\Revisão_30-01-2026\COPIA_CONSOLIDADA","G:\001_TESE_Prof. Maciel_até 19-01-2026\Revisão_30-01-2026\COPIA_CONSOLIDADA\Windows_WinSxS_amd64_microsoft-windows-c..riencehost.appxmain_31bf3856ad364e35_10.0.26100.1_none_ffac2132b62c9074_oobeupdatesettings-main.html",".html","4386","01/04/2024 03:22:53"
"Windows_WinSxS_amd64_microsoft-windows-c..riencehost.appxmain_31bf3856ad364e35_10.0.26100.7309_none_9e84665afd9f6d34_oobeupdatesettings-main.html","G:\001_TESE_Prof. Maciel_até 19-01-2026\Revisão_30-01-2026\COPIA_CONSOLIDADA","G:\001_TESE_Prof. Maciel_até 19-01-2026\Revisão_30-01-2026\COPIA_CONSOLIDADA\Windows_WinSxS_amd64_microsoft-windows-c..riencehost.appxmain_31bf3856ad364e35_10.0.26100.7309_none_9e84665afd9f6d34_oobeupdatesettings-main.html",".html","4386","01/04/2024 03:22:53"
"Windows_WinSxS_amd64_microsoft-windows-c..riencehost.appxmain_31bf3856ad364e35_10.0.26100.7705_none_9e5981cafdbf7674_oobeupdatesettings-main.html","G:\001_TESE_Prof. Maciel_até 19-01-2026\Revisão_30-01-2026\COPIA_CONSOLIDADA","G:\001_TESE_Prof. Maciel_até 19-01-2026\Revisão_30-01-2026\COPIA_CONSOLIDADA\Windows_WinSxS_amd64_microsoft-windows-c..riencehost.appxmain_31bf3856ad364e35_10.0.26100.7705_none_9e5981cafdbf7674_oobeupdatesettings-main.html",".html","4386","01/04/2024 03:22:53"
"Windows_WinSxS_amd64_microsoft-windows-c..st.appxmain.desktop_31bf3856ad364e35_10.0.26100.1_none_8608aee32c8036b2_updateSettingsLottie.json","G:\001_TESE_Prof. Maciel_até 19-01-2026\Revisão_30-01-2026\COPIA_CONSOLIDADA","G:\001_TESE_Prof. Maciel_até 19-01-2026\Revisão_30-01-2026\COPIA_CONSOLIDADA\Windows_WinSxS_amd64_microsoft-windows-c..st.appxmain.desktop_31bf3856ad364e35_10.0.26100.1_none_8608aee32c8036b2_updateSettingsLottie.json",".json","70790","01/04/2024 03:22:49"
"Windows_WinSxS_amd64_microsoft-windows-c..st.appxmain.desktop_31bf3856ad364e35_10.0.26100.7309_none_24e0f40b73f31372_updateSettingsLottie.json","G:\001_TESE_Prof. Maciel_até 19-01-2026\Revisão_30-01-2026\COPIA_CONSOLIDADA","G:\001_TESE_Prof. Maciel_até 19-01-2026\Revisão_30-01-2026\COPIA_CONSOLIDADA\Windows_WinSxS_amd64_microsoft-windows-c..st.appxmain.desktop_31bf3856ad364e35_10.0.26100.7309_none_24e0f40b73f31372_updateSettingsLottie.json",".json","70790","01/04/2024 03:22:49"
"Windows_WinSxS_amd64_microsoft-windows-c..st.appxmain.desktop_31bf3856ad364e35_10.0.26100.7705_none_24b60f7b74131cb2_updateSettingsLottie.json","G:\001_TESE_Prof. Maciel_até 19-01-2026\Revisão_30-01-2026\COPIA_CONSOLIDADA","G:\001_TESE_Prof. Maciel_até 19-01-2026\Revisão_30-01-2026\COPIA_CONSOLIDADA\Windows_WinSxS_amd64_microsoft-windows-c..st.appxmain.desktop_31bf3856ad364e35_10.0.26100.7705_none_24b60f7b74131cb2_updateSettingsLottie.json",".json","70790","01/04/2024 03:22:49"
"Windows_WinSxS_amd64_userexperience-oobe_31bf3856ad364e35_10.0.26100.7309_none_54a42f8f7a41a8c5_OOBE_webapps_inclusiveOobe_view_oobeupdatesettings-main.html","G:\001_TESE_Prof. Maciel_até 19-01-2026\Revisão_30-01-2026\COPIA_CONSOLIDADA","G:\001_TESE_Prof. Maciel_até 19-01-2026\Revisão_30-01-2026\COPIA_CONSOLIDADA\Windows_WinSxS_amd64_userexperience-oobe_31bf3856ad364e35_10.0.26100.7309_none_54a42f8f7a41a8c5_OOBE_webapps_inclusiveOobe_view_oobeupdatesettings-main.html",".html","3945","10/01/2026 04:49:26"
"Windows_WinSxS_amd64_userexperience-oobe_31bf3856ad364e35_10.0.26100.7309_none_54a42f8f7a41a8c5_OOBE_webapps_scoobe_media_updateSettingsLottie.json","G:\001_TESE_Prof. Maciel_até 19-01-2026\Revisão_30-01-2026\COPIA_CONSOLIDADA","G:\001_TESE_Prof. Maciel_até 19-01-2026\Revisão_30-01-2026\COPIA_CONSOLIDADA\Windows_WinSxS_amd64_userexperience-oobe_31bf3856ad364e35_10.0.26100.7309_none_54a42f8f7a41a8c5_OOBE_webapps_scoobe_media_updateSettingsLottie.json",".json","70790","10/01/2026 04:49:25"
"Windows_WinSxS_amd64_userexperience-oobe_31bf3856ad364e35_10.0.26100.7705_none_54794aff7a61b205_OOBE_webapps_inclusiveOobe_view_oobeupdatesettings-main.html","G:\001_TESE_Prof. Maciel_até 19-01-2026\Revisão_30-01-2026\COPIA_CONSOLIDADA","G:\001_TESE_Prof. Maciel_até 19-01-2026\Revisão_30-01-2026\COPIA_CONSOLIDADA\Windows_WinSxS_amd64_userexperience-oobe_31bf3856ad364e35_10.0.26100.7705_none_54794aff7a61b205_OOBE_webapps_inclusiveOobe_view_oobeupdatesettings-main.html",".html","3945","10/01/2026 04:49:26"
"Windows_WinSxS_amd64_userexperience-oobe_31bf3856ad364e35_10.0.26100.7705_none_54794aff7a61b205_OOBE_webapps_scoobe_media_updateSettingsLottie.json","G:\001_TESE_Prof. Maciel_até 19-01-2026\Revisão_30-01-2026\COPIA_CONSOLIDADA","G:\001_TESE_Prof. Maciel_até 19-01-2026\Revisão_30-01-2026\COPIA_CONSOLIDADA\Windows_WinSxS_amd64_userexperience-oobe_31bf3856ad364e35_10.0.26100.7705_none_54794aff7a61b205_OOBE_webapps_scoobe_media_updateSettingsLottie.json",".json","70790","10/01/2026 04:49:25"
"INVENTARIO_FILTRADO_TESE_v01.csv","G:\001_TESE_Prof. Maciel_até 19-01-2026\Revisão_30-01-2026","G:\001_TESE_Prof. Maciel_até 19-01-2026\Revisão_30-01-2026\INVENTARIO_FILTRADO_TESE_v01.csv",".csv","144336","30/01/2026 05:45:10"
"INVENTARIO_GLOBAL_CANDIDATOS_TESE_v01.csv","G:\001_TESE_Prof. Maciel_até 19-01-2026\Revisão_30-01-2026","G:\001_TESE_Prof. Maciel_até 19-01-2026\Revisão_30-01-2026\INVENTARIO_GLOBAL_CANDIDATOS_TESE_v01.csv",".csv","151956","30/01/2026 05:41:10"
"SUMÁRIO DA TESE.docx","G:\001_TESE_Prof. Maciel_até 19-01-2026\Revisão_30-01-2026","G:\001_TESE_Prof. Maciel_até 19-01-2026\Revisão_30-01-2026\SUMÁRIO DA TESE.docx",".docx","17294","30/01/2026 18:29:06"
"Capítulo 6.2 continuação_integração espectral × meteorológica_Chat.docx","G:\001_TESE_Prof. Maciel_até 19-01-2026\Revisão_31-01-2026","G:\001_TESE_Prof. Maciel_até 19-01-2026\Revisão_31-01-2026\Capítulo 6.2 continuação_integração espectral × meteorológica_Chat.docx",".docx","1465083","31/01/2026 06:23:58"
"Capítulo 6.2 ISBA_Configuração do modelo ISBA_Chat.docx","G:\001_TESE_Prof. Maciel_até 19-01-2026\Revisão_31-01-2026","G:\001_TESE_Prof. Maciel_até 19-01-2026\Revisão_31-01-2026\Capítulo 6.2 ISBA_Configuração do modelo ISBA_Chat.docx",".docx","349146","31/01/2026 06:15:14"
"Capítulo 6.2 LAI_vegetação_Chat.docx","G:\001_TESE_Prof. Maciel_até 19-01-2026\Revisão_31-01-2026","G:\001_TESE_Prof. Maciel_até 19-01-2026\Revisão_31-01-2026\Capítulo 6.2 LAI_vegetação_Chat.docx",".docx","94005","31/01/2026 06:25:37"
"Capítulo 6.2_0_Chat.docx","G:\001_TESE_Prof. Maciel_até 19-01-2026\Revisão_31-01-2026","G:\001_TESE_Prof. Maciel_até 19-01-2026\Revisão_31-01-2026\Capítulo 6.2_0_Chat.docx",".docx","357199","31/01/2026 06:31:03"
"Capítulo 6.2_Chat.docx","G:\001_TESE_Prof. Maciel_até 19-01-2026\Revisão_31-01-2026","G:\001_TESE_Prof. Maciel_até 19-01-2026\Revisão_31-01-2026\Capítulo 6.2_Chat.docx",".docx","584724","31/01/2026 06:10:08"
"Capítulo 7 IA + Modelo_Chat.docx","G:\001_TESE_Prof. Maciel_até 19-01-2026\Revisão_31-01-2026","G:\001_TESE_Prof. Maciel_até 19-01-2026\Revisão_31-01-2026\Capítulo 7 IA + Modelo_Chat.docx",".docx","206248","31/01/2026 06:18:01"
"Capitulo_6.1_Chat.docx","G:\001_TESE_Prof. Maciel_até 19-01-2026\Revisão_31-01-2026","G:\001_TESE_Prof. Maciel_até 19-01-2026\Revisão_31-01-2026\Capitulo_6.1_Chat.docx",".docx","156642","31/01/2026 06:07:19"
"Revisão da Tese_V01_Chat.docx","G:\001_TESE_Prof. Maciel_até 19-01-2026\Revisão_31-01-2026","G:\001_TESE_Prof. Maciel_até 19-01-2026\Revisão_31-01-2026\Revisão da Tese_V01_Chat.docx",".docx","226888","31/01/2026 06:16:34"
"Revisão da tese_V02_Chat.docx","G:\001_TESE_Prof. Maciel_até 19-01-2026\Revisão_31-01-2026","G:\001_TESE_Prof. Maciel_até 19-01-2026\Revisão_31-01-2026\Revisão da tese_V02_Chat.docx",".docx","220112","31/01/2026 06:12:46"
"LICENSE.txt","G:\001_TESE_Prof. Maciel_até 19-01-2026\venv_mapbiomas\Lib\site-packages\affine-2.4.0.dist-info","G:\001_TESE_Prof. Maciel_até 19-01-2026\venv_mapbiomas\Lib\site-packages\affine-2.4.0.dist-info\LICENSE.txt",".txt","1517","23/01/2026 09:38:40"
"top_level.txt","G:\001_TESE_Prof. Maciel_até 19-01-2026\venv_mapbiomas\Lib\site-packages\certifi-2026.1.4.dist-info","G:\001_TESE_Prof. Maciel_até 19-01-2026\venv_mapbiomas\Lib\site-packages\certifi-2026.1.4.dist-info\top_level.txt",".txt","8","23/01/2026 09:38:39"
"LICENSE.txt","G:\001_TESE_Prof. Maciel_até 19-01-2026\venv_mapbiomas\Lib\site-packages\click-8.3.1.dist-info\licenses","G:\001_TESE_Prof. Maciel_até 19-01-2026\venv_mapbiomas\Lib\site-packages\click-8.3.1.dist-info\licenses\LICENSE.txt",".txt","1475","23/01/2026 09:38:40"
"top_level.txt","G:\001_TESE_Prof. Maciel_até 19-01-2026\venv_mapbiomas\Lib\site-packages\cligj-0.7.2.dist-info","G:\001_TESE_Prof. Maciel_até 19-01-2026\venv_mapbiomas\Lib\site-packages\cligj-0.7.2.dist-info\top_level.txt",".txt","6","23/01/2026 09:38:40"
"LICENSE.txt","G:\001_TESE_Prof. Maciel_até 19-01-2026\venv_mapbiomas\Lib\site-packages\colorama-0.4.6.dist-info\licenses","G:\001_TESE_Prof. Maciel_até 19-01-2026\venv_mapbiomas\Lib\site-packages\colorama-0.4.6.dist-info\licenses\LICENSE.txt",".txt","1491","23/01/2026 09:38:39"
"top_level.txt","G:\001_TESE_Prof. Maciel_até 19-01-2026\venv_mapbiomas\Lib\site-packages\cycler-0.12.1.dist-info","G:\001_TESE_Prof. Maciel_até 19-01-2026\venv_mapbiomas\Lib\site-packages\cycler-0.12.1.dist-info\top_level.txt",".txt","7","23/01/2026 10:07:30"
"table_API_readme.txt","G:\001_TESE_Prof. Maciel_até 19-01-2026\venv_mapbiomas\Lib\site-packages\fontTools\ttLib\tables","G:\001_TESE_Prof. Maciel_até 19-01-2026\venv_mapbiomas\Lib\site-packages\fontTools\ttLib\tables\table_API_readme.txt",".txt","2839","23/01/2026 10:07:26"
"entry_points.txt","G:\001_TESE_Prof. Maciel_até 19-01-2026\venv_mapbiomas\Lib\site-packages\fonttools-4.61.1.dist-info","G:\001_TESE_Prof. Maciel_até 19-01-2026\venv_mapbiomas\Lib\site-packages\fonttools-4.61.1.dist-info\entry_points.txt",".txt","147","23/01/2026 10:07:26"
"top_level.txt","G:\001_TESE_Prof. Maciel_até 19-01-2026\venv_mapbiomas\Lib\site-packages\fonttools-4.61.1.dist-info","G:\001_TESE_Prof. Maciel_até 19-01-2026\venv_mapbiomas\Lib\site-packages\fonttools-4.61.1.dist-info\top_level.txt",".txt","10","23/01/2026 10:07:26"
"top_level.txt","G:\001_TESE_Prof. Maciel_até 19-01-2026\venv_mapbiomas\Lib\site-packages\kiwisolver-1.4.9.dist-info","G:\001_TESE_Prof. Maciel_até 19-01-2026\venv_mapbiomas\Lib\site-packages\kiwisolver-1.4.9.dist-info\top_level.txt",".txt","11","23/01/2026 10:07:26"
"all_figures.html","G:\001_TESE_Prof. Maciel_até 19-01-2026\venv_mapbiomas\Lib\site-packages\matplotlib\backends\web_backend","G:\001_TESE_Prof. Maciel_até 19-01-2026\venv_mapbiomas\Lib\site-packages\matplotlib\backends\web_backend\all_figures.html",".html","1753","23/01/2026 10:07:30"
"ipython_inline_figure.html","G:\001_TESE_Prof. Maciel_até 19-01-2026\venv_mapbiomas\Lib\site-packages\matplotlib\backends\web_backend","G:\001_TESE_Prof. Maciel_até 19-01-2026\venv_mapbiomas\Lib\site-packages\matplotlib\backends\web_backend\ipython_inline_figure.html",".html","1311","23/01/2026 10:07:30"
"single_figure.html","G:\001_TESE_Prof. Maciel_até 19-01-2026\venv_mapbiomas\Lib\site-packages\matplotlib\backends\web_backend","G:\001_TESE_Prof. Maciel_até 19-01-2026\venv_mapbiomas\Lib\site-packages\matplotlib\backends\web_backend\single_figure.html",".html","1357","23/01/2026 10:07:30"
"readme.txt","G:\001_TESE_Prof. Maciel_até 19-01-2026\venv_mapbiomas\Lib\site-packages\matplotlib\mpl-data\fonts\pdfcorefonts","G:\001_TESE_Prof. Maciel_até 19-01-2026\venv_mapbiomas\Lib\site-packages\matplotlib\mpl-data\fonts\pdfcorefonts\readme.txt",".txt","828","23/01/2026 10:07:31"
"back.pdf","G:\001_TESE_Prof. Maciel_até 19-01-2026\venv_mapbiomas\Lib\site-packages\matplotlib\mpl-data\images","G:\001_TESE_Prof. Maciel_até 19-01-2026\venv_mapbiomas\Lib\site-packages\matplotlib\mpl-data\images\back.pdf",".pdf","1623","23/01/2026 10:07:31"
"filesave.pdf","G:\001_TESE_Prof. Maciel_até 19-01-2026\venv_mapbiomas\Lib\site-packages\matplotlib\mpl-data\images","G:\001_TESE_Prof. Maciel_até 19-01-2026\venv_mapbiomas\Lib\site-packages\matplotlib\mpl-data\images\filesave.pdf",".pdf","1734","23/01/2026 10:07:31"
"forward.pdf","G:\001_TESE_Prof. Maciel_até 19-01-2026\venv_mapbiomas\Lib\site-packages\matplotlib\mpl-data\images","G:\001_TESE_Prof. Maciel_até 19-01-2026\venv_mapbiomas\Lib\site-packages\matplotlib\mpl-data\images\forward.pdf",".pdf","1630","23/01/2026 10:07:31"
"hand.pdf","G:\001_TESE_Prof. Maciel_até 19-01-2026\venv_mapbiomas\Lib\site-packages\matplotlib\mpl-data\images","G:\001_TESE_Prof. Maciel_até 19-01-2026\venv_mapbiomas\Lib\site-packages\matplotlib\mpl-data\images\hand.pdf",".pdf","4172","23/01/2026 10:07:31"
"help.pdf","G:\001_TESE_Prof. Maciel_até 19-01-2026\venv_mapbiomas\Lib\site-packages\matplotlib\mpl-data\images","G:\001_TESE_Prof. Maciel_até 19-01-2026\venv_mapbiomas\Lib\site-packages\matplotlib\mpl-data\images\help.pdf",".pdf","1813","23/01/2026 10:07:31"
"home.pdf","G:\001_TESE_Prof. Maciel_até 19-01-2026\venv_mapbiomas\Lib\site-packages\matplotlib\mpl-data\images","G:\001_TESE_Prof. Maciel_até 19-01-2026\venv_mapbiomas\Lib\site-packages\matplotlib\mpl-data\images\home.pdf",".pdf","1737","23/01/2026 10:07:31"
"matplotlib.pdf","G:\001_TESE_Prof. Maciel_até 19-01-2026\venv_mapbiomas\Lib\site-packages\matplotlib\mpl-data\images","G:\001_TESE_Prof. Maciel_até 19-01-2026\venv_mapbiomas\Lib\site-packages\matplotlib\mpl-data\images\matplotlib.pdf",".pdf","22852","23/01/2026 10:07:31"
"move.pdf","G:\001_TESE_Prof. Maciel_até 19-01-2026\venv_mapbiomas\Lib\site-packages\matplotlib\mpl-data\images","G:\001_TESE_Prof. Maciel_até 19-01-2026\venv_mapbiomas\Lib\site-packages\matplotlib\mpl-data\images\move.pdf",".pdf","1867","23/01/2026 10:07:31"
"qt4_editor_options.pdf","G:\001_TESE_Prof. Maciel_até 19-01-2026\venv_mapbiomas\Lib\site-packages\matplotlib\mpl-data\images","G:\001_TESE_Prof. Maciel_até 19-01-2026\venv_mapbiomas\Lib\site-packages\matplotlib\mpl-data\images\qt4_editor_options.pdf",".pdf","1568","23/01/2026 10:07:31"
"subplots.pdf","G:\001_TESE_Prof. Maciel_até 19-01-2026\venv_mapbiomas\Lib\site-packages\matplotlib\mpl-data\images","G:\001_TESE_Prof. Maciel_até 19-01-2026\venv_mapbiomas\Lib\site-packages\matplotlib\mpl-data\images\subplots.pdf",".pdf","1714","23/01/2026 10:07:31"
"zoom_to_rect.pdf","G:\001_TESE_Prof. Maciel_até 19-01-2026\venv_mapbiomas\Lib\site-packages\matplotlib\mpl-data\images","G:\001_TESE_Prof. Maciel_até 19-01-2026\venv_mapbiomas\Lib\site-packages\matplotlib\mpl-data\images\zoom_to_rect.pdf",".pdf","1609","23/01/2026 10:07:31"
"data_x_x2_x3.csv","G:\001_TESE_Prof. Maciel_até 19-01-2026\venv_mapbiomas\Lib\site-packages\matplotlib\mpl-data\sample_data","G:\001_TESE_Prof. Maciel_até 19-01-2026\venv_mapbiomas\Lib\site-packages\matplotlib\mpl-data\sample_data\data_x_x2_x3.csv",".csv","132","23/01/2026 10:07:31"
"msft.csv","G:\001_TESE_Prof. Maciel_até 19-01-2026\venv_mapbiomas\Lib\site-packages\matplotlib\mpl-data\sample_data","G:\001_TESE_Prof. Maciel_até 19-01-2026\venv_mapbiomas\Lib\site-packages\matplotlib\mpl-data\sample_data\msft.csv",".csv","3211","23/01/2026 10:07:31"
"README.txt","G:\001_TESE_Prof. Maciel_até 19-01-2026\venv_mapbiomas\Lib\site-packages\matplotlib\mpl-data\sample_data","G:\001_TESE_Prof. Maciel_até 19-01-2026\venv_mapbiomas\Lib\site-packages\matplotlib\mpl-data\sample_data\README.txt",".txt","128","23/01/2026 10:07:31"
"Stocks.csv","G:\001_TESE_Prof. Maciel_até 19-01-2026\venv_mapbiomas\Lib\site-packages\matplotlib\mpl-data\sample_data","G:\001_TESE_Prof. Maciel_até 19-01-2026\venv_mapbiomas\Lib\site-packages\matplotlib\mpl-data\sample_data\Stocks.csv",".csv","67924","23/01/2026 10:07:31"
"LICENSE.txt","G:\001_TESE_Prof. Maciel_até 19-01-2026\venv_mapbiomas\Lib\site-packages\numpy\_core\include\numpy\random","G:\001_TESE_Prof. Maciel_até 19-01-2026\venv_mapbiomas\Lib\site-packages\numpy\_core\include\numpy\random\LICENSE.txt",".txt","1039","23/01/2026 09:38:32"
"umath-validation-set-arccos.csv","G:\001_TESE_Prof. Maciel_até 19-01-2026\venv_mapbiomas\Lib\site-packages\numpy\_core\tests\data","G:\001_TESE_Prof. Maciel_até 19-01-2026\venv_mapbiomas\Lib\site-packages\numpy\_core\tests\data\umath-validation-set-arccos.csv",".csv","62794","23/01/2026 09:38:33"
"umath-validation-set-arccosh.csv","G:\001_TESE_Prof. Maciel_até 19-01-2026\venv_mapbiomas\Lib\site-packages\numpy\_core\tests\data","G:\001_TESE_Prof. Maciel_até 19-01-2026\venv_mapbiomas\Lib\site-packages\numpy\_core\tests\data\umath-validation-set-arccosh.csv",".csv","62794","23/01/2026 09:38:33"
"umath-validation-set-arcsin.csv","G:\001_TESE_Prof. Maciel_até 19-01-2026\venv_mapbiomas\Lib\site-packages\numpy\_core\tests\data","G:\001_TESE_Prof. Maciel_até 19-01-2026\venv_mapbiomas\Lib\site-packages\numpy\_core\tests\data\umath-validation-set-arcsin.csv",".csv","62768","23/01/2026 09:38:33"
"umath-validation-set-arcsinh.csv","G:\001_TESE_Prof. Maciel_até 19-01-2026\venv_mapbiomas\Lib\site-packages\numpy\_core\tests\data","G:\001_TESE_Prof. Maciel_até 19-01-2026\venv_mapbiomas\Lib\site-packages\numpy\_core\tests\data\umath-validation-set-arcsinh.csv",".csv","61718","23/01/2026 09:38:33"
"umath-validation-set-arctan.csv","G:\001_TESE_Prof. Maciel_até 19-01-2026\venv_mapbiomas\Lib\site-packages\numpy\_core\tests\data","G:\001_TESE_Prof. Maciel_até 19-01-2026\venv_mapbiomas\Lib\site-packages\numpy\_core\tests\data\umath-validation-set-arctan.csv",".csv","61734","23/01/2026 09:38:33"
"umath-validation-set-arctanh.csv","G:\001_TESE_Prof. Maciel_até 19-01-2026\venv_mapbiomas\Lib\site-packages\numpy\_core\tests\data","G:\001_TESE_Prof. Maciel_até 19-01-2026\venv_mapbiomas\Lib\site-packages\numpy\_core\tests\data\umath-validation-set-arctanh.csv",".csv","62768","23/01/2026 09:38:33"
"umath-validation-set-cbrt.csv","G:\001_TESE_Prof. Maciel_até 19-01-2026\venv_mapbiomas\Lib\site-packages\numpy\_core\tests\data","G:\001_TESE_Prof. Maciel_até 19-01-2026\venv_mapbiomas\Lib\site-packages\numpy\_core\tests\data\umath-validation-set-cbrt.csv",".csv","62275","23/01/2026 09:38:33"
"umath-validation-set-cos.csv","G:\001_TESE_Prof. Maciel_até 19-01-2026\venv_mapbiomas\Lib\site-packages\numpy\_core\tests\data","G:\001_TESE_Prof. Maciel_até 19-01-2026\venv_mapbiomas\Lib\site-packages\numpy\_core\tests\data\umath-validation-set-cos.csv",".csv","60497","23/01/2026 09:38:33"
"umath-validation-set-cosh.csv","G:\001_TESE_Prof. Maciel_até 19-01-2026\venv_mapbiomas\Lib\site-packages\numpy\_core\tests\data","G:\001_TESE_Prof. Maciel_até 19-01-2026\venv_mapbiomas\Lib\site-packages\numpy\_core\tests\data\umath-validation-set-cosh.csv",".csv","62298","23/01/2026 09:38:33"
"umath-validation-set-exp.csv","G:\001_TESE_Prof. Maciel_até 19-01-2026\venv_mapbiomas\Lib\site-packages\numpy\_core\tests\data","G:\001_TESE_Prof. Maciel_até 19-01-2026\venv_mapbiomas\Lib\site-packages\numpy\_core\tests\data\umath-validation-set-exp.csv",".csv","17903","23/01/2026 09:38:33"
"umath-validation-set-exp2.csv","G:\001_TESE_Prof. Maciel_até 19-01-2026\venv_mapbiomas\Lib\site-packages\numpy\_core\tests\data","G:\001_TESE_Prof. Maciel_até 19-01-2026\venv_mapbiomas\Lib\site-packages\numpy\_core\tests\data\umath-validation-set-exp2.csv",".csv","60053","23/01/2026 09:38:33"
"umath-validation-set-expm1.csv","G:\001_TESE_Prof. Maciel_até 19-01-2026\venv_mapbiomas\Lib\site-packages\numpy\_core\tests\data","G:\001_TESE_Prof. Maciel_até 19-01-2026\venv_mapbiomas\Lib\site-packages\numpy\_core\tests\data\umath-validation-set-expm1.csv",".csv","61728","23/01/2026 09:38:33"
"umath-validation-set-log.csv","G:\001_TESE_Prof. Maciel_até 19-01-2026\venv_mapbiomas\Lib\site-packages\numpy\_core\tests\data","G:\001_TESE_Prof. Maciel_até 19-01-2026\venv_mapbiomas\Lib\site-packages\numpy\_core\tests\data\umath-validation-set-log.csv",".csv","11963","23/01/2026 09:38:33"
"umath-validation-set-log10.csv","G:\001_TESE_Prof. Maciel_até 19-01-2026\venv_mapbiomas\Lib\site-packages\numpy\_core\tests\data","G:\001_TESE_Prof. Maciel_até 19-01-2026\venv_mapbiomas\Lib\site-packages\numpy\_core\tests\data\umath-validation-set-log10.csv",".csv","70551","23/01/2026 09:38:33"
"umath-validation-set-log1p.csv","G:\001_TESE_Prof. Maciel_até 19-01-2026\venv_mapbiomas\Lib\site-packages\numpy\_core\tests\data","G:\001_TESE_Prof. Maciel_até 19-01-2026\venv_mapbiomas\Lib\site-packages\numpy\_core\tests\data\umath-validation-set-log1p.csv",".csv","61732","23/01/2026 09:38:33"
"umath-validation-set-log2.csv","G:\001_TESE_Prof. Maciel_até 19-01-2026\venv_mapbiomas\Lib\site-packages\numpy\_core\tests\data","G:\001_TESE_Prof. Maciel_até 19-01-2026\venv_mapbiomas\Lib\site-packages\numpy\_core\tests\data\umath-validation-set-log2.csv",".csv","70546","23/01/2026 09:38:33"
"umath-validation-set-README.txt","G:\001_TESE_Prof. Maciel_até 19-01-2026\venv_mapbiomas\Lib\site-packages\numpy\_core\tests\data","G:\001_TESE_Prof. Maciel_até 19-01-2026\venv_mapbiomas\Lib\site-packages\numpy\_core\tests\data\umath-validation-set-README.txt",".txt","982","23/01/2026 09:38:33"
"umath-validation-set-sin.csv","G:\001_TESE_Prof. Maciel_até 19-01-2026\venv_mapbiomas\Lib\site-packages\numpy\_core\tests\data","G:\001_TESE_Prof. Maciel_até 19-01-2026\venv_mapbiomas\Lib\site-packages\numpy\_core\tests\data\umath-validation-set-sin.csv",".csv","59981","23/01/2026 09:38:33"
"umath-validation-set-sinh.csv","G:\001_TESE_Prof. Maciel_até 19-01-2026\venv_mapbiomas\Lib\site-packages\numpy\_core\tests\data","G:\001_TESE_Prof. Maciel_até 19-01-2026\venv_mapbiomas\Lib\site-packages\numpy\_core\tests\data\umath-validation-set-sinh.csv",".csv","61722","23/01/2026 09:38:33"
"umath-validation-set-tan.csv","G:\001_TESE_Prof. Maciel_até 19-01-2026\venv_mapbiomas\Lib\site-packages\numpy\_core\tests\data","G:\001_TESE_Prof. Maciel_até 19-01-2026\venv_mapbiomas\Lib\site-packages\numpy\_core\tests\data\umath-validation-set-tan.csv",".csv","61728","23/01/2026 09:38:33"
"umath-validation-set-tanh.csv","G:\001_TESE_Prof. Maciel_até 19-01-2026\venv_mapbiomas\Lib\site-packages\numpy\_core\tests\data","G:\001_TESE_Prof. Maciel_até 19-01-2026\venv_mapbiomas\Lib\site-packages\numpy\_core\tests\data\umath-validation-set-tanh.csv",".csv","61728","23/01/2026 09:38:33"
"API_CHANGES.txt","G:\001_TESE_Prof. Maciel_até 19-01-2026\venv_mapbiomas\Lib\site-packages\numpy\ma","G:\001_TESE_Prof. Maciel_até 19-01-2026\venv_mapbiomas\Lib\site-packages\numpy\ma\API_CHANGES.txt",".txt","3540","23/01/2026 09:38:32"
"LICENSE.md","G:\001_TESE_Prof. Maciel_até 19-01-2026\venv_mapbiomas\Lib\site-packages\numpy\random","G:\001_TESE_Prof. Maciel_até 19-01-2026\venv_mapbiomas\Lib\site-packages\numpy\random\LICENSE.md",".md","3582","23/01/2026 09:38:32"
"mt19937-testset-1.csv","G:\001_TESE_Prof. Maciel_até 19-01-2026\venv_mapbiomas\Lib\site-packages\numpy\random\tests\data","G:\001_TESE_Prof. Maciel_até 19-01-2026\venv_mapbiomas\Lib\site-packages\numpy\random\tests\data\mt19937-testset-1.csv",".csv","16845","23/01/2026 09:38:32"
"mt19937-testset-2.csv","G:\001_TESE_Prof. Maciel_até 19-01-2026\venv_mapbiomas\Lib\site-packages\numpy\random\tests\data","G:\001_TESE_Prof. Maciel_até 19-01-2026\venv_mapbiomas\Lib\site-packages\numpy\random\tests\data\mt19937-testset-2.csv",".csv","16826","23/01/2026 09:38:32"
"pcg64dxsm-testset-1.csv","G:\001_TESE_Prof. Maciel_até 19-01-2026\venv_mapbiomas\Lib\site-packages\numpy\random\tests\data","G:\001_TESE_Prof. Maciel_até 19-01-2026\venv_mapbiomas\Lib\site-packages\numpy\random\tests\data\pcg64dxsm-testset-1.csv",".csv","24834","23/01/2026 09:38:32"
"pcg64dxsm-testset-2.csv","G:\001_TESE_Prof. Maciel_até 19-01-2026\venv_mapbiomas\Lib\site-packages\numpy\random\tests\data","G:\001_TESE_Prof. Maciel_até 19-01-2026\venv_mapbiomas\Lib\site-packages\numpy\random\tests\data\pcg64dxsm-testset-2.csv",".csv","24840","23/01/2026 09:38:32"
"pcg64-testset-1.csv","G:\001_TESE_Prof. Maciel_até 19-01-2026\venv_mapbiomas\Lib\site-packages\numpy\random\tests\data","G:\001_TESE_Prof. Maciel_até 19-01-2026\venv_mapbiomas\Lib\site-packages\numpy\random\tests\data\pcg64-testset-1.csv",".csv","24840","23/01/2026 09:38:32"
"pcg64-testset-2.csv","G:\001_TESE_Prof. Maciel_até 19-01-2026\venv_mapbiomas\Lib\site-packages\numpy\random\tests\data","G:\001_TESE_Prof. Maciel_até 19-01-2026\venv_mapbiomas\Lib\site-packages\numpy\random\tests\data\pcg64-testset-2.csv",".csv","24846","23/01/2026 09:38:32"
"philox-testset-1.csv","G:\001_TESE_Prof. Maciel_até 19-01-2026\venv_mapbiomas\Lib\site-packages\numpy\random\tests\data","G:\001_TESE_Prof. Maciel_até 19-01-2026\venv_mapbiomas\Lib\site-packages\numpy\random\tests\data\philox-testset-1.csv",".csv","24853","23/01/2026 09:38:32"
"philox-testset-2.csv","G:\001_TESE_Prof. Maciel_até 19-01-2026\venv_mapbiomas\Lib\site-packages\numpy\random\tests\data","G:\001_TESE_Prof. Maciel_até 19-01-2026\venv_mapbiomas\Lib\site-packages\numpy\random\tests\data\philox-testset-2.csv",".csv","24839","23/01/2026 09:38:32"
"sfc64-testset-1.csv","G:\001_TESE_Prof. Maciel_até 19-01-2026\venv_mapbiomas\Lib\site-packages\numpy\random\tests\data","G:\001_TESE_Prof. Maciel_até 19-01-2026\venv_mapbiomas\Lib\site-packages\numpy\random\tests\data\sfc64-testset-1.csv",".csv","24841","23/01/2026 09:38:32"
"sfc64-testset-2.csv","G:\001_TESE_Prof. Maciel_até 19-01-2026\venv_mapbiomas\Lib\site-packages\numpy\random\tests\data","G:\001_TESE_Prof. Maciel_até 19-01-2026\venv_mapbiomas\Lib\site-packages\numpy\random\tests\data\sfc64-testset-2.csv",".csv","24834","23/01/2026 09:38:32"
"entry_points.txt","G:\001_TESE_Prof. Maciel_até 19-01-2026\venv_mapbiomas\Lib\site-packages\numpy-2.4.1.dist-info","G:\001_TESE_Prof. Maciel_até 19-01-2026\venv_mapbiomas\Lib\site-packages\numpy-2.4.1.dist-info\entry_points.txt",".txt","220","23/01/2026 09:38:33"
"LICENSE.txt","G:\001_TESE_Prof. Maciel_até 19-01-2026\venv_mapbiomas\Lib\site-packages\numpy-2.4.1.dist-info\licenses","G:\001_TESE_Prof. Maciel_até 19-01-2026\venv_mapbiomas\Lib\site-packages\numpy-2.4.1.dist-info\licenses\LICENSE.txt",".txt","45831","23/01/2026 09:38:33"
"LICENSE.txt","G:\001_TESE_Prof. Maciel_até 19-01-2026\venv_mapbiomas\Lib\site-packages\numpy-2.4.1.dist-info\licenses\numpy\_core\include\numpy\libdivide","G:\001_TESE_Prof. Maciel_até 19-01-2026\venv_mapbiomas\Lib\site-packages\numpy-2.4.1.dist-info\licenses\numpy\_core\include\numpy\libdivide\LICENSE.txt",".txt","1039","23/01/2026 09:38:33"
"dragon4_LICENSE.txt","G:\001_TESE_Prof. Maciel_até 19-01-2026\venv_mapbiomas\Lib\site-packages\numpy-2.4.1.dist-info\licenses\numpy\_core\src\multiarray","G:\001_TESE_Prof. Maciel_até 19-01-2026\venv_mapbiomas\Lib\site-packages\numpy-2.4.1.dist-info\licenses\numpy\_core\src\multiarray\dragon4_LICENSE.txt",".txt","1441","23/01/2026 09:38:33"
"LICENSE.md","G:\001_TESE_Prof. Maciel_até 19-01-2026\venv_mapbiomas\Lib\site-packages\numpy-2.4.1.dist-info\licenses\numpy\_core\src\npysort\x86-simd-sort","G:\001_TESE_Prof. Maciel_até 19-01-2026\venv_mapbiomas\Lib\site-packages\numpy-2.4.1.dist-info\licenses\numpy\_core\src\npysort\x86-simd-sort\LICENSE.md",".md","1542","23/01/2026 09:38:33"
"LICENSE.md","G:\001_TESE_Prof. Maciel_até 19-01-2026\venv_mapbiomas\Lib\site-packages\numpy-2.4.1.dist-info\licenses\numpy\fft\pocketfft","G:\001_TESE_Prof. Maciel_até 19-01-2026\venv_mapbiomas\Lib\site-packages\numpy-2.4.1.dist-info\licenses\numpy\fft\pocketfft\LICENSE.md",".md","1523","23/01/2026 09:38:33"
"LICENSE.txt","G:\001_TESE_Prof. Maciel_até 19-01-2026\venv_mapbiomas\Lib\site-packages\numpy-2.4.1.dist-info\licenses\numpy\linalg\lapack_lite","G:\001_TESE_Prof. Maciel_até 19-01-2026\venv_mapbiomas\Lib\site-packages\numpy-2.4.1.dist-info\licenses\numpy\linalg\lapack_lite\LICENSE.txt",".txt","2314","23/01/2026 09:38:33"
"LICENSE.md","G:\001_TESE_Prof. Maciel_até 19-01-2026\venv_mapbiomas\Lib\site-packages\numpy-2.4.1.dist-info\licenses\numpy\random","G:\001_TESE_Prof. Maciel_até 19-01-2026\venv_mapbiomas\Lib\site-packages\numpy-2.4.1.dist-info\licenses\numpy\random\LICENSE.md",".md","3582","23/01/2026 09:38:33"
"LICENSE.md","G:\001_TESE_Prof. Maciel_até 19-01-2026\venv_mapbiomas\Lib\site-packages\numpy-2.4.1.dist-info\licenses\numpy\random\src\distributions","G:\001_TESE_Prof. Maciel_até 19-01-2026\venv_mapbiomas\Lib\site-packages\numpy-2.4.1.dist-info\licenses\numpy\random\src\distributions\LICENSE.md",".md","2805","23/01/2026 09:38:33"
"LICENSE.md","G:\001_TESE_Prof. Maciel_até 19-01-2026\venv_mapbiomas\Lib\site-packages\numpy-2.4.1.dist-info\licenses\numpy\random\src\mt19937","G:\001_TESE_Prof. Maciel_até 19-01-2026\venv_mapbiomas\Lib\site-packages\numpy-2.4.1.dist-info\licenses\numpy\random\src\mt19937\LICENSE.md",".md","2986","23/01/2026 09:38:33"
"LICENSE.md","G:\001_TESE_Prof. Maciel_até 19-01-2026\venv_mapbiomas\Lib\site-packages\numpy-2.4.1.dist-info\licenses\numpy\random\src\pcg64","G:\001_TESE_Prof. Maciel_até 19-01-2026\venv_mapbiomas\Lib\site-packages\numpy-2.4.1.dist-info\licenses\numpy\random\src\pcg64\LICENSE.md",".md","1176","23/01/2026 09:38:33"
"LICENSE.md","G:\001_TESE_Prof. Maciel_até 19-01-2026\venv_mapbiomas\Lib\site-packages\numpy-2.4.1.dist-info\licenses\numpy\random\src\philox","G:\001_TESE_Prof. Maciel_até 19-01-2026\venv_mapbiomas\Lib\site-packages\numpy-2.4.1.dist-info\licenses\numpy\random\src\philox\LICENSE.md",".md","1540","23/01/2026 09:38:33"
"LICENSE.md","G:\001_TESE_Prof. Maciel_até 19-01-2026\venv_mapbiomas\Lib\site-packages\numpy-2.4.1.dist-info\licenses\numpy\random\src\sfc64","G:\001_TESE_Prof. Maciel_até 19-01-2026\venv_mapbiomas\Lib\site-packages\numpy-2.4.1.dist-info\licenses\numpy\random\src\sfc64\LICENSE.md",".md","1253","23/01/2026 09:38:33"
"LICENSE.md","G:\001_TESE_Prof. Maciel_até 19-01-2026\venv_mapbiomas\Lib\site-packages\numpy-2.4.1.dist-info\licenses\numpy\random\src\splitmix64","G:\001_TESE_Prof. Maciel_até 19-01-2026\venv_mapbiomas\Lib\site-packages\numpy-2.4.1.dist-info\licenses\numpy\random\src\splitmix64\LICENSE.md",".md","340","23/01/2026 09:38:33"
"top_level.txt","G:\001_TESE_Prof. Maciel_até 19-01-2026\venv_mapbiomas\Lib\site-packages\pillow-12.1.0.dist-info","G:\001_TESE_Prof. Maciel_até 19-01-2026\venv_mapbiomas\Lib\site-packages\pillow-12.1.0.dist-info\top_level.txt",".txt","4","23/01/2026 10:07:25"
"vendor.txt","G:\001_TESE_Prof. Maciel_até 19-01-2026\venv_mapbiomas\Lib\site-packages\pip\_vendor","G:\001_TESE_Prof. Maciel_até 19-01-2026\venv_mapbiomas\Lib\site-packages\pip\_vendor\vendor.txt",".txt","332","19/01/2026 13:49:00"
"AUTHORS.txt","G:\001_TESE_Prof. Maciel_até 19-01-2026\venv_mapbiomas\Lib\site-packages\pip-24.3.1.dist-info","G:\001_TESE_Prof. Maciel_até 19-01-2026\venv_mapbiomas\Lib\site-packages\pip-24.3.1.dist-info\AUTHORS.txt",".txt","10925","19/01/2026 13:49:00"
"entry_points.txt","G:\001_TESE_Prof. Maciel_até 19-01-2026\venv_mapbiomas\Lib\site-packages\pip-24.3.1.dist-info","G:\001_TESE_Prof. Maciel_até 19-01-2026\venv_mapbiomas\Lib\site-packages\pip-24.3.1.dist-info\entry_points.txt",".txt","87","19/01/2026 13:49:00"
"LICENSE.txt","G:\001_TESE_Prof. Maciel_até 19-01-2026\venv_mapbiomas\Lib\site-packages\pip-24.3.1.dist-info","G:\001_TESE_Prof. Maciel_até 19-01-2026\venv_mapbiomas\Lib\site-packages\pip-24.3.1.dist-info\LICENSE.txt",".txt","1093","19/01/2026 13:49:00"
"top_level.txt","G:\001_TESE_Prof. Maciel_até 19-01-2026\venv_mapbiomas\Lib\site-packages\pip-24.3.1.dist-info","G:\001_TESE_Prof. Maciel_até 19-01-2026\venv_mapbiomas\Lib\site-packages\pip-24.3.1.dist-info\top_level.txt",".txt","4","19/01/2026 13:49:00"
"best_practices.md","G:\001_TESE_Prof. Maciel_até 19-01-2026\venv_mapbiomas\Lib\site-packages\pyparsing\ai","G:\001_TESE_Prof. Maciel_até 19-01-2026\venv_mapbiomas\Lib\site-packages\pyparsing\ai\best_practices.md",".md","8472","23/01/2026 09:38:32"
"top_level.txt","G:\001_TESE_Prof. Maciel_até 19-01-2026\venv_mapbiomas\Lib\site-packages\python_dateutil-2.9.0.post0.dist-info","G:\001_TESE_Prof. Maciel_até 19-01-2026\venv_mapbiomas\Lib\site-packages\python_dateutil-2.9.0.post0.dist-info\top_level.txt",".txt","9","23/01/2026 10:07:30"
"eedaconf.json","G:\001_TESE_Prof. Maciel_até 19-01-2026\venv_mapbiomas\Lib\site-packages\rasterio\gdal_data","G:\001_TESE_Prof. Maciel_até 19-01-2026\venv_mapbiomas\Lib\site-packages\rasterio\gdal_data\eedaconf.json",".json","411","23/01/2026 09:38:40"
"gdal_algorithm.schema.json","G:\001_TESE_Prof. Maciel_até 19-01-2026\venv_mapbiomas\Lib\site-packages\rasterio\gdal_data","G:\001_TESE_Prof. Maciel_até 19-01-2026\venv_mapbiomas\Lib\site-packages\rasterio\gdal_data\gdal_algorithm.schema.json",".json","7571","23/01/2026 09:38:40"
"gdalg.schema.json","G:\001_TESE_Prof. Maciel_até 19-01-2026\venv_mapbiomas\Lib\site-packages\rasterio\gdal_data","G:\001_TESE_Prof. Maciel_até 19-01-2026\venv_mapbiomas\Lib\site-packages\rasterio\gdal_data\gdalg.schema.json",".json","711","23/01/2026 09:38:40"
"gdalinfo_output.schema.json","G:\001_TESE_Prof. Maciel_até 19-01-2026\venv_mapbiomas\Lib\site-packages\rasterio\gdal_data","G:\001_TESE_Prof. Maciel_até 19-01-2026\venv_mapbiomas\Lib\site-packages\rasterio\gdal_data\gdalinfo_output.schema.json",".json","9215","23/01/2026 09:38:40"
"gdalmdiminfo_output.schema.json","G:\001_TESE_Prof. Maciel_até 19-01-2026\venv_mapbiomas\Lib\site-packages\rasterio\gdal_data","G:\001_TESE_Prof. Maciel_até 19-01-2026\venv_mapbiomas\Lib\site-packages\rasterio\gdal_data\gdalmdiminfo_output.schema.json",".json","7449","23/01/2026 09:38:40"
"grib2_center.csv","G:\001_TESE_Prof. Maciel_até 19-01-2026\venv_mapbiomas\Lib\site-packages\rasterio\gdal_data","G:\001_TESE_Prof. Maciel_até 19-01-2026\venv_mapbiomas\Lib\site-packages\rasterio\gdal_data\grib2_center.csv",".csv","4171","23/01/2026 09:38:40"
"grib2_process.csv","G:\001_TESE_Prof. Maciel_até 19-01-2026\venv_mapbiomas\Lib\site-packages\rasterio\gdal_data","G:\001_TESE_Prof. Maciel_até 19-01-2026\venv_mapbiomas\Lib\site-packages\rasterio\gdal_data\grib2_process.csv",".csv","4926","23/01/2026 09:38:40"
"grib2_subcenter.csv","G:\001_TESE_Prof. Maciel_até 19-01-2026\venv_mapbiomas\Lib\site-packages\rasterio\gdal_data","G:\001_TESE_Prof. Maciel_até 19-01-2026\venv_mapbiomas\Lib\site-packages\rasterio\gdal_data\grib2_subcenter.csv",".csv","2328","23/01/2026 09:38:40"
"grib2_table_4_2_0_0.csv","G:\001_TESE_Prof. Maciel_até 19-01-2026\venv_mapbiomas\Lib\site-packages\rasterio\gdal_data","G:\001_TESE_Prof. Maciel_até 19-01-2026\venv_mapbiomas\Lib\site-packages\rasterio\gdal_data\grib2_table_4_2_0_0.csv",".csv","10363","23/01/2026 09:38:40"
"grib2_table_4_2_0_1.csv","G:\001_TESE_Prof. Maciel_até 19-01-2026\venv_mapbiomas\Lib\site-packages\rasterio\gdal_data","G:\001_TESE_Prof. Maciel_até 19-01-2026\venv_mapbiomas\Lib\site-packages\rasterio\gdal_data\grib2_table_4_2_0_1.csv",".csv","16886","23/01/2026 09:38:40"
"grib2_table_4_2_0_13.csv","G:\001_TESE_Prof. Maciel_até 19-01-2026\venv_mapbiomas\Lib\site-packages\rasterio\gdal_data","G:\001_TESE_Prof. Maciel_até 19-01-2026\venv_mapbiomas\Lib\site-packages\rasterio\gdal_data\grib2_table_4_2_0_13.csv",".csv","9596","23/01/2026 09:38:40"
"grib2_table_4_2_0_14.csv","G:\001_TESE_Prof. Maciel_até 19-01-2026\venv_mapbiomas\Lib\site-packages\rasterio\gdal_data","G:\001_TESE_Prof. Maciel_até 19-01-2026\venv_mapbiomas\Lib\site-packages\rasterio\gdal_data\grib2_table_4_2_0_14.csv",".csv","9551","23/01/2026 09:38:40"
"grib2_table_4_2_0_15.csv","G:\001_TESE_Prof. Maciel_até 19-01-2026\venv_mapbiomas\Lib\site-packages\rasterio\gdal_data","G:\001_TESE_Prof. Maciel_até 19-01-2026\venv_mapbiomas\Lib\site-packages\rasterio\gdal_data\grib2_table_4_2_0_15.csv",".csv","9846","23/01/2026 09:38:40"
"grib2_table_4_2_0_16.csv","G:\001_TESE_Prof. Maciel_até 19-01-2026\venv_mapbiomas\Lib\site-packages\rasterio\gdal_data","G:\001_TESE_Prof. Maciel_até 19-01-2026\venv_mapbiomas\Lib\site-packages\rasterio\gdal_data\grib2_table_4_2_0_16.csv",".csv","9671","23/01/2026 09:38:40"
"grib2_table_4_2_0_17.csv","G:\001_TESE_Prof. Maciel_até 19-01-2026\venv_mapbiomas\Lib\site-packages\rasterio\gdal_data","G:\001_TESE_Prof. Maciel_até 19-01-2026\venv_mapbiomas\Lib\site-packages\rasterio\gdal_data\grib2_table_4_2_0_17.csv",".csv","9706","23/01/2026 09:38:40"
"grib2_table_4_2_0_18.csv","G:\001_TESE_Prof. Maciel_até 19-01-2026\venv_mapbiomas\Lib\site-packages\rasterio\gdal_data","G:\001_TESE_Prof. Maciel_até 19-01-2026\venv_mapbiomas\Lib\site-packages\rasterio\gdal_data\grib2_table_4_2_0_18.csv",".csv","10369","23/01/2026 09:38:40"
"grib2_table_4_2_0_19.csv","G:\001_TESE_Prof. Maciel_até 19-01-2026\venv_mapbiomas\Lib\site-packages\rasterio\gdal_data","G:\001_TESE_Prof. Maciel_até 19-01-2026\venv_mapbiomas\Lib\site-packages\rasterio\gdal_data\grib2_table_4_2_0_19.csv",".csv","12208","23/01/2026 09:38:40"
"grib2_table_4_2_0_190.csv","G:\001_TESE_Prof. Maciel_até 19-01-2026\venv_mapbiomas\Lib\site-packages\rasterio\gdal_data","G:\001_TESE_Prof. Maciel_até 19-01-2026\venv_mapbiomas\Lib\site-packages\rasterio\gdal_data\grib2_table_4_2_0_190.csv",".csv","9507","23/01/2026 09:38:40"
"grib2_table_4_2_0_191.csv","G:\001_TESE_Prof. Maciel_até 19-01-2026\venv_mapbiomas\Lib\site-packages\rasterio\gdal_data","G:\001_TESE_Prof. Maciel_até 19-01-2026\venv_mapbiomas\Lib\site-packages\rasterio\gdal_data\grib2_table_4_2_0_191.csv",".csv","9787","23/01/2026 09:38:40"
"grib2_table_4_2_0_2.csv","G:\001_TESE_Prof. Maciel_até 19-01-2026\venv_mapbiomas\Lib\site-packages\rasterio\gdal_data","G:\001_TESE_Prof. Maciel_até 19-01-2026\venv_mapbiomas\Lib\site-packages\rasterio\gdal_data\grib2_table_4_2_0_2.csv",".csv","11460","23/01/2026 09:38:40"
"grib2_table_4_2_0_20.csv","G:\001_TESE_Prof. Maciel_até 19-01-2026\venv_mapbiomas\Lib\site-packages\rasterio\gdal_data","G:\001_TESE_Prof. Maciel_até 19-01-2026\venv_mapbiomas\Lib\site-packages\rasterio\gdal_data\grib2_table_4_2_0_20.csv",".csv","12360","23/01/2026 09:38:40"
"grib2_table_4_2_0_21.csv","G:\001_TESE_Prof. Maciel_até 19-01-2026\venv_mapbiomas\Lib\site-packages\rasterio\gdal_data","G:\001_TESE_Prof. Maciel_até 19-01-2026\venv_mapbiomas\Lib\site-packages\rasterio\gdal_data\grib2_table_4_2_0_21.csv",".csv","10389","23/01/2026 09:38:40"
"grib2_table_4_2_0_22.csv","G:\001_TESE_Prof. Maciel_até 19-01-2026\venv_mapbiomas\Lib\site-packages\rasterio\gdal_data","G:\001_TESE_Prof. Maciel_até 19-01-2026\venv_mapbiomas\Lib\site-packages\rasterio\gdal_data\grib2_table_4_2_0_22.csv",".csv","9800","23/01/2026 09:38:40"
"grib2_table_4_2_0_3.csv","G:\001_TESE_Prof. Maciel_até 19-01-2026\venv_mapbiomas\Lib\site-packages\rasterio\gdal_data","G:\001_TESE_Prof. Maciel_até 19-01-2026\venv_mapbiomas\Lib\site-packages\rasterio\gdal_data\grib2_table_4_2_0_3.csv",".csv","10918","23/01/2026 09:38:40"
"grib2_table_4_2_0_4.csv","G:\001_TESE_Prof. Maciel_até 19-01-2026\venv_mapbiomas\Lib\site-packages\rasterio\gdal_data","G:\001_TESE_Prof. Maciel_até 19-01-2026\venv_mapbiomas\Lib\site-packages\rasterio\gdal_data\grib2_table_4_2_0_4.csv",".csv","10666","23/01/2026 09:38:40"
"grib2_table_4_2_0_5.csv","G:\001_TESE_Prof. Maciel_até 19-01-2026\venv_mapbiomas\Lib\site-packages\rasterio\gdal_data","G:\001_TESE_Prof. Maciel_até 19-01-2026\venv_mapbiomas\Lib\site-packages\rasterio\gdal_data\grib2_table_4_2_0_5.csv",".csv","10031","23/01/2026 09:38:40"
"grib2_table_4_2_0_6.csv","G:\001_TESE_Prof. Maciel_até 19-01-2026\venv_mapbiomas\Lib\site-packages\rasterio\gdal_data","G:\001_TESE_Prof. Maciel_até 19-01-2026\venv_mapbiomas\Lib\site-packages\rasterio\gdal_data\grib2_table_4_2_0_6.csv",".csv","11670","23/01/2026 09:38:40"
"grib2_table_4_2_0_7.csv","G:\001_TESE_Prof. Maciel_até 19-01-2026\venv_mapbiomas\Lib\site-packages\rasterio\gdal_data","G:\001_TESE_Prof. Maciel_até 19-01-2026\venv_mapbiomas\Lib\site-packages\rasterio\gdal_data\grib2_table_4_2_0_7.csv",".csv","10492","23/01/2026 09:38:40"
"grib2_table_4_2_1_0.csv","G:\001_TESE_Prof. Maciel_até 19-01-2026\venv_mapbiomas\Lib\site-packages\rasterio\gdal_data","G:\001_TESE_Prof. Maciel_até 19-01-2026\venv_mapbiomas\Lib\site-packages\rasterio\gdal_data\grib2_table_4_2_1_0.csv",".csv","10216","23/01/2026 09:38:40"
"grib2_table_4_2_1_1.csv","G:\001_TESE_Prof. Maciel_até 19-01-2026\venv_mapbiomas\Lib\site-packages\rasterio\gdal_data","G:\001_TESE_Prof. Maciel_até 19-01-2026\venv_mapbiomas\Lib\site-packages\rasterio\gdal_data\grib2_table_4_2_1_1.csv",".csv","9655","23/01/2026 09:38:40"
"grib2_table_4_2_1_2.csv","G:\001_TESE_Prof. Maciel_até 19-01-2026\venv_mapbiomas\Lib\site-packages\rasterio\gdal_data","G:\001_TESE_Prof. Maciel_até 19-01-2026\venv_mapbiomas\Lib\site-packages\rasterio\gdal_data\grib2_table_4_2_1_2.csv",".csv","9979","23/01/2026 09:38:40"
"grib2_table_4_2_10_0.csv","G:\001_TESE_Prof. Maciel_até 19-01-2026\venv_mapbiomas\Lib\site-packages\rasterio\gdal_data","G:\001_TESE_Prof. Maciel_até 19-01-2026\venv_mapbiomas\Lib\site-packages\rasterio\gdal_data\grib2_table_4_2_10_0.csv",".csv","12637","23/01/2026 09:38:40"
"grib2_table_4_2_10_1.csv","G:\001_TESE_Prof. Maciel_até 19-01-2026\venv_mapbiomas\Lib\site-packages\rasterio\gdal_data","G:\001_TESE_Prof. Maciel_até 19-01-2026\venv_mapbiomas\Lib\site-packages\rasterio\gdal_data\grib2_table_4_2_10_1.csv",".csv","9625","23/01/2026 09:38:40"
"grib2_table_4_2_10_191.csv","G:\001_TESE_Prof. Maciel_até 19-01-2026\venv_mapbiomas\Lib\site-packages\rasterio\gdal_data","G:\001_TESE_Prof. Maciel_até 19-01-2026\venv_mapbiomas\Lib\site-packages\rasterio\gdal_data\grib2_table_4_2_10_191.csv",".csv","9634","23/01/2026 09:38:40"
"grib2_table_4_2_10_2.csv","G:\001_TESE_Prof. Maciel_até 19-01-2026\venv_mapbiomas\Lib\site-packages\rasterio\gdal_data","G:\001_TESE_Prof. Maciel_até 19-01-2026\venv_mapbiomas\Lib\site-packages\rasterio\gdal_data\grib2_table_4_2_10_2.csv",".csv","10221","23/01/2026 09:38:40"
"grib2_table_4_2_10_3.csv","G:\001_TESE_Prof. Maciel_até 19-01-2026\venv_mapbiomas\Lib\site-packages\rasterio\gdal_data","G:\001_TESE_Prof. Maciel_até 19-01-2026\venv_mapbiomas\Lib\site-packages\rasterio\gdal_data\grib2_table_4_2_10_3.csv",".csv","10055","23/01/2026 09:38:40"
"grib2_table_4_2_10_4.csv","G:\001_TESE_Prof. Maciel_até 19-01-2026\venv_mapbiomas\Lib\site-packages\rasterio\gdal_data","G:\001_TESE_Prof. Maciel_até 19-01-2026\venv_mapbiomas\Lib\site-packages\rasterio\gdal_data\grib2_table_4_2_10_4.csv",".csv","11327","23/01/2026 09:38:40"
"grib2_table_4_2_2_0.csv","G:\001_TESE_Prof. Maciel_até 19-01-2026\venv_mapbiomas\Lib\site-packages\rasterio\gdal_data","G:\001_TESE_Prof. Maciel_até 19-01-2026\venv_mapbiomas\Lib\site-packages\rasterio\gdal_data\grib2_table_4_2_2_0.csv",".csv","13011","23/01/2026 09:38:40"
"grib2_table_4_2_2_3.csv","G:\001_TESE_Prof. Maciel_até 19-01-2026\venv_mapbiomas\Lib\site-packages\rasterio\gdal_data","G:\001_TESE_Prof. Maciel_até 19-01-2026\venv_mapbiomas\Lib\site-packages\rasterio\gdal_data\grib2_table_4_2_2_3.csv",".csv","10651","23/01/2026 09:38:40"
"grib2_table_4_2_2_4.csv","G:\001_TESE_Prof. Maciel_até 19-01-2026\venv_mapbiomas\Lib\site-packages\rasterio\gdal_data","G:\001_TESE_Prof. Maciel_até 19-01-2026\venv_mapbiomas\Lib\site-packages\rasterio\gdal_data\grib2_table_4_2_2_4.csv",".csv","11589","23/01/2026 09:38:40"
"grib2_table_4_2_2_5.csv","G:\001_TESE_Prof. Maciel_até 19-01-2026\venv_mapbiomas\Lib\site-packages\rasterio\gdal_data","G:\001_TESE_Prof. Maciel_até 19-01-2026\venv_mapbiomas\Lib\site-packages\rasterio\gdal_data\grib2_table_4_2_2_5.csv",".csv","9513","23/01/2026 09:38:40"
"grib2_table_4_2_2_6.csv","G:\001_TESE_Prof. Maciel_até 19-01-2026\venv_mapbiomas\Lib\site-packages\rasterio\gdal_data","G:\001_TESE_Prof. Maciel_até 19-01-2026\venv_mapbiomas\Lib\site-packages\rasterio\gdal_data\grib2_table_4_2_2_6.csv",".csv","9687","23/01/2026 09:38:40"
"grib2_table_4_2_2_7.csv","G:\001_TESE_Prof. Maciel_até 19-01-2026\venv_mapbiomas\Lib\site-packages\rasterio\gdal_data","G:\001_TESE_Prof. Maciel_até 19-01-2026\venv_mapbiomas\Lib\site-packages\rasterio\gdal_data\grib2_table_4_2_2_7.csv",".csv","9532","23/01/2026 09:38:40"
"grib2_table_4_2_20_0.csv","G:\001_TESE_Prof. Maciel_até 19-01-2026\venv_mapbiomas\Lib\site-packages\rasterio\gdal_data","G:\001_TESE_Prof. Maciel_até 19-01-2026\venv_mapbiomas\Lib\site-packages\rasterio\gdal_data\grib2_table_4_2_20_0.csv",".csv","9643","23/01/2026 09:38:40"
"grib2_table_4_2_20_1.csv","G:\001_TESE_Prof. Maciel_até 19-01-2026\venv_mapbiomas\Lib\site-packages\rasterio\gdal_data","G:\001_TESE_Prof. Maciel_até 19-01-2026\venv_mapbiomas\Lib\site-packages\rasterio\gdal_data\grib2_table_4_2_20_1.csv",".csv","9851","23/01/2026 09:38:40"
"grib2_table_4_2_20_2.csv","G:\001_TESE_Prof. Maciel_até 19-01-2026\venv_mapbiomas\Lib\site-packages\rasterio\gdal_data","G:\001_TESE_Prof. Maciel_até 19-01-2026\venv_mapbiomas\Lib\site-packages\rasterio\gdal_data\grib2_table_4_2_20_2.csv",".csv","9506","23/01/2026 09:38:40"
"grib2_table_4_2_20_3.csv","G:\001_TESE_Prof. Maciel_até 19-01-2026\venv_mapbiomas\Lib\site-packages\rasterio\gdal_data","G:\001_TESE_Prof. Maciel_até 19-01-2026\venv_mapbiomas\Lib\site-packages\rasterio\gdal_data\grib2_table_4_2_20_3.csv",".csv","9787","23/01/2026 09:38:40"
"grib2_table_4_2_3_0.csv","G:\001_TESE_Prof. Maciel_até 19-01-2026\venv_mapbiomas\Lib\site-packages\rasterio\gdal_data","G:\001_TESE_Prof. Maciel_até 19-01-2026\venv_mapbiomas\Lib\site-packages\rasterio\gdal_data\grib2_table_4_2_3_0.csv",".csv","10951","23/01/2026 09:38:40"
"grib2_table_4_2_3_1.csv","G:\001_TESE_Prof. Maciel_até 19-01-2026\venv_mapbiomas\Lib\site-packages\rasterio\gdal_data","G:\001_TESE_Prof. Maciel_até 19-01-2026\venv_mapbiomas\Lib\site-packages\rasterio\gdal_data\grib2_table_4_2_3_1.csv",".csv","10740","23/01/2026 09:38:40"
"grib2_table_4_2_3_2.csv","G:\001_TESE_Prof. Maciel_até 19-01-2026\venv_mapbiomas\Lib\site-packages\rasterio\gdal_data","G:\001_TESE_Prof. Maciel_até 19-01-2026\venv_mapbiomas\Lib\site-packages\rasterio\gdal_data\grib2_table_4_2_3_2.csv",".csv","11535","23/01/2026 09:38:40"
"grib2_table_4_2_3_3.csv","G:\001_TESE_Prof. Maciel_até 19-01-2026\venv_mapbiomas\Lib\site-packages\rasterio\gdal_data","G:\001_TESE_Prof. Maciel_até 19-01-2026\venv_mapbiomas\Lib\site-packages\rasterio\gdal_data\grib2_table_4_2_3_3.csv",".csv","9657","23/01/2026 09:38:40"
"grib2_table_4_2_3_4.csv","G:\001_TESE_Prof. Maciel_até 19-01-2026\venv_mapbiomas\Lib\site-packages\rasterio\gdal_data","G:\001_TESE_Prof. Maciel_até 19-01-2026\venv_mapbiomas\Lib\site-packages\rasterio\gdal_data\grib2_table_4_2_3_4.csv",".csv","9744","23/01/2026 09:38:40"
"grib2_table_4_2_3_5.csv","G:\001_TESE_Prof. Maciel_até 19-01-2026\venv_mapbiomas\Lib\site-packages\rasterio\gdal_data","G:\001_TESE_Prof. Maciel_até 19-01-2026\venv_mapbiomas\Lib\site-packages\rasterio\gdal_data\grib2_table_4_2_3_5.csv",".csv","9703","23/01/2026 09:38:40"
"grib2_table_4_2_3_6.csv","G:\001_TESE_Prof. Maciel_até 19-01-2026\venv_mapbiomas\Lib\site-packages\rasterio\gdal_data","G:\001_TESE_Prof. Maciel_até 19-01-2026\venv_mapbiomas\Lib\site-packages\rasterio\gdal_data\grib2_table_4_2_3_6.csv",".csv","9602","23/01/2026 09:38:40"
"grib2_table_4_2_4_0.csv","G:\001_TESE_Prof. Maciel_até 19-01-2026\venv_mapbiomas\Lib\site-packages\rasterio\gdal_data","G:\001_TESE_Prof. Maciel_até 19-01-2026\venv_mapbiomas\Lib\site-packages\rasterio\gdal_data\grib2_table_4_2_4_0.csv",".csv","9553","23/01/2026 09:38:40"
"grib2_table_4_2_4_1.csv","G:\001_TESE_Prof. Maciel_até 19-01-2026\venv_mapbiomas\Lib\site-packages\rasterio\gdal_data","G:\001_TESE_Prof. Maciel_até 19-01-2026\venv_mapbiomas\Lib\site-packages\rasterio\gdal_data\grib2_table_4_2_4_1.csv",".csv","9686","23/01/2026 09:38:40"
"grib2_table_4_2_4_10.csv","G:\001_TESE_Prof. Maciel_até 19-01-2026\venv_mapbiomas\Lib\site-packages\rasterio\gdal_data","G:\001_TESE_Prof. Maciel_até 19-01-2026\venv_mapbiomas\Lib\site-packages\rasterio\gdal_data\grib2_table_4_2_4_10.csv",".csv","9701","23/01/2026 09:38:40"
"grib2_table_4_2_4_2.csv","G:\001_TESE_Prof. Maciel_até 19-01-2026\venv_mapbiomas\Lib\site-packages\rasterio\gdal_data","G:\001_TESE_Prof. Maciel_até 19-01-2026\venv_mapbiomas\Lib\site-packages\rasterio\gdal_data\grib2_table_4_2_4_2.csv",".csv","9660","23/01/2026 09:38:40"
"grib2_table_4_2_4_3.csv","G:\001_TESE_Prof. Maciel_até 19-01-2026\venv_mapbiomas\Lib\site-packages\rasterio\gdal_data","G:\001_TESE_Prof. Maciel_até 19-01-2026\venv_mapbiomas\Lib\site-packages\rasterio\gdal_data\grib2_table_4_2_4_3.csv",".csv","9722","23/01/2026 09:38:40"
"grib2_table_4_2_4_4.csv","G:\001_TESE_Prof. Maciel_até 19-01-2026\venv_mapbiomas\Lib\site-packages\rasterio\gdal_data","G:\001_TESE_Prof. Maciel_até 19-01-2026\venv_mapbiomas\Lib\site-packages\rasterio\gdal_data\grib2_table_4_2_4_4.csv",".csv","9690","23/01/2026 09:38:40"
"grib2_table_4_2_4_5.csv","G:\001_TESE_Prof. Maciel_até 19-01-2026\venv_mapbiomas\Lib\site-packages\rasterio\gdal_data","G:\001_TESE_Prof. Maciel_até 19-01-2026\venv_mapbiomas\Lib\site-packages\rasterio\gdal_data\grib2_table_4_2_4_5.csv",".csv","9495","23/01/2026 09:38:40"
"grib2_table_4_2_4_6.csv","G:\001_TESE_Prof. Maciel_até 19-01-2026\venv_mapbiomas\Lib\site-packages\rasterio\gdal_data","G:\001_TESE_Prof. Maciel_até 19-01-2026\venv_mapbiomas\Lib\site-packages\rasterio\gdal_data\grib2_table_4_2_4_6.csv",".csv","9633","23/01/2026 09:38:40"
"grib2_table_4_2_4_7.csv","G:\001_TESE_Prof. Maciel_até 19-01-2026\venv_mapbiomas\Lib\site-packages\rasterio\gdal_data","G:\001_TESE_Prof. Maciel_até 19-01-2026\venv_mapbiomas\Lib\site-packages\rasterio\gdal_data\grib2_table_4_2_4_7.csv",".csv","9556","23/01/2026 09:38:40"
"grib2_table_4_2_4_8.csv","G:\001_TESE_Prof. Maciel_até 19-01-2026\venv_mapbiomas\Lib\site-packages\rasterio\gdal_data","G:\001_TESE_Prof. Maciel_até 19-01-2026\venv_mapbiomas\Lib\site-packages\rasterio\gdal_data\grib2_table_4_2_4_8.csv",".csv","9686","23/01/2026 09:38:40"
"grib2_table_4_2_4_9.csv","G:\001_TESE_Prof. Maciel_até 19-01-2026\venv_mapbiomas\Lib\site-packages\rasterio\gdal_data","G:\001_TESE_Prof. Maciel_até 19-01-2026\venv_mapbiomas\Lib\site-packages\rasterio\gdal_data\grib2_table_4_2_4_9.csv",".csv","9536","23/01/2026 09:38:40"
"grib2_table_4_2_local_Canada.csv","G:\001_TESE_Prof. Maciel_até 19-01-2026\venv_mapbiomas\Lib\site-packages\rasterio\gdal_data","G:\001_TESE_Prof. Maciel_até 19-01-2026\venv_mapbiomas\Lib\site-packages\rasterio\gdal_data\grib2_table_4_2_local_Canada.csv",".csv","333","23/01/2026 09:38:40"
"grib2_table_4_2_local_HPC.csv","G:\001_TESE_Prof. Maciel_até 19-01-2026\venv_mapbiomas\Lib\site-packages\rasterio\gdal_data","G:\001_TESE_Prof. Maciel_até 19-01-2026\venv_mapbiomas\Lib\site-packages\rasterio\gdal_data\grib2_table_4_2_local_HPC.csv",".csv","87","23/01/2026 09:38:40"
"grib2_table_4_2_local_index.csv","G:\001_TESE_Prof. Maciel_até 19-01-2026\venv_mapbiomas\Lib\site-packages\rasterio\gdal_data","G:\001_TESE_Prof. Maciel_até 19-01-2026\venv_mapbiomas\Lib\site-packages\rasterio\gdal_data\grib2_table_4_2_local_index.csv",".csv","251","23/01/2026 09:38:40"
"grib2_table_4_2_local_MRMS.csv","G:\001_TESE_Prof. Maciel_até 19-01-2026\venv_mapbiomas\Lib\site-packages\rasterio\gdal_data","G:\001_TESE_Prof. Maciel_até 19-01-2026\venv_mapbiomas\Lib\site-packages\rasterio\gdal_data\grib2_table_4_2_local_MRMS.csv",".csv","15587","23/01/2026 09:38:40"
"grib2_table_4_2_local_NCEP.csv","G:\001_TESE_Prof. Maciel_até 19-01-2026\venv_mapbiomas\Lib\site-packages\rasterio\gdal_data","G:\001_TESE_Prof. Maciel_até 19-01-2026\venv_mapbiomas\Lib\site-packages\rasterio\gdal_data\grib2_table_4_2_local_NCEP.csv",".csv","27977","23/01/2026 09:38:40"
"grib2_table_4_2_local_NDFD.csv","G:\001_TESE_Prof. Maciel_até 19-01-2026\venv_mapbiomas\Lib\site-packages\rasterio\gdal_data","G:\001_TESE_Prof. Maciel_até 19-01-2026\venv_mapbiomas\Lib\site-packages\rasterio\gdal_data\grib2_table_4_2_local_NDFD.csv",".csv","2659","23/01/2026 09:38:40"
"grib2_table_4_5.csv","G:\001_TESE_Prof. Maciel_até 19-01-2026\venv_mapbiomas\Lib\site-packages\rasterio\gdal_data","G:\001_TESE_Prof. Maciel_até 19-01-2026\venv_mapbiomas\Lib\site-packages\rasterio\gdal_data\grib2_table_4_5.csv",".csv","10213","23/01/2026 09:38:40"
"grib2_table_versions.csv","G:\001_TESE_Prof. Maciel_até 19-01-2026\venv_mapbiomas\Lib\site-packages\rasterio\gdal_data","G:\001_TESE_Prof. Maciel_até 19-01-2026\venv_mapbiomas\Lib\site-packages\rasterio\gdal_data\grib2_table_versions.csv",".csv","38","23/01/2026 09:38:40"
"gt_datum.csv","G:\001_TESE_Prof. Maciel_até 19-01-2026\venv_mapbiomas\Lib\site-packages\rasterio\gdal_data","G:\001_TESE_Prof. Maciel_até 19-01-2026\venv_mapbiomas\Lib\site-packages\rasterio\gdal_data\gt_datum.csv",".csv","15804","23/01/2026 09:38:40"
"gt_ellips.csv","G:\001_TESE_Prof. Maciel_até 19-01-2026\venv_mapbiomas\Lib\site-packages\rasterio\gdal_data","G:\001_TESE_Prof. Maciel_até 19-01-2026\venv_mapbiomas\Lib\site-packages\rasterio\gdal_data\gt_ellips.csv",".csv","1719","23/01/2026 09:38:40"
"leaflet_template.html","G:\001_TESE_Prof. Maciel_até 19-01-2026\venv_mapbiomas\Lib\site-packages\rasterio\gdal_data","G:\001_TESE_Prof. Maciel_até 19-01-2026\venv_mapbiomas\Lib\site-packages\rasterio\gdal_data\leaflet_template.html",".html","3391","23/01/2026 09:38:40"
"LICENSE.TXT","G:\001_TESE_Prof. Maciel_até 19-01-2026\venv_mapbiomas\Lib\site-packages\rasterio\gdal_data","G:\001_TESE_Prof. Maciel_até 19-01-2026\venv_mapbiomas\Lib\site-packages\rasterio\gdal_data\LICENSE.TXT",".TXT","21841","23/01/2026 09:38:40"
"MM_m_idofic.csv","G:\001_TESE_Prof. Maciel_até 19-01-2026\venv_mapbiomas\Lib\site-packages\rasterio\gdal_data","G:\001_TESE_Prof. Maciel_até 19-01-2026\venv_mapbiomas\Lib\site-packages\rasterio\gdal_data\MM_m_idofic.csv",".csv","32388","23/01/2026 09:38:40"
"ogr_fields_override.schema.json","G:\001_TESE_Prof. Maciel_até 19-01-2026\venv_mapbiomas\Lib\site-packages\rasterio\gdal_data","G:\001_TESE_Prof. Maciel_até 19-01-2026\venv_mapbiomas\Lib\site-packages\rasterio\gdal_data\ogr_fields_override.schema.json",".json","2863","23/01/2026 09:38:40"
"ogrinfo_output.schema.json","G:\001_TESE_Prof. Maciel_até 19-01-2026\venv_mapbiomas\Lib\site-packages\rasterio\gdal_data","G:\001_TESE_Prof. Maciel_até 19-01-2026\venv_mapbiomas\Lib\site-packages\rasterio\gdal_data\ogrinfo_output.schema.json",".json","12010","23/01/2026 09:38:40"
"ozi_datum.csv","G:\001_TESE_Prof. Maciel_até 19-01-2026\venv_mapbiomas\Lib\site-packages\rasterio\gdal_data","G:\001_TESE_Prof. Maciel_até 19-01-2026\venv_mapbiomas\Lib\site-packages\rasterio\gdal_data\ozi_datum.csv",".csv","8482","23/01/2026 09:38:40"
"ozi_ellips.csv","G:\001_TESE_Prof. Maciel_até 19-01-2026\venv_mapbiomas\Lib\site-packages\rasterio\gdal_data","G:\001_TESE_Prof. Maciel_até 19-01-2026\venv_mapbiomas\Lib\site-packages\rasterio\gdal_data\ozi_ellips.csv",".csv","1349","23/01/2026 09:38:40"
"pci_datum.txt","G:\001_TESE_Prof. Maciel_até 19-01-2026\venv_mapbiomas\Lib\site-packages\rasterio\gdal_data","G:\001_TESE_Prof. Maciel_até 19-01-2026\venv_mapbiomas\Lib\site-packages\rasterio\gdal_data\pci_datum.txt",".txt","45587","23/01/2026 09:38:40"
"pci_ellips.txt","G:\001_TESE_Prof. Maciel_até 19-01-2026\venv_mapbiomas\Lib\site-packages\rasterio\gdal_data","G:\001_TESE_Prof. Maciel_até 19-01-2026\venv_mapbiomas\Lib\site-packages\rasterio\gdal_data\pci_ellips.txt",".txt","6351","23/01/2026 09:38:40"
"plscenesconf.json","G:\001_TESE_Prof. Maciel_até 19-01-2026\venv_mapbiomas\Lib\site-packages\rasterio\gdal_data","G:\001_TESE_Prof. Maciel_até 19-01-2026\venv_mapbiomas\Lib\site-packages\rasterio\gdal_data\plscenesconf.json",".json","41372","23/01/2026 09:38:40"
"s57agencies.csv","G:\001_TESE_Prof. Maciel_até 19-01-2026\venv_mapbiomas\Lib\site-packages\rasterio\gdal_data","G:\001_TESE_Prof. Maciel_até 19-01-2026\venv_mapbiomas\Lib\site-packages\rasterio\gdal_data\s57agencies.csv",".csv","13304","23/01/2026 09:38:40"
"s57attributes.csv","G:\001_TESE_Prof. Maciel_até 19-01-2026\venv_mapbiomas\Lib\site-packages\rasterio\gdal_data","G:\001_TESE_Prof. Maciel_até 19-01-2026\venv_mapbiomas\Lib\site-packages\rasterio\gdal_data\s57attributes.csv",".csv","20001","23/01/2026 09:38:40"
"s57expectedinput.csv","G:\001_TESE_Prof. Maciel_até 19-01-2026\venv_mapbiomas\Lib\site-packages\rasterio\gdal_data","G:\001_TESE_Prof. Maciel_até 19-01-2026\venv_mapbiomas\Lib\site-packages\rasterio\gdal_data\s57expectedinput.csv",".csv","20885","23/01/2026 09:38:40"
"s57objectclasses.csv","G:\001_TESE_Prof. Maciel_até 19-01-2026\venv_mapbiomas\Lib\site-packages\rasterio\gdal_data","G:\001_TESE_Prof. Maciel_até 19-01-2026\venv_mapbiomas\Lib\site-packages\rasterio\gdal_data\s57objectclasses.csv",".csv","53425","23/01/2026 09:38:40"
"stateplane.csv","G:\001_TESE_Prof. Maciel_até 19-01-2026\venv_mapbiomas\Lib\site-packages\rasterio\gdal_data","G:\001_TESE_Prof. Maciel_até 19-01-2026\venv_mapbiomas\Lib\site-packages\rasterio\gdal_data\stateplane.csv",".csv","10360","23/01/2026 09:38:40"
"tms_LINZAntarticaMapTileGrid.json","G:\001_TESE_Prof. Maciel_até 19-01-2026\venv_mapbiomas\Lib\site-packages\rasterio\gdal_data","G:\001_TESE_Prof. Maciel_até 19-01-2026\venv_mapbiomas\Lib\site-packages\rasterio\gdal_data\tms_LINZAntarticaMapTileGrid.json",".json","4115","23/01/2026 09:38:40"
"tms_MapML_APSTILE.json","G:\001_TESE_Prof. Maciel_até 19-01-2026\venv_mapbiomas\Lib\site-packages\rasterio\gdal_data","G:\001_TESE_Prof. Maciel_até 19-01-2026\venv_mapbiomas\Lib\site-packages\rasterio\gdal_data\tms_MapML_APSTILE.json",".json","6273","23/01/2026 09:38:40"
"tms_MapML_CBMTILE.json","G:\001_TESE_Prof. Maciel_até 19-01-2026\venv_mapbiomas\Lib\site-packages\rasterio\gdal_data","G:\001_TESE_Prof. Maciel_até 19-01-2026\venv_mapbiomas\Lib\site-packages\rasterio\gdal_data\tms_MapML_CBMTILE.json",".json","7792","23/01/2026 09:38:40"
"tms_NZTM2000.json","G:\001_TESE_Prof. Maciel_até 19-01-2026\venv_mapbiomas\Lib\site-packages\rasterio\gdal_data","G:\001_TESE_Prof. Maciel_até 19-01-2026\venv_mapbiomas\Lib\site-packages\rasterio\gdal_data\tms_NZTM2000.json",".json","5265","23/01/2026 09:38:40"
"vcpkg.spdx.json","G:\001_TESE_Prof. Maciel_até 19-01-2026\venv_mapbiomas\Lib\site-packages\rasterio\gdal_data","G:\001_TESE_Prof. Maciel_até 19-01-2026\venv_mapbiomas\Lib\site-packages\rasterio\gdal_data\vcpkg.spdx.json",".json","168474","23/01/2026 09:38:40"
"vcpkg_abi_info.txt","G:\001_TESE_Prof. Maciel_até 19-01-2026\venv_mapbiomas\Lib\site-packages\rasterio\gdal_data","G:\001_TESE_Prof. Maciel_até 19-01-2026\venv_mapbiomas\Lib\site-packages\rasterio\gdal_data\vcpkg_abi_info.txt",".txt","4319","23/01/2026 09:38:40"
"vicar.json","G:\001_TESE_Prof. Maciel_até 19-01-2026\venv_mapbiomas\Lib\site-packages\rasterio\gdal_data","G:\001_TESE_Prof. Maciel_até 19-01-2026\venv_mapbiomas\Lib\site-packages\rasterio\gdal_data\vicar.json",".json","3610","23/01/2026 09:38:40"
"deformation_model.schema.json","G:\001_TESE_Prof. Maciel_até 19-01-2026\venv_mapbiomas\Lib\site-packages\rasterio\proj_data","G:\001_TESE_Prof. Maciel_até 19-01-2026\venv_mapbiomas\Lib\site-packages\rasterio\proj_data\deformation_model.schema.json",".json","17671","23/01/2026 09:38:40"
"projjson.schema.json","G:\001_TESE_Prof. Maciel_até 19-01-2026\venv_mapbiomas\Lib\site-packages\rasterio\proj_data","G:\001_TESE_Prof. Maciel_até 19-01-2026\venv_mapbiomas\Lib\site-packages\rasterio\proj_data\projjson.schema.json",".json","38418","23/01/2026 09:38:40"
"triangulation.schema.json","G:\001_TESE_Prof. Maciel_até 19-01-2026\venv_mapbiomas\Lib\site-packages\rasterio\proj_data","G:\001_TESE_Prof. Maciel_até 19-01-2026\venv_mapbiomas\Lib\site-packages\rasterio\proj_data\triangulation.schema.json",".json","8403","23/01/2026 09:38:40"
"vcpkg.spdx.json","G:\001_TESE_Prof. Maciel_até 19-01-2026\venv_mapbiomas\Lib\site-packages\rasterio\proj_data","G:\001_TESE_Prof. Maciel_até 19-01-2026\venv_mapbiomas\Lib\site-packages\rasterio\proj_data\vcpkg.spdx.json",".json","34931","23/01/2026 09:38:40"
"vcpkg_abi_info.txt","G:\001_TESE_Prof. Maciel_até 19-01-2026\venv_mapbiomas\Lib\site-packages\rasterio\proj_data","G:\001_TESE_Prof. Maciel_até 19-01-2026\venv_mapbiomas\Lib\site-packages\rasterio\proj_data\vcpkg_abi_info.txt",".txt","2066","23/01/2026 09:38:40"
"entry_points.txt","G:\001_TESE_Prof. Maciel_até 19-01-2026\venv_mapbiomas\Lib\site-packages\rasterio-1.5.0.dist-info","G:\001_TESE_Prof. Maciel_até 19-01-2026\venv_mapbiomas\Lib\site-packages\rasterio-1.5.0.dist-info\entry_points.txt",".txt","796","23/01/2026 09:38:41"
"AUTHORS.txt","G:\001_TESE_Prof. Maciel_até 19-01-2026\venv_mapbiomas\Lib\site-packages\rasterio-1.5.0.dist-info\licenses","G:\001_TESE_Prof. Maciel_até 19-01-2026\venv_mapbiomas\Lib\site-packages\rasterio-1.5.0.dist-info\licenses\AUTHORS.txt",".txt","2666","23/01/2026 09:38:41"
"LICENSE.txt","G:\001_TESE_Prof. Maciel_até 19-01-2026\venv_mapbiomas\Lib\site-packages\rasterio-1.5.0.dist-info\licenses","G:\001_TESE_Prof. Maciel_até 19-01-2026\venv_mapbiomas\Lib\site-packages\rasterio-1.5.0.dist-info\licenses\LICENSE.txt",".txt","1484","23/01/2026 09:38:41"
"top_level.txt","G:\001_TESE_Prof. Maciel_até 19-01-2026\venv_mapbiomas\Lib\site-packages\rasterio-1.5.0.dist-info","G:\001_TESE_Prof. Maciel_até 19-01-2026\venv_mapbiomas\Lib\site-packages\rasterio-1.5.0.dist-info\top_level.txt",".txt","9","23/01/2026 09:38:41"
"top_level.txt","G:\001_TESE_Prof. Maciel_até 19-01-2026\venv_mapbiomas\Lib\site-packages\six-1.17.0.dist-info","G:\001_TESE_Prof. Maciel_até 19-01-2026\venv_mapbiomas\Lib\site-packages\six-1.17.0.dist-info\top_level.txt",".txt","4","23/01/2026 10:07:24"
"Cópia de [Diário Digital] 1.2.0. Framework de Teste de Hipóteses.pdf","G:\002_PROJETOS_2026\CURRICULO_2026\UNIR_Diversos\AULAS_Turmas_UNIR_2025.1\Turma - DAE00416 - ADMINISTRAÇÃO E EMPREENDEDORISMO\Aulas\Aula 09 _ 03-04-2025_","G:\002_PROJETOS_2026\CURRICULO_2026\UNIR_Diversos\AULAS_Turmas_UNIR_2025.1\Turma - DAE00416 - ADMINISTRAÇÃO E EMPREENDEDORISMO\Aulas\Aula 09 _ 03-04-2025_\Cópia de [Diário Digital] 1.2.0. Framework de Teste de Hipóteses.pdf",".pdf","417839","03/04/2025 08:30:51"
"ALL=(indicator and technological) – 13,593 – Coleção principal da Web of Science_Pesquisa 01_ parâmetros.pdf","G:\002_PROJETOS_2026\CURRICULO_2026\UNIR_Diversos\Doutorado_2022_UNIR\Pesquisa\Pesquisa_01_Teste","G:\002_PROJETOS_2026\CURRICULO_2026\UNIR_Diversos\Doutorado_2022_UNIR\Pesquisa\Pesquisa_01_Teste\ALL=(indicator and technological) – 13,593 – Coleção principal da Web of Science_Pesquisa 01_ parâmetros.pdf",".pdf","1527330","07/03/2022 17:46:53"
"ALL=(indicator and technological) – 165 – Coleção principal da Web of Science.pdf_04.pdf","G:\002_PROJETOS_2026\CURRICULO_2026\UNIR_Diversos\Doutorado_2022_UNIR\Pesquisa\Pesquisa_01_Teste","G:\002_PROJETOS_2026\CURRICULO_2026\UNIR_Diversos\Doutorado_2022_UNIR\Pesquisa\Pesquisa_01_Teste\ALL=(indicator and technological) – 165 – Coleção principal da Web of Science.pdf_04.pdf",".pdf","1462441","07/03/2022 19:50:23"
"Coleção principal da Web of Science_ Pesquisa por palavra_ arq 01.pdf","G:\002_PROJETOS_2026\CURRICULO_2026\UNIR_Diversos\Doutorado_2022_UNIR\Pesquisa\Pesquisa_02_Metodos\Web of science","G:\002_PROJETOS_2026\CURRICULO_2026\UNIR_Diversos\Doutorado_2022_UNIR\Pesquisa\Pesquisa_02_Metodos\Web of science\Coleção principal da Web of Science_ Pesquisa por palavra_ arq 01.pdf",".pdf","1890075","14/03/2022 20:40:50"
"Tese_Doutorado_v14_-_Verso_Final_com_ficha.pdf","G:\002_PROJETOS_2026\Editais e Chamadas\2025_Saúde\Projeto _ 02_Fabrício_Modelagem Computacional e Prediagnóstico de Patologias Pós-Parto com Base na Análise Espectral","G:\002_PROJETOS_2026\Editais e Chamadas\2025_Saúde\Projeto _ 02_Fabrício_Modelagem Computacional e Prediagnóstico de Patologias Pós-Parto com Base na Análise Espectral\Tese_Doutorado_v14_-_Verso_Final_com_ficha.pdf",".pdf","3563325","10/05/2025 09:25:27"
"Catalisa_Template_Mapeamento_de_hipoteses_Ok.docx","G:\003_PROJETOS_2025\001_DEEP THECH\Projeto_ CATALISA_Seleçao_de _Sementes_Hiper_Aguardando Resultado\Segunda _ Fase _ 02_Validar\04_Curso_Capacitação_Fase_2_Validar\módulo 3","G:\003_PROJETOS_2025\001_DEEP THECH\Projeto_ CATALISA_Seleçao_de _Sementes_Hiper_Aguardando Resultado\Segunda _ Fase _ 02_Validar\04_Curso_Capacitação_Fase_2_Validar\módulo 3\Catalisa_Template_Mapeamento_de_hipoteses_Ok.docx",".docx","103159","20/01/2026 13:50:35"
"metadados_especies_por_uf_ifn_brasil.pdf","G:\003_PROJETOS_2025\002_ARTIGOS_2025\Artigos_Entregues\Artigo_03_Inventário_REDD+_Entregue 26-07-2025____OK\Referencial\Legislação","G:\003_PROJETOS_2025\002_ARTIGOS_2025\Artigos_Entregues\Artigo_03_Inventário_REDD+_Entregue 26-07-2025____OK\Referencial\Legislação\metadados_especies_por_uf_ifn_brasil.pdf",".pdf","87199","28/05/2025 11:46:53"
"metadados_herbaceas_uf_ifn_mai_2024.pdf","G:\003_PROJETOS_2025\002_ARTIGOS_2025\Artigos_Entregues\Artigo_03_Inventário_REDD+_Entregue 26-07-2025____OK\Referencial\Legislação","G:\003_PROJETOS_2025\002_ARTIGOS_2025\Artigos_Entregues\Artigo_03_Inventário_REDD+_Entregue 26-07-2025____OK\Referencial\Legislação\metadados_herbaceas_uf_ifn_mai_2024.pdf",".pdf","72452","28/05/2025 11:46:28"
"metadados_unidades_amostrais_ifn.pdf","G:\003_PROJETOS_2025\002_ARTIGOS_2025\Artigos_Entregues\Artigo_03_Inventário_REDD+_Entregue 26-07-2025____OK\Referencial\Legislação","G:\003_PROJETOS_2025\002_ARTIGOS_2025\Artigos_Entregues\Artigo_03_Inventário_REDD+_Entregue 26-07-2025____OK\Referencial\Legislação\metadados_unidades_amostrais_ifn.pdf",".pdf","87023","28/05/2025 11:46:43"
"metadados_vegetacao_exotica_uf_ifn_mai_2024.pdf","G:\003_PROJETOS_2025\002_ARTIGOS_2025\Artigos_Entregues\Artigo_03_Inventário_REDD+_Entregue 26-07-2025____OK\Referencial\Legislação","G:\003_PROJETOS_2025\002_ARTIGOS_2025\Artigos_Entregues\Artigo_03_Inventário_REDD+_Entregue 26-07-2025____OK\Referencial\Legislação\metadados_vegetacao_exotica_uf_ifn_mai_2024.pdf",".pdf","71255","28/05/2025 11:45:53"
"metadata.json","G:\003_PROJETOS_2025\002_ARTIGOS_2025\Capitulo_03_Application of Artificial Intelligence in Personalized Healthcare\.venv\Lib\site-packages\argparse-1.4.0.dist-info","G:\003_PROJETOS_2025\002_ARTIGOS_2025\Capitulo_03_Application of Artificial Intelligence in Personalized Healthcare\.venv\Lib\site-packages\argparse-1.4.0.dist-info\metadata.json",".json","1326","30/07/2025 12:42:53"
"metadata.json","G:\003_PROJETOS_2025\002_ARTIGOS_2025\Capitulo_03_Application of Artificial Intelligence in Personalized Healthcare\.venv\Lib\site-packages\linecache2-1.0.0.dist-info","G:\003_PROJETOS_2025\002_ARTIGOS_2025\Capitulo_03_Application of Artificial Intelligence in Personalized Healthcare\.venv\Lib\site-packages\linecache2-1.0.0.dist-info\metadata.json",".json","1023","30/07/2025 12:13:15"
"top_level.txt","G:\003_PROJETOS_2025\002_ARTIGOS_2025\Capitulo_03_Application of Artificial Intelligence in Personalized Healthcare\.venv\Lib\site-packages\setuptools\_vendor\importlib_metadata-8.0.0.dist-info","G:\003_PROJETOS_2025\002_ARTIGOS_2025\Capitulo_03_Application of Artificial Intelligence in Personalized Healthcare\.venv\Lib\site-packages\setuptools\_vendor\importlib_metadata-8.0.0.dist-info\top_level.txt",".txt","19","30/07/2025 12:13:45"
"metadata.json","G:\003_PROJETOS_2025\002_ARTIGOS_2025\Capitulo_03_Application of Artificial Intelligence in Personalized Healthcare\.venv\Lib\site-packages\traceback2-1.4.0.dist-info","G:\003_PROJETOS_2025\002_ARTIGOS_2025\Capitulo_03_Application of Artificial Intelligence in Personalized Healthcare\.venv\Lib\site-packages\traceback2-1.4.0.dist-info\metadata.json",".json","1113","30/07/2025 12:13:32"
"metadata.json","G:\003_PROJETOS_2025\002_ARTIGOS_2025\Capitulo_03_Application of Artificial Intelligence in Personalized Healthcare\.venv\Lib\site-packages\unittest2-1.1.0.dist-info","G:\003_PROJETOS_2025\002_ARTIGOS_2025\Capitulo_03_Application of Artificial Intelligence in Personalized Healthcare\.venv\Lib\site-packages\unittest2-1.1.0.dist-info\metadata.json",".json","1255","30/07/2025 12:14:06"
"ABIDE_AUTISM_T1_SAG_metadata.zip","G:\003_PROJETOS_2025\002_ARTIGOS_2025\Capitulo_03_Application of Artificial Intelligence in Personalized Healthcare","G:\003_PROJETOS_2025\002_ARTIGOS_2025\Capitulo_03_Application of Artificial Intelligence in Personalized Healthcare\ABIDE_AUTISM_T1_SAG_metadata.zip",".zip","361279","29/07/2025 22:49:34"
"Tese_Doutorado_v14_-_Verso_Final_com_ficha.pdf","G:\003_PROJETOS_2025\Ok_Projeto - FAPERO_Saúde_ Aguardando Resultado\Projeto _ 02_Fabrício_Modelagem Computacional e Prediagnóstico de Patologias Pós-Parto com Base na Análise Espectral","G:\003_PROJETOS_2025\Ok_Projeto - FAPERO_Saúde_ Aguardando Resultado\Projeto _ 02_Fabrício_Modelagem Computacional e Prediagnóstico de Patologias Pós-Parto com Base na Análise Espectral\Tese_Doutorado_v14_-_Verso_Final_com_ficha.pdf",".pdf","3563325","10/05/2025 09:25:27"
"relatorio_metadados.csv","G:\003_PROJETOS_2025\Propostas_Aguardando ou Encerradas\Projeto_Pendrive_Porto Velho\Produtos","G:\003_PROJETOS_2025\Propostas_Aguardando ou Encerradas\Projeto_Pendrive_Porto Velho\Produtos\relatorio_metadados.csv",".csv","244239","17/06/2025 17:30:30"
"analise_tese_metafisica_paiter.pdf","G:\003_PROJETOS_2025\Propostas_Aguardando ou Encerradas\Projeto_TESE_Prof. Marcos_até 30-12-2025","G:\003_PROJETOS_2025\Propostas_Aguardando ou Encerradas\Projeto_TESE_Prof. Marcos_até 30-12-2025\analise_tese_metafisica_paiter.pdf",".pdf","143250","09/05/2025 18:15:52"
"Resumo_Capitulo_I_Historia_e_Poder.docx","G:\003_PROJETOS_2025\Propostas_Aguardando ou Encerradas\Projeto_TESE_Prof. Marcos_até 30-12-2025\Resumos","G:\003_PROJETOS_2025\Propostas_Aguardando ou Encerradas\Projeto_TESE_Prof. Marcos_até 30-12-2025\Resumos\Resumo_Capitulo_I_Historia_e_Poder.docx",".docx","28413","10/05/2025 10:26:53"
"KPIs_Agricultura_Familiar_EMATER_RO.docx","G:\003_PROJETOS_2025\Propostas_Aguardando ou Encerradas\TESE_Aline_Fabrício\KPIs","G:\003_PROJETOS_2025\Propostas_Aguardando ou Encerradas\TESE_Aline_Fabrício\KPIs\KPIs_Agricultura_Familiar_EMATER_RO.docx",".docx","28553","25/09/2025 09:00:39"
"KPIs_oficiais_EMATER_RO_Formulas e Cálculos.docx","G:\003_PROJETOS_2025\Propostas_Aguardando ou Encerradas\TESE_Aline_Fabrício\KPIs","G:\003_PROJETOS_2025\Propostas_Aguardando ou Encerradas\TESE_Aline_Fabrício\KPIs\KPIs_oficiais_EMATER_RO_Formulas e Cálculos.docx",".docx","29925","25/09/2025 09:24:29"
"Tabela_KPIs_EMATER_RO (2).xlsx","G:\003_PROJETOS_2025\Propostas_Aguardando ou Encerradas\TESE_Aline_Fabrício\KPIs","G:\003_PROJETOS_2025\Propostas_Aguardando ou Encerradas\TESE_Aline_Fabrício\KPIs\Tabela_KPIs_EMATER_RO (2).xlsx",".xlsx","9480","25/09/2025 09:28:57"
"SIGATER.zip","G:\003_PROJETOS_2025\Propostas_Aguardando ou Encerradas\TESE_Aline_Fabrício","G:\003_PROJETOS_2025\Propostas_Aguardando ou Encerradas\TESE_Aline_Fabrício\SIGATER.zip",".zip","163952558","10/09/2025 09:34:19"
"DADOS_UNIFICADOS_2020_2024.csv","G:\003_PROJETOS_2025\Propostas_Aguardando ou Encerradas\TESE_Aline_Fabrício\SIGATER\SIGATER","G:\003_PROJETOS_2025\Propostas_Aguardando ou Encerradas\TESE_Aline_Fabrício\SIGATER\SIGATER\DADOS_UNIFICADOS_2020_2024.csv",".csv","512969368","10/09/2025 09:34:40"
"ARIQUEMES_2020.xlsx","G:\003_PROJETOS_2025\Propostas_Aguardando ou Encerradas\TESE_Aline_Fabrício\SIGATER\SIGATER\REGIONAIS","G:\003_PROJETOS_2025\Propostas_Aguardando ou Encerradas\TESE_Aline_Fabrício\SIGATER\SIGATER\REGIONAIS\ARIQUEMES_2020.xlsx",".xlsx","1799810","10/09/2025 09:34:40"
"ARIQUEMES_2021.xlsx","G:\003_PROJETOS_2025\Propostas_Aguardando ou Encerradas\TESE_Aline_Fabrício\SIGATER\SIGATER\REGIONAIS","G:\003_PROJETOS_2025\Propostas_Aguardando ou Encerradas\TESE_Aline_Fabrício\SIGATER\SIGATER\REGIONAIS\ARIQUEMES_2021.xlsx",".xlsx","2133843","10/09/2025 09:34:40"
"ARIQUEMES_2022.xlsx","G:\003_PROJETOS_2025\Propostas_Aguardando ou Encerradas\TESE_Aline_Fabrício\SIGATER\SIGATER\REGIONAIS","G:\003_PROJETOS_2025\Propostas_Aguardando ou Encerradas\TESE_Aline_Fabrício\SIGATER\SIGATER\REGIONAIS\ARIQUEMES_2022.xlsx",".xlsx","3197404","10/09/2025 09:34:40"
"ARIQUEMES_2023.xlsx","G:\003_PROJETOS_2025\Propostas_Aguardando ou Encerradas\TESE_Aline_Fabrício\SIGATER\SIGATER\REGIONAIS","G:\003_PROJETOS_2025\Propostas_Aguardando ou Encerradas\TESE_Aline_Fabrício\SIGATER\SIGATER\REGIONAIS\ARIQUEMES_2023.xlsx",".xlsx","3408106","10/09/2025 09:34:40"
"ARIQUEMES_2024.xlsx","G:\003_PROJETOS_2025\Propostas_Aguardando ou Encerradas\TESE_Aline_Fabrício\SIGATER\SIGATER\REGIONAIS","G:\003_PROJETOS_2025\Propostas_Aguardando ou Encerradas\TESE_Aline_Fabrício\SIGATER\SIGATER\REGIONAIS\ARIQUEMES_2024.xlsx",".xlsx","3236350","10/09/2025 09:34:40"
"BASE_COMPLETA.csv","G:\003_PROJETOS_2025\Propostas_Aguardando ou Encerradas\TESE_Aline_Fabrício\SIGATER\SIGATER\REGIONAIS","G:\003_PROJETOS_2025\Propostas_Aguardando ou Encerradas\TESE_Aline_Fabrício\SIGATER\SIGATER\REGIONAIS\BASE_COMPLETA.csv",".csv","444655363","10/09/2025 09:34:41"
"BASE_CONSOLIDADA_TODOS_INDICADORES.csv","G:\003_PROJETOS_2025\Propostas_Aguardando ou Encerradas\TESE_Aline_Fabrício\SIGATER\SIGATER\REGIONAIS","G:\003_PROJETOS_2025\Propostas_Aguardando ou Encerradas\TESE_Aline_Fabrício\SIGATER\SIGATER\REGIONAIS\BASE_CONSOLIDADA_TODOS_INDICADORES.csv",".csv","438070930","10/09/2025 09:34:42"
"BASE_EMATER_2020_2024_COMPLETA.csv","G:\003_PROJETOS_2025\Propostas_Aguardando ou Encerradas\TESE_Aline_Fabrício\SIGATER\SIGATER\REGIONAIS","G:\003_PROJETOS_2025\Propostas_Aguardando ou Encerradas\TESE_Aline_Fabrício\SIGATER\SIGATER\REGIONAIS\BASE_EMATER_2020_2024_COMPLETA.csv",".csv","497811101","10/09/2025 09:34:44"
"BASE_PADRONIZADA.csv","G:\003_PROJETOS_2025\Propostas_Aguardando ou Encerradas\TESE_Aline_Fabrício\SIGATER\SIGATER\REGIONAIS","G:\003_PROJETOS_2025\Propostas_Aguardando ou Encerradas\TESE_Aline_Fabrício\SIGATER\SIGATER\REGIONAIS\BASE_PADRONIZADA.csv",".csv","16154102","10/09/2025 09:34:44"
"CONESUL_2020.xlsx","G:\003_PROJETOS_2025\Propostas_Aguardando ou Encerradas\TESE_Aline_Fabrício\SIGATER\SIGATER\REGIONAIS","G:\003_PROJETOS_2025\Propostas_Aguardando ou Encerradas\TESE_Aline_Fabrício\SIGATER\SIGATER\REGIONAIS\CONESUL_2020.xlsx",".xlsx","1008910","10/09/2025 09:34:44"
"CONESUL_2021.xlsx","G:\003_PROJETOS_2025\Propostas_Aguardando ou Encerradas\TESE_Aline_Fabrício\SIGATER\SIGATER\REGIONAIS","G:\003_PROJETOS_2025\Propostas_Aguardando ou Encerradas\TESE_Aline_Fabrício\SIGATER\SIGATER\REGIONAIS\CONESUL_2021.xlsx",".xlsx","1272118","10/09/2025 09:34:44"
"CONESUL_2022.xlsx","G:\003_PROJETOS_2025\Propostas_Aguardando ou Encerradas\TESE_Aline_Fabrício\SIGATER\SIGATER\REGIONAIS","G:\003_PROJETOS_2025\Propostas_Aguardando ou Encerradas\TESE_Aline_Fabrício\SIGATER\SIGATER\REGIONAIS\CONESUL_2022.xlsx",".xlsx","1919345","10/09/2025 09:34:44"
"CONESUL_2023.xlsx","G:\003_PROJETOS_2025\Propostas_Aguardando ou Encerradas\TESE_Aline_Fabrício\SIGATER\SIGATER\REGIONAIS","G:\003_PROJETOS_2025\Propostas_Aguardando ou Encerradas\TESE_Aline_Fabrício\SIGATER\SIGATER\REGIONAIS\CONESUL_2023.xlsx",".xlsx","1903710","10/09/2025 09:34:44"
"CONESUL_2024.xlsx","G:\003_PROJETOS_2025\Propostas_Aguardando ou Encerradas\TESE_Aline_Fabrício\SIGATER\SIGATER\REGIONAIS","G:\003_PROJETOS_2025\Propostas_Aguardando ou Encerradas\TESE_Aline_Fabrício\SIGATER\SIGATER\REGIONAIS\CONESUL_2024.xlsx",".xlsx","1759311","10/09/2025 09:34:44"
"JIPARANA_2020.xlsx","G:\003_PROJETOS_2025\Propostas_Aguardando ou Encerradas\TESE_Aline_Fabrício\SIGATER\SIGATER\REGIONAIS","G:\003_PROJETOS_2025\Propostas_Aguardando ou Encerradas\TESE_Aline_Fabrício\SIGATER\SIGATER\REGIONAIS\JIPARANA_2020.xlsx",".xlsx","4029847","10/09/2025 09:34:44"
"JIPARANA_2021.xlsx","G:\003_PROJETOS_2025\Propostas_Aguardando ou Encerradas\TESE_Aline_Fabrício\SIGATER\SIGATER\REGIONAIS","G:\003_PROJETOS_2025\Propostas_Aguardando ou Encerradas\TESE_Aline_Fabrício\SIGATER\SIGATER\REGIONAIS\JIPARANA_2021.xlsx",".xlsx","4468647","10/09/2025 09:34:44"
"JIPARANA_2022.xlsx","G:\003_PROJETOS_2025\Propostas_Aguardando ou Encerradas\TESE_Aline_Fabrício\SIGATER\SIGATER\REGIONAIS","G:\003_PROJETOS_2025\Propostas_Aguardando ou Encerradas\TESE_Aline_Fabrício\SIGATER\SIGATER\REGIONAIS\JIPARANA_2022.xlsx",".xlsx","6163892","10/09/2025 09:34:44"
"JIPARANA_2023.xlsx","G:\003_PROJETOS_2025\Propostas_Aguardando ou Encerradas\TESE_Aline_Fabrício\SIGATER\SIGATER\REGIONAIS","G:\003_PROJETOS_2025\Propostas_Aguardando ou Encerradas\TESE_Aline_Fabrício\SIGATER\SIGATER\REGIONAIS\JIPARANA_2023.xlsx",".xlsx","6409488","10/09/2025 09:34:44"
"JIPARANA_2024.xlsx","G:\003_PROJETOS_2025\Propostas_Aguardando ou Encerradas\TESE_Aline_Fabrício\SIGATER\SIGATER\REGIONAIS","G:\003_PROJETOS_2025\Propostas_Aguardando ou Encerradas\TESE_Aline_Fabrício\SIGATER\SIGATER\REGIONAIS\JIPARANA_2024.xlsx",".xlsx","5590634","10/09/2025 09:34:44"
"PIMENTABUENO_2020.xlsx","G:\003_PROJETOS_2025\Propostas_Aguardando ou Encerradas\TESE_Aline_Fabrício\SIGATER\SIGATER\REGIONAIS","G:\003_PROJETOS_2025\Propostas_Aguardando ou Encerradas\TESE_Aline_Fabrício\SIGATER\SIGATER\REGIONAIS\PIMENTABUENO_2020.xlsx",".xlsx","1946687","10/09/2025 09:34:44"
"PIMENTABUENO_2021.xlsx","G:\003_PROJETOS_2025\Propostas_Aguardando ou Encerradas\TESE_Aline_Fabrício\SIGATER\SIGATER\REGIONAIS","G:\003_PROJETOS_2025\Propostas_Aguardando ou Encerradas\TESE_Aline_Fabrício\SIGATER\SIGATER\REGIONAIS\PIMENTABUENO_2021.xlsx",".xlsx","2127929","10/09/2025 09:34:44"
"PIMENTABUENO_2022.xlsx","G:\003_PROJETOS_2025\Propostas_Aguardando ou Encerradas\TESE_Aline_Fabrício\SIGATER\SIGATER\REGIONAIS","G:\003_PROJETOS_2025\Propostas_Aguardando ou Encerradas\TESE_Aline_Fabrício\SIGATER\SIGATER\REGIONAIS\PIMENTABUENO_2022.xlsx",".xlsx","2673007","10/09/2025 09:34:44"
"PIMENTABUENO_2023.xlsx","G:\003_PROJETOS_2025\Propostas_Aguardando ou Encerradas\TESE_Aline_Fabrício\SIGATER\SIGATER\REGIONAIS","G:\003_PROJETOS_2025\Propostas_Aguardando ou Encerradas\TESE_Aline_Fabrício\SIGATER\SIGATER\REGIONAIS\PIMENTABUENO_2023.xlsx",".xlsx","2749533","10/09/2025 09:34:44"
"PIMENTABUENO_2024.xlsx","G:\003_PROJETOS_2025\Propostas_Aguardando ou Encerradas\TESE_Aline_Fabrício\SIGATER\SIGATER\REGIONAIS","G:\003_PROJETOS_2025\Propostas_Aguardando ou Encerradas\TESE_Aline_Fabrício\SIGATER\SIGATER\REGIONAIS\PIMENTABUENO_2024.xlsx",".xlsx","2702949","10/09/2025 09:34:44"
"PORTOVELHO_2020.xlsx","G:\003_PROJETOS_2025\Propostas_Aguardando ou Encerradas\TESE_Aline_Fabrício\SIGATER\SIGATER\REGIONAIS","G:\003_PROJETOS_2025\Propostas_Aguardando ou Encerradas\TESE_Aline_Fabrício\SIGATER\SIGATER\REGIONAIS\PORTOVELHO_2020.xlsx",".xlsx","2529810","10/09/2025 09:34:44"
"PORTOVELHO_2021.xlsx","G:\003_PROJETOS_2025\Propostas_Aguardando ou Encerradas\TESE_Aline_Fabrício\SIGATER\SIGATER\REGIONAIS","G:\003_PROJETOS_2025\Propostas_Aguardando ou Encerradas\TESE_Aline_Fabrício\SIGATER\SIGATER\REGIONAIS\PORTOVELHO_2021.xlsx",".xlsx","2730320","10/09/2025 09:34:44"
"PORTOVELHO_2022.xlsx","G:\003_PROJETOS_2025\Propostas_Aguardando ou Encerradas\TESE_Aline_Fabrício\SIGATER\SIGATER\REGIONAIS","G:\003_PROJETOS_2025\Propostas_Aguardando ou Encerradas\TESE_Aline_Fabrício\SIGATER\SIGATER\REGIONAIS\PORTOVELHO_2022.xlsx",".xlsx","3823192","10/09/2025 09:34:44"
"PORTOVELHO_2023.xlsx","G:\003_PROJETOS_2025\Propostas_Aguardando ou Encerradas\TESE_Aline_Fabrício\SIGATER\SIGATER\REGIONAIS","G:\003_PROJETOS_2025\Propostas_Aguardando ou Encerradas\TESE_Aline_Fabrício\SIGATER\SIGATER\REGIONAIS\PORTOVELHO_2023.xlsx",".xlsx","3788724","10/09/2025 09:34:44"
"PORTOVELHO_2024.xlsx","G:\003_PROJETOS_2025\Propostas_Aguardando ou Encerradas\TESE_Aline_Fabrício\SIGATER\SIGATER\REGIONAIS","G:\003_PROJETOS_2025\Propostas_Aguardando ou Encerradas\TESE_Aline_Fabrício\SIGATER\SIGATER\REGIONAIS\PORTOVELHO_2024.xlsx",".xlsx","3805347","10/09/2025 09:34:44"
"ROLIMDEMOURA_2020.xlsx","G:\003_PROJETOS_2025\Propostas_Aguardando ou Encerradas\TESE_Aline_Fabrício\SIGATER\SIGATER\REGIONAIS","G:\003_PROJETOS_2025\Propostas_Aguardando ou Encerradas\TESE_Aline_Fabrício\SIGATER\SIGATER\REGIONAIS\ROLIMDEMOURA_2020.xlsx",".xlsx","1476204","10/09/2025 09:34:44"
"ROLIMDEMOURA_2021.xlsx","G:\003_PROJETOS_2025\Propostas_Aguardando ou Encerradas\TESE_Aline_Fabrício\SIGATER\SIGATER\REGIONAIS","G:\003_PROJETOS_2025\Propostas_Aguardando ou Encerradas\TESE_Aline_Fabrício\SIGATER\SIGATER\REGIONAIS\ROLIMDEMOURA_2021.xlsx",".xlsx","1667170","10/09/2025 09:34:44"
"ROLIMDEMOURA_2022.xlsx","G:\003_PROJETOS_2025\Propostas_Aguardando ou Encerradas\TESE_Aline_Fabrício\SIGATER\SIGATER\REGIONAIS","G:\003_PROJETOS_2025\Propostas_Aguardando ou Encerradas\TESE_Aline_Fabrício\SIGATER\SIGATER\REGIONAIS\ROLIMDEMOURA_2022.xlsx",".xlsx","2498420","10/09/2025 09:34:44"
"ROLIMDEMOURA_2023.xlsx","G:\003_PROJETOS_2025\Propostas_Aguardando ou Encerradas\TESE_Aline_Fabrício\SIGATER\SIGATER\REGIONAIS","G:\003_PROJETOS_2025\Propostas_Aguardando ou Encerradas\TESE_Aline_Fabrício\SIGATER\SIGATER\REGIONAIS\ROLIMDEMOURA_2023.xlsx",".xlsx","2186685","10/09/2025 09:34:44"
"ROLIMDEMOURA_2024.xlsx","G:\003_PROJETOS_2025\Propostas_Aguardando ou Encerradas\TESE_Aline_Fabrício\SIGATER\SIGATER\REGIONAIS","G:\003_PROJETOS_2025\Propostas_Aguardando ou Encerradas\TESE_Aline_Fabrício\SIGATER\SIGATER\REGIONAIS\ROLIMDEMOURA_2024.xlsx",".xlsx","2026628","10/09/2025 09:34:44"
"TABELA_INDICADORES.csv","G:\003_PROJETOS_2025\Propostas_Aguardando ou Encerradas\TESE_Aline_Fabrício\SIGATER\SIGATER\REGIONAIS","G:\003_PROJETOS_2025\Propostas_Aguardando ou Encerradas\TESE_Aline_Fabrício\SIGATER\SIGATER\REGIONAIS\TABELA_INDICADORES.csv",".csv","65463","10/09/2025 09:34:44"
"VALEGUAPORE_2020.xlsx","G:\003_PROJETOS_2025\Propostas_Aguardando ou Encerradas\TESE_Aline_Fabrício\SIGATER\SIGATER\REGIONAIS","G:\003_PROJETOS_2025\Propostas_Aguardando ou Encerradas\TESE_Aline_Fabrício\SIGATER\SIGATER\REGIONAIS\VALEGUAPORE_2020.xlsx",".xlsx","1482261","10/09/2025 09:34:44"
"VALEGUAPORE_2021.xlsx","G:\003_PROJETOS_2025\Propostas_Aguardando ou Encerradas\TESE_Aline_Fabrício\SIGATER\SIGATER\REGIONAIS","G:\003_PROJETOS_2025\Propostas_Aguardando ou Encerradas\TESE_Aline_Fabrício\SIGATER\SIGATER\REGIONAIS\VALEGUAPORE_2021.xlsx",".xlsx","1731200","10/09/2025 09:34:44"
"VALEGUAPORE_2022.xlsx","G:\003_PROJETOS_2025\Propostas_Aguardando ou Encerradas\TESE_Aline_Fabrício\SIGATER\SIGATER\REGIONAIS","G:\003_PROJETOS_2025\Propostas_Aguardando ou Encerradas\TESE_Aline_Fabrício\SIGATER\SIGATER\REGIONAIS\VALEGUAPORE_2022.xlsx",".xlsx","2120990","10/09/2025 09:34:44"
"VALEGUAPORE_2023.xlsx","G:\003_PROJETOS_2025\Propostas_Aguardando ou Encerradas\TESE_Aline_Fabrício\SIGATER\SIGATER\REGIONAIS","G:\003_PROJETOS_2025\Propostas_Aguardando ou Encerradas\TESE_Aline_Fabrício\SIGATER\SIGATER\REGIONAIS\VALEGUAPORE_2023.xlsx",".xlsx","2164150","10/09/2025 09:34:44"
"VALEGUAPORE_2024.xlsx","G:\003_PROJETOS_2025\Propostas_Aguardando ou Encerradas\TESE_Aline_Fabrício\SIGATER\SIGATER\REGIONAIS","G:\003_PROJETOS_2025\Propostas_Aguardando ou Encerradas\TESE_Aline_Fabrício\SIGATER\SIGATER\REGIONAIS\VALEGUAPORE_2024.xlsx",".xlsx","2021159","10/09/2025 09:34:44"
"PapeLine da Tese.docx","G:\003_PROJETOS_2025\Propostas_Aguardando ou Encerradas\TESE_Aline_Fabrício\Template _TESE","G:\003_PROJETOS_2025\Propostas_Aguardando ou Encerradas\TESE_Aline_Fabrício\Template _TESE\PapeLine da Tese.docx",".docx","19015","06/10/2025 09:31:00"
"Tese Doutorado v14 - Versão Final.pdf","G:\003_PROJETOS_2025\Propostas_Aguardando ou Encerradas\TESE_Aline_Fabrício\Template _TESE","G:\003_PROJETOS_2025\Propostas_Aguardando ou Encerradas\TESE_Aline_Fabrício\Template _TESE\Tese Doutorado v14 - Versão Final.pdf",".pdf","2998745","10/09/2025 10:19:39"
"01_Gleimirian_Áudio do WhatsApp de 2025-07-24 à(s) 10.05.57_0cf24232.txt","G:\003_PROJETOS_2025\Propostas_Aguardando ou Encerradas\TESE_Profª Aline","G:\003_PROJETOS_2025\Propostas_Aguardando ou Encerradas\TESE_Profª Aline\01_Gleimirian_Áudio do WhatsApp de 2025-07-24 à(s) 10.05.57_0cf24232.txt",".txt","3529","25/07/2025 08:56:39"
"02_Gleimirian_Áudio do WhatsApp de 2025-07-24 à(s) 10.05.57_15091bd4.txt","G:\003_PROJETOS_2025\Propostas_Aguardando ou Encerradas\TESE_Profª Aline","G:\003_PROJETOS_2025\Propostas_Aguardando ou Encerradas\TESE_Profª Aline\02_Gleimirian_Áudio do WhatsApp de 2025-07-24 à(s) 10.05.57_15091bd4.txt",".txt","4494","25/07/2025 09:07:45"
"Aline_01_Áudio do WhatsApp de 2025-07-24 à(s) 10.13.51_e99b96ec.waptt.txt","G:\003_PROJETOS_2025\Propostas_Aguardando ou Encerradas\TESE_Profª Aline","G:\003_PROJETOS_2025\Propostas_Aguardando ou Encerradas\TESE_Profª Aline\Aline_01_Áudio do WhatsApp de 2025-07-24 à(s) 10.13.51_e99b96ec.waptt.txt",".txt","156","25/07/2025 10:06:10"
"Aline_02_Áudio do WhatsApp de 2025-07-24 à(s) 10.31.23_f02767b9.waptt.txt","G:\003_PROJETOS_2025\Propostas_Aguardando ou Encerradas\TESE_Profª Aline","G:\003_PROJETOS_2025\Propostas_Aguardando ou Encerradas\TESE_Profª Aline\Aline_02_Áudio do WhatsApp de 2025-07-24 à(s) 10.31.23_f02767b9.waptt.txt",".txt","216","25/07/2025 10:06:11"
"Aline_03_Áudio do WhatsApp de 2025-07-24 à(s) 10.24.19_7ba9086b.waptt.txt","G:\003_PROJETOS_2025\Propostas_Aguardando ou Encerradas\TESE_Profª Aline","G:\003_PROJETOS_2025\Propostas_Aguardando ou Encerradas\TESE_Profª Aline\Aline_03_Áudio do WhatsApp de 2025-07-24 à(s) 10.24.19_7ba9086b.waptt.txt",".txt","671","25/07/2025 10:06:14"
"Aline_04_Áudio do WhatsApp de 2025-07-24 à(s) 11.20.29_3a441601.waptt.txt","G:\003_PROJETOS_2025\Propostas_Aguardando ou Encerradas\TESE_Profª Aline","G:\003_PROJETOS_2025\Propostas_Aguardando ou Encerradas\TESE_Profª Aline\Aline_04_Áudio do WhatsApp de 2025-07-24 à(s) 11.20.29_3a441601.waptt.txt",".txt","370","25/07/2025 10:06:16"
"Áudio do WhatsApp de 2025-07-24 à(s) 10.05.57_0cf24232.json","G:\003_PROJETOS_2025\Propostas_Aguardando ou Encerradas\TESE_Profª Aline","G:\003_PROJETOS_2025\Propostas_Aguardando ou Encerradas\TESE_Profª Aline\Áudio do WhatsApp de 2025-07-24 à(s) 10.05.57_0cf24232.json",".json","31069","25/07/2025 08:56:39"
"Áudio do WhatsApp de 2025-07-24 à(s) 10.05.57_15091bd4.json","G:\003_PROJETOS_2025\Propostas_Aguardando ou Encerradas\TESE_Profª Aline","G:\003_PROJETOS_2025\Propostas_Aguardando ou Encerradas\TESE_Profª Aline\Áudio do WhatsApp de 2025-07-24 à(s) 10.05.57_15091bd4.json",".json","38479","25/07/2025 09:07:45"
"microdados_censo_da_educacao_superior_2015.zip","G:\003_PROJETOS_2025\Propostas_Aguardando ou Encerradas\TESE_Profª Aline\Pipeline\Encamoinhamentos em 28-08-2025","G:\003_PROJETOS_2025\Propostas_Aguardando ou Encerradas\TESE_Profª Aline\Pipeline\Encamoinhamentos em 28-08-2025\microdados_censo_da_educacao_superior_2015.zip",".zip","8400033","28/08/2025 10:59:11"
"microdados_censo_da_educacao_superior_2016.zip","G:\003_PROJETOS_2025\Propostas_Aguardando ou Encerradas\TESE_Profª Aline\Pipeline\Encamoinhamentos em 28-08-2025","G:\003_PROJETOS_2025\Propostas_Aguardando ou Encerradas\TESE_Profª Aline\Pipeline\Encamoinhamentos em 28-08-2025\microdados_censo_da_educacao_superior_2016.zip",".zip","9099395","28/08/2025 10:59:09"
"microdados_censo_da_educacao_superior_2017.zip","G:\003_PROJETOS_2025\Propostas_Aguardando ou Encerradas\TESE_Profª Aline\Pipeline\Encamoinhamentos em 28-08-2025","G:\003_PROJETOS_2025\Propostas_Aguardando ou Encerradas\TESE_Profª Aline\Pipeline\Encamoinhamentos em 28-08-2025\microdados_censo_da_educacao_superior_2017.zip",".zip","10668382","28/08/2025 10:59:09"
"microdados_censo_da_educacao_superior_2018.zip","G:\003_PROJETOS_2025\Propostas_Aguardando ou Encerradas\TESE_Profª Aline\Pipeline\Encamoinhamentos em 28-08-2025","G:\003_PROJETOS_2025\Propostas_Aguardando ou Encerradas\TESE_Profª Aline\Pipeline\Encamoinhamentos em 28-08-2025\microdados_censo_da_educacao_superior_2018.zip",".zip","13216969","28/08/2025 10:59:06"
"microdados_censo_da_educacao_superior_2019.zip","G:\003_PROJETOS_2025\Propostas_Aguardando ou Encerradas\TESE_Profª Aline\Pipeline\Encamoinhamentos em 28-08-2025","G:\003_PROJETOS_2025\Propostas_Aguardando ou Encerradas\TESE_Profª Aline\Pipeline\Encamoinhamentos em 28-08-2025\microdados_censo_da_educacao_superior_2019.zip",".zip","16905590","28/08/2025 10:59:05"
"microdados_censo_da_educacao_superior_2020.zip","G:\003_PROJETOS_2025\Propostas_Aguardando ou Encerradas\TESE_Profª Aline\Pipeline\Encamoinhamentos em 28-08-2025","G:\003_PROJETOS_2025\Propostas_Aguardando ou Encerradas\TESE_Profª Aline\Pipeline\Encamoinhamentos em 28-08-2025\microdados_censo_da_educacao_superior_2020.zip",".zip","22263418","28/08/2025 10:59:08"
"microdados_censo_da_educacao_superior_2021.zip","G:\003_PROJETOS_2025\Propostas_Aguardando ou Encerradas\TESE_Profª Aline\Pipeline\Encamoinhamentos em 28-08-2025","G:\003_PROJETOS_2025\Propostas_Aguardando ou Encerradas\TESE_Profª Aline\Pipeline\Encamoinhamentos em 28-08-2025\microdados_censo_da_educacao_superior_2021.zip",".zip","26554655","28/08/2025 11:00:21"
"microdados_censo_da_educacao_superior_2022.zip","G:\003_PROJETOS_2025\Propostas_Aguardando ou Encerradas\TESE_Profª Aline\Pipeline\Encamoinhamentos em 28-08-2025","G:\003_PROJETOS_2025\Propostas_Aguardando ou Encerradas\TESE_Profª Aline\Pipeline\Encamoinhamentos em 28-08-2025\microdados_censo_da_educacao_superior_2022.zip",".zip","33161794","28/08/2025 10:57:04"
"microdados_censo_da_educacao_superior_2023.zip","G:\003_PROJETOS_2025\Propostas_Aguardando ou Encerradas\TESE_Profª Aline\Pipeline\Encamoinhamentos em 28-08-2025","G:\003_PROJETOS_2025\Propostas_Aguardando ou Encerradas\TESE_Profª Aline\Pipeline\Encamoinhamentos em 28-08-2025\microdados_censo_da_educacao_superior_2023.zip",".zip","38203438","28/08/2025 11:00:15"
"notas_estatisticas_censo_escolar_2023.pdf","G:\003_PROJETOS_2025\Propostas_Aguardando ou Encerradas\TESE_Profª Aline\Pipeline\Encamoinhamentos em 28-08-2025","G:\003_PROJETOS_2025\Propostas_Aguardando ou Encerradas\TESE_Profª Aline\Pipeline\Encamoinhamentos em 28-08-2025\notas_estatisticas_censo_escolar_2023.pdf",".pdf","1751233","28/08/2025 11:14:28"
"Projeto de Tese de Doutorado.docx","G:\003_PROJETOS_2025\Propostas_Aguardando ou Encerradas\TESE_Profª Aline\Pipeline\Encamoinhamentos em 28-08-2025","G:\003_PROJETOS_2025\Propostas_Aguardando ou Encerradas\TESE_Profª Aline\Pipeline\Encamoinhamentos em 28-08-2025\Projeto de Tese de Doutorado.docx",".docx","12832","28/08/2025 08:23:38"
"Acórdão 1868 de 2024 Plenário.pdf","G:\003_PROJETOS_2025\Propostas_Aguardando ou Encerradas\TESE_Profª Aline\Pipeline\Encamoinhamentos em 28-08-2025\Referencial","G:\003_PROJETOS_2025\Propostas_Aguardando ou Encerradas\TESE_Profª Aline\Pipeline\Encamoinhamentos em 28-08-2025\Referencial\Acórdão 1868 de 2024 Plenário.pdf",".pdf","1277250","28/08/2025 10:48:07"
"Dissertação Evasão engenharia no Ceará.pdf","G:\003_PROJETOS_2025\Propostas_Aguardando ou Encerradas\TESE_Profª Aline\Pipeline\Encamoinhamentos em 28-08-2025\Referencial","G:\003_PROJETOS_2025\Propostas_Aguardando ou Encerradas\TESE_Profª Aline\Pipeline\Encamoinhamentos em 28-08-2025\Referencial\Dissertação Evasão engenharia no Ceará.pdf",".pdf","2490134","27/08/2025 19:13:01"
"Dissertaçao UFCE Evasão Mato Grosso.pdf","G:\003_PROJETOS_2025\Propostas_Aguardando ou Encerradas\TESE_Profª Aline\Pipeline\Encamoinhamentos em 28-08-2025\Referencial","G:\003_PROJETOS_2025\Propostas_Aguardando ou Encerradas\TESE_Profª Aline\Pipeline\Encamoinhamentos em 28-08-2025\Referencial\Dissertaçao UFCE Evasão Mato Grosso.pdf",".pdf","1333252","27/08/2025 19:13:01"
"Instrucao_para_Elaboracao_de_Tese_e_Dissertacao_PGDRA_1.pdf","G:\003_PROJETOS_2025\Propostas_Aguardando ou Encerradas\TESE_Profª Aline\Pipeline\Encamoinhamentos em 28-08-2025\Referencial","G:\003_PROJETOS_2025\Propostas_Aguardando ou Encerradas\TESE_Profª Aline\Pipeline\Encamoinhamentos em 28-08-2025\Referencial\Instrucao_para_Elaboracao_de_Tese_e_Dissertacao_PGDRA_1.pdf",".pdf","246595","28/08/2025 08:46:28"
"RELATORIO evadidos UFPE.pdf","G:\003_PROJETOS_2025\Propostas_Aguardando ou Encerradas\TESE_Profª Aline\Pipeline\Encamoinhamentos em 28-08-2025\Referencial","G:\003_PROJETOS_2025\Propostas_Aguardando ou Encerradas\TESE_Profª Aline\Pipeline\Encamoinhamentos em 28-08-2025\Referencial\RELATORIO evadidos UFPE.pdf",".pdf","1075319","27/08/2025 19:13:01"
"RELATORIO evadidos UFPE.pdf","G:\003_PROJETOS_2025\Propostas_Aguardando ou Encerradas\TESE_Profª Aline\Pipeline\Encamoinhamentos em 28-08-2025","G:\003_PROJETOS_2025\Propostas_Aguardando ou Encerradas\TESE_Profª Aline\Pipeline\Encamoinhamentos em 28-08-2025\RELATORIO evadidos UFPE.pdf",".pdf","1836772","28/08/2025 10:52:32"
"Tese de Doutorado_V01_28-08-2025.docx","G:\003_PROJETOS_2025\Propostas_Aguardando ou Encerradas\TESE_Profª Aline\Pipeline\Encamoinhamentos em 28-08-2025","G:\003_PROJETOS_2025\Propostas_Aguardando ou Encerradas\TESE_Profª Aline\Pipeline\Encamoinhamentos em 28-08-2025\Tese de Doutorado_V01_28-08-2025.docx",".docx","249697","28/08/2025 13:51:35"
"Tese Aline 14.09.pdf","G:\003_PROJETOS_2025\Propostas_Aguardando ou Encerradas\TESE_Profª Aline\Tese_Versões_15-09-2025","G:\003_PROJETOS_2025\Propostas_Aguardando ou Encerradas\TESE_Profª Aline\Tese_Versões_15-09-2025\Tese Aline 14.09.pdf",".pdf","596570","15/09/2025 12:11:28"
"Tese Aline 15.09-2025.docx","G:\003_PROJETOS_2025\Propostas_Aguardando ou Encerradas\TESE_Profª Aline\Tese_Versões_15-09-2025","G:\003_PROJETOS_2025\Propostas_Aguardando ou Encerradas\TESE_Profª Aline\Tese_Versões_15-09-2025\Tese Aline 15.09-2025.docx",".docx","291384","15/09/2025 13:05:02"
"top_level.txt","G:\003_PROJETOS_2025\Propostas_Aguardando ou Encerradas\TESE_Profª Aline\whisper_env\Lib\site-packages\certifi-2025.7.14.dist-info","G:\003_PROJETOS_2025\Propostas_Aguardando ou Encerradas\TESE_Profª Aline\whisper_env\Lib\site-packages\certifi-2025.7.14.dist-info\top_level.txt",".txt","8","25/07/2025 08:33:37"
"entry_points.txt","G:\003_PROJETOS_2025\Propostas_Aguardando ou Encerradas\TESE_Profª Aline\whisper_env\Lib\site-packages\charset_normalizer-3.4.2.dist-info","G:\003_PROJETOS_2025\Propostas_Aguardando ou Encerradas\TESE_Profª Aline\whisper_env\Lib\site-packages\charset_normalizer-3.4.2.dist-info\entry_points.txt",".txt","65","25/07/2025 08:33:37"
"top_level.txt","G:\003_PROJETOS_2025\Propostas_Aguardando ou Encerradas\TESE_Profª Aline\whisper_env\Lib\site-packages\charset_normalizer-3.4.2.dist-info","G:\003_PROJETOS_2025\Propostas_Aguardando ou Encerradas\TESE_Profª Aline\whisper_env\Lib\site-packages\charset_normalizer-3.4.2.dist-info\top_level.txt",".txt","19","25/07/2025 08:33:37"
"LICENSE.txt","G:\003_PROJETOS_2025\Propostas_Aguardando ou Encerradas\TESE_Profª Aline\whisper_env\Lib\site-packages\colorama-0.4.6.dist-info\licenses","G:\003_PROJETOS_2025\Propostas_Aguardando ou Encerradas\TESE_Profª Aline\whisper_env\Lib\site-packages\colorama-0.4.6.dist-info\licenses\LICENSE.txt",".txt","1491","25/07/2025 08:33:36"
"top_level.txt","G:\003_PROJETOS_2025\Propostas_Aguardando ou Encerradas\TESE_Profª Aline\whisper_env\Lib\site-packages\ffmpeg_python-0.2.0.dist-info","G:\003_PROJETOS_2025\Propostas_Aguardando ou Encerradas\TESE_Profª Aline\whisper_env\Lib\site-packages\ffmpeg_python-0.2.0.dist-info\top_level.txt",".txt","7","25/07/2025 08:35:11"
"entry_points.txt","G:\003_PROJETOS_2025\Propostas_Aguardando ou Encerradas\TESE_Profª Aline\whisper_env\Lib\site-packages\future-1.0.0.dist-info","G:\003_PROJETOS_2025\Propostas_Aguardando ou Encerradas\TESE_Profª Aline\whisper_env\Lib\site-packages\future-1.0.0.dist-info\entry_points.txt",".txt","88","25/07/2025 08:35:04"
"LICENSE.txt","G:\003_PROJETOS_2025\Propostas_Aguardando ou Encerradas\TESE_Profª Aline\whisper_env\Lib\site-packages\future-1.0.0.dist-info","G:\003_PROJETOS_2025\Propostas_Aguardando ou Encerradas\TESE_Profª Aline\whisper_env\Lib\site-packages\future-1.0.0.dist-info\LICENSE.txt",".txt","1075","25/07/2025 08:35:04"
"top_level.txt","G:\003_PROJETOS_2025\Propostas_Aguardando ou Encerradas\TESE_Profª Aline\whisper_env\Lib\site-packages\future-1.0.0.dist-info","G:\003_PROJETOS_2025\Propostas_Aguardando ou Encerradas\TESE_Profª Aline\whisper_env\Lib\site-packages\future-1.0.0.dist-info\top_level.txt",".txt","38","25/07/2025 08:35:04"
"LICENSE.md","G:\003_PROJETOS_2025\Propostas_Aguardando ou Encerradas\TESE_Profª Aline\whisper_env\Lib\site-packages\idna-3.10.dist-info","G:\003_PROJETOS_2025\Propostas_Aguardando ou Encerradas\TESE_Profª Aline\whisper_env\Lib\site-packages\idna-3.10.dist-info\LICENSE.md",".md","1541","25/07/2025 08:33:36"
"entry_points.txt","G:\003_PROJETOS_2025\Propostas_Aguardando ou Encerradas\TESE_Profª Aline\whisper_env\Lib\site-packages\jinja2-3.1.6.dist-info","G:\003_PROJETOS_2025\Propostas_Aguardando ou Encerradas\TESE_Profª Aline\whisper_env\Lib\site-packages\jinja2-3.1.6.dist-info\entry_points.txt",".txt","58","25/07/2025 08:33:43"
"LICENSE.txt","G:\003_PROJETOS_2025\Propostas_Aguardando ou Encerradas\TESE_Profª Aline\whisper_env\Lib\site-packages\jinja2-3.1.6.dist-info\licenses","G:\003_PROJETOS_2025\Propostas_Aguardando ou Encerradas\TESE_Profª Aline\whisper_env\Lib\site-packages\jinja2-3.1.6.dist-info\licenses\LICENSE.txt",".txt","1475","25/07/2025 08:33:43"
"top_level.txt","G:\003_PROJETOS_2025\Propostas_Aguardando ou Encerradas\TESE_Profª Aline\whisper_env\Lib\site-packages\llvmlite-0.44.0.dist-info","G:\003_PROJETOS_2025\Propostas_Aguardando ou Encerradas\TESE_Profª Aline\whisper_env\Lib\site-packages\llvmlite-0.44.0.dist-info\top_level.txt",".txt","9","25/07/2025 08:33:36"
"LICENSE.txt","G:\003_PROJETOS_2025\Propostas_Aguardando ou Encerradas\TESE_Profª Aline\whisper_env\Lib\site-packages\MarkupSafe-3.0.2.dist-info","G:\003_PROJETOS_2025\Propostas_Aguardando ou Encerradas\TESE_Profª Aline\whisper_env\Lib\site-packages\MarkupSafe-3.0.2.dist-info\LICENSE.txt",".txt","1503","25/07/2025 08:33:35"
"top_level.txt","G:\003_PROJETOS_2025\Propostas_Aguardando ou Encerradas\TESE_Profª Aline\whisper_env\Lib\site-packages\MarkupSafe-3.0.2.dist-info","G:\003_PROJETOS_2025\Propostas_Aguardando ou Encerradas\TESE_Profª Aline\whisper_env\Lib\site-packages\MarkupSafe-3.0.2.dist-info\top_level.txt",".txt","11","25/07/2025 08:33:35"
"top_level.txt","G:\003_PROJETOS_2025\Propostas_Aguardando ou Encerradas\TESE_Profª Aline\whisper_env\Lib\site-packages\mpmath-1.3.0.dist-info","G:\003_PROJETOS_2025\Propostas_Aguardando ou Encerradas\TESE_Profª Aline\whisper_env\Lib\site-packages\mpmath-1.3.0.dist-info\top_level.txt",".txt","7","25/07/2025 08:33:12"
"entry_points.txt","G:\003_PROJETOS_2025\Propostas_Aguardando ou Encerradas\TESE_Profª Aline\whisper_env\Lib\site-packages\networkx-3.5.dist-info","G:\003_PROJETOS_2025\Propostas_Aguardando ou Encerradas\TESE_Profª Aline\whisper_env\Lib\site-packages\networkx-3.5.dist-info\entry_points.txt",".txt","94","25/07/2025 08:33:32"
"LICENSE.txt","G:\003_PROJETOS_2025\Propostas_Aguardando ou Encerradas\TESE_Profª Aline\whisper_env\Lib\site-packages\networkx-3.5.dist-info\licenses","G:\003_PROJETOS_2025\Propostas_Aguardando ou Encerradas\TESE_Profª Aline\whisper_env\Lib\site-packages\networkx-3.5.dist-info\licenses\LICENSE.txt",".txt","1763","25/07/2025 08:33:32"
"top_level.txt","G:\003_PROJETOS_2025\Propostas_Aguardando ou Encerradas\TESE_Profª Aline\whisper_env\Lib\site-packages\networkx-3.5.dist-info","G:\003_PROJETOS_2025\Propostas_Aguardando ou Encerradas\TESE_Profª Aline\whisper_env\Lib\site-packages\networkx-3.5.dist-info\top_level.txt",".txt","9","25/07/2025 08:33:32"
"template.html","G:\003_PROJETOS_2025\Propostas_Aguardando ou Encerradas\TESE_Profª Aline\whisper_env\Lib\site-packages\numba\core\annotations","G:\003_PROJETOS_2025\Propostas_Aguardando ou Encerradas\TESE_Profª Aline\whisper_env\Lib\site-packages\numba\core\annotations\template.html",".html","3608","25/07/2025 08:33:37"
"top_level.txt","G:\003_PROJETOS_2025\Propostas_Aguardando ou Encerradas\TESE_Profª Aline\whisper_env\Lib\site-packages\numba-0.61.2.dist-info","G:\003_PROJETOS_2025\Propostas_Aguardando ou Encerradas\TESE_Profª Aline\whisper_env\Lib\site-packages\numba-0.61.2.dist-info\top_level.txt",".txt","6","25/07/2025 08:33:37"
"LICENSE.txt","G:\003_PROJETOS_2025\Propostas_Aguardando ou Encerradas\TESE_Profª Aline\whisper_env\Lib\site-packages\numpy\_core\include\numpy\random","G:\003_PROJETOS_2025\Propostas_Aguardando ou Encerradas\TESE_Profª Aline\whisper_env\Lib\site-packages\numpy\_core\include\numpy\random\LICENSE.txt",".txt","1039","25/07/2025 08:33:28"
"umath-validation-set-arccos.csv","G:\003_PROJETOS_2025\Propostas_Aguardando ou Encerradas\TESE_Profª Aline\whisper_env\Lib\site-packages\numpy\_core\tests\data","G:\003_PROJETOS_2025\Propostas_Aguardando ou Encerradas\TESE_Profª Aline\whisper_env\Lib\site-packages\numpy\_core\tests\data\umath-validation-set-arccos.csv",".csv","62794","25/07/2025 08:33:28"
"umath-validation-set-arccosh.csv","G:\003_PROJETOS_2025\Propostas_Aguardando ou Encerradas\TESE_Profª Aline\whisper_env\Lib\site-packages\numpy\_core\tests\data","G:\003_PROJETOS_2025\Propostas_Aguardando ou Encerradas\TESE_Profª Aline\whisper_env\Lib\site-packages\numpy\_core\tests\data\umath-validation-set-arccosh.csv",".csv","62794","25/07/2025 08:33:28"
"umath-validation-set-arcsin.csv","G:\003_PROJETOS_2025\Propostas_Aguardando ou Encerradas\TESE_Profª Aline\whisper_env\Lib\site-packages\numpy\_core\tests\data","G:\003_PROJETOS_2025\Propostas_Aguardando ou Encerradas\TESE_Profª Aline\whisper_env\Lib\site-packages\numpy\_core\tests\data\umath-validation-set-arcsin.csv",".csv","62768","25/07/2025 08:33:28"
"umath-validation-set-arcsinh.csv","G:\003_PROJETOS_2025\Propostas_Aguardando ou Encerradas\TESE_Profª Aline\whisper_env\Lib\site-packages\numpy\_core\tests\data","G:\003_PROJETOS_2025\Propostas_Aguardando ou Encerradas\TESE_Profª Aline\whisper_env\Lib\site-packages\numpy\_core\tests\data\umath-validation-set-arcsinh.csv",".csv","61718","25/07/2025 08:33:28"
"umath-validation-set-arctan.csv","G:\003_PROJETOS_2025\Propostas_Aguardando ou Encerradas\TESE_Profª Aline\whisper_env\Lib\site-packages\numpy\_core\tests\data","G:\003_PROJETOS_2025\Propostas_Aguardando ou Encerradas\TESE_Profª Aline\whisper_env\Lib\site-packages\numpy\_core\tests\data\umath-validation-set-arctan.csv",".csv","61734","25/07/2025 08:33:28"
"umath-validation-set-arctanh.csv","G:\003_PROJETOS_2025\Propostas_Aguardando ou Encerradas\TESE_Profª Aline\whisper_env\Lib\site-packages\numpy\_core\tests\data","G:\003_PROJETOS_2025\Propostas_Aguardando ou Encerradas\TESE_Profª Aline\whisper_env\Lib\site-packages\numpy\_core\tests\data\umath-validation-set-arctanh.csv",".csv","62768","25/07/2025 08:33:28"
"umath-validation-set-cbrt.csv","G:\003_PROJETOS_2025\Propostas_Aguardando ou Encerradas\TESE_Profª Aline\whisper_env\Lib\site-packages\numpy\_core\tests\data","G:\003_PROJETOS_2025\Propostas_Aguardando ou Encerradas\TESE_Profª Aline\whisper_env\Lib\site-packages\numpy\_core\tests\data\umath-validation-set-cbrt.csv",".csv","62275","25/07/2025 08:33:28"
"umath-validation-set-cos.csv","G:\003_PROJETOS_2025\Propostas_Aguardando ou Encerradas\TESE_Profª Aline\whisper_env\Lib\site-packages\numpy\_core\tests\data","G:\003_PROJETOS_2025\Propostas_Aguardando ou Encerradas\TESE_Profª Aline\whisper_env\Lib\site-packages\numpy\_core\tests\data\umath-validation-set-cos.csv",".csv","60497","25/07/2025 08:33:28"
"umath-validation-set-cosh.csv","G:\003_PROJETOS_2025\Propostas_Aguardando ou Encerradas\TESE_Profª Aline\whisper_env\Lib\site-packages\numpy\_core\tests\data","G:\003_PROJETOS_2025\Propostas_Aguardando ou Encerradas\TESE_Profª Aline\whisper_env\Lib\site-packages\numpy\_core\tests\data\umath-validation-set-cosh.csv",".csv","62298","25/07/2025 08:33:28"
"umath-validation-set-exp.csv","G:\003_PROJETOS_2025\Propostas_Aguardando ou Encerradas\TESE_Profª Aline\whisper_env\Lib\site-packages\numpy\_core\tests\data","G:\003_PROJETOS_2025\Propostas_Aguardando ou Encerradas\TESE_Profª Aline\whisper_env\Lib\site-packages\numpy\_core\tests\data\umath-validation-set-exp.csv",".csv","17903","25/07/2025 08:33:28"
"umath-validation-set-exp2.csv","G:\003_PROJETOS_2025\Propostas_Aguardando ou Encerradas\TESE_Profª Aline\whisper_env\Lib\site-packages\numpy\_core\tests\data","G:\003_PROJETOS_2025\Propostas_Aguardando ou Encerradas\TESE_Profª Aline\whisper_env\Lib\site-packages\numpy\_core\tests\data\umath-validation-set-exp2.csv",".csv","60053","25/07/2025 08:33:28"
"umath-validation-set-expm1.csv","G:\003_PROJETOS_2025\Propostas_Aguardando ou Encerradas\TESE_Profª Aline\whisper_env\Lib\site-packages\numpy\_core\tests\data","G:\003_PROJETOS_2025\Propostas_Aguardando ou Encerradas\TESE_Profª Aline\whisper_env\Lib\site-packages\numpy\_core\tests\data\umath-validation-set-expm1.csv",".csv","61728","25/07/2025 08:33:28"
"umath-validation-set-log.csv","G:\003_PROJETOS_2025\Propostas_Aguardando ou Encerradas\TESE_Profª Aline\whisper_env\Lib\site-packages\numpy\_core\tests\data","G:\003_PROJETOS_2025\Propostas_Aguardando ou Encerradas\TESE_Profª Aline\whisper_env\Lib\site-packages\numpy\_core\tests\data\umath-validation-set-log.csv",".csv","11963","25/07/2025 08:33:28"
"umath-validation-set-log10.csv","G:\003_PROJETOS_2025\Propostas_Aguardando ou Encerradas\TESE_Profª Aline\whisper_env\Lib\site-packages\numpy\_core\tests\data","G:\003_PROJETOS_2025\Propostas_Aguardando ou Encerradas\TESE_Profª Aline\whisper_env\Lib\site-packages\numpy\_core\tests\data\umath-validation-set-log10.csv",".csv","70551","25/07/2025 08:33:28"
"umath-validation-set-log1p.csv","G:\003_PROJETOS_2025\Propostas_Aguardando ou Encerradas\TESE_Profª Aline\whisper_env\Lib\site-packages\numpy\_core\tests\data","G:\003_PROJETOS_2025\Propostas_Aguardando ou Encerradas\TESE_Profª Aline\whisper_env\Lib\site-packages\numpy\_core\tests\data\umath-validation-set-log1p.csv",".csv","61732","25/07/2025 08:33:28"
"umath-validation-set-log2.csv","G:\003_PROJETOS_2025\Propostas_Aguardando ou Encerradas\TESE_Profª Aline\whisper_env\Lib\site-packages\numpy\_core\tests\data","G:\003_PROJETOS_2025\Propostas_Aguardando ou Encerradas\TESE_Profª Aline\whisper_env\Lib\site-packages\numpy\_core\tests\data\umath-validation-set-log2.csv",".csv","70546","25/07/2025 08:33:28"
"umath-validation-set-README.txt","G:\003_PROJETOS_2025\Propostas_Aguardando ou Encerradas\TESE_Profª Aline\whisper_env\Lib\site-packages\numpy\_core\tests\data","G:\003_PROJETOS_2025\Propostas_Aguardando ou Encerradas\TESE_Profª Aline\whisper_env\Lib\site-packages\numpy\_core\tests\data\umath-validation-set-README.txt",".txt","982","25/07/2025 08:33:28"
"umath-validation-set-sin.csv","G:\003_PROJETOS_2025\Propostas_Aguardando ou Encerradas\TESE_Profª Aline\whisper_env\Lib\site-packages\numpy\_core\tests\data","G:\003_PROJETOS_2025\Propostas_Aguardando ou Encerradas\TESE_Profª Aline\whisper_env\Lib\site-packages\numpy\_core\tests\data\umath-validation-set-sin.csv",".csv","59981","25/07/2025 08:33:28"
"umath-validation-set-sinh.csv","G:\003_PROJETOS_2025\Propostas_Aguardando ou Encerradas\TESE_Profª Aline\whisper_env\Lib\site-packages\numpy\_core\tests\data","G:\003_PROJETOS_2025\Propostas_Aguardando ou Encerradas\TESE_Profª Aline\whisper_env\Lib\site-packages\numpy\_core\tests\data\umath-validation-set-sinh.csv",".csv","61722","25/07/2025 08:33:28"
"umath-validation-set-tan.csv","G:\003_PROJETOS_2025\Propostas_Aguardando ou Encerradas\TESE_Profª Aline\whisper_env\Lib\site-packages\numpy\_core\tests\data","G:\003_PROJETOS_2025\Propostas_Aguardando ou Encerradas\TESE_Profª Aline\whisper_env\Lib\site-packages\numpy\_core\tests\data\umath-validation-set-tan.csv",".csv","61728","25/07/2025 08:33:28"
"umath-validation-set-tanh.csv","G:\003_PROJETOS_2025\Propostas_Aguardando ou Encerradas\TESE_Profª Aline\whisper_env\Lib\site-packages\numpy\_core\tests\data","G:\003_PROJETOS_2025\Propostas_Aguardando ou Encerradas\TESE_Profª Aline\whisper_env\Lib\site-packages\numpy\_core\tests\data\umath-validation-set-tanh.csv",".csv","61728","25/07/2025 08:33:28"
"API_CHANGES.txt","G:\003_PROJETOS_2025\Propostas_Aguardando ou Encerradas\TESE_Profª Aline\whisper_env\Lib\site-packages\numpy\ma","G:\003_PROJETOS_2025\Propostas_Aguardando ou Encerradas\TESE_Profª Aline\whisper_env\Lib\site-packages\numpy\ma\API_CHANGES.txt",".txt","3540","25/07/2025 08:33:28"
"LICENSE.md","G:\003_PROJETOS_2025\Propostas_Aguardando ou Encerradas\TESE_Profª Aline\whisper_env\Lib\site-packages\numpy\random","G:\003_PROJETOS_2025\Propostas_Aguardando ou Encerradas\TESE_Profª Aline\whisper_env\Lib\site-packages\numpy\random\LICENSE.md",".md","3582","25/07/2025 08:33:28"
"mt19937-testset-1.csv","G:\003_PROJETOS_2025\Propostas_Aguardando ou Encerradas\TESE_Profª Aline\whisper_env\Lib\site-packages\numpy\random\tests\data","G:\003_PROJETOS_2025\Propostas_Aguardando ou Encerradas\TESE_Profª Aline\whisper_env\Lib\site-packages\numpy\random\tests\data\mt19937-testset-1.csv",".csv","16845","25/07/2025 08:33:28"
"mt19937-testset-2.csv","G:\003_PROJETOS_2025\Propostas_Aguardando ou Encerradas\TESE_Profª Aline\whisper_env\Lib\site-packages\numpy\random\tests\data","G:\003_PROJETOS_2025\Propostas_Aguardando ou Encerradas\TESE_Profª Aline\whisper_env\Lib\site-packages\numpy\random\tests\data\mt19937-testset-2.csv",".csv","16826","25/07/2025 08:33:28"
"pcg64dxsm-testset-1.csv","G:\003_PROJETOS_2025\Propostas_Aguardando ou Encerradas\TESE_Profª Aline\whisper_env\Lib\site-packages\numpy\random\tests\data","G:\003_PROJETOS_2025\Propostas_Aguardando ou Encerradas\TESE_Profª Aline\whisper_env\Lib\site-packages\numpy\random\tests\data\pcg64dxsm-testset-1.csv",".csv","24834","25/07/2025 08:33:28"
"pcg64dxsm-testset-2.csv","G:\003_PROJETOS_2025\Propostas_Aguardando ou Encerradas\TESE_Profª Aline\whisper_env\Lib\site-packages\numpy\random\tests\data","G:\003_PROJETOS_2025\Propostas_Aguardando ou Encerradas\TESE_Profª Aline\whisper_env\Lib\site-packages\numpy\random\tests\data\pcg64dxsm-testset-2.csv",".csv","24840","25/07/2025 08:33:28"
"pcg64-testset-1.csv","G:\003_PROJETOS_2025\Propostas_Aguardando ou Encerradas\TESE_Profª Aline\whisper_env\Lib\site-packages\numpy\random\tests\data","G:\003_PROJETOS_2025\Propostas_Aguardando ou Encerradas\TESE_Profª Aline\whisper_env\Lib\site-packages\numpy\random\tests\data\pcg64-testset-1.csv",".csv","24840","25/07/2025 08:33:28"
"pcg64-testset-2.csv","G:\003_PROJETOS_2025\Propostas_Aguardando ou Encerradas\TESE_Profª Aline\whisper_env\Lib\site-packages\numpy\random\tests\data","G:\003_PROJETOS_2025\Propostas_Aguardando ou Encerradas\TESE_Profª Aline\whisper_env\Lib\site-packages\numpy\random\tests\data\pcg64-testset-2.csv",".csv","24846","25/07/2025 08:33:28"
"philox-testset-1.csv","G:\003_PROJETOS_2025\Propostas_Aguardando ou Encerradas\TESE_Profª Aline\whisper_env\Lib\site-packages\numpy\random\tests\data","G:\003_PROJETOS_2025\Propostas_Aguardando ou Encerradas\TESE_Profª Aline\whisper_env\Lib\site-packages\numpy\random\tests\data\philox-testset-1.csv",".csv","24853","25/07/2025 08:33:28"
"philox-testset-2.csv","G:\003_PROJETOS_2025\Propostas_Aguardando ou Encerradas\TESE_Profª Aline\whisper_env\Lib\site-packages\numpy\random\tests\data","G:\003_PROJETOS_2025\Propostas_Aguardando ou Encerradas\TESE_Profª Aline\whisper_env\Lib\site-packages\numpy\random\tests\data\philox-testset-2.csv",".csv","24839","25/07/2025 08:33:28"
"sfc64-testset-1.csv","G:\003_PROJETOS_2025\Propostas_Aguardando ou Encerradas\TESE_Profª Aline\whisper_env\Lib\site-packages\numpy\random\tests\data","G:\003_PROJETOS_2025\Propostas_Aguardando ou Encerradas\TESE_Profª Aline\whisper_env\Lib\site-packages\numpy\random\tests\data\sfc64-testset-1.csv",".csv","24841","25/07/2025 08:33:28"
"sfc64-testset-2.csv","G:\003_PROJETOS_2025\Propostas_Aguardando ou Encerradas\TESE_Profª Aline\whisper_env\Lib\site-packages\numpy\random\tests\data","G:\003_PROJETOS_2025\Propostas_Aguardando ou Encerradas\TESE_Profª Aline\whisper_env\Lib\site-packages\numpy\random\tests\data\sfc64-testset-2.csv",".csv","24834","25/07/2025 08:33:28"
"entry_points.txt","G:\003_PROJETOS_2025\Propostas_Aguardando ou Encerradas\TESE_Profª Aline\whisper_env\Lib\site-packages\numpy-2.2.6.dist-info","G:\003_PROJETOS_2025\Propostas_Aguardando ou Encerradas\TESE_Profª Aline\whisper_env\Lib\site-packages\numpy-2.2.6.dist-info\entry_points.txt",".txt","172","25/07/2025 08:33:28"
"LICENSE.txt","G:\003_PROJETOS_2025\Propostas_Aguardando ou Encerradas\TESE_Profª Aline\whisper_env\Lib\site-packages\numpy-2.2.6.dist-info","G:\003_PROJETOS_2025\Propostas_Aguardando ou Encerradas\TESE_Profª Aline\whisper_env\Lib\site-packages\numpy-2.2.6.dist-info\LICENSE.txt",".txt","47709","25/07/2025 08:33:28"
"direct_url.json","G:\003_PROJETOS_2025\Propostas_Aguardando ou Encerradas\TESE_Profª Aline\whisper_env\Lib\site-packages\openai_whisper-20250625.dist-info","G:\003_PROJETOS_2025\Propostas_Aguardando ou Encerradas\TESE_Profª Aline\whisper_env\Lib\site-packages\openai_whisper-20250625.dist-info\direct_url.json",".json","133","25/07/2025 08:34:04"
"entry_points.txt","G:\003_PROJETOS_2025\Propostas_Aguardando ou Encerradas\TESE_Profª Aline\whisper_env\Lib\site-packages\openai_whisper-20250625.dist-info","G:\003_PROJETOS_2025\Propostas_Aguardando ou Encerradas\TESE_Profª Aline\whisper_env\Lib\site-packages\openai_whisper-20250625.dist-info\entry_points.txt",".txt","51","25/07/2025 08:34:04"
"top_level.txt","G:\003_PROJETOS_2025\Propostas_Aguardando ou Encerradas\TESE_Profª Aline\whisper_env\Lib\site-packages\openai_whisper-20250625.dist-info","G:\003_PROJETOS_2025\Propostas_Aguardando ou Encerradas\TESE_Profª Aline\whisper_env\Lib\site-packages\openai_whisper-20250625.dist-info\top_level.txt",".txt","8","25/07/2025 08:34:04"
"top_level.txt","G:\003_PROJETOS_2025\Propostas_Aguardando ou Encerradas\TESE_Profª Aline\whisper_env\Lib\site-packages\pillow-11.0.0.dist-info","G:\003_PROJETOS_2025\Propostas_Aguardando ou Encerradas\TESE_Profª Aline\whisper_env\Lib\site-packages\pillow-11.0.0.dist-info\top_level.txt",".txt","4","25/07/2025 09:03:25"
"vendor.txt","G:\003_PROJETOS_2025\Propostas_Aguardando ou Encerradas\TESE_Profª Aline\whisper_env\Lib\site-packages\pip\_vendor","G:\003_PROJETOS_2025\Propostas_Aguardando ou Encerradas\TESE_Profª Aline\whisper_env\Lib\site-packages\pip\_vendor\vendor.txt",".txt","332","25/07/2025 08:32:09"
"AUTHORS.txt","G:\003_PROJETOS_2025\Propostas_Aguardando ou Encerradas\TESE_Profª Aline\whisper_env\Lib\site-packages\pip-24.3.1.dist-info","G:\003_PROJETOS_2025\Propostas_Aguardando ou Encerradas\TESE_Profª Aline\whisper_env\Lib\site-packages\pip-24.3.1.dist-info\AUTHORS.txt",".txt","10925","25/07/2025 08:32:09"
"entry_points.txt","G:\003_PROJETOS_2025\Propostas_Aguardando ou Encerradas\TESE_Profª Aline\whisper_env\Lib\site-packages\pip-24.3.1.dist-info","G:\003_PROJETOS_2025\Propostas_Aguardando ou Encerradas\TESE_Profª Aline\whisper_env\Lib\site-packages\pip-24.3.1.dist-info\entry_points.txt",".txt","87","25/07/2025 08:32:09"
"LICENSE.txt","G:\003_PROJETOS_2025\Propostas_Aguardando ou Encerradas\TESE_Profª Aline\whisper_env\Lib\site-packages\pip-24.3.1.dist-info","G:\003_PROJETOS_2025\Propostas_Aguardando ou Encerradas\TESE_Profª Aline\whisper_env\Lib\site-packages\pip-24.3.1.dist-info\LICENSE.txt",".txt","1093","25/07/2025 08:32:09"
"top_level.txt","G:\003_PROJETOS_2025\Propostas_Aguardando ou Encerradas\TESE_Profª Aline\whisper_env\Lib\site-packages\pip-24.3.1.dist-info","G:\003_PROJETOS_2025\Propostas_Aguardando ou Encerradas\TESE_Profª Aline\whisper_env\Lib\site-packages\pip-24.3.1.dist-info\top_level.txt",".txt","4","25/07/2025 08:32:09"
"api_tests.txt","G:\003_PROJETOS_2025\Propostas_Aguardando ou Encerradas\TESE_Profª Aline\whisper_env\Lib\site-packages\pkg_resources","G:\003_PROJETOS_2025\Propostas_Aguardando ou Encerradas\TESE_Profª Aline\whisper_env\Lib\site-packages\pkg_resources\api_tests.txt",".txt","12595","25/07/2025 08:33:26"
"dependency_links.txt","G:\003_PROJETOS_2025\Propostas_Aguardando ou Encerradas\TESE_Profª Aline\whisper_env\Lib\site-packages\pkg_resources\tests\data\my-test-package_unpacked-egg\my_test_package-1.0-py3.7.egg\EGG-INFO","G:\003_PROJETOS_2025\Propostas_Aguardando ou Encerradas\TESE_Profª Aline\whisper_env\Lib\site-packages\pkg_resources\tests\data\my-test-package_unpacked-egg\my_test_package-1.0-py3.7.egg\EGG-INFO\dependency_links.txt",".txt","1","25/07/2025 08:33:26"
"SOURCES.txt","G:\003_PROJETOS_2025\Propostas_Aguardando ou Encerradas\TESE_Profª Aline\whisper_env\Lib\site-packages\pkg_resources\tests\data\my-test-package_unpacked-egg\my_test_package-1.0-py3.7.egg\EGG-INFO","G:\003_PROJETOS_2025\Propostas_Aguardando ou Encerradas\TESE_Profª Aline\whisper_env\Lib\site-packages\pkg_resources\tests\data\my-test-package_unpacked-egg\my_test_package-1.0-py3.7.egg\EGG-INFO\SOURCES.txt",".txt","208","25/07/2025 08:33:26"
"top_level.txt","G:\003_PROJETOS_2025\Propostas_Aguardando ou Encerradas\TESE_Profª Aline\whisper_env\Lib\site-packages\pkg_resources\tests\data\my-test-package_unpacked-egg\my_test_package-1.0-py3.7.egg\EGG-INFO","G:\003_PROJETOS_2025\Propostas_Aguardando ou Encerradas\TESE_Profª Aline\whisper_env\Lib\site-packages\pkg_resources\tests\data\my-test-package_unpacked-egg\my_test_package-1.0-py3.7.egg\EGG-INFO\top_level.txt",".txt","1","25/07/2025 08:33:26"
"my-test-package.zip","G:\003_PROJETOS_2025\Propostas_Aguardando ou Encerradas\TESE_Profª Aline\whisper_env\Lib\site-packages\pkg_resources\tests\data\my-test-package-zip","G:\003_PROJETOS_2025\Propostas_Aguardando ou Encerradas\TESE_Profª Aline\whisper_env\Lib\site-packages\pkg_resources\tests\data\my-test-package-zip\my-test-package.zip",".zip","1809","25/07/2025 08:33:26"
"LICENSE.txt","G:\003_PROJETOS_2025\Propostas_Aguardando ou Encerradas\TESE_Profª Aline\whisper_env\Lib\site-packages\regex-2024.11.6.dist-info","G:\003_PROJETOS_2025\Propostas_Aguardando ou Encerradas\TESE_Profª Aline\whisper_env\Lib\site-packages\regex-2024.11.6.dist-info\LICENSE.txt",".txt","11792","25/07/2025 08:33:28"
"top_level.txt","G:\003_PROJETOS_2025\Propostas_Aguardando ou Encerradas\TESE_Profª Aline\whisper_env\Lib\site-packages\regex-2024.11.6.dist-info","G:\003_PROJETOS_2025\Propostas_Aguardando ou Encerradas\TESE_Profª Aline\whisper_env\Lib\site-packages\regex-2024.11.6.dist-info\top_level.txt",".txt","6","25/07/2025 08:33:28"
"top_level.txt","G:\003_PROJETOS_2025\Propostas_Aguardando ou Encerradas\TESE_Profª Aline\whisper_env\Lib\site-packages\requests-2.32.4.dist-info","G:\003_PROJETOS_2025\Propostas_Aguardando ou Encerradas\TESE_Profª Aline\whisper_env\Lib\site-packages\requests-2.32.4.dist-info\top_level.txt",".txt","9","25/07/2025 08:33:37"
"top_level.txt","G:\003_PROJETOS_2025\Propostas_Aguardando ou Encerradas\TESE_Profª Aline\whisper_env\Lib\site-packages\setuptools\_vendor\autocommand-2.2.2.dist-info","G:\003_PROJETOS_2025\Propostas_Aguardando ou Encerradas\TESE_Profª Aline\whisper_env\Lib\site-packages\setuptools\_vendor\autocommand-2.2.2.dist-info\top_level.txt",".txt","12","25/07/2025 08:33:26"
"top_level.txt","G:\003_PROJETOS_2025\Propostas_Aguardando ou Encerradas\TESE_Profª Aline\whisper_env\Lib\site-packages\setuptools\_vendor\backports.tarfile-1.2.0.dist-info","G:\003_PROJETOS_2025\Propostas_Aguardando ou Encerradas\TESE_Profª Aline\whisper_env\Lib\site-packages\setuptools\_vendor\backports.tarfile-1.2.0.dist-info\top_level.txt",".txt","10","25/07/2025 08:33:26"
"top_level.txt","G:\003_PROJETOS_2025\Propostas_Aguardando ou Encerradas\TESE_Profª Aline\whisper_env\Lib\site-packages\setuptools\_vendor\importlib_metadata-8.0.0.dist-info","G:\003_PROJETOS_2025\Propostas_Aguardando ou Encerradas\TESE_Profª Aline\whisper_env\Lib\site-packages\setuptools\_vendor\importlib_metadata-8.0.0.dist-info\top_level.txt",".txt","19","25/07/2025 08:33:26"
"top_level.txt","G:\003_PROJETOS_2025\Propostas_Aguardando ou Encerradas\TESE_Profª Aline\whisper_env\Lib\site-packages\setuptools\_vendor\inflect-7.3.1.dist-info","G:\003_PROJETOS_2025\Propostas_Aguardando ou Encerradas\TESE_Profª Aline\whisper_env\Lib\site-packages\setuptools\_vendor\inflect-7.3.1.dist-info\top_level.txt",".txt","8","25/07/2025 08:33:26"
"top_level.txt","G:\003_PROJETOS_2025\Propostas_Aguardando ou Encerradas\TESE_Profª Aline\whisper_env\Lib\site-packages\setuptools\_vendor\jaraco.collections-5.1.0.dist-info","G:\003_PROJETOS_2025\Propostas_Aguardando ou Encerradas\TESE_Profª Aline\whisper_env\Lib\site-packages\setuptools\_vendor\jaraco.collections-5.1.0.dist-info\top_level.txt",".txt","7","25/07/2025 08:33:26"
"top_level.txt","G:\003_PROJETOS_2025\Propostas_Aguardando ou Encerradas\TESE_Profª Aline\whisper_env\Lib\site-packages\setuptools\_vendor\jaraco.context-5.3.0.dist-info","G:\003_PROJETOS_2025\Propostas_Aguardando ou Encerradas\TESE_Profª Aline\whisper_env\Lib\site-packages\setuptools\_vendor\jaraco.context-5.3.0.dist-info\top_level.txt",".txt","7","25/07/2025 08:33:26"
"top_level.txt","G:\003_PROJETOS_2025\Propostas_Aguardando ou Encerradas\TESE_Profª Aline\whisper_env\Lib\site-packages\setuptools\_vendor\jaraco.functools-4.0.1.dist-info","G:\003_PROJETOS_2025\Propostas_Aguardando ou Encerradas\TESE_Profª Aline\whisper_env\Lib\site-packages\setuptools\_vendor\jaraco.functools-4.0.1.dist-info\top_level.txt",".txt","7","25/07/2025 08:33:26"
"top_level.txt","G:\003_PROJETOS_2025\Propostas_Aguardando ou Encerradas\TESE_Profª Aline\whisper_env\Lib\site-packages\setuptools\_vendor\jaraco.text-3.12.1.dist-info","G:\003_PROJETOS_2025\Propostas_Aguardando ou Encerradas\TESE_Profª Aline\whisper_env\Lib\site-packages\setuptools\_vendor\jaraco.text-3.12.1.dist-info\top_level.txt",".txt","7","25/07/2025 08:33:26"
"Lorem ipsum.txt","G:\003_PROJETOS_2025\Propostas_Aguardando ou Encerradas\TESE_Profª Aline\whisper_env\Lib\site-packages\setuptools\_vendor\jaraco\text","G:\003_PROJETOS_2025\Propostas_Aguardando ou Encerradas\TESE_Profª Aline\whisper_env\Lib\site-packages\setuptools\_vendor\jaraco\text\Lorem ipsum.txt",".txt","1335","25/07/2025 08:33:26"
"entry_points.txt","G:\003_PROJETOS_2025\Propostas_Aguardando ou Encerradas\TESE_Profª Aline\whisper_env\Lib\site-packages\setuptools\_vendor\typeguard-4.3.0.dist-info","G:\003_PROJETOS_2025\Propostas_Aguardando ou Encerradas\TESE_Profª Aline\whisper_env\Lib\site-packages\setuptools\_vendor\typeguard-4.3.0.dist-info\entry_points.txt",".txt","48","25/07/2025 08:33:26"
"top_level.txt","G:\003_PROJETOS_2025\Propostas_Aguardando ou Encerradas\TESE_Profª Aline\whisper_env\Lib\site-packages\setuptools\_vendor\typeguard-4.3.0.dist-info","G:\003_PROJETOS_2025\Propostas_Aguardando ou Encerradas\TESE_Profª Aline\whisper_env\Lib\site-packages\setuptools\_vendor\typeguard-4.3.0.dist-info\top_level.txt",".txt","10","25/07/2025 08:33:26"
"vendor.txt","G:\003_PROJETOS_2025\Propostas_Aguardando ou Encerradas\TESE_Profª Aline\whisper_env\Lib\site-packages\setuptools\_vendor\wheel\vendored","G:\003_PROJETOS_2025\Propostas_Aguardando ou Encerradas\TESE_Profª Aline\whisper_env\Lib\site-packages\setuptools\_vendor\wheel\vendored\vendor.txt",".txt","16","25/07/2025 08:33:26"
"entry_points.txt","G:\003_PROJETOS_2025\Propostas_Aguardando ou Encerradas\TESE_Profª Aline\whisper_env\Lib\site-packages\setuptools\_vendor\wheel-0.45.1.dist-info","G:\003_PROJETOS_2025\Propostas_Aguardando ou Encerradas\TESE_Profª Aline\whisper_env\Lib\site-packages\setuptools\_vendor\wheel-0.45.1.dist-info\entry_points.txt",".txt","104","25/07/2025 08:33:26"
"LICENSE.txt","G:\003_PROJETOS_2025\Propostas_Aguardando ou Encerradas\TESE_Profª Aline\whisper_env\Lib\site-packages\setuptools\_vendor\wheel-0.45.1.dist-info","G:\003_PROJETOS_2025\Propostas_Aguardando ou Encerradas\TESE_Profª Aline\whisper_env\Lib\site-packages\setuptools\_vendor\wheel-0.45.1.dist-info\LICENSE.txt",".txt","1107","25/07/2025 08:33:26"
"top_level.txt","G:\003_PROJETOS_2025\Propostas_Aguardando ou Encerradas\TESE_Profª Aline\whisper_env\Lib\site-packages\setuptools\_vendor\zipp-3.19.2.dist-info","G:\003_PROJETOS_2025\Propostas_Aguardando ou Encerradas\TESE_Profª Aline\whisper_env\Lib\site-packages\setuptools\_vendor\zipp-3.19.2.dist-info\top_level.txt",".txt","5","25/07/2025 08:33:26"
"distutils.schema.json","G:\003_PROJETOS_2025\Propostas_Aguardando ou Encerradas\TESE_Profª Aline\whisper_env\Lib\site-packages\setuptools\config","G:\003_PROJETOS_2025\Propostas_Aguardando ou Encerradas\TESE_Profª Aline\whisper_env\Lib\site-packages\setuptools\config\distutils.schema.json",".json","972","25/07/2025 08:33:26"
"setuptools.schema.json","G:\003_PROJETOS_2025\Propostas_Aguardando ou Encerradas\TESE_Profª Aline\whisper_env\Lib\site-packages\setuptools\config","G:\003_PROJETOS_2025\Propostas_Aguardando ou Encerradas\TESE_Profª Aline\whisper_env\Lib\site-packages\setuptools\config\setuptools.schema.json",".json","16071","25/07/2025 08:33:26"
"setupcfg_examples.txt","G:\003_PROJETOS_2025\Propostas_Aguardando ou Encerradas\TESE_Profª Aline\whisper_env\Lib\site-packages\setuptools\tests\config","G:\003_PROJETOS_2025\Propostas_Aguardando ou Encerradas\TESE_Profª Aline\whisper_env\Lib\site-packages\setuptools\tests\config\setupcfg_examples.txt",".txt","1912","25/07/2025 08:33:26"
"external.html","G:\003_PROJETOS_2025\Propostas_Aguardando ou Encerradas\TESE_Profª Aline\whisper_env\Lib\site-packages\setuptools\tests\indexes\test_links_priority","G:\003_PROJETOS_2025\Propostas_Aguardando ou Encerradas\TESE_Profª Aline\whisper_env\Lib\site-packages\setuptools\tests\indexes\test_links_priority\external.html",".html","92","25/07/2025 08:33:26"
"index.html","G:\003_PROJETOS_2025\Propostas_Aguardando ou Encerradas\TESE_Profª Aline\whisper_env\Lib\site-packages\setuptools\tests\indexes\test_links_priority\simple\foobar","G:\003_PROJETOS_2025\Propostas_Aguardando ou Encerradas\TESE_Profª Aline\whisper_env\Lib\site-packages\setuptools\tests\indexes\test_links_priority\simple\foobar\index.html",".html","174","25/07/2025 08:33:26"
"entry_points.txt","G:\003_PROJETOS_2025\Propostas_Aguardando ou Encerradas\TESE_Profª Aline\whisper_env\Lib\site-packages\setuptools-80.9.0.dist-info","G:\003_PROJETOS_2025\Propostas_Aguardando ou Encerradas\TESE_Profª Aline\whisper_env\Lib\site-packages\setuptools-80.9.0.dist-info\entry_points.txt",".txt","2449","25/07/2025 08:33:26"
"top_level.txt","G:\003_PROJETOS_2025\Propostas_Aguardando ou Encerradas\TESE_Profª Aline\whisper_env\Lib\site-packages\setuptools-80.9.0.dist-info","G:\003_PROJETOS_2025\Propostas_Aguardando ou Encerradas\TESE_Profª Aline\whisper_env\Lib\site-packages\setuptools-80.9.0.dist-info\top_level.txt",".txt","41","25/07/2025 08:33:26"
"README.txt","G:\003_PROJETOS_2025\Propostas_Aguardando ou Encerradas\TESE_Profª Aline\whisper_env\Lib\site-packages\sympy\parsing\autolev\test-examples","G:\003_PROJETOS_2025\Propostas_Aguardando ou Encerradas\TESE_Profª Aline\whisper_env\Lib\site-packages\sympy\parsing\autolev\test-examples\README.txt",".txt","528","25/07/2025 09:03:13"
"LICENSE.txt","G:\003_PROJETOS_2025\Propostas_Aguardando ou Encerradas\TESE_Profª Aline\whisper_env\Lib\site-packages\sympy\parsing\latex","G:\003_PROJETOS_2025\Propostas_Aguardando ou Encerradas\TESE_Profª Aline\whisper_env\Lib\site-packages\sympy\parsing\latex\LICENSE.txt",".txt","1075","25/07/2025 09:03:13"
"entry_points.txt","G:\003_PROJETOS_2025\Propostas_Aguardando ou Encerradas\TESE_Profª Aline\whisper_env\Lib\site-packages\sympy-1.13.1.dist-info","G:\003_PROJETOS_2025\Propostas_Aguardando ou Encerradas\TESE_Profª Aline\whisper_env\Lib\site-packages\sympy-1.13.1.dist-info\entry_points.txt",".txt","39","25/07/2025 09:03:14"
"top_level.txt","G:\003_PROJETOS_2025\Propostas_Aguardando ou Encerradas\TESE_Profª Aline\whisper_env\Lib\site-packages\sympy-1.13.1.dist-info","G:\003_PROJETOS_2025\Propostas_Aguardando ou Encerradas\TESE_Profª Aline\whisper_env\Lib\site-packages\sympy-1.13.1.dist-info\top_level.txt",".txt","13","25/07/2025 09:03:14"
"top_level.txt","G:\003_PROJETOS_2025\Propostas_Aguardando ou Encerradas\TESE_Profª Aline\whisper_env\Lib\site-packages\tiktoken-0.9.0.dist-info","G:\003_PROJETOS_2025\Propostas_Aguardando ou Encerradas\TESE_Profª Aline\whisper_env\Lib\site-packages\tiktoken-0.9.0.dist-info\top_level.txt",".txt","22","25/07/2025 08:34:04"
"skeleton.html","G:\003_PROJETOS_2025\Propostas_Aguardando ou Encerradas\TESE_Profª Aline\whisper_env\Lib\site-packages\torch\utils\model_dump","G:\003_PROJETOS_2025\Propostas_Aguardando ou Encerradas\TESE_Profª Aline\whisper_env\Lib\site-packages\torch\utils\model_dump\skeleton.html",".html","405","25/07/2025 09:03:56"
"entry_points.txt","G:\003_PROJETOS_2025\Propostas_Aguardando ou Encerradas\TESE_Profª Aline\whisper_env\Lib\site-packages\torch-2.5.1+cu121.dist-info","G:\003_PROJETOS_2025\Propostas_Aguardando ou Encerradas\TESE_Profª Aline\whisper_env\Lib\site-packages\torch-2.5.1+cu121.dist-info\entry_points.txt",".txt","347","25/07/2025 09:03:56"
"top_level.txt","G:\003_PROJETOS_2025\Propostas_Aguardando ou Encerradas\TESE_Profª Aline\whisper_env\Lib\site-packages\torch-2.5.1+cu121.dist-info","G:\003_PROJETOS_2025\Propostas_Aguardando ou Encerradas\TESE_Profª Aline\whisper_env\Lib\site-packages\torch-2.5.1+cu121.dist-info\top_level.txt",".txt","25","25/07/2025 09:03:56"
"top_level.txt","G:\003_PROJETOS_2025\Propostas_Aguardando ou Encerradas\TESE_Profª Aline\whisper_env\Lib\site-packages\torchaudio-2.5.1+cu121.dist-info","G:\003_PROJETOS_2025\Propostas_Aguardando ou Encerradas\TESE_Profª Aline\whisper_env\Lib\site-packages\torchaudio-2.5.1+cu121.dist-info\top_level.txt",".txt","17","25/07/2025 09:04:11"
"README.md","G:\003_PROJETOS_2025\Propostas_Aguardando ou Encerradas\TESE_Profª Aline\whisper_env\Lib\site-packages\torchgen\packaged\autograd","G:\003_PROJETOS_2025\Propostas_Aguardando ou Encerradas\TESE_Profª Aline\whisper_env\Lib\site-packages\torchgen\packaged\autograd\README.md",".md","150","25/07/2025 09:03:56"
"top_level.txt","G:\003_PROJETOS_2025\Propostas_Aguardando ou Encerradas\TESE_Profª Aline\whisper_env\Lib\site-packages\torchvision-0.20.1+cu121.dist-info","G:\003_PROJETOS_2025\Propostas_Aguardando ou Encerradas\TESE_Profª Aline\whisper_env\Lib\site-packages\torchvision-0.20.1+cu121.dist-info\top_level.txt",".txt","12","25/07/2025 09:04:10"
"entry_points.txt","G:\003_PROJETOS_2025\Propostas_Aguardando ou Encerradas\TESE_Profª Aline\whisper_env\Lib\site-packages\tqdm-4.67.1.dist-info","G:\003_PROJETOS_2025\Propostas_Aguardando ou Encerradas\TESE_Profª Aline\whisper_env\Lib\site-packages\tqdm-4.67.1.dist-info\entry_points.txt",".txt","39","25/07/2025 08:33:37"
"top_level.txt","G:\003_PROJETOS_2025\Propostas_Aguardando ou Encerradas\TESE_Profª Aline\whisper_env\Lib\site-packages\tqdm-4.67.1.dist-info","G:\003_PROJETOS_2025\Propostas_Aguardando ou Encerradas\TESE_Profª Aline\whisper_env\Lib\site-packages\tqdm-4.67.1.dist-info\top_level.txt",".txt","5","25/07/2025 08:33:37"
"LICENSE.txt","G:\003_PROJETOS_2025\Propostas_Aguardando ou Encerradas\TESE_Profª Aline\whisper_env\Lib\site-packages\urllib3-2.5.0.dist-info\licenses","G:\003_PROJETOS_2025\Propostas_Aguardando ou Encerradas\TESE_Profª Aline\whisper_env\Lib\site-packages\urllib3-2.5.0.dist-info\licenses\LICENSE.txt",".txt","1093","25/07/2025 08:33:13"
"english.json","G:\003_PROJETOS_2025\Propostas_Aguardando ou Encerradas\TESE_Profª Aline\whisper_env\Lib\site-packages\whisper\normalizers","G:\003_PROJETOS_2025\Propostas_Aguardando ou Encerradas\TESE_Profª Aline\whisper_env\Lib\site-packages\whisper\normalizers\english.json",".json","57868","25/07/2025 08:34:04"
"SEI_2243147_Edital_004_2025 (2).pdf","G:\003_PROJETOS_2025\TESE_Doutorado em Geografia_UNIR\01_Edital","G:\003_PROJETOS_2025\TESE_Doutorado em Geografia_UNIR\01_Edital\SEI_2243147_Edital_004_2025 (2).pdf",".pdf","244836","15/08/2025 17:51:42"
"AUTODECLARAÇÃO DE AUTENTICIDADE E VERACIDADE DAS INFORMAÇÕES.docx","G:\003_PROJETOS_2025\TESE_Doutorado em Geografia_UNIR\02_Documentação","G:\003_PROJETOS_2025\TESE_Doutorado em Geografia_UNIR\02_Documentação\AUTODECLARAÇÃO DE AUTENTICIDADE E VERACIDADE DAS INFORMAÇÕES.docx",".docx","13944","23/07/2025 23:05:08"
"AUTODECLARAÇÃO DE AUTENTICIDADE E VERACIDADE DAS INFORMAÇÕES.pdf","G:\003_PROJETOS_2025\TESE_Doutorado em Geografia_UNIR\02_Documentação","G:\003_PROJETOS_2025\TESE_Doutorado em Geografia_UNIR\02_Documentação\AUTODECLARAÇÃO DE AUTENTICIDADE E VERACIDADE DAS INFORMAÇÕES.pdf",".pdf","63087","23/07/2025 23:05:18"
"AUTODECLARAÇÃO DE RAÇA.docx","G:\003_PROJETOS_2025\TESE_Doutorado em Geografia_UNIR\02_Documentação","G:\003_PROJETOS_2025\TESE_Doutorado em Geografia_UNIR\02_Documentação\AUTODECLARAÇÃO DE RAÇA.docx",".docx","14163","23/07/2025 22:54:58"
"Curriculo_Lattes_David Lopes Maciel_18-07-2025.pdf","G:\003_PROJETOS_2025\TESE_Doutorado em Geografia_UNIR\02_Documentação","G:\003_PROJETOS_2025\TESE_Doutorado em Geografia_UNIR\02_Documentação\Curriculo_Lattes_David Lopes Maciel_18-07-2025.pdf",".pdf","5584534","18/07/2025 20:24:45"
"Curriculo_Lattes_David Lopes Maciel_23-07-2025.pdf","G:\003_PROJETOS_2025\TESE_Doutorado em Geografia_UNIR\02_Documentação","G:\003_PROJETOS_2025\TESE_Doutorado em Geografia_UNIR\02_Documentação\Curriculo_Lattes_David Lopes Maciel_23-07-2025.pdf",".pdf","5584031","24/07/2025 00:17:14"
"Curriculo_Lattes_David Lopes Maciel_24-07-2025.pdf","G:\003_PROJETOS_2025\TESE_Doutorado em Geografia_UNIR\02_Documentação","G:\003_PROJETOS_2025\TESE_Doutorado em Geografia_UNIR\02_Documentação\Curriculo_Lattes_David Lopes Maciel_24-07-2025.pdf",".pdf","3955602","24/07/2025 17:53:23"
"Curriculo_MICHEL WATANABE.pdf","G:\003_PROJETOS_2025\TESE_Doutorado em Geografia_UNIR\02_Documentação","G:\003_PROJETOS_2025\TESE_Doutorado em Geografia_UNIR\02_Documentação\Curriculo_MICHEL WATANABE.pdf",".pdf","10629505","23/07/2025 23:33:21"
"Curriculo_MICHEL WATANABE_compressed.pdf","G:\003_PROJETOS_2025\TESE_Doutorado em Geografia_UNIR\02_Documentação","G:\003_PROJETOS_2025\TESE_Doutorado em Geografia_UNIR\02_Documentação\Curriculo_MICHEL WATANABE_compressed.pdf",".pdf","8132146","23/07/2025 23:34:20"
"Declaração projeto integrador.pdf","G:\003_PROJETOS_2025\TESE_Doutorado em Geografia_UNIR\02_Documentação","G:\003_PROJETOS_2025\TESE_Doutorado em Geografia_UNIR\02_Documentação\Declaração projeto integrador.pdf",".pdf","156668","25/12/2021 21:07:50"
"AUTODECLARACAO_DE_AUTENTICIDADE_E_VERACIDADE_DAS_INFORMACOES_assinado.pdf","G:\003_PROJETOS_2025\TESE_Doutorado em Geografia_UNIR\02_Documentação\Encaminhamento","G:\003_PROJETOS_2025\TESE_Doutorado em Geografia_UNIR\02_Documentação\Encaminhamento\AUTODECLARACAO_DE_AUTENTICIDADE_E_VERACIDADE_DAS_INFORMACOES_assinado.pdf",".pdf","93000","23/07/2025 23:06:35"
"AUTODECLARACAO_DE_RACA_assinado.pdf","G:\003_PROJETOS_2025\TESE_Doutorado em Geografia_UNIR\02_Documentação\Encaminhamento","G:\003_PROJETOS_2025\TESE_Doutorado em Geografia_UNIR\02_Documentação\Encaminhamento\AUTODECLARACAO_DE_RACA_assinado.pdf",".pdf","101940","23/07/2025 22:58:13"
"CPF - frente e verso (2024_03_17 16_32_43 UTC).pdf","G:\003_PROJETOS_2025\TESE_Doutorado em Geografia_UNIR\02_Documentação\Encaminhamento","G:\003_PROJETOS_2025\TESE_Doutorado em Geografia_UNIR\02_Documentação\Encaminhamento\CPF - frente e verso (2024_03_17 16_32_43 UTC).pdf",".pdf","426828","08/01/2022 12:56:06"
"Curriculo_Lattes_David Lopes Maciel_17-08-2025.pdf","G:\003_PROJETOS_2025\TESE_Doutorado em Geografia_UNIR\02_Documentação\Encaminhamento","G:\003_PROJETOS_2025\TESE_Doutorado em Geografia_UNIR\02_Documentação\Encaminhamento\Curriculo_Lattes_David Lopes Maciel_17-08-2025.pdf",".pdf","6767106","24/07/2025 19:16:44"
"Declaração Prova de Inglês-DAVID MACIEL (1).pdf","G:\003_PROJETOS_2025\TESE_Doutorado em Geografia_UNIR\02_Documentação\Encaminhamento","G:\003_PROJETOS_2025\TESE_Doutorado em Geografia_UNIR\02_Documentação\Encaminhamento\Declaração Prova de Inglês-DAVID MACIEL (1).pdf",".pdf","173976","12/11/2021 10:43:38"
"Diploma de MESTRADO_ David Lopes Maciel.pdf","G:\003_PROJETOS_2025\TESE_Doutorado em Geografia_UNIR\02_Documentação\Encaminhamento","G:\003_PROJETOS_2025\TESE_Doutorado em Geografia_UNIR\02_Documentação\Encaminhamento\Diploma de MESTRADO_ David Lopes Maciel.pdf",".pdf","6239703","14/06/2024 10:32:05"
"RG+CNH_David Lopes Maciel.pdf","G:\003_PROJETOS_2025\TESE_Doutorado em Geografia_UNIR\02_Documentação\Encaminhamento","G:\003_PROJETOS_2025\TESE_Doutorado em Geografia_UNIR\02_Documentação\Encaminhamento\RG+CNH_David Lopes Maciel.pdf",".pdf","360782","18/09/2024 23:49:53"
"G_Declaração de Cor_David Lopes Maciel.pdf","G:\003_PROJETOS_2025\TESE_Doutorado em Geografia_UNIR\02_Documentação","G:\003_PROJETOS_2025\TESE_Doutorado em Geografia_UNIR\02_Documentação\G_Declaração de Cor_David Lopes Maciel.pdf",".pdf","255040","30/08/2022 17:15:46"
"avancos-interdisciplinares-nas-ciencias-exatas-e-seus-impactos-tecnologicos.pdf","G:\003_PROJETOS_2025\TESE_Doutorado em Geografia_UNIR\02_Documentação\Publicação_Capitulos","G:\003_PROJETOS_2025\TESE_Doutorado em Geografia_UNIR\02_Documentação\Publicação_Capitulos\avancos-interdisciplinares-nas-ciencias-exatas-e-seus-impactos-tecnologicos.pdf",".pdf","20973618","24/07/2025 18:16:37"
"COMPROVAÇÃO DE PUBLICAÇÃO.docx","G:\003_PROJETOS_2025\TESE_Doutorado em Geografia_UNIR\02_Documentação\Publicação_Capitulos","G:\003_PROJETOS_2025\TESE_Doutorado em Geografia_UNIR\02_Documentação\Publicação_Capitulos\COMPROVAÇÃO DE PUBLICAÇÃO.docx",".docx","4440549","24/07/2025 19:14:36"
"COMPROVAÇÃO DE PUBLICAÇÃO.pdf","G:\003_PROJETOS_2025\TESE_Doutorado em Geografia_UNIR\02_Documentação\Publicação_Capitulos","G:\003_PROJETOS_2025\TESE_Doutorado em Geografia_UNIR\02_Documentação\Publicação_Capitulos\COMPROVAÇÃO DE PUBLICAÇÃO.pdf",".pdf","2821196","24/07/2025 19:15:21"
"Curriculo_Lattes_David Lopes Maciel.pdf","G:\003_PROJETOS_2025\TESE_Doutorado em Geografia_UNIR\02_Documentação\Publicação_Capitulos","G:\003_PROJETOS_2025\TESE_Doutorado em Geografia_UNIR\02_Documentação\Publicação_Capitulos\Curriculo_Lattes_David Lopes Maciel.pdf",".pdf","6767106","24/07/2025 19:16:44"
"data-mining-on-the-use-of-generative-artificial-intelligence-in-agriculture.pdf","G:\003_PROJETOS_2025\TESE_Doutorado em Geografia_UNIR\02_Documentação\Publicação_Capitulos","G:\003_PROJETOS_2025\TESE_Doutorado em Geografia_UNIR\02_Documentação\Publicação_Capitulos\data-mining-on-the-use-of-generative-artificial-intelligence-in-agriculture.pdf",".pdf","3110985","24/07/2025 18:27:35"
"digital-tutors-using-artificial-intelligence-and-education-in-the-21st-century (2).pdf","G:\003_PROJETOS_2025\TESE_Doutorado em Geografia_UNIR\02_Documentação\Publicação_Capitulos","G:\003_PROJETOS_2025\TESE_Doutorado em Geografia_UNIR\02_Documentação\Publicação_Capitulos\digital-tutors-using-artificial-intelligence-and-education-in-the-21st-century (2).pdf",".pdf","436756","24/07/2025 18:06:17"
"engenharia-de-computacao-com-foco-em-qualidade-produtividade-e-inovacao-tecnologica.pdf","G:\003_PROJETOS_2025\TESE_Doutorado em Geografia_UNIR\02_Documentação\Publicação_Capitulos","G:\003_PROJETOS_2025\TESE_Doutorado em Geografia_UNIR\02_Documentação\Publicação_Capitulos\engenharia-de-computacao-com-foco-em-qualidade-produtividade-e-inovacao-tecnologica.pdf",".pdf","8143394","24/07/2025 18:29:08"
"engenharia-eletrica-e-de-computacao-qualidade-produtividade-e-inovacao-tecnologica (1).pdf","G:\003_PROJETOS_2025\TESE_Doutorado em Geografia_UNIR\02_Documentação\Publicação_Capitulos","G:\003_PROJETOS_2025\TESE_Doutorado em Geografia_UNIR\02_Documentação\Publicação_Capitulos\engenharia-eletrica-e-de-computacao-qualidade-produtividade-e-inovacao-tecnologica (1).pdf",".pdf","13528507","24/07/2025 18:22:16"
"estudo-bibliometrico-ml-aplicada-na-agricultura (1).pdf","G:\003_PROJETOS_2025\TESE_Doutorado em Geografia_UNIR\02_Documentação\Publicação_Capitulos","G:\003_PROJETOS_2025\TESE_Doutorado em Geografia_UNIR\02_Documentação\Publicação_Capitulos\estudo-bibliometrico-ml-aplicada-na-agricultura (1).pdf",".pdf","1997083","24/07/2025 18:30:30"
"explorando-las-ciencias-exactas-teoria-y-aplicaciones-en-el-mundo-de-los-numeros.pdf","G:\003_PROJETOS_2025\TESE_Doutorado em Geografia_UNIR\02_Documentação\Publicação_Capitulos","G:\003_PROJETOS_2025\TESE_Doutorado em Geografia_UNIR\02_Documentação\Publicação_Capitulos\explorando-las-ciencias-exactas-teoria-y-aplicaciones-en-el-mundo-de-los-numeros.pdf",".pdf","11665803","24/07/2025 18:17:18"
"gestion-de-residuos-solidos-urbanos-en-porto-velho-ro-brasil-y-prevencion-de-incidentes-aeronauticos (1).pdf","G:\003_PROJETOS_2025\TESE_Doutorado em Geografia_UNIR\02_Documentação\Publicação_Capitulos","G:\003_PROJETOS_2025\TESE_Doutorado em Geografia_UNIR\02_Documentação\Publicação_Capitulos\gestion-de-residuos-solidos-urbanos-en-porto-velho-ro-brasil-y-prevencion-de-incidentes-aeronauticos (1).pdf",".pdf","872443","24/07/2025 18:27:57"
"Livro.-Analise-Fatorial.pdf","G:\003_PROJETOS_2025\TESE_Doutorado em Geografia_UNIR\02_Documentação\Publicação_Capitulos","G:\003_PROJETOS_2025\TESE_Doutorado em Geografia_UNIR\02_Documentação\Publicação_Capitulos\Livro.-Analise-Fatorial.pdf",".pdf","2708232","24/07/2025 18:24:58"
"modelagem-matematica-e-estatistica-espacial-aplicadas-ao-estudo-do-desmatamento-e-da-malaria-na-regiao-da-amazonia-ocidental-brasil (1).pdf","G:\003_PROJETOS_2025\TESE_Doutorado em Geografia_UNIR\02_Documentação\Publicação_Capitulos","G:\003_PROJETOS_2025\TESE_Doutorado em Geografia_UNIR\02_Documentação\Publicação_Capitulos\modelagem-matematica-e-estatistica-espacial-aplicadas-ao-estudo-do-desmatamento-e-da-malaria-na-regiao-da-amazonia-ocidental-brasil (1).pdf",".pdf","346455","24/07/2025 18:31:35"
"modelagem-quantitativa-desenvolvimento-regional-e-as-hidreletricas-do-rio-madeira-ro.pdf","G:\003_PROJETOS_2025\TESE_Doutorado em Geografia_UNIR\02_Documentação\Publicação_Capitulos","G:\003_PROJETOS_2025\TESE_Doutorado em Geografia_UNIR\02_Documentação\Publicação_Capitulos\modelagem-quantitativa-desenvolvimento-regional-e-as-hidreletricas-do-rio-madeira-ro.pdf",".pdf","1558876","24/07/2025 18:23:00"
"modeling-and-software-engineering-for-decision-making-using-regional-development-indicators (1).pdf","G:\003_PROJETOS_2025\TESE_Doutorado em Geografia_UNIR\02_Documentação\Publicação_Capitulos","G:\003_PROJETOS_2025\TESE_Doutorado em Geografia_UNIR\02_Documentação\Publicação_Capitulos\modeling-and-software-engineering-for-decision-making-using-regional-development-indicators (1).pdf",".pdf","1101244","24/07/2025 18:30:54"
"Pesquisas-no-Ensino-Básico-Técnico-e-Tecnológico-Educação-Artes-e-Letras.pdf","G:\003_PROJETOS_2025\TESE_Doutorado em Geografia_UNIR\02_Documentação\Publicação_Capitulos","G:\003_PROJETOS_2025\TESE_Doutorado em Geografia_UNIR\02_Documentação\Publicação_Capitulos\Pesquisas-no-Ensino-Básico-Técnico-e-Tecnológico-Educação-Artes-e-Letras.pdf",".pdf","7458426","24/07/2025 18:33:04"
"previsao-da-demanda-de-energia-eletrica-utilizando-logica-fuzzy-e-funcao-de-autocorrelacao-estendida.pdf","G:\003_PROJETOS_2025\TESE_Doutorado em Geografia_UNIR\02_Documentação\Publicação_Capitulos","G:\003_PROJETOS_2025\TESE_Doutorado em Geografia_UNIR\02_Documentação\Publicação_Capitulos\previsao-da-demanda-de-energia-eletrica-utilizando-logica-fuzzy-e-funcao-de-autocorrelacao-estendida.pdf",".pdf","619239","24/07/2025 18:25:46"
"trilhando-o-futuro-ciencia-tecnologia-e-inovacao-na-contemporaneidade-4 (1).pdf","G:\003_PROJETOS_2025\TESE_Doutorado em Geografia_UNIR\02_Documentação\Publicação_Capitulos","G:\003_PROJETOS_2025\TESE_Doutorado em Geografia_UNIR\02_Documentação\Publicação_Capitulos\trilhando-o-futuro-ciencia-tecnologia-e-inovacao-na-contemporaneidade-4 (1).pdf",".pdf","2905601","24/07/2025 18:19:13"
"ANALYSIS OF COST ACCOUNTING IN BUSINESS CONTROL.pdf","G:\003_PROJETOS_2025\TESE_Doutorado em Geografia_UNIR\02_Documentação\Publicações_Artigos","G:\003_PROJETOS_2025\TESE_Doutorado em Geografia_UNIR\02_Documentação\Publicações_Artigos\ANALYSIS OF COST ACCOUNTING IN BUSINESS CONTROL.pdf",".pdf","262558","24/07/2025 17:55:59"
"BIBLIOMETRIC STUDY MACHINE LEARNING APPLIED IN AGRICULTURE.pdf","G:\003_PROJETOS_2025\TESE_Doutorado em Geografia_UNIR\02_Documentação\Publicações_Artigos","G:\003_PROJETOS_2025\TESE_Doutorado em Geografia_UNIR\02_Documentação\Publicações_Artigos\BIBLIOMETRIC STUDY MACHINE LEARNING APPLIED IN AGRICULTURE.pdf",".pdf","917984","24/07/2025 18:11:23"
"BIBLIOMETRICMAPPINGOFGANSUSAGEINAGRICULTURE.pdf","G:\003_PROJETOS_2025\TESE_Doutorado em Geografia_UNIR\02_Documentação\Publicações_Artigos","G:\003_PROJETOS_2025\TESE_Doutorado em Geografia_UNIR\02_Documentação\Publicações_Artigos\BIBLIOMETRICMAPPINGOFGANSUSAGEINAGRICULTURE.pdf",".pdf","1361376","24/07/2025 18:04:39"
"DIGITAL TUTORS-A NEW ERA IN EDUCATION IN THE 21ST CENTURY. SODEBRÁS.pdf","G:\003_PROJETOS_2025\TESE_Doutorado em Geografia_UNIR\02_Documentação\Publicações_Artigos","G:\003_PROJETOS_2025\TESE_Doutorado em Geografia_UNIR\02_Documentação\Publicações_Artigos\DIGITAL TUTORS-A NEW ERA IN EDUCATION IN THE 21ST CENTURY. SODEBRÁS.pdf",".pdf","10720322","24/07/2025 18:10:43"
"Environmental sustainability and biodynamic cultivation of Vitis viniferas grapes in the Serra Gaúcha region.pdf","G:\003_PROJETOS_2025\TESE_Doutorado em Geografia_UNIR\02_Documentação\Publicações_Artigos","G:\003_PROJETOS_2025\TESE_Doutorado em Geografia_UNIR\02_Documentação\Publicações_Artigos\Environmental sustainability and biodynamic cultivation of Vitis viniferas grapes in the Serra Gaúcha region.pdf",".pdf","239571","24/07/2025 18:15:41"
"Governance, Sustainability and Collaboration Analysis Model. INTERNATIONAL JOURNAL OF ADVANCED ENGINEERING RESEARCH AND SCIENCE.pdf","G:\003_PROJETOS_2025\TESE_Doutorado em Geografia_UNIR\02_Documentação\Publicações_Artigos","G:\003_PROJETOS_2025\TESE_Doutorado em Geografia_UNIR\02_Documentação\Publicações_Artigos\Governance, Sustainability and Collaboration Analysis Model. INTERNATIONAL JOURNAL OF ADVANCED ENGINEERING RESEARCH AND SCIENCE.pdf",".pdf","248280","24/07/2025 18:13:45"
"PREVENTION OF AERONAUTICAL OCCURRENCES AND PUBLIC POLICY FOR URBAN SOLID WASTE MANAGEMENT IN PORTO VELHO-RO.pdf","G:\003_PROJETOS_2025\TESE_Doutorado em Geografia_UNIR\02_Documentação\Publicações_Artigos","G:\003_PROJETOS_2025\TESE_Doutorado em Geografia_UNIR\02_Documentação\Publicações_Artigos\PREVENTION OF AERONAUTICAL OCCURRENCES AND PUBLIC POLICY FOR URBAN SOLID WASTE MANAGEMENT IN PORTO VELHO-RO.pdf",".pdf","419919","24/07/2025 17:59:51"
"RURAL TOURISM AN ANALYSIS THROUGT THE ASSUMPTIONS OF THE NEW INSTITUTIONAL ECONOMY.. INTERNATIONAL JOURNAL FOR INNOVATION EDUCATION AND RESEARCH.pdf","G:\003_PROJETOS_2025\TESE_Doutorado em Geografia_UNIR\02_Documentação\Publicações_Artigos","G:\003_PROJETOS_2025\TESE_Doutorado em Geografia_UNIR\02_Documentação\Publicações_Artigos\RURAL TOURISM AN ANALYSIS THROUGT THE ASSUMPTIONS OF THE NEW INSTITUTIONAL ECONOMY.. INTERNATIONAL JOURNAL FOR INNOVATION EDUCATION AND RESEARCH.pdf",".pdf","435507","24/07/2025 18:12:31"
"TECHNOLOGICAL SCENARIO, DIGITAL TRANSFORMATION AND THE TEACHER IN THE 21ST CENTURY.pdf","G:\003_PROJETOS_2025\TESE_Doutorado em Geografia_UNIR\02_Documentação\Publicações_Artigos","G:\003_PROJETOS_2025\TESE_Doutorado em Geografia_UNIR\02_Documentação\Publicações_Artigos\TECHNOLOGICAL SCENARIO, DIGITAL TRANSFORMATION AND THE TEACHER IN THE 21ST CENTURY.pdf",".pdf","269468","24/07/2025 18:14:18"
"Comprovante de Inscrição.pdf","G:\003_PROJETOS_2025\TESE_Doutorado em Geografia_UNIR\03_Inscrição","G:\003_PROJETOS_2025\TESE_Doutorado em Geografia_UNIR\03_Inscrição\Comprovante de Inscrição.pdf",".pdf","616425","17/08/2025 09:50:39"
"Projeto_Doutorado_PPGG_UNIR_Alagamentos_PortoVelho_07.pdf","G:\003_PROJETOS_2025\TESE_Doutorado em Geografia_UNIR\04_Projeto","G:\003_PROJETOS_2025\TESE_Doutorado em Geografia_UNIR\04_Projeto\Projeto_Doutorado_PPGG_UNIR_Alagamentos_PortoVelho_07.pdf",".pdf","568297","24/07/2025 17:17:01"
"Projeto_Doutorado_PPGG_UNIR_Alagamentos_PortoVelho_V01.docx","G:\003_PROJETOS_2025\TESE_Doutorado em Geografia_UNIR\04_Projeto","G:\003_PROJETOS_2025\TESE_Doutorado em Geografia_UNIR\04_Projeto\Projeto_Doutorado_PPGG_UNIR_Alagamentos_PortoVelho_V01.docx",".docx","1539551","24/07/2025 17:37:54"
"Projeto_Doutorado_PPGG_UNIR_Alagamentos_PortoVelho_V01.pdf","G:\003_PROJETOS_2025\TESE_Doutorado em Geografia_UNIR\04_Projeto","G:\003_PROJETOS_2025\TESE_Doutorado em Geografia_UNIR\04_Projeto\Projeto_Doutorado_PPGG_UNIR_Alagamentos_PortoVelho_V01.pdf",".pdf","463223","24/07/2025 10:53:14"
"Projeto_Doutorado_PPGG_UNIR_Alagamentos_PortoVelho_V02.pdf","G:\003_PROJETOS_2025\TESE_Doutorado em Geografia_UNIR\04_Projeto","G:\003_PROJETOS_2025\TESE_Doutorado em Geografia_UNIR\04_Projeto\Projeto_Doutorado_PPGG_UNIR_Alagamentos_PortoVelho_V02.pdf",".pdf","463262","24/07/2025 11:11:00"
"Projeto_Doutorado_PPGG_UNIR_Alagamentos_PortoVelho_V03.pdf","G:\003_PROJETOS_2025\TESE_Doutorado em Geografia_UNIR\04_Projeto","G:\003_PROJETOS_2025\TESE_Doutorado em Geografia_UNIR\04_Projeto\Projeto_Doutorado_PPGG_UNIR_Alagamentos_PortoVelho_V03.pdf",".pdf","598743","24/07/2025 11:58:16"
"Projeto_Doutorado_PPGG_UNIR_Alagamentos_PortoVelho_V04.pdf","G:\003_PROJETOS_2025\TESE_Doutorado em Geografia_UNIR\04_Projeto","G:\003_PROJETOS_2025\TESE_Doutorado em Geografia_UNIR\04_Projeto\Projeto_Doutorado_PPGG_UNIR_Alagamentos_PortoVelho_V04.pdf",".pdf","596833","24/07/2025 13:03:14"
"Projeto_Doutorado_PPGG_UNIR_Alagamentos_PortoVelho_V05.pdf","G:\003_PROJETOS_2025\TESE_Doutorado em Geografia_UNIR\04_Projeto","G:\003_PROJETOS_2025\TESE_Doutorado em Geografia_UNIR\04_Projeto\Projeto_Doutorado_PPGG_UNIR_Alagamentos_PortoVelho_V05.pdf",".pdf","609987","24/07/2025 15:54:42"
"Projeto_Doutorado_PPGG_UNIR_Alagamentos_PortoVelho_V06.pdf","G:\003_PROJETOS_2025\TESE_Doutorado em Geografia_UNIR\04_Projeto","G:\003_PROJETOS_2025\TESE_Doutorado em Geografia_UNIR\04_Projeto\Projeto_Doutorado_PPGG_UNIR_Alagamentos_PortoVelho_V06.pdf",".pdf","611798","24/07/2025 15:57:09"
"Projeto_Doutorado_PPGG_UNIR_Alagamentos_PortoVelho_V08.pdf","G:\003_PROJETOS_2025\TESE_Doutorado em Geografia_UNIR\04_Projeto","G:\003_PROJETOS_2025\TESE_Doutorado em Geografia_UNIR\04_Projeto\Projeto_Doutorado_PPGG_UNIR_Alagamentos_PortoVelho_V08.pdf",".pdf","647844","24/07/2025 17:32:19"
"Projeto_Doutorado_PPGG_UNIR_Alagamentos_PortoVelho_V09.docx","G:\003_PROJETOS_2025\TESE_Doutorado em Geografia_UNIR\04_Projeto","G:\003_PROJETOS_2025\TESE_Doutorado em Geografia_UNIR\04_Projeto\Projeto_Doutorado_PPGG_UNIR_Alagamentos_PortoVelho_V09.docx",".docx","1539189","17/08/2025 08:38:38"
"Projeto_Doutorado_PPGG_UNIR_Alagamentos_PortoVelho_V09.pdf","G:\003_PROJETOS_2025\TESE_Doutorado em Geografia_UNIR\04_Projeto","G:\003_PROJETOS_2025\TESE_Doutorado em Geografia_UNIR\04_Projeto\Projeto_Doutorado_PPGG_UNIR_Alagamentos_PortoVelho_V09.pdf",".pdf","691516","24/07/2025 17:38:41"
"Projeto_Doutorado_PPGG_UNIR_Alagamentos_PortoVelho_V10.docx","G:\003_PROJETOS_2025\TESE_Doutorado em Geografia_UNIR\04_Projeto","G:\003_PROJETOS_2025\TESE_Doutorado em Geografia_UNIR\04_Projeto\Projeto_Doutorado_PPGG_UNIR_Alagamentos_PortoVelho_V10.docx",".docx","1540812","17/08/2025 09:38:50"
"Projeto_Doutorado_PPGG_UNIR_Alagamentos_PortoVelho_V10.pdf","G:\003_PROJETOS_2025\TESE_Doutorado em Geografia_UNIR\04_Projeto","G:\003_PROJETOS_2025\TESE_Doutorado em Geografia_UNIR\04_Projeto\Projeto_Doutorado_PPGG_UNIR_Alagamentos_PortoVelho_V10.pdf",".pdf","690883","17/08/2025 08:41:32"
"Projeto_Doutorado_PPGG_UNIR_Alagamentos_PortoVelho_V11.docx","G:\003_PROJETOS_2025\TESE_Doutorado em Geografia_UNIR\04_Projeto","G:\003_PROJETOS_2025\TESE_Doutorado em Geografia_UNIR\04_Projeto\Projeto_Doutorado_PPGG_UNIR_Alagamentos_PortoVelho_V11.docx",".docx","1541784","17/08/2025 09:39:18"
"Projeto_Doutorado_PPGG_UNIR_Alagamentos_PortoVelho_V11.pdf","G:\003_PROJETOS_2025\TESE_Doutorado em Geografia_UNIR\04_Projeto","G:\003_PROJETOS_2025\TESE_Doutorado em Geografia_UNIR\04_Projeto\Projeto_Doutorado_PPGG_UNIR_Alagamentos_PortoVelho_V11.pdf",".pdf","701624","17/08/2025 09:39:46"
"Projeto_Doutorado_PPGG_UNIR_Alagamentos_PortoVelho_V11_assinado.pdf","G:\003_PROJETOS_2025\TESE_Doutorado em Geografia_UNIR\04_Projeto","G:\003_PROJETOS_2025\TESE_Doutorado em Geografia_UNIR\04_Projeto\Projeto_Doutorado_PPGG_UNIR_Alagamentos_PortoVelho_V11_assinado.pdf",".pdf","731682","17/08/2025 09:47:07"
"remotesensing-17-00524.pdf","G:\003_PROJETOS_2025\TESE_Doutorado em Geografia_UNIR\04_Projeto","G:\003_PROJETOS_2025\TESE_Doutorado em Geografia_UNIR\04_Projeto\remotesensing-17-00524.pdf",".pdf","2524012","24/07/2025 00:53:09"
"SEI_2434437_Ata_de_Reuniao.pdf","G:\003_PROJETOS_2025\TESE_Doutorado em Geografia_UNIR\05_Resultado_Curriculo+Projeto","G:\003_PROJETOS_2025\TESE_Doutorado em Geografia_UNIR\05_Resultado_Curriculo+Projeto\SEI_2434437_Ata_de_Reuniao.pdf",".pdf","94441","22/11/2025 06:09:45"
"Agenda de entrevistas - Processo Seletivo 2ª Fase.pdf","G:\003_PROJETOS_2025\TESE_Doutorado em Geografia_UNIR\06_Defesa_Oral do Projeto","G:\003_PROJETOS_2025\TESE_Doutorado em Geografia_UNIR\06_Defesa_Oral do Projeto\Agenda de entrevistas - Processo Seletivo 2ª Fase.pdf",".pdf","1700389","03/12/2025 06:16:06"
"agb_xxv_2-03.pdf","G:\003_PROJETOS_2025\TESE_Doutorado em Geografia_UNIR\06_Defesa_Oral do Projeto\Dados","G:\003_PROJETOS_2025\TESE_Doutorado em Geografia_UNIR\06_Defesa_Oral do Projeto\Dados\agb_xxv_2-03.pdf",".pdf","3502631","28/11/2025 06:39:50"
"Análise da temperatura de superfície em ambientes urbanos_ um estudo por meio do sensoriamento remoto na cidade de Porto Velho_RO (1985-2011).pdf","G:\003_PROJETOS_2025\TESE_Doutorado em Geografia_UNIR\06_Defesa_Oral do Projeto\Dados","G:\003_PROJETOS_2025\TESE_Doutorado em Geografia_UNIR\06_Defesa_Oral do Projeto\Dados\Análise da temperatura de superfície em ambientes urbanos_ um estudo por meio do sensoriamento remoto na cidade de Porto Velho_RO (1985-2011).pdf",".pdf","2016759","28/11/2025 06:38:56"
"Análise geossistêmica e quantificação de perda de solo da bacia do Rio Mutum-Paraná (RO).pdf","G:\003_PROJETOS_2025\TESE_Doutorado em Geografia_UNIR\06_Defesa_Oral do Projeto\Dados","G:\003_PROJETOS_2025\TESE_Doutorado em Geografia_UNIR\06_Defesa_Oral do Projeto\Dados\Análise geossistêmica e quantificação de perda de solo da bacia do Rio Mutum-Paraná (RO).pdf",".pdf","1805727","28/11/2025 06:38:31"
"Graziela T.Tejas_Análise espaço-temporal do clima.pdf","G:\003_PROJETOS_2025\TESE_Doutorado em Geografia_UNIR\06_Defesa_Oral do Projeto\Dados","G:\003_PROJETOS_2025\TESE_Doutorado em Geografia_UNIR\06_Defesa_Oral do Projeto\Dados\Graziela T.Tejas_Análise espaço-temporal do clima.pdf",".pdf","43318364","28/11/2025 06:33:20"
"MEMORIAL_DESCRITIVO_SIANE.pdf","G:\003_PROJETOS_2025\TESE_Doutorado em Geografia_UNIR\06_Defesa_Oral do Projeto\Dados","G:\003_PROJETOS_2025\TESE_Doutorado em Geografia_UNIR\06_Defesa_Oral do Projeto\Dados\MEMORIAL_DESCRITIVO_SIANE.pdf",".pdf","1474944","28/11/2025 08:08:29"
"Minuta_PDU.pdf","G:\003_PROJETOS_2025\TESE_Doutorado em Geografia_UNIR\06_Defesa_Oral do Projeto\Dados","G:\003_PROJETOS_2025\TESE_Doutorado em Geografia_UNIR\06_Defesa_Oral do Projeto\Dados\Minuta_PDU.pdf",".pdf","804595","28/11/2025 08:03:10"
"PONTOS DE ATENÇÃO.docx","G:\003_PROJETOS_2025\TESE_Doutorado em Geografia_UNIR\06_Defesa_Oral do Projeto\Dados","G:\003_PROJETOS_2025\TESE_Doutorado em Geografia_UNIR\06_Defesa_Oral do Projeto\Dados\PONTOS DE ATENÇÃO.docx",".docx","22448","28/11/2025 10:05:58"
"UFPA-NAEA-Livro-03-Formacao-Socioambiental-Amazonia.pdf","G:\003_PROJETOS_2025\TESE_Doutorado em Geografia_UNIR\06_Defesa_Oral do Projeto\Dados","G:\003_PROJETOS_2025\TESE_Doutorado em Geografia_UNIR\06_Defesa_Oral do Projeto\Dados\UFPA-NAEA-Livro-03-Formacao-Socioambiental-Amazonia.pdf",".pdf","7682324","28/11/2025 06:40:22"
"Projeto_Doutorado_PPGG_UNIR_Alagamentos_PortoVelho_V11_assinado.pdf","G:\003_PROJETOS_2025\TESE_Doutorado em Geografia_UNIR\06_Defesa_Oral do Projeto","G:\003_PROJETOS_2025\TESE_Doutorado em Geografia_UNIR\06_Defesa_Oral do Projeto\Projeto_Doutorado_PPGG_UNIR_Alagamentos_PortoVelho_V11_assinado.pdf",".pdf","731682","17/08/2025 09:47:07"
"SEI_2468695_Comunicado_5.pdf","G:\003_PROJETOS_2025\TESE_Doutorado em Geografia_UNIR\07_Resultado final","G:\003_PROJETOS_2025\TESE_Doutorado em Geografia_UNIR\07_Resultado final\SEI_2468695_Comunicado_5.pdf",".pdf","64737","19/12/2025 15:04:23"
"Cidades-na-Amazonia-pessoas-e-natureza-em-harmonia.pdf","G:\003_PROJETOS_2025\TESE_Doutorado em Geografia_UNIR\Referencial_geral","G:\003_PROJETOS_2025\TESE_Doutorado em Geografia_UNIR\Referencial_geral\Cidades-na-Amazonia-pessoas-e-natureza-em-harmonia.pdf",".pdf","15334359","27/11/2025 09:00:33"
"REQUERIMENTO_001-2026.docx","G:\003_PROJETOS_2025\TESE_Doutorado em Geografia_UNIR\Solicitação de cancelamento de inscrição","G:\003_PROJETOS_2025\TESE_Doutorado em Geografia_UNIR\Solicitação de cancelamento de inscrição\REQUERIMENTO_001-2026.docx",".docx","14805","15/01/2026 08:58:22"
"REQUERIMENTO_001-2026.pdf","G:\003_PROJETOS_2025\TESE_Doutorado em Geografia_UNIR\Solicitação de cancelamento de inscrição","G:\003_PROJETOS_2025\TESE_Doutorado em Geografia_UNIR\Solicitação de cancelamento de inscrição\REQUERIMENTO_001-2026.pdf",".pdf","70286","15/01/2026 08:58:37"
"REQUERIMENTO_001-2026_assinado.pdf","G:\003_PROJETOS_2025\TESE_Doutorado em Geografia_UNIR\Solicitação de cancelamento de inscrição","G:\003_PROJETOS_2025\TESE_Doutorado em Geografia_UNIR\Solicitação de cancelamento de inscrição\REQUERIMENTO_001-2026_assinado.pdf",".pdf","100229","15/01/2026 09:00:14"
"V.10_Projeto de Tese de Doutorado_David Lopes Maciel.docx","G:\003_PROJETOS_2025\TESE_Prof. Maciel_até 30-12-2025\001_TESE_V7_09-12-2025","G:\003_PROJETOS_2025\TESE_Prof. Maciel_até 30-12-2025\001_TESE_V7_09-12-2025\V.10_Projeto de Tese de Doutorado_David Lopes Maciel.docx",".docx","372924","23/12/2025 16:37:36"
"V.11_Projeto de Tese de Doutorado_David Lopes Maciel.docx","G:\003_PROJETOS_2025\TESE_Prof. Maciel_até 30-12-2025\001_TESE_V7_09-12-2025","G:\003_PROJETOS_2025\TESE_Prof. Maciel_até 30-12-2025\001_TESE_V7_09-12-2025\V.11_Projeto de Tese de Doutorado_David Lopes Maciel.docx",".docx","377871","26/12/2025 10:43:58"
"V.7_Projeto de Tese de Doutorado_David Lopes Maciel.docx","G:\003_PROJETOS_2025\TESE_Prof. Maciel_até 30-12-2025\001_TESE_V7_09-12-2025","G:\003_PROJETOS_2025\TESE_Prof. Maciel_até 30-12-2025\001_TESE_V7_09-12-2025\V.7_Projeto de Tese de Doutorado_David Lopes Maciel.docx",".docx","209067","19/12/2025 06:08:25"
"V.8_Projeto de Tese de Doutorado_David Lopes Maciel.docx","G:\003_PROJETOS_2025\TESE_Prof. Maciel_até 30-12-2025\001_TESE_V7_09-12-2025","G:\003_PROJETOS_2025\TESE_Prof. Maciel_até 30-12-2025\001_TESE_V7_09-12-2025\V.8_Projeto de Tese de Doutorado_David Lopes Maciel.docx",".docx","217338","19/12/2025 08:35:36"
"V.9_Projeto de Tese de Doutorado_David Lopes Maciel.docx","G:\003_PROJETOS_2025\TESE_Prof. Maciel_até 30-12-2025\001_TESE_V7_09-12-2025","G:\003_PROJETOS_2025\TESE_Prof. Maciel_até 30-12-2025\001_TESE_V7_09-12-2025\V.9_Projeto de Tese de Doutorado_David Lopes Maciel.docx",".docx","364367","20/12/2025 17:20:35"
"522_11_Dataset (1).zip","G:\003_PROJETOS_2025\TESE_Prof. Maciel_até 30-12-2025\Dados_ATTOS\Proporções de mistura de alfa-pineno coletadas com drone ao redor do Sítio ATTO, cobrindo três tipos de vegetação (florestas de terras altas, de areia branca e de terraços fluviais anti","G:\003_PROJETOS_2025\TESE_Prof. Maciel_até 30-12-2025\Dados_ATTOS\Proporções de mistura de alfa-pineno coletadas com drone ao redor do Sítio ATTO, cobrindo três tipos de vegetação (florestas de terras altas, de areia branca e de terraços fluviais anti\522_11_Dataset (1).zip",".zip","29678","29/07/2025 13:41:53"
"522_11_Dataset (2).zip","G:\003_PROJETOS_2025\TESE_Prof. Maciel_até 30-12-2025\Dados_ATTOS\Proporções de mistura de alfa-pineno coletadas com drone ao redor do Sítio ATTO, cobrindo três tipos de vegetação (florestas de terras altas, de areia branca e de terraços fluviais anti","G:\003_PROJETOS_2025\TESE_Prof. Maciel_até 30-12-2025\Dados_ATTOS\Proporções de mistura de alfa-pineno coletadas com drone ao redor do Sítio ATTO, cobrindo três tipos de vegetação (florestas de terras altas, de areia branca e de terraços fluviais anti\522_11_Dataset (2).zip",".zip","29678","29/07/2025 13:41:57"
"522_11_Dataset (3).zip","G:\003_PROJETOS_2025\TESE_Prof. Maciel_até 30-12-2025\Dados_ATTOS\Proporções de mistura de alfa-pineno coletadas com drone ao redor do Sítio ATTO, cobrindo três tipos de vegetação (florestas de terras altas, de areia branca e de terraços fluviais anti","G:\003_PROJETOS_2025\TESE_Prof. Maciel_até 30-12-2025\Dados_ATTOS\Proporções de mistura de alfa-pineno coletadas com drone ao redor do Sítio ATTO, cobrindo três tipos de vegetação (florestas de terras altas, de areia branca e de terraços fluviais anti\522_11_Dataset (3).zip",".zip","29678","29/07/2025 13:42:01"
"522_11_Dataset.zip","G:\003_PROJETOS_2025\TESE_Prof. Maciel_até 30-12-2025\Dados_ATTOS\Proporções de mistura de alfa-pineno coletadas com drone ao redor do Sítio ATTO, cobrindo três tipos de vegetação (florestas de terras altas, de areia branca e de terraços fluviais anti","G:\003_PROJETOS_2025\TESE_Prof. Maciel_até 30-12-2025\Dados_ATTOS\Proporções de mistura de alfa-pineno coletadas com drone ao redor do Sítio ATTO, cobrindo três tipos de vegetação (florestas de terras altas, de areia branca e de terraços fluviais anti\522_11_Dataset.zip",".zip","37856","29/07/2025 13:41:51"
"978-1-4419-0320-4.pdf","G:\003_PROJETOS_2025\TESE_Prof. Maciel_até 30-12-2025\Livreo_Estatisca_Base teórica","G:\003_PROJETOS_2025\TESE_Prof. Maciel_até 30-12-2025\Livreo_Estatisca_Base teórica\978-1-4419-0320-4.pdf",".pdf","39865388","25/12/2025 09:00:58"
"Cópia de [Diário Digital] 1.2.0. Framework de Teste de Hipóteses.pdf","H:\AULAS_ Turmas_UNIR_2025.2\Aulas\Aula 09 _ 03-04-2025_","H:\AULAS_ Turmas_UNIR_2025.2\Aulas\Aula 09 _ 03-04-2025_\Cópia de [Diário Digital] 1.2.0. Framework de Teste de Hipóteses.pdf",".pdf","417839","03/04/2025 08:30:51"
"KPIs_Agricultura_Familiar_EMATER_RO.docx","H:\Backup da Conta_UNIR_20-01-2026\Takeout_03\Drive\Aline_Tese_Mikos_Nov2025\Analise de KPIs","H:\Backup da Conta_UNIR_20-01-2026\Takeout_03\Drive\Aline_Tese_Mikos_Nov2025\Analise de KPIs\KPIs_Agricultura_Familiar_EMATER_RO.docx",".docx","28553","20/01/2026 07:13:06"
"KPIs_oficiais_EMATER_RO_Formulas e Cálculos.docx","H:\Backup da Conta_UNIR_20-01-2026\Takeout_03\Drive\Aline_Tese_Mikos_Nov2025\Analise de KPIs","H:\Backup da Conta_UNIR_20-01-2026\Takeout_03\Drive\Aline_Tese_Mikos_Nov2025\Analise de KPIs\KPIs_oficiais_EMATER_RO_Formulas e Cálculos.docx",".docx","29925","20/01/2026 07:13:06"
"Tabela_KPIs_EMATER_RO (2).xlsx","H:\Backup da Conta_UNIR_20-01-2026\Takeout_03\Drive\Aline_Tese_Mikos_Nov2025\Analise de KPIs","H:\Backup da Conta_UNIR_20-01-2026\Takeout_03\Drive\Aline_Tese_Mikos_Nov2025\Analise de KPIs\Tabela_KPIs_EMATER_RO (2).xlsx",".xlsx","9480","20/01/2026 07:13:06"
"PapeLine da Tese.docx","H:\Backup da Conta_UNIR_20-01-2026\Takeout_03\Drive\Aline_Tese_Mikos_Nov2025\Papeline da Tese","H:\Backup da Conta_UNIR_20-01-2026\Takeout_03\Drive\Aline_Tese_Mikos_Nov2025\Papeline da Tese\PapeLine da Tese.docx",".docx","19015","20/01/2026 07:13:06"
"DADOS_UNIFICADOS_2020_2024.csv","H:\Backup da Conta_UNIR_20-01-2026\Takeout_03\Drive\Aline_Tese_Mikos_Nov2025\SIGATER\SIGATER","H:\Backup da Conta_UNIR_20-01-2026\Takeout_03\Drive\Aline_Tese_Mikos_Nov2025\SIGATER\SIGATER\DADOS_UNIFICADOS_2020_2024.csv",".csv","512969368","20/01/2026 07:13:03"
"ARIQUEMES_2020.xlsx","H:\Backup da Conta_UNIR_20-01-2026\Takeout_03\Drive\Aline_Tese_Mikos_Nov2025\SIGATER\SIGATER\REGIONAIS","H:\Backup da Conta_UNIR_20-01-2026\Takeout_03\Drive\Aline_Tese_Mikos_Nov2025\SIGATER\SIGATER\REGIONAIS\ARIQUEMES_2020.xlsx",".xlsx","1799810","20/01/2026 07:13:06"
"ARIQUEMES_2021.xlsx","H:\Backup da Conta_UNIR_20-01-2026\Takeout_03\Drive\Aline_Tese_Mikos_Nov2025\SIGATER\SIGATER\REGIONAIS","H:\Backup da Conta_UNIR_20-01-2026\Takeout_03\Drive\Aline_Tese_Mikos_Nov2025\SIGATER\SIGATER\REGIONAIS\ARIQUEMES_2021.xlsx",".xlsx","2133843","20/01/2026 07:13:05"
"ARIQUEMES_2022.xlsx","H:\Backup da Conta_UNIR_20-01-2026\Takeout_03\Drive\Aline_Tese_Mikos_Nov2025\SIGATER\SIGATER\REGIONAIS","H:\Backup da Conta_UNIR_20-01-2026\Takeout_03\Drive\Aline_Tese_Mikos_Nov2025\SIGATER\SIGATER\REGIONAIS\ARIQUEMES_2022.xlsx",".xlsx","3197404","20/01/2026 07:13:06"
"ARIQUEMES_2023.xlsx","H:\Backup da Conta_UNIR_20-01-2026\Takeout_03\Drive\Aline_Tese_Mikos_Nov2025\SIGATER\SIGATER\REGIONAIS","H:\Backup da Conta_UNIR_20-01-2026\Takeout_03\Drive\Aline_Tese_Mikos_Nov2025\SIGATER\SIGATER\REGIONAIS\ARIQUEMES_2023.xlsx",".xlsx","3408106","20/01/2026 07:13:06"
"ARIQUEMES_2024.xlsx","H:\Backup da Conta_UNIR_20-01-2026\Takeout_03\Drive\Aline_Tese_Mikos_Nov2025\SIGATER\SIGATER\REGIONAIS","H:\Backup da Conta_UNIR_20-01-2026\Takeout_03\Drive\Aline_Tese_Mikos_Nov2025\SIGATER\SIGATER\REGIONAIS\ARIQUEMES_2024.xlsx",".xlsx","3236350","20/01/2026 07:13:06"
"BASE_COMPLETA.csv","H:\Backup da Conta_UNIR_20-01-2026\Takeout_03\Drive\Aline_Tese_Mikos_Nov2025\SIGATER\SIGATER\REGIONAIS","H:\Backup da Conta_UNIR_20-01-2026\Takeout_03\Drive\Aline_Tese_Mikos_Nov2025\SIGATER\SIGATER\REGIONAIS\BASE_COMPLETA.csv",".csv","444655363","20/01/2026 07:13:06"
"BASE_CONSOLIDADA_TODOS_INDICADORES.csv","H:\Backup da Conta_UNIR_20-01-2026\Takeout_03\Drive\Aline_Tese_Mikos_Nov2025\SIGATER\SIGATER\REGIONAIS","H:\Backup da Conta_UNIR_20-01-2026\Takeout_03\Drive\Aline_Tese_Mikos_Nov2025\SIGATER\SIGATER\REGIONAIS\BASE_CONSOLIDADA_TODOS_INDICADORES.csv",".csv","438070930","20/01/2026 07:13:05"
"BASE_EMATER_2020_2024_COMPLETA.csv","H:\Backup da Conta_UNIR_20-01-2026\Takeout_03\Drive\Aline_Tese_Mikos_Nov2025\SIGATER\SIGATER\REGIONAIS","H:\Backup da Conta_UNIR_20-01-2026\Takeout_03\Drive\Aline_Tese_Mikos_Nov2025\SIGATER\SIGATER\REGIONAIS\BASE_EMATER_2020_2024_COMPLETA.csv",".csv","497811101","20/01/2026 07:13:04"
"BASE_PADRONIZADA.csv","H:\Backup da Conta_UNIR_20-01-2026\Takeout_03\Drive\Aline_Tese_Mikos_Nov2025\SIGATER\SIGATER\REGIONAIS","H:\Backup da Conta_UNIR_20-01-2026\Takeout_03\Drive\Aline_Tese_Mikos_Nov2025\SIGATER\SIGATER\REGIONAIS\BASE_PADRONIZADA.csv",".csv","16154102","20/01/2026 07:13:03"
"CONESUL_2020.xlsx","H:\Backup da Conta_UNIR_20-01-2026\Takeout_03\Drive\Aline_Tese_Mikos_Nov2025\SIGATER\SIGATER\REGIONAIS","H:\Backup da Conta_UNIR_20-01-2026\Takeout_03\Drive\Aline_Tese_Mikos_Nov2025\SIGATER\SIGATER\REGIONAIS\CONESUL_2020.xlsx",".xlsx","1008910","20/01/2026 07:13:03"
"CONESUL_2021.xlsx","H:\Backup da Conta_UNIR_20-01-2026\Takeout_03\Drive\Aline_Tese_Mikos_Nov2025\SIGATER\SIGATER\REGIONAIS","H:\Backup da Conta_UNIR_20-01-2026\Takeout_03\Drive\Aline_Tese_Mikos_Nov2025\SIGATER\SIGATER\REGIONAIS\CONESUL_2021.xlsx",".xlsx","1272118","20/01/2026 07:13:04"
"CONESUL_2022.xlsx","H:\Backup da Conta_UNIR_20-01-2026\Takeout_03\Drive\Aline_Tese_Mikos_Nov2025\SIGATER\SIGATER\REGIONAIS","H:\Backup da Conta_UNIR_20-01-2026\Takeout_03\Drive\Aline_Tese_Mikos_Nov2025\SIGATER\SIGATER\REGIONAIS\CONESUL_2022.xlsx",".xlsx","1919345","20/01/2026 07:13:04"
"CONESUL_2023.xlsx","H:\Backup da Conta_UNIR_20-01-2026\Takeout_03\Drive\Aline_Tese_Mikos_Nov2025\SIGATER\SIGATER\REGIONAIS","H:\Backup da Conta_UNIR_20-01-2026\Takeout_03\Drive\Aline_Tese_Mikos_Nov2025\SIGATER\SIGATER\REGIONAIS\CONESUL_2023.xlsx",".xlsx","1903710","20/01/2026 07:13:03"
"CONESUL_2024.xlsx","H:\Backup da Conta_UNIR_20-01-2026\Takeout_03\Drive\Aline_Tese_Mikos_Nov2025\SIGATER\SIGATER\REGIONAIS","H:\Backup da Conta_UNIR_20-01-2026\Takeout_03\Drive\Aline_Tese_Mikos_Nov2025\SIGATER\SIGATER\REGIONAIS\CONESUL_2024.xlsx",".xlsx","1759311","20/01/2026 07:13:03"
"JIPARANA_2020.xlsx","H:\Backup da Conta_UNIR_20-01-2026\Takeout_03\Drive\Aline_Tese_Mikos_Nov2025\SIGATER\SIGATER\REGIONAIS","H:\Backup da Conta_UNIR_20-01-2026\Takeout_03\Drive\Aline_Tese_Mikos_Nov2025\SIGATER\SIGATER\REGIONAIS\JIPARANA_2020.xlsx",".xlsx","4029847","20/01/2026 07:13:04"
"JIPARANA_2021.xlsx","H:\Backup da Conta_UNIR_20-01-2026\Takeout_03\Drive\Aline_Tese_Mikos_Nov2025\SIGATER\SIGATER\REGIONAIS","H:\Backup da Conta_UNIR_20-01-2026\Takeout_03\Drive\Aline_Tese_Mikos_Nov2025\SIGATER\SIGATER\REGIONAIS\JIPARANA_2021.xlsx",".xlsx","4468647","20/01/2026 07:13:03"
"JIPARANA_2022.xlsx","H:\Backup da Conta_UNIR_20-01-2026\Takeout_03\Drive\Aline_Tese_Mikos_Nov2025\SIGATER\SIGATER\REGIONAIS","H:\Backup da Conta_UNIR_20-01-2026\Takeout_03\Drive\Aline_Tese_Mikos_Nov2025\SIGATER\SIGATER\REGIONAIS\JIPARANA_2022.xlsx",".xlsx","6163892","20/01/2026 07:13:03"
"JIPARANA_2023.xlsx","H:\Backup da Conta_UNIR_20-01-2026\Takeout_03\Drive\Aline_Tese_Mikos_Nov2025\SIGATER\SIGATER\REGIONAIS","H:\Backup da Conta_UNIR_20-01-2026\Takeout_03\Drive\Aline_Tese_Mikos_Nov2025\SIGATER\SIGATER\REGIONAIS\JIPARANA_2023.xlsx",".xlsx","6409488","20/01/2026 07:13:03"
"JIPARANA_2024.xlsx","H:\Backup da Conta_UNIR_20-01-2026\Takeout_03\Drive\Aline_Tese_Mikos_Nov2025\SIGATER\SIGATER\REGIONAIS","H:\Backup da Conta_UNIR_20-01-2026\Takeout_03\Drive\Aline_Tese_Mikos_Nov2025\SIGATER\SIGATER\REGIONAIS\JIPARANA_2024.xlsx",".xlsx","5590634","20/01/2026 07:13:03"
"PIMENTABUENO_2020.xlsx","H:\Backup da Conta_UNIR_20-01-2026\Takeout_03\Drive\Aline_Tese_Mikos_Nov2025\SIGATER\SIGATER\REGIONAIS","H:\Backup da Conta_UNIR_20-01-2026\Takeout_03\Drive\Aline_Tese_Mikos_Nov2025\SIGATER\SIGATER\REGIONAIS\PIMENTABUENO_2020.xlsx",".xlsx","1946687","20/01/2026 07:13:04"
"PIMENTABUENO_2021.xlsx","H:\Backup da Conta_UNIR_20-01-2026\Takeout_03\Drive\Aline_Tese_Mikos_Nov2025\SIGATER\SIGATER\REGIONAIS","H:\Backup da Conta_UNIR_20-01-2026\Takeout_03\Drive\Aline_Tese_Mikos_Nov2025\SIGATER\SIGATER\REGIONAIS\PIMENTABUENO_2021.xlsx",".xlsx","2127929","20/01/2026 07:13:03"
"PIMENTABUENO_2022.xlsx","H:\Backup da Conta_UNIR_20-01-2026\Takeout_03\Drive\Aline_Tese_Mikos_Nov2025\SIGATER\SIGATER\REGIONAIS","H:\Backup da Conta_UNIR_20-01-2026\Takeout_03\Drive\Aline_Tese_Mikos_Nov2025\SIGATER\SIGATER\REGIONAIS\PIMENTABUENO_2022.xlsx",".xlsx","2673007","20/01/2026 07:13:03"
"PIMENTABUENO_2023.xlsx","H:\Backup da Conta_UNIR_20-01-2026\Takeout_03\Drive\Aline_Tese_Mikos_Nov2025\SIGATER\SIGATER\REGIONAIS","H:\Backup da Conta_UNIR_20-01-2026\Takeout_03\Drive\Aline_Tese_Mikos_Nov2025\SIGATER\SIGATER\REGIONAIS\PIMENTABUENO_2023.xlsx",".xlsx","2749533","20/01/2026 07:13:04"
"PIMENTABUENO_2024.xlsx","H:\Backup da Conta_UNIR_20-01-2026\Takeout_03\Drive\Aline_Tese_Mikos_Nov2025\SIGATER\SIGATER\REGIONAIS","H:\Backup da Conta_UNIR_20-01-2026\Takeout_03\Drive\Aline_Tese_Mikos_Nov2025\SIGATER\SIGATER\REGIONAIS\PIMENTABUENO_2024.xlsx",".xlsx","2702949","20/01/2026 07:13:03"
"PORTOVELHO_2020.xlsx","H:\Backup da Conta_UNIR_20-01-2026\Takeout_03\Drive\Aline_Tese_Mikos_Nov2025\SIGATER\SIGATER\REGIONAIS","H:\Backup da Conta_UNIR_20-01-2026\Takeout_03\Drive\Aline_Tese_Mikos_Nov2025\SIGATER\SIGATER\REGIONAIS\PORTOVELHO_2020.xlsx",".xlsx","2529810","20/01/2026 07:13:04"
"PORTOVELHO_2021.xlsx","H:\Backup da Conta_UNIR_20-01-2026\Takeout_03\Drive\Aline_Tese_Mikos_Nov2025\SIGATER\SIGATER\REGIONAIS","H:\Backup da Conta_UNIR_20-01-2026\Takeout_03\Drive\Aline_Tese_Mikos_Nov2025\SIGATER\SIGATER\REGIONAIS\PORTOVELHO_2021.xlsx",".xlsx","2730320","20/01/2026 07:13:03"
"PORTOVELHO_2022.xlsx","H:\Backup da Conta_UNIR_20-01-2026\Takeout_03\Drive\Aline_Tese_Mikos_Nov2025\SIGATER\SIGATER\REGIONAIS","H:\Backup da Conta_UNIR_20-01-2026\Takeout_03\Drive\Aline_Tese_Mikos_Nov2025\SIGATER\SIGATER\REGIONAIS\PORTOVELHO_2022.xlsx",".xlsx","3823192","20/01/2026 07:13:03"
"PORTOVELHO_2023.xlsx","H:\Backup da Conta_UNIR_20-01-2026\Takeout_03\Drive\Aline_Tese_Mikos_Nov2025\SIGATER\SIGATER\REGIONAIS","H:\Backup da Conta_UNIR_20-01-2026\Takeout_03\Drive\Aline_Tese_Mikos_Nov2025\SIGATER\SIGATER\REGIONAIS\PORTOVELHO_2023.xlsx",".xlsx","3788724","20/01/2026 07:13:04"
"PORTOVELHO_2024.xlsx","H:\Backup da Conta_UNIR_20-01-2026\Takeout_03\Drive\Aline_Tese_Mikos_Nov2025\SIGATER\SIGATER\REGIONAIS","H:\Backup da Conta_UNIR_20-01-2026\Takeout_03\Drive\Aline_Tese_Mikos_Nov2025\SIGATER\SIGATER\REGIONAIS\PORTOVELHO_2024.xlsx",".xlsx","3805347","20/01/2026 07:13:03"
"ROLIMDEMOURA_2020.xlsx","H:\Backup da Conta_UNIR_20-01-2026\Takeout_03\Drive\Aline_Tese_Mikos_Nov2025\SIGATER\SIGATER\REGIONAIS","H:\Backup da Conta_UNIR_20-01-2026\Takeout_03\Drive\Aline_Tese_Mikos_Nov2025\SIGATER\SIGATER\REGIONAIS\ROLIMDEMOURA_2020.xlsx",".xlsx","1476204","20/01/2026 07:13:03"
"ROLIMDEMOURA_2021.xlsx","H:\Backup da Conta_UNIR_20-01-2026\Takeout_03\Drive\Aline_Tese_Mikos_Nov2025\SIGATER\SIGATER\REGIONAIS","H:\Backup da Conta_UNIR_20-01-2026\Takeout_03\Drive\Aline_Tese_Mikos_Nov2025\SIGATER\SIGATER\REGIONAIS\ROLIMDEMOURA_2021.xlsx",".xlsx","1667170","20/01/2026 07:13:03"
"ROLIMDEMOURA_2022.xlsx","H:\Backup da Conta_UNIR_20-01-2026\Takeout_03\Drive\Aline_Tese_Mikos_Nov2025\SIGATER\SIGATER\REGIONAIS","H:\Backup da Conta_UNIR_20-01-2026\Takeout_03\Drive\Aline_Tese_Mikos_Nov2025\SIGATER\SIGATER\REGIONAIS\ROLIMDEMOURA_2022.xlsx",".xlsx","2498420","20/01/2026 07:13:03"
"ROLIMDEMOURA_2023.xlsx","H:\Backup da Conta_UNIR_20-01-2026\Takeout_03\Drive\Aline_Tese_Mikos_Nov2025\SIGATER\SIGATER\REGIONAIS","H:\Backup da Conta_UNIR_20-01-2026\Takeout_03\Drive\Aline_Tese_Mikos_Nov2025\SIGATER\SIGATER\REGIONAIS\ROLIMDEMOURA_2023.xlsx",".xlsx","2186685","20/01/2026 07:13:03"
"ROLIMDEMOURA_2024.xlsx","H:\Backup da Conta_UNIR_20-01-2026\Takeout_03\Drive\Aline_Tese_Mikos_Nov2025\SIGATER\SIGATER\REGIONAIS","H:\Backup da Conta_UNIR_20-01-2026\Takeout_03\Drive\Aline_Tese_Mikos_Nov2025\SIGATER\SIGATER\REGIONAIS\ROLIMDEMOURA_2024.xlsx",".xlsx","2026628","20/01/2026 07:13:03"
"TABELA_INDICADORES.csv","H:\Backup da Conta_UNIR_20-01-2026\Takeout_03\Drive\Aline_Tese_Mikos_Nov2025\SIGATER\SIGATER\REGIONAIS","H:\Backup da Conta_UNIR_20-01-2026\Takeout_03\Drive\Aline_Tese_Mikos_Nov2025\SIGATER\SIGATER\REGIONAIS\TABELA_INDICADORES.csv",".csv","65463","20/01/2026 07:13:03"
"VALEGUAPORE_2020.xlsx","H:\Backup da Conta_UNIR_20-01-2026\Takeout_03\Drive\Aline_Tese_Mikos_Nov2025\SIGATER\SIGATER\REGIONAIS","H:\Backup da Conta_UNIR_20-01-2026\Takeout_03\Drive\Aline_Tese_Mikos_Nov2025\SIGATER\SIGATER\REGIONAIS\VALEGUAPORE_2020.xlsx",".xlsx","1482261","20/01/2026 07:13:04"
"VALEGUAPORE_2021.xlsx","H:\Backup da Conta_UNIR_20-01-2026\Takeout_03\Drive\Aline_Tese_Mikos_Nov2025\SIGATER\SIGATER\REGIONAIS","H:\Backup da Conta_UNIR_20-01-2026\Takeout_03\Drive\Aline_Tese_Mikos_Nov2025\SIGATER\SIGATER\REGIONAIS\VALEGUAPORE_2021.xlsx",".xlsx","1731200","20/01/2026 07:13:03"
"VALEGUAPORE_2022.xlsx","H:\Backup da Conta_UNIR_20-01-2026\Takeout_03\Drive\Aline_Tese_Mikos_Nov2025\SIGATER\SIGATER\REGIONAIS","H:\Backup da Conta_UNIR_20-01-2026\Takeout_03\Drive\Aline_Tese_Mikos_Nov2025\SIGATER\SIGATER\REGIONAIS\VALEGUAPORE_2022.xlsx",".xlsx","2120990","20/01/2026 07:13:03"
"VALEGUAPORE_2023.xlsx","H:\Backup da Conta_UNIR_20-01-2026\Takeout_03\Drive\Aline_Tese_Mikos_Nov2025\SIGATER\SIGATER\REGIONAIS","H:\Backup da Conta_UNIR_20-01-2026\Takeout_03\Drive\Aline_Tese_Mikos_Nov2025\SIGATER\SIGATER\REGIONAIS\VALEGUAPORE_2023.xlsx",".xlsx","2164150","20/01/2026 07:13:03"
"VALEGUAPORE_2024.xlsx","H:\Backup da Conta_UNIR_20-01-2026\Takeout_03\Drive\Aline_Tese_Mikos_Nov2025\SIGATER\SIGATER\REGIONAIS","H:\Backup da Conta_UNIR_20-01-2026\Takeout_03\Drive\Aline_Tese_Mikos_Nov2025\SIGATER\SIGATER\REGIONAIS\VALEGUAPORE_2024.xlsx",".xlsx","2021159","20/01/2026 07:13:04"
"Tese Doutorado v14 - Versão Final.pdf","H:\Backup da Conta_UNIR_20-01-2026\Takeout_03\Drive\Aline_Tese_Mikos_Nov2025\Template _TESE","H:\Backup da Conta_UNIR_20-01-2026\Takeout_03\Drive\Aline_Tese_Mikos_Nov2025\Template _TESE\Tese Doutorado v14 - Versão Final.pdf",".pdf","2998745","20/01/2026 07:13:02"
"MODIS_LST_Vilhena.tif","H:\Backup da Conta_UNIR_20-01-2026\Takeout_03\Drive\GEE_EXPORT","H:\Backup da Conta_UNIR_20-01-2026\Takeout_03\Drive\GEE_EXPORT\MODIS_LST_Vilhena.tif",".tif","68915","20/01/2026 07:13:31"
"MODIS_NDVI_Vilhena.tif","H:\Backup da Conta_UNIR_20-01-2026\Takeout_03\Drive\GEE_EXPORT","H:\Backup da Conta_UNIR_20-01-2026\Takeout_03\Drive\GEE_EXPORT\MODIS_NDVI_Vilhena.tif",".tif","1500805","20/01/2026 07:13:31"
"soja_2022_buffer_ATTO.tif","H:\Backup da Conta_UNIR_20-01-2026\Takeout_03\Drive\GEE_EXPORT","H:\Backup da Conta_UNIR_20-01-2026\Takeout_03\Drive\GEE_EXPORT\soja_2022_buffer_ATTO.tif",".tif","318524","20/01/2026 07:13:17"
"mapbiomas-brazil-collection-90-vilhena-1988.tif","H:\Backup da Conta_UNIR_20-01-2026\Takeout_03\Drive\MAPBIOMAS-EXPORT","H:\Backup da Conta_UNIR_20-01-2026\Takeout_03\Drive\MAPBIOMAS-EXPORT\mapbiomas-brazil-collection-90-vilhena-1988.tif",".tif","595505","20/01/2026 07:13:43"
"mapbiomas-brazil-collection-90-vilhena-1992.tif","H:\Backup da Conta_UNIR_20-01-2026\Takeout_03\Drive\MAPBIOMAS-EXPORT","H:\Backup da Conta_UNIR_20-01-2026\Takeout_03\Drive\MAPBIOMAS-EXPORT\mapbiomas-brazil-collection-90-vilhena-1992.tif",".tif","591699","20/01/2026 07:13:43"
"mapbiomas-brazil-collection-90-vilhena-1994.tif","H:\Backup da Conta_UNIR_20-01-2026\Takeout_03\Drive\MAPBIOMAS-EXPORT","H:\Backup da Conta_UNIR_20-01-2026\Takeout_03\Drive\MAPBIOMAS-EXPORT\mapbiomas-brazil-collection-90-vilhena-1994.tif",".tif","601629","20/01/2026 07:13:43"
"mapbiomas-brazil-collection-90-vilhena-1995.tif","H:\Backup da Conta_UNIR_20-01-2026\Takeout_03\Drive\MAPBIOMAS-EXPORT","H:\Backup da Conta_UNIR_20-01-2026\Takeout_03\Drive\MAPBIOMAS-EXPORT\mapbiomas-brazil-collection-90-vilhena-1995.tif",".tif","610612","20/01/2026 07:13:43"
"mapbiomas-brazil-collection-90-vilhena-1996.tif","H:\Backup da Conta_UNIR_20-01-2026\Takeout_03\Drive\MAPBIOMAS-EXPORT","H:\Backup da Conta_UNIR_20-01-2026\Takeout_03\Drive\MAPBIOMAS-EXPORT\mapbiomas-brazil-collection-90-vilhena-1996.tif",".tif","609791","20/01/2026 07:13:43"
"mapbiomas-brazil-collection-90-vilhena-1997.tif","H:\Backup da Conta_UNIR_20-01-2026\Takeout_03\Drive\MAPBIOMAS-EXPORT","H:\Backup da Conta_UNIR_20-01-2026\Takeout_03\Drive\MAPBIOMAS-EXPORT\mapbiomas-brazil-collection-90-vilhena-1997.tif",".tif","610655","20/01/2026 07:13:43"
"mapbiomas-brazil-collection-90-vilhena-1998.tif","H:\Backup da Conta_UNIR_20-01-2026\Takeout_03\Drive\MAPBIOMAS-EXPORT","H:\Backup da Conta_UNIR_20-01-2026\Takeout_03\Drive\MAPBIOMAS-EXPORT\mapbiomas-brazil-collection-90-vilhena-1998.tif",".tif","611500","20/01/2026 07:13:43"
"mapbiomas-brazil-collection-90-vilhena-1999.tif","H:\Backup da Conta_UNIR_20-01-2026\Takeout_03\Drive\MAPBIOMAS-EXPORT","H:\Backup da Conta_UNIR_20-01-2026\Takeout_03\Drive\MAPBIOMAS-EXPORT\mapbiomas-brazil-collection-90-vilhena-1999.tif",".tif","621402","20/01/2026 07:13:43"
"mapbiomas-brazil-collection-90-vilhena-2000.tif","H:\Backup da Conta_UNIR_20-01-2026\Takeout_03\Drive\MAPBIOMAS-EXPORT","H:\Backup da Conta_UNIR_20-01-2026\Takeout_03\Drive\MAPBIOMAS-EXPORT\mapbiomas-brazil-collection-90-vilhena-2000.tif",".tif","621974","20/01/2026 07:13:43"
"mapbiomas-brazil-collection-90-vilhena-2003.tif","H:\Backup da Conta_UNIR_20-01-2026\Takeout_03\Drive\MAPBIOMAS-EXPORT","H:\Backup da Conta_UNIR_20-01-2026\Takeout_03\Drive\MAPBIOMAS-EXPORT\mapbiomas-brazil-collection-90-vilhena-2003.tif",".tif","633644","20/01/2026 07:13:43"
"mapbiomas-brazil-collection-90-vilhena-2005.tif","H:\Backup da Conta_UNIR_20-01-2026\Takeout_03\Drive\MAPBIOMAS-EXPORT","H:\Backup da Conta_UNIR_20-01-2026\Takeout_03\Drive\MAPBIOMAS-EXPORT\mapbiomas-brazil-collection-90-vilhena-2005.tif",".tif","653618","20/01/2026 07:13:43"
"mapbiomas-brazil-collection-90-vilhena-2007.tif","H:\Backup da Conta_UNIR_20-01-2026\Takeout_03\Drive\MAPBIOMAS-EXPORT","H:\Backup da Conta_UNIR_20-01-2026\Takeout_03\Drive\MAPBIOMAS-EXPORT\mapbiomas-brazil-collection-90-vilhena-2007.tif",".tif","649174","20/01/2026 07:13:43"
"mapbiomas-brazil-collection-90-vilhena-2009.tif","H:\Backup da Conta_UNIR_20-01-2026\Takeout_03\Drive\MAPBIOMAS-EXPORT","H:\Backup da Conta_UNIR_20-01-2026\Takeout_03\Drive\MAPBIOMAS-EXPORT\mapbiomas-brazil-collection-90-vilhena-2009.tif",".tif","666070","20/01/2026 07:13:43"
"mapbiomas-brazil-collection-90-vilhena-2010.tif","H:\Backup da Conta_UNIR_20-01-2026\Takeout_03\Drive\MAPBIOMAS-EXPORT","H:\Backup da Conta_UNIR_20-01-2026\Takeout_03\Drive\MAPBIOMAS-EXPORT\mapbiomas-brazil-collection-90-vilhena-2010.tif",".tif","665609","20/01/2026 07:13:43"
"mapbiomas-brazil-collection-90-vilhena-2011.tif","H:\Backup da Conta_UNIR_20-01-2026\Takeout_03\Drive\MAPBIOMAS-EXPORT","H:\Backup da Conta_UNIR_20-01-2026\Takeout_03\Drive\MAPBIOMAS-EXPORT\mapbiomas-brazil-collection-90-vilhena-2011.tif",".tif","667003","20/01/2026 07:13:43"
"mapbiomas-brazil-collection-90-vilhena-2012.tif","H:\Backup da Conta_UNIR_20-01-2026\Takeout_03\Drive\MAPBIOMAS-EXPORT","H:\Backup da Conta_UNIR_20-01-2026\Takeout_03\Drive\MAPBIOMAS-EXPORT\mapbiomas-brazil-collection-90-vilhena-2012.tif",".tif","668675","20/01/2026 07:13:43"
"mapbiomas-brazil-collection-90-vilhena-2013.tif","H:\Backup da Conta_UNIR_20-01-2026\Takeout_03\Drive\MAPBIOMAS-EXPORT","H:\Backup da Conta_UNIR_20-01-2026\Takeout_03\Drive\MAPBIOMAS-EXPORT\mapbiomas-brazil-collection-90-vilhena-2013.tif",".tif","674440","20/01/2026 07:13:43"
"mapbiomas-brazil-collection-90-vilhena-2016.tif","H:\Backup da Conta_UNIR_20-01-2026\Takeout_03\Drive\MAPBIOMAS-EXPORT","H:\Backup da Conta_UNIR_20-01-2026\Takeout_03\Drive\MAPBIOMAS-EXPORT\mapbiomas-brazil-collection-90-vilhena-2016.tif",".tif","677106","20/01/2026 07:13:43"
"mapbiomas-brazil-collection-90-vilhena-2017.tif","H:\Backup da Conta_UNIR_20-01-2026\Takeout_03\Drive\MAPBIOMAS-EXPORT","H:\Backup da Conta_UNIR_20-01-2026\Takeout_03\Drive\MAPBIOMAS-EXPORT\mapbiomas-brazil-collection-90-vilhena-2017.tif",".tif","680340","20/01/2026 07:13:43"
"mapbiomas-brazil-collection-90-vilhena-2019.tif","H:\Backup da Conta_UNIR_20-01-2026\Takeout_03\Drive\MAPBIOMAS-EXPORT","H:\Backup da Conta_UNIR_20-01-2026\Takeout_03\Drive\MAPBIOMAS-EXPORT\mapbiomas-brazil-collection-90-vilhena-2019.tif",".tif","687618","20/01/2026 07:13:43"
"mapbiomas-brazil-collection-90-vilhena-2021.tif","H:\Backup da Conta_UNIR_20-01-2026\Takeout_03\Drive\MAPBIOMAS-EXPORT","H:\Backup da Conta_UNIR_20-01-2026\Takeout_03\Drive\MAPBIOMAS-EXPORT\mapbiomas-brazil-collection-90-vilhena-2021.tif",".tif","695659","20/01/2026 07:13:43"
"microdados_censo_da_educacao_superior_2015.zip","H:\Backup da Conta_UNIR_20-01-2026\Takeout_03\Drive\Tese_Aline\Encamoinhamentos em 28-08-2025","H:\Backup da Conta_UNIR_20-01-2026\Takeout_03\Drive\Tese_Aline\Encamoinhamentos em 28-08-2025\microdados_censo_da_educacao_superior_2015.zip",".zip","8400033","20/01/2026 07:13:01"
"microdados_censo_da_educacao_superior_2016.zip","H:\Backup da Conta_UNIR_20-01-2026\Takeout_03\Drive\Tese_Aline\Encamoinhamentos em 28-08-2025","H:\Backup da Conta_UNIR_20-01-2026\Takeout_03\Drive\Tese_Aline\Encamoinhamentos em 28-08-2025\microdados_censo_da_educacao_superior_2016.zip",".zip","9099395","20/01/2026 07:13:01"
"microdados_censo_da_educacao_superior_2017.zip","H:\Backup da Conta_UNIR_20-01-2026\Takeout_03\Drive\Tese_Aline\Encamoinhamentos em 28-08-2025","H:\Backup da Conta_UNIR_20-01-2026\Takeout_03\Drive\Tese_Aline\Encamoinhamentos em 28-08-2025\microdados_censo_da_educacao_superior_2017.zip",".zip","10668382","20/01/2026 07:13:01"
"microdados_censo_da_educacao_superior_2018.zip","H:\Backup da Conta_UNIR_20-01-2026\Takeout_03\Drive\Tese_Aline\Encamoinhamentos em 28-08-2025","H:\Backup da Conta_UNIR_20-01-2026\Takeout_03\Drive\Tese_Aline\Encamoinhamentos em 28-08-2025\microdados_censo_da_educacao_superior_2018.zip",".zip","13216969","20/01/2026 07:13:01"
"microdados_censo_da_educacao_superior_2019.zip","H:\Backup da Conta_UNIR_20-01-2026\Takeout_03\Drive\Tese_Aline\Encamoinhamentos em 28-08-2025","H:\Backup da Conta_UNIR_20-01-2026\Takeout_03\Drive\Tese_Aline\Encamoinhamentos em 28-08-2025\microdados_censo_da_educacao_superior_2019.zip",".zip","16905590","20/01/2026 07:13:01"
"microdados_censo_da_educacao_superior_2020.zip","H:\Backup da Conta_UNIR_20-01-2026\Takeout_03\Drive\Tese_Aline\Encamoinhamentos em 28-08-2025","H:\Backup da Conta_UNIR_20-01-2026\Takeout_03\Drive\Tese_Aline\Encamoinhamentos em 28-08-2025\microdados_censo_da_educacao_superior_2020.zip",".zip","22263418","20/01/2026 07:13:01"
"microdados_censo_da_educacao_superior_2021.zip","H:\Backup da Conta_UNIR_20-01-2026\Takeout_03\Drive\Tese_Aline\Encamoinhamentos em 28-08-2025","H:\Backup da Conta_UNIR_20-01-2026\Takeout_03\Drive\Tese_Aline\Encamoinhamentos em 28-08-2025\microdados_censo_da_educacao_superior_2021.zip",".zip","26554655","20/01/2026 07:13:01"
"microdados_censo_da_educacao_superior_2022.zip","H:\Backup da Conta_UNIR_20-01-2026\Takeout_03\Drive\Tese_Aline\Encamoinhamentos em 28-08-2025","H:\Backup da Conta_UNIR_20-01-2026\Takeout_03\Drive\Tese_Aline\Encamoinhamentos em 28-08-2025\microdados_censo_da_educacao_superior_2022.zip",".zip","33161794","20/01/2026 07:13:02"
"microdados_censo_da_educacao_superior_2023.zip","H:\Backup da Conta_UNIR_20-01-2026\Takeout_03\Drive\Tese_Aline\Encamoinhamentos em 28-08-2025","H:\Backup da Conta_UNIR_20-01-2026\Takeout_03\Drive\Tese_Aline\Encamoinhamentos em 28-08-2025\microdados_censo_da_educacao_superior_2023.zip",".zip","38203438","20/01/2026 07:13:01"
"notas_estatisticas_censo_escolar_2023.pdf","H:\Backup da Conta_UNIR_20-01-2026\Takeout_03\Drive\Tese_Aline\Encamoinhamentos em 28-08-2025","H:\Backup da Conta_UNIR_20-01-2026\Takeout_03\Drive\Tese_Aline\Encamoinhamentos em 28-08-2025\notas_estatisticas_censo_escolar_2023.pdf",".pdf","1751233","20/01/2026 07:13:01"
"Projeto de Tese de Doutorado.docx","H:\Backup da Conta_UNIR_20-01-2026\Takeout_03\Drive\Tese_Aline\Encamoinhamentos em 28-08-2025","H:\Backup da Conta_UNIR_20-01-2026\Takeout_03\Drive\Tese_Aline\Encamoinhamentos em 28-08-2025\Projeto de Tese de Doutorado.docx",".docx","12832","20/01/2026 07:13:01"
"Acórdão 1868 de 2024 Plenário.pdf","H:\Backup da Conta_UNIR_20-01-2026\Takeout_03\Drive\Tese_Aline\Encamoinhamentos em 28-08-2025\Referencial","H:\Backup da Conta_UNIR_20-01-2026\Takeout_03\Drive\Tese_Aline\Encamoinhamentos em 28-08-2025\Referencial\Acórdão 1868 de 2024 Plenário.pdf",".pdf","1277250","20/01/2026 07:13:02"
"Dissertação Evasão engenharia no Ceará.pdf","H:\Backup da Conta_UNIR_20-01-2026\Takeout_03\Drive\Tese_Aline\Encamoinhamentos em 28-08-2025\Referencial","H:\Backup da Conta_UNIR_20-01-2026\Takeout_03\Drive\Tese_Aline\Encamoinhamentos em 28-08-2025\Referencial\Dissertação Evasão engenharia no Ceará.pdf",".pdf","2490134","20/01/2026 07:13:02"
"Dissertaçao UFCE Evasão Mato Grosso.pdf","H:\Backup da Conta_UNIR_20-01-2026\Takeout_03\Drive\Tese_Aline\Encamoinhamentos em 28-08-2025\Referencial","H:\Backup da Conta_UNIR_20-01-2026\Takeout_03\Drive\Tese_Aline\Encamoinhamentos em 28-08-2025\Referencial\Dissertaçao UFCE Evasão Mato Grosso.pdf",".pdf","1333252","20/01/2026 07:13:02"
"Instrucao_para_Elaboracao_de_Tese_e_Dissertacao.pdf","H:\Backup da Conta_UNIR_20-01-2026\Takeout_03\Drive\Tese_Aline\Encamoinhamentos em 28-08-2025\Referencial","H:\Backup da Conta_UNIR_20-01-2026\Takeout_03\Drive\Tese_Aline\Encamoinhamentos em 28-08-2025\Referencial\Instrucao_para_Elaboracao_de_Tese_e_Dissertacao.pdf",".pdf","246595","20/01/2026 07:13:02"
"RELATORIO evadidos UFPE.pdf","H:\Backup da Conta_UNIR_20-01-2026\Takeout_03\Drive\Tese_Aline\Encamoinhamentos em 28-08-2025\Referencial","H:\Backup da Conta_UNIR_20-01-2026\Takeout_03\Drive\Tese_Aline\Encamoinhamentos em 28-08-2025\Referencial\RELATORIO evadidos UFPE.pdf",".pdf","1075319","20/01/2026 07:13:02"
"Tese de Doutorado_V01_28-08-2025.docx","H:\Backup da Conta_UNIR_20-01-2026\Takeout_03\Drive\Tese_Aline\Encamoinhamentos em 28-08-2025","H:\Backup da Conta_UNIR_20-01-2026\Takeout_03\Drive\Tese_Aline\Encamoinhamentos em 28-08-2025\Tese de Doutorado_V01_28-08-2025.docx",".docx","248289","20/01/2026 07:13:01"
"SIGATER.zip","H:\Backup da Conta_UNIR_20-01-2026\Takeout_03\Drive\Tese_Aline","H:\Backup da Conta_UNIR_20-01-2026\Takeout_03\Drive\Tese_Aline\SIGATER.zip",".zip","163952558","20/01/2026 07:12:56"
"DADOS_UNIFICADOS_2020_2024.csv","H:\Backup da Conta_UNIR_20-01-2026\Takeout_03\Drive\Tese_Aline\SIGATER\SIGATER","H:\Backup da Conta_UNIR_20-01-2026\Takeout_03\Drive\Tese_Aline\SIGATER\SIGATER\DADOS_UNIFICADOS_2020_2024.csv",".csv","512969368","20/01/2026 07:12:57"
"ARIQUEMES_2020.xlsx","H:\Backup da Conta_UNIR_20-01-2026\Takeout_03\Drive\Tese_Aline\SIGATER\SIGATER\REGIONAIS","H:\Backup da Conta_UNIR_20-01-2026\Takeout_03\Drive\Tese_Aline\SIGATER\SIGATER\REGIONAIS\ARIQUEMES_2020.xlsx",".xlsx","1799810","20/01/2026 07:13:01"
"ARIQUEMES_2021.xlsx","H:\Backup da Conta_UNIR_20-01-2026\Takeout_03\Drive\Tese_Aline\SIGATER\SIGATER\REGIONAIS","H:\Backup da Conta_UNIR_20-01-2026\Takeout_03\Drive\Tese_Aline\SIGATER\SIGATER\REGIONAIS\ARIQUEMES_2021.xlsx",".xlsx","2133843","20/01/2026 07:13:01"
"ARIQUEMES_2022.xlsx","H:\Backup da Conta_UNIR_20-01-2026\Takeout_03\Drive\Tese_Aline\SIGATER\SIGATER\REGIONAIS","H:\Backup da Conta_UNIR_20-01-2026\Takeout_03\Drive\Tese_Aline\SIGATER\SIGATER\REGIONAIS\ARIQUEMES_2022.xlsx",".xlsx","3197404","20/01/2026 07:13:01"
"ARIQUEMES_2023.xlsx","H:\Backup da Conta_UNIR_20-01-2026\Takeout_03\Drive\Tese_Aline\SIGATER\SIGATER\REGIONAIS","H:\Backup da Conta_UNIR_20-01-2026\Takeout_03\Drive\Tese_Aline\SIGATER\SIGATER\REGIONAIS\ARIQUEMES_2023.xlsx",".xlsx","3408106","20/01/2026 07:13:01"
"ARIQUEMES_2024.xlsx","H:\Backup da Conta_UNIR_20-01-2026\Takeout_03\Drive\Tese_Aline\SIGATER\SIGATER\REGIONAIS","H:\Backup da Conta_UNIR_20-01-2026\Takeout_03\Drive\Tese_Aline\SIGATER\SIGATER\REGIONAIS\ARIQUEMES_2024.xlsx",".xlsx","3236350","20/01/2026 07:13:01"
"BASE_COMPLETA.csv","H:\Backup da Conta_UNIR_20-01-2026\Takeout_03\Drive\Tese_Aline\SIGATER\SIGATER\REGIONAIS","H:\Backup da Conta_UNIR_20-01-2026\Takeout_03\Drive\Tese_Aline\SIGATER\SIGATER\REGIONAIS\BASE_COMPLETA.csv",".csv","444655363","20/01/2026 07:13:01"
"BASE_CONSOLIDADA_TODOS_INDICADORES.csv","H:\Backup da Conta_UNIR_20-01-2026\Takeout_03\Drive\Tese_Aline\SIGATER\SIGATER\REGIONAIS","H:\Backup da Conta_UNIR_20-01-2026\Takeout_03\Drive\Tese_Aline\SIGATER\SIGATER\REGIONAIS\BASE_CONSOLIDADA_TODOS_INDICADORES.csv",".csv","438070930","20/01/2026 07:12:59"
"BASE_EMATER_2020_2024_COMPLETA.csv","H:\Backup da Conta_UNIR_20-01-2026\Takeout_03\Drive\Tese_Aline\SIGATER\SIGATER\REGIONAIS","H:\Backup da Conta_UNIR_20-01-2026\Takeout_03\Drive\Tese_Aline\SIGATER\SIGATER\REGIONAIS\BASE_EMATER_2020_2024_COMPLETA.csv",".csv","497811101","20/01/2026 07:13:00"
"BASE_PADRONIZADA.csv","H:\Backup da Conta_UNIR_20-01-2026\Takeout_03\Drive\Tese_Aline\SIGATER\SIGATER\REGIONAIS","H:\Backup da Conta_UNIR_20-01-2026\Takeout_03\Drive\Tese_Aline\SIGATER\SIGATER\REGIONAIS\BASE_PADRONIZADA.csv",".csv","16154102","20/01/2026 07:12:58"
"CONESUL_2020.xlsx","H:\Backup da Conta_UNIR_20-01-2026\Takeout_03\Drive\Tese_Aline\SIGATER\SIGATER\REGIONAIS","H:\Backup da Conta_UNIR_20-01-2026\Takeout_03\Drive\Tese_Aline\SIGATER\SIGATER\REGIONAIS\CONESUL_2020.xlsx",".xlsx","1008910","20/01/2026 07:12:57"
"CONESUL_2021.xlsx","H:\Backup da Conta_UNIR_20-01-2026\Takeout_03\Drive\Tese_Aline\SIGATER\SIGATER\REGIONAIS","H:\Backup da Conta_UNIR_20-01-2026\Takeout_03\Drive\Tese_Aline\SIGATER\SIGATER\REGIONAIS\CONESUL_2021.xlsx",".xlsx","1272118","20/01/2026 07:12:58"
"CONESUL_2022.xlsx","H:\Backup da Conta_UNIR_20-01-2026\Takeout_03\Drive\Tese_Aline\SIGATER\SIGATER\REGIONAIS","H:\Backup da Conta_UNIR_20-01-2026\Takeout_03\Drive\Tese_Aline\SIGATER\SIGATER\REGIONAIS\CONESUL_2022.xlsx",".xlsx","1919345","20/01/2026 07:12:58"
"CONESUL_2023.xlsx","H:\Backup da Conta_UNIR_20-01-2026\Takeout_03\Drive\Tese_Aline\SIGATER\SIGATER\REGIONAIS","H:\Backup da Conta_UNIR_20-01-2026\Takeout_03\Drive\Tese_Aline\SIGATER\SIGATER\REGIONAIS\CONESUL_2023.xlsx",".xlsx","1903710","20/01/2026 07:12:58"
"CONESUL_2024.xlsx","H:\Backup da Conta_UNIR_20-01-2026\Takeout_03\Drive\Tese_Aline\SIGATER\SIGATER\REGIONAIS","H:\Backup da Conta_UNIR_20-01-2026\Takeout_03\Drive\Tese_Aline\SIGATER\SIGATER\REGIONAIS\CONESUL_2024.xlsx",".xlsx","1759311","20/01/2026 07:12:57"
"JIPARANA_2020.xlsx","H:\Backup da Conta_UNIR_20-01-2026\Takeout_03\Drive\Tese_Aline\SIGATER\SIGATER\REGIONAIS","H:\Backup da Conta_UNIR_20-01-2026\Takeout_03\Drive\Tese_Aline\SIGATER\SIGATER\REGIONAIS\JIPARANA_2020.xlsx",".xlsx","4029847","20/01/2026 07:12:57"
"JIPARANA_2021.xlsx","H:\Backup da Conta_UNIR_20-01-2026\Takeout_03\Drive\Tese_Aline\SIGATER\SIGATER\REGIONAIS","H:\Backup da Conta_UNIR_20-01-2026\Takeout_03\Drive\Tese_Aline\SIGATER\SIGATER\REGIONAIS\JIPARANA_2021.xlsx",".xlsx","4468647","20/01/2026 07:12:57"
"JIPARANA_2022.xlsx","H:\Backup da Conta_UNIR_20-01-2026\Takeout_03\Drive\Tese_Aline\SIGATER\SIGATER\REGIONAIS","H:\Backup da Conta_UNIR_20-01-2026\Takeout_03\Drive\Tese_Aline\SIGATER\SIGATER\REGIONAIS\JIPARANA_2022.xlsx",".xlsx","6163892","20/01/2026 07:12:57"
"JIPARANA_2023.xlsx","H:\Backup da Conta_UNIR_20-01-2026\Takeout_03\Drive\Tese_Aline\SIGATER\SIGATER\REGIONAIS","H:\Backup da Conta_UNIR_20-01-2026\Takeout_03\Drive\Tese_Aline\SIGATER\SIGATER\REGIONAIS\JIPARANA_2023.xlsx",".xlsx","6409488","20/01/2026 07:12:58"
"JIPARANA_2024.xlsx","H:\Backup da Conta_UNIR_20-01-2026\Takeout_03\Drive\Tese_Aline\SIGATER\SIGATER\REGIONAIS","H:\Backup da Conta_UNIR_20-01-2026\Takeout_03\Drive\Tese_Aline\SIGATER\SIGATER\REGIONAIS\JIPARANA_2024.xlsx",".xlsx","5590634","20/01/2026 07:12:58"
"PIMENTABUENO_2020.xlsx","H:\Backup da Conta_UNIR_20-01-2026\Takeout_03\Drive\Tese_Aline\SIGATER\SIGATER\REGIONAIS","H:\Backup da Conta_UNIR_20-01-2026\Takeout_03\Drive\Tese_Aline\SIGATER\SIGATER\REGIONAIS\PIMENTABUENO_2020.xlsx",".xlsx","1946687","20/01/2026 07:12:59"
"PIMENTABUENO_2021.xlsx","H:\Backup da Conta_UNIR_20-01-2026\Takeout_03\Drive\Tese_Aline\SIGATER\SIGATER\REGIONAIS","H:\Backup da Conta_UNIR_20-01-2026\Takeout_03\Drive\Tese_Aline\SIGATER\SIGATER\REGIONAIS\PIMENTABUENO_2021.xlsx",".xlsx","2127929","20/01/2026 07:12:58"
"PIMENTABUENO_2022.xlsx","H:\Backup da Conta_UNIR_20-01-2026\Takeout_03\Drive\Tese_Aline\SIGATER\SIGATER\REGIONAIS","H:\Backup da Conta_UNIR_20-01-2026\Takeout_03\Drive\Tese_Aline\SIGATER\SIGATER\REGIONAIS\PIMENTABUENO_2022.xlsx",".xlsx","2673007","20/01/2026 07:12:58"
"PIMENTABUENO_2023.xlsx","H:\Backup da Conta_UNIR_20-01-2026\Takeout_03\Drive\Tese_Aline\SIGATER\SIGATER\REGIONAIS","H:\Backup da Conta_UNIR_20-01-2026\Takeout_03\Drive\Tese_Aline\SIGATER\SIGATER\REGIONAIS\PIMENTABUENO_2023.xlsx",".xlsx","2749533","20/01/2026 07:12:58"
"PIMENTABUENO_2024.xlsx","H:\Backup da Conta_UNIR_20-01-2026\Takeout_03\Drive\Tese_Aline\SIGATER\SIGATER\REGIONAIS","H:\Backup da Conta_UNIR_20-01-2026\Takeout_03\Drive\Tese_Aline\SIGATER\SIGATER\REGIONAIS\PIMENTABUENO_2024.xlsx",".xlsx","2702949","20/01/2026 07:12:58"
"PORTOVELHO_2020.xlsx","H:\Backup da Conta_UNIR_20-01-2026\Takeout_03\Drive\Tese_Aline\SIGATER\SIGATER\REGIONAIS","H:\Backup da Conta_UNIR_20-01-2026\Takeout_03\Drive\Tese_Aline\SIGATER\SIGATER\REGIONAIS\PORTOVELHO_2020.xlsx",".xlsx","2529810","20/01/2026 07:12:57"
"PORTOVELHO_2021.xlsx","H:\Backup da Conta_UNIR_20-01-2026\Takeout_03\Drive\Tese_Aline\SIGATER\SIGATER\REGIONAIS","H:\Backup da Conta_UNIR_20-01-2026\Takeout_03\Drive\Tese_Aline\SIGATER\SIGATER\REGIONAIS\PORTOVELHO_2021.xlsx",".xlsx","2730320","20/01/2026 07:12:58"
"PORTOVELHO_2022.xlsx","H:\Backup da Conta_UNIR_20-01-2026\Takeout_03\Drive\Tese_Aline\SIGATER\SIGATER\REGIONAIS","H:\Backup da Conta_UNIR_20-01-2026\Takeout_03\Drive\Tese_Aline\SIGATER\SIGATER\REGIONAIS\PORTOVELHO_2022.xlsx",".xlsx","3823192","20/01/2026 07:12:57"
"PORTOVELHO_2023.xlsx","H:\Backup da Conta_UNIR_20-01-2026\Takeout_03\Drive\Tese_Aline\SIGATER\SIGATER\REGIONAIS","H:\Backup da Conta_UNIR_20-01-2026\Takeout_03\Drive\Tese_Aline\SIGATER\SIGATER\REGIONAIS\PORTOVELHO_2023.xlsx",".xlsx","3788724","20/01/2026 07:12:57"
"PORTOVELHO_2024.xlsx","H:\Backup da Conta_UNIR_20-01-2026\Takeout_03\Drive\Tese_Aline\SIGATER\SIGATER\REGIONAIS","H:\Backup da Conta_UNIR_20-01-2026\Takeout_03\Drive\Tese_Aline\SIGATER\SIGATER\REGIONAIS\PORTOVELHO_2024.xlsx",".xlsx","3805347","20/01/2026 07:12:57"
"ROLIMDEMOURA_2020.xlsx","H:\Backup da Conta_UNIR_20-01-2026\Takeout_03\Drive\Tese_Aline\SIGATER\SIGATER\REGIONAIS","H:\Backup da Conta_UNIR_20-01-2026\Takeout_03\Drive\Tese_Aline\SIGATER\SIGATER\REGIONAIS\ROLIMDEMOURA_2020.xlsx",".xlsx","1476204","20/01/2026 07:12:58"
"ROLIMDEMOURA_2021.xlsx","H:\Backup da Conta_UNIR_20-01-2026\Takeout_03\Drive\Tese_Aline\SIGATER\SIGATER\REGIONAIS","H:\Backup da Conta_UNIR_20-01-2026\Takeout_03\Drive\Tese_Aline\SIGATER\SIGATER\REGIONAIS\ROLIMDEMOURA_2021.xlsx",".xlsx","1667170","20/01/2026 07:12:57"
"ROLIMDEMOURA_2022.xlsx","H:\Backup da Conta_UNIR_20-01-2026\Takeout_03\Drive\Tese_Aline\SIGATER\SIGATER\REGIONAIS","H:\Backup da Conta_UNIR_20-01-2026\Takeout_03\Drive\Tese_Aline\SIGATER\SIGATER\REGIONAIS\ROLIMDEMOURA_2022.xlsx",".xlsx","2498420","20/01/2026 07:12:57"
"ROLIMDEMOURA_2023.xlsx","H:\Backup da Conta_UNIR_20-01-2026\Takeout_03\Drive\Tese_Aline\SIGATER\SIGATER\REGIONAIS","H:\Backup da Conta_UNIR_20-01-2026\Takeout_03\Drive\Tese_Aline\SIGATER\SIGATER\REGIONAIS\ROLIMDEMOURA_2023.xlsx",".xlsx","2186685","20/01/2026 07:12:58"
"ROLIMDEMOURA_2024.xlsx","H:\Backup da Conta_UNIR_20-01-2026\Takeout_03\Drive\Tese_Aline\SIGATER\SIGATER\REGIONAIS","H:\Backup da Conta_UNIR_20-01-2026\Takeout_03\Drive\Tese_Aline\SIGATER\SIGATER\REGIONAIS\ROLIMDEMOURA_2024.xlsx",".xlsx","2026628","20/01/2026 07:12:57"
"TABELA_INDICADORES.csv","H:\Backup da Conta_UNIR_20-01-2026\Takeout_03\Drive\Tese_Aline\SIGATER\SIGATER\REGIONAIS","H:\Backup da Conta_UNIR_20-01-2026\Takeout_03\Drive\Tese_Aline\SIGATER\SIGATER\REGIONAIS\TABELA_INDICADORES.csv",".csv","65463","20/01/2026 07:12:58"
"VALEGUAPORE_2020.xlsx","H:\Backup da Conta_UNIR_20-01-2026\Takeout_03\Drive\Tese_Aline\SIGATER\SIGATER\REGIONAIS","H:\Backup da Conta_UNIR_20-01-2026\Takeout_03\Drive\Tese_Aline\SIGATER\SIGATER\REGIONAIS\VALEGUAPORE_2020.xlsx",".xlsx","1482261","20/01/2026 07:12:58"
"VALEGUAPORE_2021.xlsx","H:\Backup da Conta_UNIR_20-01-2026\Takeout_03\Drive\Tese_Aline\SIGATER\SIGATER\REGIONAIS","H:\Backup da Conta_UNIR_20-01-2026\Takeout_03\Drive\Tese_Aline\SIGATER\SIGATER\REGIONAIS\VALEGUAPORE_2021.xlsx",".xlsx","1731200","20/01/2026 07:12:57"
"VALEGUAPORE_2022.xlsx","H:\Backup da Conta_UNIR_20-01-2026\Takeout_03\Drive\Tese_Aline\SIGATER\SIGATER\REGIONAIS","H:\Backup da Conta_UNIR_20-01-2026\Takeout_03\Drive\Tese_Aline\SIGATER\SIGATER\REGIONAIS\VALEGUAPORE_2022.xlsx",".xlsx","2120990","20/01/2026 07:12:57"
"VALEGUAPORE_2023.xlsx","H:\Backup da Conta_UNIR_20-01-2026\Takeout_03\Drive\Tese_Aline\SIGATER\SIGATER\REGIONAIS","H:\Backup da Conta_UNIR_20-01-2026\Takeout_03\Drive\Tese_Aline\SIGATER\SIGATER\REGIONAIS\VALEGUAPORE_2023.xlsx",".xlsx","2164150","20/01/2026 07:12:57"
"VALEGUAPORE_2024.xlsx","H:\Backup da Conta_UNIR_20-01-2026\Takeout_03\Drive\Tese_Aline\SIGATER\SIGATER\REGIONAIS","H:\Backup da Conta_UNIR_20-01-2026\Takeout_03\Drive\Tese_Aline\SIGATER\SIGATER\REGIONAIS\VALEGUAPORE_2024.xlsx",".xlsx","2021159","20/01/2026 07:12:57"
"Tese Doutorado v14 - Versão Final.pdf","H:\Backup da Conta_UNIR_20-01-2026\Takeout_03\Drive\Tese_Aline\Template _TESE","H:\Backup da Conta_UNIR_20-01-2026\Takeout_03\Drive\Tese_Aline\Template _TESE\Tese Doutorado v14 - Versão Final.pdf",".pdf","2998745","20/01/2026 07:12:56"
"mapbiomas-brazil-collection-90-vilhena-1986.tif","H:\Backup da Conta_UNIR_20-01-2026\Takeout_04\Drive\MAPBIOMAS-EXPORT","H:\Backup da Conta_UNIR_20-01-2026\Takeout_04\Drive\MAPBIOMAS-EXPORT\mapbiomas-brazil-collection-90-vilhena-1986.tif",".tif","581924","20/01/2026 07:19:51"
"mapbiomas-brazil-collection-90-vilhena-1987.tif","H:\Backup da Conta_UNIR_20-01-2026\Takeout_04\Drive\MAPBIOMAS-EXPORT","H:\Backup da Conta_UNIR_20-01-2026\Takeout_04\Drive\MAPBIOMAS-EXPORT\mapbiomas-brazil-collection-90-vilhena-1987.tif",".tif","587557","20/01/2026 07:19:51"
"mapbiomas-brazil-collection-90-vilhena-1989.tif","H:\Backup da Conta_UNIR_20-01-2026\Takeout_04\Drive\MAPBIOMAS-EXPORT","H:\Backup da Conta_UNIR_20-01-2026\Takeout_04\Drive\MAPBIOMAS-EXPORT\mapbiomas-brazil-collection-90-vilhena-1989.tif",".tif","599595","20/01/2026 07:19:51"
"mapbiomas-brazil-collection-90-vilhena-1990.tif","H:\Backup da Conta_UNIR_20-01-2026\Takeout_04\Drive\MAPBIOMAS-EXPORT","H:\Backup da Conta_UNIR_20-01-2026\Takeout_04\Drive\MAPBIOMAS-EXPORT\mapbiomas-brazil-collection-90-vilhena-1990.tif",".tif","592015","20/01/2026 07:19:51"
"mapbiomas-brazil-collection-90-vilhena-1991.tif","H:\Backup da Conta_UNIR_20-01-2026\Takeout_04\Drive\MAPBIOMAS-EXPORT","H:\Backup da Conta_UNIR_20-01-2026\Takeout_04\Drive\MAPBIOMAS-EXPORT\mapbiomas-brazil-collection-90-vilhena-1991.tif",".tif","589436","20/01/2026 07:19:51"
"mapbiomas-brazil-collection-90-vilhena-1993.tif","H:\Backup da Conta_UNIR_20-01-2026\Takeout_04\Drive\MAPBIOMAS-EXPORT","H:\Backup da Conta_UNIR_20-01-2026\Takeout_04\Drive\MAPBIOMAS-EXPORT\mapbiomas-brazil-collection-90-vilhena-1993.tif",".tif","597948","20/01/2026 07:19:51"
"mapbiomas-brazil-collection-90-vilhena-2001.tif","H:\Backup da Conta_UNIR_20-01-2026\Takeout_04\Drive\MAPBIOMAS-EXPORT","H:\Backup da Conta_UNIR_20-01-2026\Takeout_04\Drive\MAPBIOMAS-EXPORT\mapbiomas-brazil-collection-90-vilhena-2001.tif",".tif","622560","20/01/2026 07:19:51"
"mapbiomas-brazil-collection-90-vilhena-2002.tif","H:\Backup da Conta_UNIR_20-01-2026\Takeout_04\Drive\MAPBIOMAS-EXPORT","H:\Backup da Conta_UNIR_20-01-2026\Takeout_04\Drive\MAPBIOMAS-EXPORT\mapbiomas-brazil-collection-90-vilhena-2002.tif",".tif","629347","20/01/2026 07:19:51"
"mapbiomas-brazil-collection-90-vilhena-2004.tif","H:\Backup da Conta_UNIR_20-01-2026\Takeout_04\Drive\MAPBIOMAS-EXPORT","H:\Backup da Conta_UNIR_20-01-2026\Takeout_04\Drive\MAPBIOMAS-EXPORT\mapbiomas-brazil-collection-90-vilhena-2004.tif",".tif","646740","20/01/2026 07:19:51"
"mapbiomas-brazil-collection-90-vilhena-2006.tif","H:\Backup da Conta_UNIR_20-01-2026\Takeout_04\Drive\MAPBIOMAS-EXPORT","H:\Backup da Conta_UNIR_20-01-2026\Takeout_04\Drive\MAPBIOMAS-EXPORT\mapbiomas-brazil-collection-90-vilhena-2006.tif",".tif","652255","20/01/2026 07:19:51"
"mapbiomas-brazil-collection-90-vilhena-2008.tif","H:\Backup da Conta_UNIR_20-01-2026\Takeout_04\Drive\MAPBIOMAS-EXPORT","H:\Backup da Conta_UNIR_20-01-2026\Takeout_04\Drive\MAPBIOMAS-EXPORT\mapbiomas-brazil-collection-90-vilhena-2008.tif",".tif","657910","20/01/2026 07:19:51"
"mapbiomas-brazil-collection-90-vilhena-2014.tif","H:\Backup da Conta_UNIR_20-01-2026\Takeout_04\Drive\MAPBIOMAS-EXPORT","H:\Backup da Conta_UNIR_20-01-2026\Takeout_04\Drive\MAPBIOMAS-EXPORT\mapbiomas-brazil-collection-90-vilhena-2014.tif",".tif","672727","20/01/2026 07:19:51"
"mapbiomas-brazil-collection-90-vilhena-2015.tif","H:\Backup da Conta_UNIR_20-01-2026\Takeout_04\Drive\MAPBIOMAS-EXPORT","H:\Backup da Conta_UNIR_20-01-2026\Takeout_04\Drive\MAPBIOMAS-EXPORT\mapbiomas-brazil-collection-90-vilhena-2015.tif",".tif","676996","20/01/2026 07:19:51"
"mapbiomas-brazil-collection-90-vilhena-2023.tif","H:\Backup da Conta_UNIR_20-01-2026\Takeout_04\Drive\MAPBIOMAS-EXPORT","H:\Backup da Conta_UNIR_20-01-2026\Takeout_04\Drive\MAPBIOMAS-EXPORT\mapbiomas-brazil-collection-90-vilhena-2023.tif",".tif","694288","20/01/2026 07:19:51"
"KPIs_Agricultura_Familiar_EMATER_RO.docx","H:\BACKUP_Conta_David.maciel_UNIR_20-03-2026\Takeout\Drive\Aline_Tese_Mikos_Nov2025\Analise de KPIs","H:\BACKUP_Conta_David.maciel_UNIR_20-03-2026\Takeout\Drive\Aline_Tese_Mikos_Nov2025\Analise de KPIs\KPIs_Agricultura_Familiar_EMATER_RO.docx",".docx","28553","20/03/2026 16:55:23"
"KPIs_oficiais_EMATER_RO_Formulas e Cálculos.docx","H:\BACKUP_Conta_David.maciel_UNIR_20-03-2026\Takeout\Drive\Aline_Tese_Mikos_Nov2025\Analise de KPIs","H:\BACKUP_Conta_David.maciel_UNIR_20-03-2026\Takeout\Drive\Aline_Tese_Mikos_Nov2025\Analise de KPIs\KPIs_oficiais_EMATER_RO_Formulas e Cálculos.docx",".docx","29925","20/03/2026 16:55:23"
"Tabela_KPIs_EMATER_RO (2).xlsx","H:\BACKUP_Conta_David.maciel_UNIR_20-03-2026\Takeout\Drive\Aline_Tese_Mikos_Nov2025\Analise de KPIs","H:\BACKUP_Conta_David.maciel_UNIR_20-03-2026\Takeout\Drive\Aline_Tese_Mikos_Nov2025\Analise de KPIs\Tabela_KPIs_EMATER_RO (2).xlsx",".xlsx","9480","20/03/2026 16:55:23"
"PapeLine da Tese.docx","H:\BACKUP_Conta_David.maciel_UNIR_20-03-2026\Takeout\Drive\Aline_Tese_Mikos_Nov2025\Papeline da Tese","H:\BACKUP_Conta_David.maciel_UNIR_20-03-2026\Takeout\Drive\Aline_Tese_Mikos_Nov2025\Papeline da Tese\PapeLine da Tese.docx",".docx","19015","20/03/2026 16:55:19"
"DADOS_UNIFICADOS_2020_2024.csv","H:\BACKUP_Conta_David.maciel_UNIR_20-03-2026\Takeout\Drive\Aline_Tese_Mikos_Nov2025\SIGATER\SIGATER","H:\BACKUP_Conta_David.maciel_UNIR_20-03-2026\Takeout\Drive\Aline_Tese_Mikos_Nov2025\SIGATER\SIGATER\DADOS_UNIFICADOS_2020_2024.csv",".csv","512969368","20/03/2026 16:55:20"
"ARIQUEMES_2020.xlsx","H:\BACKUP_Conta_David.maciel_UNIR_20-03-2026\Takeout\Drive\Aline_Tese_Mikos_Nov2025\SIGATER\SIGATER\REGIONAIS","H:\BACKUP_Conta_David.maciel_UNIR_20-03-2026\Takeout\Drive\Aline_Tese_Mikos_Nov2025\SIGATER\SIGATER\REGIONAIS\ARIQUEMES_2020.xlsx",".xlsx","1799810","20/03/2026 16:55:23"
"ARIQUEMES_2021.xlsx","H:\BACKUP_Conta_David.maciel_UNIR_20-03-2026\Takeout\Drive\Aline_Tese_Mikos_Nov2025\SIGATER\SIGATER\REGIONAIS","H:\BACKUP_Conta_David.maciel_UNIR_20-03-2026\Takeout\Drive\Aline_Tese_Mikos_Nov2025\SIGATER\SIGATER\REGIONAIS\ARIQUEMES_2021.xlsx",".xlsx","2133843","20/03/2026 16:55:22"
"ARIQUEMES_2022.xlsx","H:\BACKUP_Conta_David.maciel_UNIR_20-03-2026\Takeout\Drive\Aline_Tese_Mikos_Nov2025\SIGATER\SIGATER\REGIONAIS","H:\BACKUP_Conta_David.maciel_UNIR_20-03-2026\Takeout\Drive\Aline_Tese_Mikos_Nov2025\SIGATER\SIGATER\REGIONAIS\ARIQUEMES_2022.xlsx",".xlsx","3197404","20/03/2026 16:55:23"
"ARIQUEMES_2023.xlsx","H:\BACKUP_Conta_David.maciel_UNIR_20-03-2026\Takeout\Drive\Aline_Tese_Mikos_Nov2025\SIGATER\SIGATER\REGIONAIS","H:\BACKUP_Conta_David.maciel_UNIR_20-03-2026\Takeout\Drive\Aline_Tese_Mikos_Nov2025\SIGATER\SIGATER\REGIONAIS\ARIQUEMES_2023.xlsx",".xlsx","3408106","20/03/2026 16:55:23"
"ARIQUEMES_2024.xlsx","H:\BACKUP_Conta_David.maciel_UNIR_20-03-2026\Takeout\Drive\Aline_Tese_Mikos_Nov2025\SIGATER\SIGATER\REGIONAIS","H:\BACKUP_Conta_David.maciel_UNIR_20-03-2026\Takeout\Drive\Aline_Tese_Mikos_Nov2025\SIGATER\SIGATER\REGIONAIS\ARIQUEMES_2024.xlsx",".xlsx","3236350","20/03/2026 16:55:23"
"BASE_COMPLETA.csv","H:\BACKUP_Conta_David.maciel_UNIR_20-03-2026\Takeout\Drive\Aline_Tese_Mikos_Nov2025\SIGATER\SIGATER\REGIONAIS","H:\BACKUP_Conta_David.maciel_UNIR_20-03-2026\Takeout\Drive\Aline_Tese_Mikos_Nov2025\SIGATER\SIGATER\REGIONAIS\BASE_COMPLETA.csv",".csv","444655363","20/03/2026 16:55:23"
"BASE_CONSOLIDADA_TODOS_INDICADORES.csv","H:\BACKUP_Conta_David.maciel_UNIR_20-03-2026\Takeout\Drive\Aline_Tese_Mikos_Nov2025\SIGATER\SIGATER\REGIONAIS","H:\BACKUP_Conta_David.maciel_UNIR_20-03-2026\Takeout\Drive\Aline_Tese_Mikos_Nov2025\SIGATER\SIGATER\REGIONAIS\BASE_CONSOLIDADA_TODOS_INDICADORES.csv",".csv","438070930","20/03/2026 16:55:22"
"BASE_EMATER_2020_2024_COMPLETA.csv","H:\BACKUP_Conta_David.maciel_UNIR_20-03-2026\Takeout\Drive\Aline_Tese_Mikos_Nov2025\SIGATER\SIGATER\REGIONAIS","H:\BACKUP_Conta_David.maciel_UNIR_20-03-2026\Takeout\Drive\Aline_Tese_Mikos_Nov2025\SIGATER\SIGATER\REGIONAIS\BASE_EMATER_2020_2024_COMPLETA.csv",".csv","497811101","20/03/2026 16:55:21"
"BASE_PADRONIZADA.csv","H:\BACKUP_Conta_David.maciel_UNIR_20-03-2026\Takeout\Drive\Aline_Tese_Mikos_Nov2025\SIGATER\SIGATER\REGIONAIS","H:\BACKUP_Conta_David.maciel_UNIR_20-03-2026\Takeout\Drive\Aline_Tese_Mikos_Nov2025\SIGATER\SIGATER\REGIONAIS\BASE_PADRONIZADA.csv",".csv","16154102","20/03/2026 16:55:20"
"CONESUL_2020.xlsx","H:\BACKUP_Conta_David.maciel_UNIR_20-03-2026\Takeout\Drive\Aline_Tese_Mikos_Nov2025\SIGATER\SIGATER\REGIONAIS","H:\BACKUP_Conta_David.maciel_UNIR_20-03-2026\Takeout\Drive\Aline_Tese_Mikos_Nov2025\SIGATER\SIGATER\REGIONAIS\CONESUL_2020.xlsx",".xlsx","1008910","20/03/2026 16:55:20"
"CONESUL_2021.xlsx","H:\BACKUP_Conta_David.maciel_UNIR_20-03-2026\Takeout\Drive\Aline_Tese_Mikos_Nov2025\SIGATER\SIGATER\REGIONAIS","H:\BACKUP_Conta_David.maciel_UNIR_20-03-2026\Takeout\Drive\Aline_Tese_Mikos_Nov2025\SIGATER\SIGATER\REGIONAIS\CONESUL_2021.xlsx",".xlsx","1272118","20/03/2026 16:55:21"
"CONESUL_2022.xlsx","H:\BACKUP_Conta_David.maciel_UNIR_20-03-2026\Takeout\Drive\Aline_Tese_Mikos_Nov2025\SIGATER\SIGATER\REGIONAIS","H:\BACKUP_Conta_David.maciel_UNIR_20-03-2026\Takeout\Drive\Aline_Tese_Mikos_Nov2025\SIGATER\SIGATER\REGIONAIS\CONESUL_2022.xlsx",".xlsx","1919345","20/03/2026 16:55:21"
"CONESUL_2023.xlsx","H:\BACKUP_Conta_David.maciel_UNIR_20-03-2026\Takeout\Drive\Aline_Tese_Mikos_Nov2025\SIGATER\SIGATER\REGIONAIS","H:\BACKUP_Conta_David.maciel_UNIR_20-03-2026\Takeout\Drive\Aline_Tese_Mikos_Nov2025\SIGATER\SIGATER\REGIONAIS\CONESUL_2023.xlsx",".xlsx","1903710","20/03/2026 16:55:20"
"CONESUL_2024.xlsx","H:\BACKUP_Conta_David.maciel_UNIR_20-03-2026\Takeout\Drive\Aline_Tese_Mikos_Nov2025\SIGATER\SIGATER\REGIONAIS","H:\BACKUP_Conta_David.maciel_UNIR_20-03-2026\Takeout\Drive\Aline_Tese_Mikos_Nov2025\SIGATER\SIGATER\REGIONAIS\CONESUL_2024.xlsx",".xlsx","1759311","20/03/2026 16:55:20"
"JIPARANA_2020.xlsx","H:\BACKUP_Conta_David.maciel_UNIR_20-03-2026\Takeout\Drive\Aline_Tese_Mikos_Nov2025\SIGATER\SIGATER\REGIONAIS","H:\BACKUP_Conta_David.maciel_UNIR_20-03-2026\Takeout\Drive\Aline_Tese_Mikos_Nov2025\SIGATER\SIGATER\REGIONAIS\JIPARANA_2020.xlsx",".xlsx","4029847","20/03/2026 16:55:21"
"JIPARANA_2021.xlsx","H:\BACKUP_Conta_David.maciel_UNIR_20-03-2026\Takeout\Drive\Aline_Tese_Mikos_Nov2025\SIGATER\SIGATER\REGIONAIS","H:\BACKUP_Conta_David.maciel_UNIR_20-03-2026\Takeout\Drive\Aline_Tese_Mikos_Nov2025\SIGATER\SIGATER\REGIONAIS\JIPARANA_2021.xlsx",".xlsx","4468647","20/03/2026 16:55:20"
"JIPARANA_2022.xlsx","H:\BACKUP_Conta_David.maciel_UNIR_20-03-2026\Takeout\Drive\Aline_Tese_Mikos_Nov2025\SIGATER\SIGATER\REGIONAIS","H:\BACKUP_Conta_David.maciel_UNIR_20-03-2026\Takeout\Drive\Aline_Tese_Mikos_Nov2025\SIGATER\SIGATER\REGIONAIS\JIPARANA_2022.xlsx",".xlsx","6163892","20/03/2026 16:55:20"
"JIPARANA_2023.xlsx","H:\BACKUP_Conta_David.maciel_UNIR_20-03-2026\Takeout\Drive\Aline_Tese_Mikos_Nov2025\SIGATER\SIGATER\REGIONAIS","H:\BACKUP_Conta_David.maciel_UNIR_20-03-2026\Takeout\Drive\Aline_Tese_Mikos_Nov2025\SIGATER\SIGATER\REGIONAIS\JIPARANA_2023.xlsx",".xlsx","6409488","20/03/2026 16:55:20"
"JIPARANA_2024.xlsx","H:\BACKUP_Conta_David.maciel_UNIR_20-03-2026\Takeout\Drive\Aline_Tese_Mikos_Nov2025\SIGATER\SIGATER\REGIONAIS","H:\BACKUP_Conta_David.maciel_UNIR_20-03-2026\Takeout\Drive\Aline_Tese_Mikos_Nov2025\SIGATER\SIGATER\REGIONAIS\JIPARANA_2024.xlsx",".xlsx","5590634","20/03/2026 16:55:20"
"PIMENTABUENO_2020.xlsx","H:\BACKUP_Conta_David.maciel_UNIR_20-03-2026\Takeout\Drive\Aline_Tese_Mikos_Nov2025\SIGATER\SIGATER\REGIONAIS","H:\BACKUP_Conta_David.maciel_UNIR_20-03-2026\Takeout\Drive\Aline_Tese_Mikos_Nov2025\SIGATER\SIGATER\REGIONAIS\PIMENTABUENO_2020.xlsx",".xlsx","1946687","20/03/2026 16:55:21"
"PIMENTABUENO_2021.xlsx","H:\BACKUP_Conta_David.maciel_UNIR_20-03-2026\Takeout\Drive\Aline_Tese_Mikos_Nov2025\SIGATER\SIGATER\REGIONAIS","H:\BACKUP_Conta_David.maciel_UNIR_20-03-2026\Takeout\Drive\Aline_Tese_Mikos_Nov2025\SIGATER\SIGATER\REGIONAIS\PIMENTABUENO_2021.xlsx",".xlsx","2127929","20/03/2026 16:55:20"
"PIMENTABUENO_2022.xlsx","H:\BACKUP_Conta_David.maciel_UNIR_20-03-2026\Takeout\Drive\Aline_Tese_Mikos_Nov2025\SIGATER\SIGATER\REGIONAIS","H:\BACKUP_Conta_David.maciel_UNIR_20-03-2026\Takeout\Drive\Aline_Tese_Mikos_Nov2025\SIGATER\SIGATER\REGIONAIS\PIMENTABUENO_2022.xlsx",".xlsx","2673007","20/03/2026 16:55:20"
"PIMENTABUENO_2023.xlsx","H:\BACKUP_Conta_David.maciel_UNIR_20-03-2026\Takeout\Drive\Aline_Tese_Mikos_Nov2025\SIGATER\SIGATER\REGIONAIS","H:\BACKUP_Conta_David.maciel_UNIR_20-03-2026\Takeout\Drive\Aline_Tese_Mikos_Nov2025\SIGATER\SIGATER\REGIONAIS\PIMENTABUENO_2023.xlsx",".xlsx","2749533","20/03/2026 16:55:21"
"PIMENTABUENO_2024.xlsx","H:\BACKUP_Conta_David.maciel_UNIR_20-03-2026\Takeout\Drive\Aline_Tese_Mikos_Nov2025\SIGATER\SIGATER\REGIONAIS","H:\BACKUP_Conta_David.maciel_UNIR_20-03-2026\Takeout\Drive\Aline_Tese_Mikos_Nov2025\SIGATER\SIGATER\REGIONAIS\PIMENTABUENO_2024.xlsx",".xlsx","2702949","20/03/2026 16:55:20"
"PORTOVELHO_2020.xlsx","H:\BACKUP_Conta_David.maciel_UNIR_20-03-2026\Takeout\Drive\Aline_Tese_Mikos_Nov2025\SIGATER\SIGATER\REGIONAIS","H:\BACKUP_Conta_David.maciel_UNIR_20-03-2026\Takeout\Drive\Aline_Tese_Mikos_Nov2025\SIGATER\SIGATER\REGIONAIS\PORTOVELHO_2020.xlsx",".xlsx","2529810","20/03/2026 16:55:20"
"PORTOVELHO_2021.xlsx","H:\BACKUP_Conta_David.maciel_UNIR_20-03-2026\Takeout\Drive\Aline_Tese_Mikos_Nov2025\SIGATER\SIGATER\REGIONAIS","H:\BACKUP_Conta_David.maciel_UNIR_20-03-2026\Takeout\Drive\Aline_Tese_Mikos_Nov2025\SIGATER\SIGATER\REGIONAIS\PORTOVELHO_2021.xlsx",".xlsx","2730320","20/03/2026 16:55:20"
"PORTOVELHO_2022.xlsx","H:\BACKUP_Conta_David.maciel_UNIR_20-03-2026\Takeout\Drive\Aline_Tese_Mikos_Nov2025\SIGATER\SIGATER\REGIONAIS","H:\BACKUP_Conta_David.maciel_UNIR_20-03-2026\Takeout\Drive\Aline_Tese_Mikos_Nov2025\SIGATER\SIGATER\REGIONAIS\PORTOVELHO_2022.xlsx",".xlsx","3823192","20/03/2026 16:55:20"
"PORTOVELHO_2023.xlsx","H:\BACKUP_Conta_David.maciel_UNIR_20-03-2026\Takeout\Drive\Aline_Tese_Mikos_Nov2025\SIGATER\SIGATER\REGIONAIS","H:\BACKUP_Conta_David.maciel_UNIR_20-03-2026\Takeout\Drive\Aline_Tese_Mikos_Nov2025\SIGATER\SIGATER\REGIONAIS\PORTOVELHO_2023.xlsx",".xlsx","3788724","20/03/2026 16:55:22"
"PORTOVELHO_2024.xlsx","H:\BACKUP_Conta_David.maciel_UNIR_20-03-2026\Takeout\Drive\Aline_Tese_Mikos_Nov2025\SIGATER\SIGATER\REGIONAIS","H:\BACKUP_Conta_David.maciel_UNIR_20-03-2026\Takeout\Drive\Aline_Tese_Mikos_Nov2025\SIGATER\SIGATER\REGIONAIS\PORTOVELHO_2024.xlsx",".xlsx","3805347","20/03/2026 16:55:20"
"ROLIMDEMOURA_2020.xlsx","H:\BACKUP_Conta_David.maciel_UNIR_20-03-2026\Takeout\Drive\Aline_Tese_Mikos_Nov2025\SIGATER\SIGATER\REGIONAIS","H:\BACKUP_Conta_David.maciel_UNIR_20-03-2026\Takeout\Drive\Aline_Tese_Mikos_Nov2025\SIGATER\SIGATER\REGIONAIS\ROLIMDEMOURA_2020.xlsx",".xlsx","1476204","20/03/2026 16:55:20"
"ROLIMDEMOURA_2021.xlsx","H:\BACKUP_Conta_David.maciel_UNIR_20-03-2026\Takeout\Drive\Aline_Tese_Mikos_Nov2025\SIGATER\SIGATER\REGIONAIS","H:\BACKUP_Conta_David.maciel_UNIR_20-03-2026\Takeout\Drive\Aline_Tese_Mikos_Nov2025\SIGATER\SIGATER\REGIONAIS\ROLIMDEMOURA_2021.xlsx",".xlsx","1667170","20/03/2026 16:55:20"
"ROLIMDEMOURA_2022.xlsx","H:\BACKUP_Conta_David.maciel_UNIR_20-03-2026\Takeout\Drive\Aline_Tese_Mikos_Nov2025\SIGATER\SIGATER\REGIONAIS","H:\BACKUP_Conta_David.maciel_UNIR_20-03-2026\Takeout\Drive\Aline_Tese_Mikos_Nov2025\SIGATER\SIGATER\REGIONAIS\ROLIMDEMOURA_2022.xlsx",".xlsx","2498420","20/03/2026 16:55:20"
"ROLIMDEMOURA_2023.xlsx","H:\BACKUP_Conta_David.maciel_UNIR_20-03-2026\Takeout\Drive\Aline_Tese_Mikos_Nov2025\SIGATER\SIGATER\REGIONAIS","H:\BACKUP_Conta_David.maciel_UNIR_20-03-2026\Takeout\Drive\Aline_Tese_Mikos_Nov2025\SIGATER\SIGATER\REGIONAIS\ROLIMDEMOURA_2023.xlsx",".xlsx","2186685","20/03/2026 16:55:20"
"ROLIMDEMOURA_2024.xlsx","H:\BACKUP_Conta_David.maciel_UNIR_20-03-2026\Takeout\Drive\Aline_Tese_Mikos_Nov2025\SIGATER\SIGATER\REGIONAIS","H:\BACKUP_Conta_David.maciel_UNIR_20-03-2026\Takeout\Drive\Aline_Tese_Mikos_Nov2025\SIGATER\SIGATER\REGIONAIS\ROLIMDEMOURA_2024.xlsx",".xlsx","2026628","20/03/2026 16:55:20"
"TABELA_INDICADORES.csv","H:\BACKUP_Conta_David.maciel_UNIR_20-03-2026\Takeout\Drive\Aline_Tese_Mikos_Nov2025\SIGATER\SIGATER\REGIONAIS","H:\BACKUP_Conta_David.maciel_UNIR_20-03-2026\Takeout\Drive\Aline_Tese_Mikos_Nov2025\SIGATER\SIGATER\REGIONAIS\TABELA_INDICADORES.csv",".csv","65463","20/03/2026 16:55:20"
"VALEGUAPORE_2020.xlsx","H:\BACKUP_Conta_David.maciel_UNIR_20-03-2026\Takeout\Drive\Aline_Tese_Mikos_Nov2025\SIGATER\SIGATER\REGIONAIS","H:\BACKUP_Conta_David.maciel_UNIR_20-03-2026\Takeout\Drive\Aline_Tese_Mikos_Nov2025\SIGATER\SIGATER\REGIONAIS\VALEGUAPORE_2020.xlsx",".xlsx","1482261","20/03/2026 16:55:23"
"VALEGUAPORE_2021.xlsx","H:\BACKUP_Conta_David.maciel_UNIR_20-03-2026\Takeout\Drive\Aline_Tese_Mikos_Nov2025\SIGATER\SIGATER\REGIONAIS","H:\BACKUP_Conta_David.maciel_UNIR_20-03-2026\Takeout\Drive\Aline_Tese_Mikos_Nov2025\SIGATER\SIGATER\REGIONAIS\VALEGUAPORE_2021.xlsx",".xlsx","1731200","20/03/2026 16:55:20"
"VALEGUAPORE_2022.xlsx","H:\BACKUP_Conta_David.maciel_UNIR_20-03-2026\Takeout\Drive\Aline_Tese_Mikos_Nov2025\SIGATER\SIGATER\REGIONAIS","H:\BACKUP_Conta_David.maciel_UNIR_20-03-2026\Takeout\Drive\Aline_Tese_Mikos_Nov2025\SIGATER\SIGATER\REGIONAIS\VALEGUAPORE_2022.xlsx",".xlsx","2120990","20/03/2026 16:55:20"
"VALEGUAPORE_2023.xlsx","H:\BACKUP_Conta_David.maciel_UNIR_20-03-2026\Takeout\Drive\Aline_Tese_Mikos_Nov2025\SIGATER\SIGATER\REGIONAIS","H:\BACKUP_Conta_David.maciel_UNIR_20-03-2026\Takeout\Drive\Aline_Tese_Mikos_Nov2025\SIGATER\SIGATER\REGIONAIS\VALEGUAPORE_2023.xlsx",".xlsx","2164150","20/03/2026 16:55:20"
"VALEGUAPORE_2024.xlsx","H:\BACKUP_Conta_David.maciel_UNIR_20-03-2026\Takeout\Drive\Aline_Tese_Mikos_Nov2025\SIGATER\SIGATER\REGIONAIS","H:\BACKUP_Conta_David.maciel_UNIR_20-03-2026\Takeout\Drive\Aline_Tese_Mikos_Nov2025\SIGATER\SIGATER\REGIONAIS\VALEGUAPORE_2024.xlsx",".xlsx","2021159","20/03/2026 16:55:21"
"Tese Doutorado v14 - Versão Final.pdf","H:\BACKUP_Conta_David.maciel_UNIR_20-03-2026\Takeout\Drive\Aline_Tese_Mikos_Nov2025\Template _TESE","H:\BACKUP_Conta_David.maciel_UNIR_20-03-2026\Takeout\Drive\Aline_Tese_Mikos_Nov2025\Template _TESE\Tese Doutorado v14 - Versão Final.pdf",".pdf","2998745","20/03/2026 16:55:19"
"ERA5LAND_FORCING_SOJA_20151001_20151230_CENTROI.csv","H:\BACKUP_Conta_David.maciel_UNIR_20-03-2026\Takeout\Drive","H:\BACKUP_Conta_David.maciel_UNIR_20-03-2026\Takeout\Drive\ERA5LAND_FORCING_SOJA_20151001_20151230_CENTROI.csv",".csv","583819","20/03/2026 16:55:09"
"ERA5LAND_SSRD_SOJA_20151001_20151230_CENTROID_M.csv","H:\BACKUP_Conta_David.maciel_UNIR_20-03-2026\Takeout\Drive","H:\BACKUP_Conta_David.maciel_UNIR_20-03-2026\Takeout\Drive\ERA5LAND_SSRD_SOJA_20151001_20151230_CENTROID_M.csv",".csv","272300","20/03/2026 16:55:09"
"MODIS_LST_Vilhena.tif","H:\BACKUP_Conta_David.maciel_UNIR_20-03-2026\Takeout\Drive\GEE_EXPORT","H:\BACKUP_Conta_David.maciel_UNIR_20-03-2026\Takeout\Drive\GEE_EXPORT\MODIS_LST_Vilhena.tif",".tif","68915","20/03/2026 16:55:34"
"MODIS_NDVI_Vilhena.tif","H:\BACKUP_Conta_David.maciel_UNIR_20-03-2026\Takeout\Drive\GEE_EXPORT","H:\BACKUP_Conta_David.maciel_UNIR_20-03-2026\Takeout\Drive\GEE_EXPORT\MODIS_NDVI_Vilhena.tif",".tif","1500805","20/03/2026 16:55:41"
"soja_2022_buffer_ATTO.tif","H:\BACKUP_Conta_David.maciel_UNIR_20-03-2026\Takeout\Drive\GEE_EXPORT","H:\BACKUP_Conta_David.maciel_UNIR_20-03-2026\Takeout\Drive\GEE_EXPORT\soja_2022_buffer_ATTO.tif",".tif","318524","20/03/2026 16:55:34"
"Capitulo_6_mapbiomas_c9_ro_2016.tif","H:\BACKUP_Conta_David.maciel_UNIR_20-03-2026\Takeout\Drive\GEE_EXPORTS","H:\BACKUP_Conta_David.maciel_UNIR_20-03-2026\Takeout\Drive\GEE_EXPORTS\Capitulo_6_mapbiomas_c9_ro_2016.tif",".tif","12562724","20/03/2026 16:55:19"
"LAI_MODIS_POINT_SOJA_20151001_20151229_v01.csv","H:\BACKUP_Conta_David.maciel_UNIR_20-03-2026\Takeout\Drive","H:\BACKUP_Conta_David.maciel_UNIR_20-03-2026\Takeout\Drive\LAI_MODIS_POINT_SOJA_20151001_20151229_v01.csv",".csv","1597","20/03/2026 16:55:09"
"MapBiomas_Soja_2015-0000000000-0000000000.tif","H:\BACKUP_Conta_David.maciel_UNIR_20-03-2026\Takeout\Drive","H:\BACKUP_Conta_David.maciel_UNIR_20-03-2026\Takeout\Drive\MapBiomas_Soja_2015-0000000000-0000000000.tif",".tif","28921921","20/03/2026 16:55:12"
"MapBiomas_Soja_2015-0000000000-0000065536.tif","H:\BACKUP_Conta_David.maciel_UNIR_20-03-2026\Takeout\Drive","H:\BACKUP_Conta_David.maciel_UNIR_20-03-2026\Takeout\Drive\MapBiomas_Soja_2015-0000000000-0000065536.tif",".tif","33206677","20/03/2026 16:55:12"
"MapBiomas_Soja_2015-0000000000-0000131072.tif","H:\BACKUP_Conta_David.maciel_UNIR_20-03-2026\Takeout\Drive","H:\BACKUP_Conta_David.maciel_UNIR_20-03-2026\Takeout\Drive\MapBiomas_Soja_2015-0000000000-0000131072.tif",".tif","10269348","20/03/2026 16:55:09"
"MapBiomas_Soja_2015-0000065536-0000000000.tif","H:\BACKUP_Conta_David.maciel_UNIR_20-03-2026\Takeout\Drive","H:\BACKUP_Conta_David.maciel_UNIR_20-03-2026\Takeout\Drive\MapBiomas_Soja_2015-0000065536-0000000000.tif",".tif","30268589","20/03/2026 16:55:10"
"MapBiomas_Soja_2015-0000065536-0000065536.tif","H:\BACKUP_Conta_David.maciel_UNIR_20-03-2026\Takeout\Drive","H:\BACKUP_Conta_David.maciel_UNIR_20-03-2026\Takeout\Drive\MapBiomas_Soja_2015-0000065536-0000065536.tif",".tif","59276204","20/03/2026 16:55:12"
"MapBiomas_Soja_2015-0000065536-0000131072.tif","H:\BACKUP_Conta_David.maciel_UNIR_20-03-2026\Takeout\Drive","H:\BACKUP_Conta_David.maciel_UNIR_20-03-2026\Takeout\Drive\MapBiomas_Soja_2015-0000065536-0000131072.tif",".tif","10269348","20/03/2026 16:55:12"
"MapBiomas_Soja_2015-0000131072-0000000000.tif","H:\BACKUP_Conta_David.maciel_UNIR_20-03-2026\Takeout\Drive","H:\BACKUP_Conta_David.maciel_UNIR_20-03-2026\Takeout\Drive\MapBiomas_Soja_2015-0000131072-0000000000.tif",".tif","6813781","20/03/2026 16:55:11"
"MapBiomas_Soja_2015-0000131072-0000065536.tif","H:\BACKUP_Conta_David.maciel_UNIR_20-03-2026\Takeout\Drive","H:\BACKUP_Conta_David.maciel_UNIR_20-03-2026\Takeout\Drive\MapBiomas_Soja_2015-0000131072-0000065536.tif",".tif","9359069","20/03/2026 16:55:09"
"MapBiomas_Soja_2015-0000131072-0000131072.tif","H:\BACKUP_Conta_David.maciel_UNIR_20-03-2026\Takeout\Drive","H:\BACKUP_Conta_David.maciel_UNIR_20-03-2026\Takeout\Drive\MapBiomas_Soja_2015-0000131072-0000131072.tif",".tif","2447508","20/03/2026 16:55:12"
"Mapa_soja39_porto_velho_col9_2017.tif","H:\BACKUP_Conta_David.maciel_UNIR_20-03-2026\Takeout\Drive\MAPBIOMAS-EXPORT","H:\BACKUP_Conta_David.maciel_UNIR_20-03-2026\Takeout\Drive\MAPBIOMAS-EXPORT\Mapa_soja39_porto_velho_col9_2017.tif",".tif","878979","20/03/2026 16:55:34"
"mapbiomas-brazil-collection-80-irrigated-agricu.csv","H:\BACKUP_Conta_David.maciel_UNIR_20-03-2026\Takeout\Drive\MAPBIOMAS-EXPORT","H:\BACKUP_Conta_David.maciel_UNIR_20-03-2026\Takeout\Drive\MAPBIOMAS-EXPORT\mapbiomas-brazil-collection-80-irrigated-agricu.csv",".csv","325","20/03/2026 16:55:34"
"mapbiomas-brazil-collection-90-vilhena-1986.tif","H:\BACKUP_Conta_David.maciel_UNIR_20-03-2026\Takeout\Drive\MAPBIOMAS-EXPORT","H:\BACKUP_Conta_David.maciel_UNIR_20-03-2026\Takeout\Drive\MAPBIOMAS-EXPORT\mapbiomas-brazil-collection-90-vilhena-1986.tif",".tif","581924","20/03/2026 16:55:34"
"mapbiomas-brazil-collection-90-vilhena-1987.tif","H:\BACKUP_Conta_David.maciel_UNIR_20-03-2026\Takeout\Drive\MAPBIOMAS-EXPORT","H:\BACKUP_Conta_David.maciel_UNIR_20-03-2026\Takeout\Drive\MAPBIOMAS-EXPORT\mapbiomas-brazil-collection-90-vilhena-1987.tif",".tif","587557","20/03/2026 16:55:34"
"mapbiomas-brazil-collection-90-vilhena-1988.tif","H:\BACKUP_Conta_David.maciel_UNIR_20-03-2026\Takeout\Drive\MAPBIOMAS-EXPORT","H:\BACKUP_Conta_David.maciel_UNIR_20-03-2026\Takeout\Drive\MAPBIOMAS-EXPORT\mapbiomas-brazil-collection-90-vilhena-1988.tif",".tif","595505","20/03/2026 16:55:34"
"mapbiomas-brazil-collection-90-vilhena-1989.tif","H:\BACKUP_Conta_David.maciel_UNIR_20-03-2026\Takeout\Drive\MAPBIOMAS-EXPORT","H:\BACKUP_Conta_David.maciel_UNIR_20-03-2026\Takeout\Drive\MAPBIOMAS-EXPORT\mapbiomas-brazil-collection-90-vilhena-1989.tif",".tif","599595","20/03/2026 16:55:34"
"mapbiomas-brazil-collection-90-vilhena-1990.tif","H:\BACKUP_Conta_David.maciel_UNIR_20-03-2026\Takeout\Drive\MAPBIOMAS-EXPORT","H:\BACKUP_Conta_David.maciel_UNIR_20-03-2026\Takeout\Drive\MAPBIOMAS-EXPORT\mapbiomas-brazil-collection-90-vilhena-1990.tif",".tif","592015","20/03/2026 16:55:34"
"mapbiomas-brazil-collection-90-vilhena-1991.tif","H:\BACKUP_Conta_David.maciel_UNIR_20-03-2026\Takeout\Drive\MAPBIOMAS-EXPORT","H:\BACKUP_Conta_David.maciel_UNIR_20-03-2026\Takeout\Drive\MAPBIOMAS-EXPORT\mapbiomas-brazil-collection-90-vilhena-1991.tif",".tif","589436","20/03/2026 16:55:34"
"mapbiomas-brazil-collection-90-vilhena-1992.tif","H:\BACKUP_Conta_David.maciel_UNIR_20-03-2026\Takeout\Drive\MAPBIOMAS-EXPORT","H:\BACKUP_Conta_David.maciel_UNIR_20-03-2026\Takeout\Drive\MAPBIOMAS-EXPORT\mapbiomas-brazil-collection-90-vilhena-1992.tif",".tif","591699","20/03/2026 16:55:34"
"mapbiomas-brazil-collection-90-vilhena-1993.tif","H:\BACKUP_Conta_David.maciel_UNIR_20-03-2026\Takeout\Drive\MAPBIOMAS-EXPORT","H:\BACKUP_Conta_David.maciel_UNIR_20-03-2026\Takeout\Drive\MAPBIOMAS-EXPORT\mapbiomas-brazil-collection-90-vilhena-1993.tif",".tif","597948","20/03/2026 16:55:34"
"mapbiomas-brazil-collection-90-vilhena-1994.tif","H:\BACKUP_Conta_David.maciel_UNIR_20-03-2026\Takeout\Drive\MAPBIOMAS-EXPORT","H:\BACKUP_Conta_David.maciel_UNIR_20-03-2026\Takeout\Drive\MAPBIOMAS-EXPORT\mapbiomas-brazil-collection-90-vilhena-1994.tif",".tif","601629","20/03/2026 16:55:34"
"mapbiomas-brazil-collection-90-vilhena-1995.tif","H:\BACKUP_Conta_David.maciel_UNIR_20-03-2026\Takeout\Drive\MAPBIOMAS-EXPORT","H:\BACKUP_Conta_David.maciel_UNIR_20-03-2026\Takeout\Drive\MAPBIOMAS-EXPORT\mapbiomas-brazil-collection-90-vilhena-1995.tif",".tif","610612","20/03/2026 16:55:34"
"mapbiomas-brazil-collection-90-vilhena-1996.tif","H:\BACKUP_Conta_David.maciel_UNIR_20-03-2026\Takeout\Drive\MAPBIOMAS-EXPORT","H:\BACKUP_Conta_David.maciel_UNIR_20-03-2026\Takeout\Drive\MAPBIOMAS-EXPORT\mapbiomas-brazil-collection-90-vilhena-1996.tif",".tif","609791","20/03/2026 16:55:34"
"mapbiomas-brazil-collection-90-vilhena-1997.tif","H:\BACKUP_Conta_David.maciel_UNIR_20-03-2026\Takeout\Drive\MAPBIOMAS-EXPORT","H:\BACKUP_Conta_David.maciel_UNIR_20-03-2026\Takeout\Drive\MAPBIOMAS-EXPORT\mapbiomas-brazil-collection-90-vilhena-1997.tif",".tif","610655","20/03/2026 16:55:34"
"mapbiomas-brazil-collection-90-vilhena-1998.tif","H:\BACKUP_Conta_David.maciel_UNIR_20-03-2026\Takeout\Drive\MAPBIOMAS-EXPORT","H:\BACKUP_Conta_David.maciel_UNIR_20-03-2026\Takeout\Drive\MAPBIOMAS-EXPORT\mapbiomas-brazil-collection-90-vilhena-1998.tif",".tif","611500","20/03/2026 16:55:34"
"mapbiomas-brazil-collection-90-vilhena-1999.tif","H:\BACKUP_Conta_David.maciel_UNIR_20-03-2026\Takeout\Drive\MAPBIOMAS-EXPORT","H:\BACKUP_Conta_David.maciel_UNIR_20-03-2026\Takeout\Drive\MAPBIOMAS-EXPORT\mapbiomas-brazil-collection-90-vilhena-1999.tif",".tif","621402","20/03/2026 16:55:34"
"mapbiomas-brazil-collection-90-vilhena-2000.tif","H:\BACKUP_Conta_David.maciel_UNIR_20-03-2026\Takeout\Drive\MAPBIOMAS-EXPORT","H:\BACKUP_Conta_David.maciel_UNIR_20-03-2026\Takeout\Drive\MAPBIOMAS-EXPORT\mapbiomas-brazil-collection-90-vilhena-2000.tif",".tif","621974","20/03/2026 16:55:34"
"mapbiomas-brazil-collection-90-vilhena-2001.tif","H:\BACKUP_Conta_David.maciel_UNIR_20-03-2026\Takeout\Drive\MAPBIOMAS-EXPORT","H:\BACKUP_Conta_David.maciel_UNIR_20-03-2026\Takeout\Drive\MAPBIOMAS-EXPORT\mapbiomas-brazil-collection-90-vilhena-2001.tif",".tif","622560","20/03/2026 16:55:34"
"mapbiomas-brazil-collection-90-vilhena-2002.tif","H:\BACKUP_Conta_David.maciel_UNIR_20-03-2026\Takeout\Drive\MAPBIOMAS-EXPORT","H:\BACKUP_Conta_David.maciel_UNIR_20-03-2026\Takeout\Drive\MAPBIOMAS-EXPORT\mapbiomas-brazil-collection-90-vilhena-2002.tif",".tif","629347","20/03/2026 16:55:34"
"mapbiomas-brazil-collection-90-vilhena-2003.tif","H:\BACKUP_Conta_David.maciel_UNIR_20-03-2026\Takeout\Drive\MAPBIOMAS-EXPORT","H:\BACKUP_Conta_David.maciel_UNIR_20-03-2026\Takeout\Drive\MAPBIOMAS-EXPORT\mapbiomas-brazil-collection-90-vilhena-2003.tif",".tif","633644","20/03/2026 16:55:34"
"mapbiomas-brazil-collection-90-vilhena-2004.tif","H:\BACKUP_Conta_David.maciel_UNIR_20-03-2026\Takeout\Drive\MAPBIOMAS-EXPORT","H:\BACKUP_Conta_David.maciel_UNIR_20-03-2026\Takeout\Drive\MAPBIOMAS-EXPORT\mapbiomas-brazil-collection-90-vilhena-2004.tif",".tif","646740","20/03/2026 16:55:34"
"mapbiomas-brazil-collection-90-vilhena-2005.tif","H:\BACKUP_Conta_David.maciel_UNIR_20-03-2026\Takeout\Drive\MAPBIOMAS-EXPORT","H:\BACKUP_Conta_David.maciel_UNIR_20-03-2026\Takeout\Drive\MAPBIOMAS-EXPORT\mapbiomas-brazil-collection-90-vilhena-2005.tif",".tif","653618","20/03/2026 16:55:34"
"mapbiomas-brazil-collection-90-vilhena-2006.tif","H:\BACKUP_Conta_David.maciel_UNIR_20-03-2026\Takeout\Drive\MAPBIOMAS-EXPORT","H:\BACKUP_Conta_David.maciel_UNIR_20-03-2026\Takeout\Drive\MAPBIOMAS-EXPORT\mapbiomas-brazil-collection-90-vilhena-2006.tif",".tif","652255","20/03/2026 16:55:34"
"mapbiomas-brazil-collection-90-vilhena-2007.tif","H:\BACKUP_Conta_David.maciel_UNIR_20-03-2026\Takeout\Drive\MAPBIOMAS-EXPORT","H:\BACKUP_Conta_David.maciel_UNIR_20-03-2026\Takeout\Drive\MAPBIOMAS-EXPORT\mapbiomas-brazil-collection-90-vilhena-2007.tif",".tif","649174","20/03/2026 16:55:34"
"mapbiomas-brazil-collection-90-vilhena-2008.tif","H:\BACKUP_Conta_David.maciel_UNIR_20-03-2026\Takeout\Drive\MAPBIOMAS-EXPORT","H:\BACKUP_Conta_David.maciel_UNIR_20-03-2026\Takeout\Drive\MAPBIOMAS-EXPORT\mapbiomas-brazil-collection-90-vilhena-2008.tif",".tif","657910","20/03/2026 16:55:34"
"mapbiomas-brazil-collection-90-vilhena-2009.tif","H:\BACKUP_Conta_David.maciel_UNIR_20-03-2026\Takeout\Drive\MAPBIOMAS-EXPORT","H:\BACKUP_Conta_David.maciel_UNIR_20-03-2026\Takeout\Drive\MAPBIOMAS-EXPORT\mapbiomas-brazil-collection-90-vilhena-2009.tif",".tif","666070","20/03/2026 16:55:34"
"mapbiomas-brazil-collection-90-vilhena-2010.tif","H:\BACKUP_Conta_David.maciel_UNIR_20-03-2026\Takeout\Drive\MAPBIOMAS-EXPORT","H:\BACKUP_Conta_David.maciel_UNIR_20-03-2026\Takeout\Drive\MAPBIOMAS-EXPORT\mapbiomas-brazil-collection-90-vilhena-2010.tif",".tif","665609","20/03/2026 16:55:34"
"mapbiomas-brazil-collection-90-vilhena-2011.tif","H:\BACKUP_Conta_David.maciel_UNIR_20-03-2026\Takeout\Drive\MAPBIOMAS-EXPORT","H:\BACKUP_Conta_David.maciel_UNIR_20-03-2026\Takeout\Drive\MAPBIOMAS-EXPORT\mapbiomas-brazil-collection-90-vilhena-2011.tif",".tif","667003","20/03/2026 16:55:34"
"mapbiomas-brazil-collection-90-vilhena-2012.tif","H:\BACKUP_Conta_David.maciel_UNIR_20-03-2026\Takeout\Drive\MAPBIOMAS-EXPORT","H:\BACKUP_Conta_David.maciel_UNIR_20-03-2026\Takeout\Drive\MAPBIOMAS-EXPORT\mapbiomas-brazil-collection-90-vilhena-2012.tif",".tif","668675","20/03/2026 16:55:34"
"mapbiomas-brazil-collection-90-vilhena-2013.tif","H:\BACKUP_Conta_David.maciel_UNIR_20-03-2026\Takeout\Drive\MAPBIOMAS-EXPORT","H:\BACKUP_Conta_David.maciel_UNIR_20-03-2026\Takeout\Drive\MAPBIOMAS-EXPORT\mapbiomas-brazil-collection-90-vilhena-2013.tif",".tif","674440","20/03/2026 16:55:34"
"mapbiomas-brazil-collection-90-vilhena-2014.tif","H:\BACKUP_Conta_David.maciel_UNIR_20-03-2026\Takeout\Drive\MAPBIOMAS-EXPORT","H:\BACKUP_Conta_David.maciel_UNIR_20-03-2026\Takeout\Drive\MAPBIOMAS-EXPORT\mapbiomas-brazil-collection-90-vilhena-2014.tif",".tif","672727","20/03/2026 16:55:34"
"mapbiomas-brazil-collection-90-vilhena-2015.tif","H:\BACKUP_Conta_David.maciel_UNIR_20-03-2026\Takeout\Drive\MAPBIOMAS-EXPORT","H:\BACKUP_Conta_David.maciel_UNIR_20-03-2026\Takeout\Drive\MAPBIOMAS-EXPORT\mapbiomas-brazil-collection-90-vilhena-2015.tif",".tif","676996","20/03/2026 16:55:34"
"mapbiomas-brazil-collection-90-vilhena-2016.tif","H:\BACKUP_Conta_David.maciel_UNIR_20-03-2026\Takeout\Drive\MAPBIOMAS-EXPORT","H:\BACKUP_Conta_David.maciel_UNIR_20-03-2026\Takeout\Drive\MAPBIOMAS-EXPORT\mapbiomas-brazil-collection-90-vilhena-2016.tif",".tif","677106","20/03/2026 16:55:34"
"mapbiomas-brazil-collection-90-vilhena-2017.tif","H:\BACKUP_Conta_David.maciel_UNIR_20-03-2026\Takeout\Drive\MAPBIOMAS-EXPORT","H:\BACKUP_Conta_David.maciel_UNIR_20-03-2026\Takeout\Drive\MAPBIOMAS-EXPORT\mapbiomas-brazil-collection-90-vilhena-2017.tif",".tif","680340","20/03/2026 16:55:34"
"mapbiomas-brazil-collection-90-vilhena-2019.tif","H:\BACKUP_Conta_David.maciel_UNIR_20-03-2026\Takeout\Drive\MAPBIOMAS-EXPORT","H:\BACKUP_Conta_David.maciel_UNIR_20-03-2026\Takeout\Drive\MAPBIOMAS-EXPORT\mapbiomas-brazil-collection-90-vilhena-2019.tif",".tif","687618","20/03/2026 16:55:34"
"mapbiomas-brazil-collection-90-vilhena-2021.tif","H:\BACKUP_Conta_David.maciel_UNIR_20-03-2026\Takeout\Drive\MAPBIOMAS-EXPORT","H:\BACKUP_Conta_David.maciel_UNIR_20-03-2026\Takeout\Drive\MAPBIOMAS-EXPORT\mapbiomas-brazil-collection-90-vilhena-2021.tif",".tif","695659","20/03/2026 16:55:34"
"mapbiomas-brazil-collection-90-vilhena-2023.tif","H:\BACKUP_Conta_David.maciel_UNIR_20-03-2026\Takeout\Drive\MAPBIOMAS-EXPORT","H:\BACKUP_Conta_David.maciel_UNIR_20-03-2026\Takeout\Drive\MAPBIOMAS-EXPORT\mapbiomas-brazil-collection-90-vilhena-2023.tif",".tif","694288","20/03/2026 16:55:34"
"soja39_porto_velho_col9_2017.tif","H:\BACKUP_Conta_David.maciel_UNIR_20-03-2026\Takeout\Drive\MAPBIOMAS-EXPORT","H:\BACKUP_Conta_David.maciel_UNIR_20-03-2026\Takeout\Drive\MAPBIOMAS-EXPORT\soja39_porto_velho_col9_2017.tif",".tif","878979","20/03/2026 16:55:34"
"MB_C9_Soja_2015_AOI_EO1H2240692015363110PF.tif","H:\BACKUP_Conta_David.maciel_UNIR_20-03-2026\Takeout\Drive","H:\BACKUP_Conta_David.maciel_UNIR_20-03-2026\Takeout\Drive\MB_C9_Soja_2015_AOI_EO1H2240692015363110PF.tif",".tif","99045","20/03/2026 16:55:12"
"SOIL_TEXTURE_OPENLANDMAP_POINT_ISBA_v01.csv","H:\BACKUP_Conta_David.maciel_UNIR_20-03-2026\Takeout\Drive","H:\BACKUP_Conta_David.maciel_UNIR_20-03-2026\Takeout\Drive\SOIL_TEXTURE_OPENLANDMAP_POINT_ISBA_v01.csv",".csv","339","20/03/2026 16:55:12"
"SOILGRIDS_ISBA_SOILSTATE_POINT_v02.csv","H:\BACKUP_Conta_David.maciel_UNIR_20-03-2026\Takeout\Drive","H:\BACKUP_Conta_David.maciel_UNIR_20-03-2026\Takeout\Drive\SOILGRIDS_ISBA_SOILSTATE_POINT_v02.csv",".csv","377","20/03/2026 16:55:12"
"microdados_censo_da_educacao_superior_2015.zip","H:\BACKUP_Conta_David.maciel_UNIR_20-03-2026\Takeout\Drive\Tese_Aline\Encamoinhamentos em 28-08-2025","H:\BACKUP_Conta_David.maciel_UNIR_20-03-2026\Takeout\Drive\Tese_Aline\Encamoinhamentos em 28-08-2025\microdados_censo_da_educacao_superior_2015.zip",".zip","8400033","20/03/2026 16:55:32"
"microdados_censo_da_educacao_superior_2016.zip","H:\BACKUP_Conta_David.maciel_UNIR_20-03-2026\Takeout\Drive\Tese_Aline\Encamoinhamentos em 28-08-2025","H:\BACKUP_Conta_David.maciel_UNIR_20-03-2026\Takeout\Drive\Tese_Aline\Encamoinhamentos em 28-08-2025\microdados_censo_da_educacao_superior_2016.zip",".zip","9099395","20/03/2026 16:55:33"
"microdados_censo_da_educacao_superior_2017.zip","H:\BACKUP_Conta_David.maciel_UNIR_20-03-2026\Takeout\Drive\Tese_Aline\Encamoinhamentos em 28-08-2025","H:\BACKUP_Conta_David.maciel_UNIR_20-03-2026\Takeout\Drive\Tese_Aline\Encamoinhamentos em 28-08-2025\microdados_censo_da_educacao_superior_2017.zip",".zip","10668382","20/03/2026 16:55:33"
"microdados_censo_da_educacao_superior_2018.zip","H:\BACKUP_Conta_David.maciel_UNIR_20-03-2026\Takeout\Drive\Tese_Aline\Encamoinhamentos em 28-08-2025","H:\BACKUP_Conta_David.maciel_UNIR_20-03-2026\Takeout\Drive\Tese_Aline\Encamoinhamentos em 28-08-2025\microdados_censo_da_educacao_superior_2018.zip",".zip","13216969","20/03/2026 16:55:33"
"microdados_censo_da_educacao_superior_2019.zip","H:\BACKUP_Conta_David.maciel_UNIR_20-03-2026\Takeout\Drive\Tese_Aline\Encamoinhamentos em 28-08-2025","H:\BACKUP_Conta_David.maciel_UNIR_20-03-2026\Takeout\Drive\Tese_Aline\Encamoinhamentos em 28-08-2025\microdados_censo_da_educacao_superior_2019.zip",".zip","16905590","20/03/2026 16:55:33"
"microdados_censo_da_educacao_superior_2020.zip","H:\BACKUP_Conta_David.maciel_UNIR_20-03-2026\Takeout\Drive\Tese_Aline\Encamoinhamentos em 28-08-2025","H:\BACKUP_Conta_David.maciel_UNIR_20-03-2026\Takeout\Drive\Tese_Aline\Encamoinhamentos em 28-08-2025\microdados_censo_da_educacao_superior_2020.zip",".zip","22263418","20/03/2026 16:55:33"
"microdados_censo_da_educacao_superior_2021.zip","H:\BACKUP_Conta_David.maciel_UNIR_20-03-2026\Takeout\Drive\Tese_Aline\Encamoinhamentos em 28-08-2025","H:\BACKUP_Conta_David.maciel_UNIR_20-03-2026\Takeout\Drive\Tese_Aline\Encamoinhamentos em 28-08-2025\microdados_censo_da_educacao_superior_2021.zip",".zip","26554655","20/03/2026 16:55:32"
"microdados_censo_da_educacao_superior_2022.zip","H:\BACKUP_Conta_David.maciel_UNIR_20-03-2026\Takeout\Drive\Tese_Aline\Encamoinhamentos em 28-08-2025","H:\BACKUP_Conta_David.maciel_UNIR_20-03-2026\Takeout\Drive\Tese_Aline\Encamoinhamentos em 28-08-2025\microdados_censo_da_educacao_superior_2022.zip",".zip","33161794","20/03/2026 16:55:33"
"microdados_censo_da_educacao_superior_2023.zip","H:\BACKUP_Conta_David.maciel_UNIR_20-03-2026\Takeout\Drive\Tese_Aline\Encamoinhamentos em 28-08-2025","H:\BACKUP_Conta_David.maciel_UNIR_20-03-2026\Takeout\Drive\Tese_Aline\Encamoinhamentos em 28-08-2025\microdados_censo_da_educacao_superior_2023.zip",".zip","38203438","20/03/2026 16:55:32"
"notas_estatisticas_censo_escolar_2023.pdf","H:\BACKUP_Conta_David.maciel_UNIR_20-03-2026\Takeout\Drive\Tese_Aline\Encamoinhamentos em 28-08-2025","H:\BACKUP_Conta_David.maciel_UNIR_20-03-2026\Takeout\Drive\Tese_Aline\Encamoinhamentos em 28-08-2025\notas_estatisticas_censo_escolar_2023.pdf",".pdf","1751233","20/03/2026 16:55:32"
"Projeto de Tese de Doutorado.docx","H:\BACKUP_Conta_David.maciel_UNIR_20-03-2026\Takeout\Drive\Tese_Aline\Encamoinhamentos em 28-08-2025","H:\BACKUP_Conta_David.maciel_UNIR_20-03-2026\Takeout\Drive\Tese_Aline\Encamoinhamentos em 28-08-2025\Projeto de Tese de Doutorado.docx",".docx","12832","20/03/2026 16:55:33"
"Acórdão 1868 de 2024 Plenário.pdf","H:\BACKUP_Conta_David.maciel_UNIR_20-03-2026\Takeout\Drive\Tese_Aline\Encamoinhamentos em 28-08-2025\Referencial","H:\BACKUP_Conta_David.maciel_UNIR_20-03-2026\Takeout\Drive\Tese_Aline\Encamoinhamentos em 28-08-2025\Referencial\Acórdão 1868 de 2024 Plenário.pdf",".pdf","1277250","20/03/2026 16:55:33"
"Dissertação Evasão engenharia no Ceará.pdf","H:\BACKUP_Conta_David.maciel_UNIR_20-03-2026\Takeout\Drive\Tese_Aline\Encamoinhamentos em 28-08-2025\Referencial","H:\BACKUP_Conta_David.maciel_UNIR_20-03-2026\Takeout\Drive\Tese_Aline\Encamoinhamentos em 28-08-2025\Referencial\Dissertação Evasão engenharia no Ceará.pdf",".pdf","2490134","20/03/2026 16:55:33"
"Dissertaçao UFCE Evasão Mato Grosso.pdf","H:\BACKUP_Conta_David.maciel_UNIR_20-03-2026\Takeout\Drive\Tese_Aline\Encamoinhamentos em 28-08-2025\Referencial","H:\BACKUP_Conta_David.maciel_UNIR_20-03-2026\Takeout\Drive\Tese_Aline\Encamoinhamentos em 28-08-2025\Referencial\Dissertaçao UFCE Evasão Mato Grosso.pdf",".pdf","1333252","20/03/2026 16:55:33"
"Instrucao_para_Elaboracao_de_Tese_e_Dissertacao.pdf","H:\BACKUP_Conta_David.maciel_UNIR_20-03-2026\Takeout\Drive\Tese_Aline\Encamoinhamentos em 28-08-2025\Referencial","H:\BACKUP_Conta_David.maciel_UNIR_20-03-2026\Takeout\Drive\Tese_Aline\Encamoinhamentos em 28-08-2025\Referencial\Instrucao_para_Elaboracao_de_Tese_e_Dissertacao.pdf",".pdf","246595","20/03/2026 16:55:33"
"RELATORIO evadidos UFPE.pdf","H:\BACKUP_Conta_David.maciel_UNIR_20-03-2026\Takeout\Drive\Tese_Aline\Encamoinhamentos em 28-08-2025\Referencial","H:\BACKUP_Conta_David.maciel_UNIR_20-03-2026\Takeout\Drive\Tese_Aline\Encamoinhamentos em 28-08-2025\Referencial\RELATORIO evadidos UFPE.pdf",".pdf","1075319","20/03/2026 16:55:33"
"Tese de Doutorado_V01_28-08-2025.docx","H:\BACKUP_Conta_David.maciel_UNIR_20-03-2026\Takeout\Drive\Tese_Aline\Encamoinhamentos em 28-08-2025","H:\BACKUP_Conta_David.maciel_UNIR_20-03-2026\Takeout\Drive\Tese_Aline\Encamoinhamentos em 28-08-2025\Tese de Doutorado_V01_28-08-2025.docx",".docx","248289","20/03/2026 16:55:32"
"SIGATER.zip","H:\BACKUP_Conta_David.maciel_UNIR_20-03-2026\Takeout\Drive\Tese_Aline","H:\BACKUP_Conta_David.maciel_UNIR_20-03-2026\Takeout\Drive\Tese_Aline\SIGATER.zip",".zip","163952558","20/03/2026 16:55:28"
"DADOS_UNIFICADOS_2020_2024.csv","H:\BACKUP_Conta_David.maciel_UNIR_20-03-2026\Takeout\Drive\Tese_Aline\SIGATER\SIGATER","H:\BACKUP_Conta_David.maciel_UNIR_20-03-2026\Takeout\Drive\Tese_Aline\SIGATER\SIGATER\DADOS_UNIFICADOS_2020_2024.csv",".csv","512969368","20/03/2026 16:55:29"
"ARIQUEMES_2020.xlsx","H:\BACKUP_Conta_David.maciel_UNIR_20-03-2026\Takeout\Drive\Tese_Aline\SIGATER\SIGATER\REGIONAIS","H:\BACKUP_Conta_David.maciel_UNIR_20-03-2026\Takeout\Drive\Tese_Aline\SIGATER\SIGATER\REGIONAIS\ARIQUEMES_2020.xlsx",".xlsx","1799810","20/03/2026 16:55:32"
"ARIQUEMES_2021.xlsx","H:\BACKUP_Conta_David.maciel_UNIR_20-03-2026\Takeout\Drive\Tese_Aline\SIGATER\SIGATER\REGIONAIS","H:\BACKUP_Conta_David.maciel_UNIR_20-03-2026\Takeout\Drive\Tese_Aline\SIGATER\SIGATER\REGIONAIS\ARIQUEMES_2021.xlsx",".xlsx","2133843","20/03/2026 16:55:32"
"ARIQUEMES_2022.xlsx","H:\BACKUP_Conta_David.maciel_UNIR_20-03-2026\Takeout\Drive\Tese_Aline\SIGATER\SIGATER\REGIONAIS","H:\BACKUP_Conta_David.maciel_UNIR_20-03-2026\Takeout\Drive\Tese_Aline\SIGATER\SIGATER\REGIONAIS\ARIQUEMES_2022.xlsx",".xlsx","3197404","20/03/2026 16:55:32"
"ARIQUEMES_2023.xlsx","H:\BACKUP_Conta_David.maciel_UNIR_20-03-2026\Takeout\Drive\Tese_Aline\SIGATER\SIGATER\REGIONAIS","H:\BACKUP_Conta_David.maciel_UNIR_20-03-2026\Takeout\Drive\Tese_Aline\SIGATER\SIGATER\REGIONAIS\ARIQUEMES_2023.xlsx",".xlsx","3408106","20/03/2026 16:55:32"
"ARIQUEMES_2024.xlsx","H:\BACKUP_Conta_David.maciel_UNIR_20-03-2026\Takeout\Drive\Tese_Aline\SIGATER\SIGATER\REGIONAIS","H:\BACKUP_Conta_David.maciel_UNIR_20-03-2026\Takeout\Drive\Tese_Aline\SIGATER\SIGATER\REGIONAIS\ARIQUEMES_2024.xlsx",".xlsx","3236350","20/03/2026 16:55:32"
"BASE_COMPLETA.csv","H:\BACKUP_Conta_David.maciel_UNIR_20-03-2026\Takeout\Drive\Tese_Aline\SIGATER\SIGATER\REGIONAIS","H:\BACKUP_Conta_David.maciel_UNIR_20-03-2026\Takeout\Drive\Tese_Aline\SIGATER\SIGATER\REGIONAIS\BASE_COMPLETA.csv",".csv","444655363","20/03/2026 16:55:31"
"BASE_CONSOLIDADA_TODOS_INDICADORES.csv","H:\BACKUP_Conta_David.maciel_UNIR_20-03-2026\Takeout\Drive\Tese_Aline\SIGATER\SIGATER\REGIONAIS","H:\BACKUP_Conta_David.maciel_UNIR_20-03-2026\Takeout\Drive\Tese_Aline\SIGATER\SIGATER\REGIONAIS\BASE_CONSOLIDADA_TODOS_INDICADORES.csv",".csv","438070930","20/03/2026 16:55:32"
"BASE_EMATER_2020_2024_COMPLETA.csv","H:\BACKUP_Conta_David.maciel_UNIR_20-03-2026\Takeout\Drive\Tese_Aline\SIGATER\SIGATER\REGIONAIS","H:\BACKUP_Conta_David.maciel_UNIR_20-03-2026\Takeout\Drive\Tese_Aline\SIGATER\SIGATER\REGIONAIS\BASE_EMATER_2020_2024_COMPLETA.csv",".csv","497811101","20/03/2026 16:55:30"
"BASE_PADRONIZADA.csv","H:\BACKUP_Conta_David.maciel_UNIR_20-03-2026\Takeout\Drive\Tese_Aline\SIGATER\SIGATER\REGIONAIS","H:\BACKUP_Conta_David.maciel_UNIR_20-03-2026\Takeout\Drive\Tese_Aline\SIGATER\SIGATER\REGIONAIS\BASE_PADRONIZADA.csv",".csv","16154102","20/03/2026 16:55:29"
"CONESUL_2020.xlsx","H:\BACKUP_Conta_David.maciel_UNIR_20-03-2026\Takeout\Drive\Tese_Aline\SIGATER\SIGATER\REGIONAIS","H:\BACKUP_Conta_David.maciel_UNIR_20-03-2026\Takeout\Drive\Tese_Aline\SIGATER\SIGATER\REGIONAIS\CONESUL_2020.xlsx",".xlsx","1008910","20/03/2026 16:55:29"
"CONESUL_2021.xlsx","H:\BACKUP_Conta_David.maciel_UNIR_20-03-2026\Takeout\Drive\Tese_Aline\SIGATER\SIGATER\REGIONAIS","H:\BACKUP_Conta_David.maciel_UNIR_20-03-2026\Takeout\Drive\Tese_Aline\SIGATER\SIGATER\REGIONAIS\CONESUL_2021.xlsx",".xlsx","1272118","20/03/2026 16:55:30"
"CONESUL_2022.xlsx","H:\BACKUP_Conta_David.maciel_UNIR_20-03-2026\Takeout\Drive\Tese_Aline\SIGATER\SIGATER\REGIONAIS","H:\BACKUP_Conta_David.maciel_UNIR_20-03-2026\Takeout\Drive\Tese_Aline\SIGATER\SIGATER\REGIONAIS\CONESUL_2022.xlsx",".xlsx","1919345","20/03/2026 16:55:29"
"CONESUL_2023.xlsx","H:\BACKUP_Conta_David.maciel_UNIR_20-03-2026\Takeout\Drive\Tese_Aline\SIGATER\SIGATER\REGIONAIS","H:\BACKUP_Conta_David.maciel_UNIR_20-03-2026\Takeout\Drive\Tese_Aline\SIGATER\SIGATER\REGIONAIS\CONESUL_2023.xlsx",".xlsx","1903710","20/03/2026 16:55:29"
"CONESUL_2024.xlsx","H:\BACKUP_Conta_David.maciel_UNIR_20-03-2026\Takeout\Drive\Tese_Aline\SIGATER\SIGATER\REGIONAIS","H:\BACKUP_Conta_David.maciel_UNIR_20-03-2026\Takeout\Drive\Tese_Aline\SIGATER\SIGATER\REGIONAIS\CONESUL_2024.xlsx",".xlsx","1759311","20/03/2026 16:55:29"
"JIPARANA_2020.xlsx","H:\BACKUP_Conta_David.maciel_UNIR_20-03-2026\Takeout\Drive\Tese_Aline\SIGATER\SIGATER\REGIONAIS","H:\BACKUP_Conta_David.maciel_UNIR_20-03-2026\Takeout\Drive\Tese_Aline\SIGATER\SIGATER\REGIONAIS\JIPARANA_2020.xlsx",".xlsx","4029847","20/03/2026 16:55:29"
"JIPARANA_2021.xlsx","H:\BACKUP_Conta_David.maciel_UNIR_20-03-2026\Takeout\Drive\Tese_Aline\SIGATER\SIGATER\REGIONAIS","H:\BACKUP_Conta_David.maciel_UNIR_20-03-2026\Takeout\Drive\Tese_Aline\SIGATER\SIGATER\REGIONAIS\JIPARANA_2021.xlsx",".xlsx","4468647","20/03/2026 16:55:29"
"JIPARANA_2022.xlsx","H:\BACKUP_Conta_David.maciel_UNIR_20-03-2026\Takeout\Drive\Tese_Aline\SIGATER\SIGATER\REGIONAIS","H:\BACKUP_Conta_David.maciel_UNIR_20-03-2026\Takeout\Drive\Tese_Aline\SIGATER\SIGATER\REGIONAIS\JIPARANA_2022.xlsx",".xlsx","6163892","20/03/2026 16:55:29"
"JIPARANA_2023.xlsx","H:\BACKUP_Conta_David.maciel_UNIR_20-03-2026\Takeout\Drive\Tese_Aline\SIGATER\SIGATER\REGIONAIS","H:\BACKUP_Conta_David.maciel_UNIR_20-03-2026\Takeout\Drive\Tese_Aline\SIGATER\SIGATER\REGIONAIS\JIPARANA_2023.xlsx",".xlsx","6409488","20/03/2026 16:55:29"
"JIPARANA_2024.xlsx","H:\BACKUP_Conta_David.maciel_UNIR_20-03-2026\Takeout\Drive\Tese_Aline\SIGATER\SIGATER\REGIONAIS","H:\BACKUP_Conta_David.maciel_UNIR_20-03-2026\Takeout\Drive\Tese_Aline\SIGATER\SIGATER\REGIONAIS\JIPARANA_2024.xlsx",".xlsx","5590634","20/03/2026 16:55:29"
"PIMENTABUENO_2020.xlsx","H:\BACKUP_Conta_David.maciel_UNIR_20-03-2026\Takeout\Drive\Tese_Aline\SIGATER\SIGATER\REGIONAIS","H:\BACKUP_Conta_David.maciel_UNIR_20-03-2026\Takeout\Drive\Tese_Aline\SIGATER\SIGATER\REGIONAIS\PIMENTABUENO_2020.xlsx",".xlsx","1946687","20/03/2026 16:55:30"
"PIMENTABUENO_2021.xlsx","H:\BACKUP_Conta_David.maciel_UNIR_20-03-2026\Takeout\Drive\Tese_Aline\SIGATER\SIGATER\REGIONAIS","H:\BACKUP_Conta_David.maciel_UNIR_20-03-2026\Takeout\Drive\Tese_Aline\SIGATER\SIGATER\REGIONAIS\PIMENTABUENO_2021.xlsx",".xlsx","2127929","20/03/2026 16:55:29"
"PIMENTABUENO_2022.xlsx","H:\BACKUP_Conta_David.maciel_UNIR_20-03-2026\Takeout\Drive\Tese_Aline\SIGATER\SIGATER\REGIONAIS","H:\BACKUP_Conta_David.maciel_UNIR_20-03-2026\Takeout\Drive\Tese_Aline\SIGATER\SIGATER\REGIONAIS\PIMENTABUENO_2022.xlsx",".xlsx","2673007","20/03/2026 16:55:29"
"PIMENTABUENO_2023.xlsx","H:\BACKUP_Conta_David.maciel_UNIR_20-03-2026\Takeout\Drive\Tese_Aline\SIGATER\SIGATER\REGIONAIS","H:\BACKUP_Conta_David.maciel_UNIR_20-03-2026\Takeout\Drive\Tese_Aline\SIGATER\SIGATER\REGIONAIS\PIMENTABUENO_2023.xlsx",".xlsx","2749533","20/03/2026 16:55:29"
"PIMENTABUENO_2024.xlsx","H:\BACKUP_Conta_David.maciel_UNIR_20-03-2026\Takeout\Drive\Tese_Aline\SIGATER\SIGATER\REGIONAIS","H:\BACKUP_Conta_David.maciel_UNIR_20-03-2026\Takeout\Drive\Tese_Aline\SIGATER\SIGATER\REGIONAIS\PIMENTABUENO_2024.xlsx",".xlsx","2702949","20/03/2026 16:55:29"
"PORTOVELHO_2020.xlsx","H:\BACKUP_Conta_David.maciel_UNIR_20-03-2026\Takeout\Drive\Tese_Aline\SIGATER\SIGATER\REGIONAIS","H:\BACKUP_Conta_David.maciel_UNIR_20-03-2026\Takeout\Drive\Tese_Aline\SIGATER\SIGATER\REGIONAIS\PORTOVELHO_2020.xlsx",".xlsx","2529810","20/03/2026 16:55:29"
"PORTOVELHO_2021.xlsx","H:\BACKUP_Conta_David.maciel_UNIR_20-03-2026\Takeout\Drive\Tese_Aline\SIGATER\SIGATER\REGIONAIS","H:\BACKUP_Conta_David.maciel_UNIR_20-03-2026\Takeout\Drive\Tese_Aline\SIGATER\SIGATER\REGIONAIS\PORTOVELHO_2021.xlsx",".xlsx","2730320","20/03/2026 16:55:29"
"PORTOVELHO_2022.xlsx","H:\BACKUP_Conta_David.maciel_UNIR_20-03-2026\Takeout\Drive\Tese_Aline\SIGATER\SIGATER\REGIONAIS","H:\BACKUP_Conta_David.maciel_UNIR_20-03-2026\Takeout\Drive\Tese_Aline\SIGATER\SIGATER\REGIONAIS\PORTOVELHO_2022.xlsx",".xlsx","3823192","20/03/2026 16:55:29"
"PORTOVELHO_2023.xlsx","H:\BACKUP_Conta_David.maciel_UNIR_20-03-2026\Takeout\Drive\Tese_Aline\SIGATER\SIGATER\REGIONAIS","H:\BACKUP_Conta_David.maciel_UNIR_20-03-2026\Takeout\Drive\Tese_Aline\SIGATER\SIGATER\REGIONAIS\PORTOVELHO_2023.xlsx",".xlsx","3788724","20/03/2026 16:55:29"
"PORTOVELHO_2024.xlsx","H:\BACKUP_Conta_David.maciel_UNIR_20-03-2026\Takeout\Drive\Tese_Aline\SIGATER\SIGATER\REGIONAIS","H:\BACKUP_Conta_David.maciel_UNIR_20-03-2026\Takeout\Drive\Tese_Aline\SIGATER\SIGATER\REGIONAIS\PORTOVELHO_2024.xlsx",".xlsx","3805347","20/03/2026 16:55:29"
"ROLIMDEMOURA_2020.xlsx","H:\BACKUP_Conta_David.maciel_UNIR_20-03-2026\Takeout\Drive\Tese_Aline\SIGATER\SIGATER\REGIONAIS","H:\BACKUP_Conta_David.maciel_UNIR_20-03-2026\Takeout\Drive\Tese_Aline\SIGATER\SIGATER\REGIONAIS\ROLIMDEMOURA_2020.xlsx",".xlsx","1476204","20/03/2026 16:55:29"
"ROLIMDEMOURA_2021.xlsx","H:\BACKUP_Conta_David.maciel_UNIR_20-03-2026\Takeout\Drive\Tese_Aline\SIGATER\SIGATER\REGIONAIS","H:\BACKUP_Conta_David.maciel_UNIR_20-03-2026\Takeout\Drive\Tese_Aline\SIGATER\SIGATER\REGIONAIS\ROLIMDEMOURA_2021.xlsx",".xlsx","1667170","20/03/2026 16:55:29"
"ROLIMDEMOURA_2022.xlsx","H:\BACKUP_Conta_David.maciel_UNIR_20-03-2026\Takeout\Drive\Tese_Aline\SIGATER\SIGATER\REGIONAIS","H:\BACKUP_Conta_David.maciel_UNIR_20-03-2026\Takeout\Drive\Tese_Aline\SIGATER\SIGATER\REGIONAIS\ROLIMDEMOURA_2022.xlsx",".xlsx","2498420","20/03/2026 16:55:29"
"ROLIMDEMOURA_2023.xlsx","H:\BACKUP_Conta_David.maciel_UNIR_20-03-2026\Takeout\Drive\Tese_Aline\SIGATER\SIGATER\REGIONAIS","H:\BACKUP_Conta_David.maciel_UNIR_20-03-2026\Takeout\Drive\Tese_Aline\SIGATER\SIGATER\REGIONAIS\ROLIMDEMOURA_2023.xlsx",".xlsx","2186685","20/03/2026 16:55:29"
"ROLIMDEMOURA_2024.xlsx","H:\BACKUP_Conta_David.maciel_UNIR_20-03-2026\Takeout\Drive\Tese_Aline\SIGATER\SIGATER\REGIONAIS","H:\BACKUP_Conta_David.maciel_UNIR_20-03-2026\Takeout\Drive\Tese_Aline\SIGATER\SIGATER\REGIONAIS\ROLIMDEMOURA_2024.xlsx",".xlsx","2026628","20/03/2026 16:55:29"
"TABELA_INDICADORES.csv","H:\BACKUP_Conta_David.maciel_UNIR_20-03-2026\Takeout\Drive\Tese_Aline\SIGATER\SIGATER\REGIONAIS","H:\BACKUP_Conta_David.maciel_UNIR_20-03-2026\Takeout\Drive\Tese_Aline\SIGATER\SIGATER\REGIONAIS\TABELA_INDICADORES.csv",".csv","65463","20/03/2026 16:55:29"
"VALEGUAPORE_2020.xlsx","H:\BACKUP_Conta_David.maciel_UNIR_20-03-2026\Takeout\Drive\Tese_Aline\SIGATER\SIGATER\REGIONAIS","H:\BACKUP_Conta_David.maciel_UNIR_20-03-2026\Takeout\Drive\Tese_Aline\SIGATER\SIGATER\REGIONAIS\VALEGUAPORE_2020.xlsx",".xlsx","1482261","20/03/2026 16:55:29"
"VALEGUAPORE_2021.xlsx","H:\BACKUP_Conta_David.maciel_UNIR_20-03-2026\Takeout\Drive\Tese_Aline\SIGATER\SIGATER\REGIONAIS","H:\BACKUP_Conta_David.maciel_UNIR_20-03-2026\Takeout\Drive\Tese_Aline\SIGATER\SIGATER\REGIONAIS\VALEGUAPORE_2021.xlsx",".xlsx","1731200","20/03/2026 16:55:29"
"VALEGUAPORE_2022.xlsx","H:\BACKUP_Conta_David.maciel_UNIR_20-03-2026\Takeout\Drive\Tese_Aline\SIGATER\SIGATER\REGIONAIS","H:\BACKUP_Conta_David.maciel_UNIR_20-03-2026\Takeout\Drive\Tese_Aline\SIGATER\SIGATER\REGIONAIS\VALEGUAPORE_2022.xlsx",".xlsx","2120990","20/03/2026 16:55:29"
"VALEGUAPORE_2023.xlsx","H:\BACKUP_Conta_David.maciel_UNIR_20-03-2026\Takeout\Drive\Tese_Aline\SIGATER\SIGATER\REGIONAIS","H:\BACKUP_Conta_David.maciel_UNIR_20-03-2026\Takeout\Drive\Tese_Aline\SIGATER\SIGATER\REGIONAIS\VALEGUAPORE_2023.xlsx",".xlsx","2164150","20/03/2026 16:55:29"
"VALEGUAPORE_2024.xlsx","H:\BACKUP_Conta_David.maciel_UNIR_20-03-2026\Takeout\Drive\Tese_Aline\SIGATER\SIGATER\REGIONAIS","H:\BACKUP_Conta_David.maciel_UNIR_20-03-2026\Takeout\Drive\Tese_Aline\SIGATER\SIGATER\REGIONAIS\VALEGUAPORE_2024.xlsx",".xlsx","2021159","20/03/2026 16:55:29"
"Tese Doutorado v14 - Versão Final.pdf","H:\BACKUP_Conta_David.maciel_UNIR_20-03-2026\Takeout\Drive\Tese_Aline\Template _TESE","H:\BACKUP_Conta_David.maciel_UNIR_20-03-2026\Takeout\Drive\Tese_Aline\Template _TESE\Tese Doutorado v14 - Versão Final.pdf",".pdf","2998745","20/03/2026 16:55:28"
"Técnico em Prótese Dental 2007 Pref. Betim FUMARC.zip","H:\Natiele_Mestrado_2025\Natiele_Concursos_Apostilas\2 - PROVAS 5.600\Provas 2007","H:\Natiele_Mestrado_2025\Natiele_Concursos_Apostilas\2 - PROVAS 5.600\Provas 2007\Técnico em Prótese Dental 2007 Pref. Betim FUMARC.zip",".zip","363186","15/12/2009 08:46:58"
"Auxiliar_de_Protese_Dentaria_2008_Pref_Cachoeiro_de_Itapemirim_ES_FEC_Fundamental.zip","H:\Natiele_Mestrado_2025\Natiele_Concursos_Apostilas\2 - PROVAS 5.600\Provas 2008","H:\Natiele_Mestrado_2025\Natiele_Concursos_Apostilas\2 - PROVAS 5.600\Provas 2008\Auxiliar_de_Protese_Dentaria_2008_Pref_Cachoeiro_de_Itapemirim_ES_FEC_Fundamental.zip",".zip","205611","10/12/2009 08:59:02"
