system:index,lat,lon,lwdown_wm2,ps_pa,rain_mm,swdown_wm2,t2m_c,td2m_c,time_utc,u10_ms,v10_ms,wind_ms,.geo
20151001T00,-12.553360853740477,-52.28821087761995,9879.236388888889,96939.3984375,0.3138363360335461,5869.391649305556,27.502038574218773,20.21033630371096,2015-10-01 00:00:00,-0.4572296142578125,1.48919677734375,1.5578080632110487,"{""type"":""MultiPoint"",""coordinates"":[]}"
20151001T01,-12.553360853740477,-52.28821087761995,415.0857291666667,97045.2109375,0.0,0.0,26.982583618164085,20.20710144042971,2015-10-01 01:00:00,0.058380126953125,1.5284271240234375,1.5295416675179592,"{""type"":""MultiPoint"",""coordinates"":[]}"
20151001T02,-12.553360853740477,-52.28821087761995,824.1204340277778,97080.72265625,0.0,0.0,26.378259277343773,20.316278076171898,2015-10-01 02:00:00,0.2676849365234375,1.4714202880859375,1.4955710914003586,"{""type"":""MultiPoint"",""coordinates"":[]}"
20151001T03,-12.553360853740477,-52.28821087761995,1231.4961805555556,97073.15625,0.0,0.0,25.852929687500023,20.362451171875023,2015-10-01 03:00:00,0.0263824462890625,1.4550933837890625,1.4553325355460516,"{""type"":""MultiPoint"",""coordinates"":[]}"
20151001T04,-12.553360853740477,-52.28821087761995,1640.9245833333334,97007.46484375,0.0,0.0,25.516015625000023,20.26270446777346,2015-10-01 04:00:00,-0.07037353515625,1.4039459228515625,1.4057085717679585,"{""type"":""MultiPoint"",""coordinates"":[]}"
20151001T05,-12.553360853740477,-52.28821087761995,2047.0809722222223,96942.57421875,0.0,0.0,25.237878417968773,20.085198974609398,2015-10-01 05:00:00,-0.0666046142578125,1.45819091796875,1.4597112481196333,"{""type"":""MultiPoint"",""coordinates"":[]}"
20151001T06,-12.553360853740477,-52.28821087761995,2446.4531944444443,96910.70703125,0.0,0.0,24.942178344726585,19.85218200683596,2015-10-01 06:00:00,-0.2399444580078125,1.5172576904296875,1.5361133558747193,"{""type"":""MultiPoint"",""coordinates"":[]}"
20151001T07,-12.553360853740477,-52.28821087761995,2843.563888888889,96825.80078125,0.0,0.0,24.687219238281273,18.833276367187523,2015-10-01 07:00:00,-0.16107177734375,1.6827392578125,1.690430574510541,"{""type"":""MultiPoint"",""coordinates"":[]}"
20151001T08,-12.553360853740477,-52.28821087761995,3232.9730555555557,96869.3671875,0.0,0.0,24.365106201171898,18.455895996093773,2015-10-01 08:00:00,-0.12603759765625,1.612823486328125,1.6177407314135868,"{""type"":""MultiPoint"",""coordinates"":[]}"
20151001T09,-12.553360853740477,-52.28821087761995,3617.6341666666667,96894.1328125,0.0,0.0,24.004800415039085,18.164208984375023,2015-10-01 09:00:00,-0.224884033203125,1.5644989013671875,1.58057889419315,"{""type"":""MultiPoint"",""coordinates"":[]}"
20151001T10,-12.553360853740477,-52.28821087761995,4001.2994444444444,96959.578125,0.0,36.10166666666667,23.985452270507835,18.62793884277346,2015-10-01 10:00:00,-0.163665771484375,1.194793701171875,1.2059512731099724,"{""type"":""MultiPoint"",""coordinates"":[]}"
20151001T11,-12.553360853740477,-52.28821087761995,4383.565277777778,97039.70703125,0.0,265.63666666666666,26.238061523437523,19.195291137695335,2015-10-01 11:00:00,-0.1513824462890625,0.76513671875,0.779968488737832,"{""type"":""MultiPoint"",""coordinates"":[]}"
20151001T12,-12.553360853740477,-52.28821087761995,4771.919166666667,97104.58984375,0.0,749.53,29.397058105468773,18.693414306640648,2015-10-01 12:00:00,-0.4235687255859375,0.838409423828125,0.9393299884802485,"{""type"":""MultiPoint"",""coordinates"":[]}"
20151001T13,-12.553360853740477,-52.28821087761995,5169.911666666667,97158.0546875,0.0,1459.1338888888888,32.332986450195335,18.169702148437523,2015-10-01 13:00:00,-0.7465972900390625,0.6419677734375,0.9846472137907939,"{""type"":""MultiPoint"",""coordinates"":[]}"
20151001T14,-12.553360853740477,-52.28821087761995,5579.0075,97135.39453125,8.642673492431641E-4,2336.9755555555557,34.106484985351585,17.139443969726585,2015-10-01 14:00:00,-1.2724609375,-0.6186676025390625,1.4148874301140746,"{""type"":""MultiPoint"",""coordinates"":[]}"
20151001T15,-12.553360853740477,-52.28821087761995,6010.658611111111,97083.34765625,8.642673492431641E-4,2934.861315104167,33.60962829589846,17.005181884765648,2015-10-01 15:00:00,-1.2941131591796875,-0.98394775390625,1.6256943289496908,"{""type"":""MultiPoint"",""coordinates"":[]}"
20151001T16,-12.553360853740477,-52.28821087761995,6441.473333333333,96995.35546875,8.642673492431641E-4,3617.852776692708,34.069802856445335,17.093179321289085,2015-10-01 16:00:00,-1.4100341796875,-1.043701171875,1.7542829087864504,"{""type"":""MultiPoint"",""coordinates"":[]}"
20151001T17,-12.553360853740477,-52.28821087761995,6864.645555555556,96883.56640625,8.642673492431641E-4,4458.246944444444,34.948342895507835,17.153054809570335,2015-10-01 17:00:00,-1.4816131591796875,-1.1387939453125,1.8686971941261172,"{""type"":""MultiPoint"",""coordinates"":[]}"
20151001T18,-12.553360853740477,-52.28821087761995,7292.8422222222225,96800.23046875,0.0036656856536865234,5214.0577604166665,35.15947875976565,17.32654724121096,2015-10-01 18:00:00,-1.4494781494140625,-1.0011749267578125,1.7616293990500178,"{""type"":""MultiPoint"",""coordinates"":[]}"
20151001T19,-12.553360853740477,-52.28821087761995,7726.854444444444,96799.45703125,0.0036656856536865234,5728.158732638889,34.511514282226585,17.60981140136721,2015-10-01 19:00:00,-1.619537353515625,-0.72003173828125,1.7723845360318153,"{""type"":""MultiPoint"",""coordinates"":[]}"
20151001T20,-12.553360853740477,-52.28821087761995,8163.8575,96806.578125,0.006765127182006836,5978.444079861111,32.64849243164065,18.33155212402346,2015-10-01 20:00:00,-1.405120849609375,-0.3863677978515625,1.4572730276868633,"{""type"":""MultiPoint"",""coordinates"":[]}"
20151001T21,-12.553360853740477,-52.28821087761995,8592.579722222223,96839.3046875,0.09465217590332031,6099.166302083333,30.327966308593773,20.181970214843773,2015-10-01 21:00:00,-0.508636474609375,-0.1940765380859375,0.5444049650200443,"{""type"":""MultiPoint"",""coordinates"":[]}"
20151001T22,-12.553360853740477,-52.28821087761995,9009.974166666667,96858.71875,0.09465217590332031,6106.014635416666,29.667581176757835,20.141091918945335,2015-10-01 22:00:00,-0.561248779296875,0.2761993408203125,0.6255287908096696,"{""type"":""MultiPoint"",""coordinates"":[]}"
20151001T23,-12.553360853740477,-52.28821087761995,9424.3075,96893.42578125,0.09465217590332031,6106.014635416666,28.764184570312523,20.50220642089846,2015-10-01 23:00:00,-0.73297119140625,0.731781005859375,1.0357365533609675,"{""type"":""MultiPoint"",""coordinates"":[]}"
20151002T00,-12.553360853740477,-52.28821087761995,9837.390833333333,96974.4453125,0.09465217590332031,6106.014635416666,27.999795532226585,20.988488769531273,2015-10-02 00:00:00,-0.7080078125,0.5831298828125,0.917232534742393,"{""type"":""MultiPoint"",""coordinates"":[]}"
20151002T01,-12.553360853740477,-52.28821087761995,406.9564236111111,97041.84375,0.0,0.0,27.848657226562523,21.428140258789085,2015-10-02 01:00:00,-0.5283355712890625,0.125,0.5429212428053816,"{""type"":""MultiPoint"",""coordinates"":[]}"
20151002T02,-12.553360853740477,-52.28821087761995,808.92953125,97080.8828125,0.0,0.0,27.64380798339846,21.037225341796898,2015-10-02 02:00:00,-0.2314300537109375,-0.2563018798828125,0.34532669081915907,"{""type"":""MultiPoint"",""coordinates"":[]}"
20151002T03,-12.553360853740477,-52.28821087761995,1210.615,97053.69921875,0.0,0.0,27.20539245605471,21.096978759765648,2015-10-02 03:00:00,-9.613037109375E-4,-0.41973876953125,0.4197398703392763,"{""type"":""MultiPoint"",""coordinates"":[]}"
20151002T04,-12.553360853740477,-52.28821087761995,1604.401111111111,97005.44921875,0.0,0.0,26.868280029296898,20.770684814453148,2015-10-02 04:00:00,0.42999267578125,-0.28106689453125,0.5137044874506743,"{""type"":""MultiPoint"",""coordinates"":[]}"
20151002T05,-12.553360853740477,-52.28821087761995,1992.9991666666667,96918.2578125,0.0,0.0,24.984948730468773,20.850137329101585,2015-10-02 05:00:00,1.1405487060546875,0.193511962890625,1.1568484043576344,"{""type"":""MultiPoint"",""coordinates"":[]}"
20151002T06,-12.553360853740477,-52.28821087761995,2375.514722222222,96885.46875,0.0,0.0,24.582879638671898,20.39570007324221,2015-10-02 06:00:00,1.5787353515625,0.7500457763671875,1.7478483849920814,"{""type"":""MultiPoint"",""coordinates"":[]}"
20151002T07,-12.553360853740477,-52.28821087761995,2756.9894444444444,96823.97265625,0.0,0.0,24.092034912109398,20.669580078125023,2015-10-02 07:00:00,1.4238739013671875,0.3232421875,1.46010355755145,"{""type"":""MultiPoint"",""coordinates"":[]}"
20151002T08,-12.553360853740477,-52.28821087761995,3135.775277777778,96843.10546875,0.0,0.0,23.542596435546898,20.65723571777346,2015-10-02 08:00:00,1.226593017578125,0.7154693603515625,1.4200094493957722,"{""type"":""MultiPoint"",""coordinates"":[]}"
20151002T09,-12.553360853740477,-52.28821087761995,3511.9883333333332,96901.63671875,0.0,0.0,23.06818542480471,20.68915710449221,2015-10-02 09:00:00,1.117950439453125,0.9036407470703125,1.437490794697214,"{""type"":""MultiPoint"",""coordinates"":[]}"
20151002T10,-12.553360853740477,-52.28821087761995,3887.28,96975.0703125,0.0,40.888333333333335,23.213189697265648,21.256677246093773,2015-10-02 10:00:00,0.936859130859375,0.5133209228515625,1.068271220669996,"{""type"":""MultiPoint"",""coordinates"":[]}"
20151002T11,-12.553360853740477,-52.28821087761995,4266.580277777778,97077.50390625,0.0,285.7077777777778,27.27997741699221,22.195474243164085,2015-10-02 11:00:00,0.23248291015625,-0.0738983154296875,0.24394520806538628,"{""type"":""MultiPoint"",""coordinates"":[]}"
20151002T12,-12.553360853740477,-52.28821087761995,4655.939722222222,97132.91796875,0.0,778.7172222222222,30.971231079101585,20.599725341796898,2015-10-02 12:00:00,0.201263427734375,-0.4969940185546875,0.536199610054434,"{""type"":""MultiPoint"",""coordinates"":[]}"
20151002T13,-12.553360853740477,-52.28821087761995,5056.208888888889,97164.6484375,0.0,1495.418888888889,33.55068359375002,18.37061462402346,2015-10-02 13:00:00,-0.02490234375,-1.246917724609375,1.247166363669765,"{""type"":""MultiPoint"",""coordinates"":[]}"
20151002T14,-12.553360853740477,-52.28821087761995,5469.379166666667,97137.07421875,0.0,2354.537222222222,35.11463317871096,16.501321411132835,2015-10-02 14:00:00,-0.7708740234375,-1.30987548828125,1.5198751773783143,"{""type"":""MultiPoint"",""coordinates"":[]}"
20151002T15,-12.553360853740477,-52.28821087761995,5899.6288888888885,97072.7890625,0.0,3129.760277777778,35.69979248046877,15.364099121093773,2015-10-02 15:00:00,-1.381683349609375,-1.16802978515625,1.8092380875937633,"{""type"":""MultiPoint"",""coordinates"":[]}"
20151002T16,-12.553360853740477,-52.28821087761995,6329.977222222222,96983.88671875,0.0,3880.3459548611113,36.12824401855471,14.443826293945335,2015-10-02 16:00:00,-1.6956329345703125,-1.3905487060546875,2.1928968860185596,"{""type"":""MultiPoint"",""coordinates"":[]}"
20151002T17,-12.553360853740477,-52.28821087761995,6754.22,96875.44140625,0.0,4685.808784722222,36.58123168945315,14.016625976562523,2015-10-02 17:00:00,-1.6966094970703125,-1.449798583984375,2.2316809179791535,"{""type"":""MultiPoint"",""coordinates"":[]}"
20151002T18,-12.553360853740477,-52.28821087761995,7188.0633333333335,96807.60546875,0.0,5327.865798611111,36.479776000976585,13.68610534667971,2015-10-02 18:00:00,-1.7626800537109375,-1.4352874755859375,2.273123645850407,"{""type"":""MultiPoint"",""coordinates"":[]}"
20151002T19,-12.553360853740477,-52.28821087761995,7616.873888888889,96772.2265625,0.0,5756.231145833333,36.17452392578127,12.99732360839846,2015-10-02 19:00:00,-1.5507354736328125,-1.3117828369140625,2.031146159291716,"{""type"":""MultiPoint"",""coordinates"":[]}"
20151002T20,-12.553360853740477,-52.28821087761995,8046.323333333334,96796.8515625,0.0,6075.987638888889,35.23928222656252,14.323052978515648,2015-10-02 20:00:00,-1.0868682861328125,-1.1842193603515625,1.6073761740279533,"{""type"":""MultiPoint"",""coordinates"":[]}"
20151002T21,-12.553360853740477,-52.28821087761995,8464.341944444444,96821.6875,0.0,6202.631527777778,32.90105590820315,16.24884948730471,2015-10-02 21:00:00,-1.2749481201171875,-1.6618804931640625,2.0945976899036194,"{""type"":""MultiPoint"",""coordinates"":[]}"
20151002T22,-12.553360853740477,-52.28821087761995,8870.85611111111,96895.81640625,0.0,6210.038194444444,30.942742919921898,15.478570556640648,2015-10-02 22:00:00,-1.3356781005859375,-1.76739501953125,2.215337704154544,"{""type"":""MultiPoint"",""coordinates"":[]}"
20151002T23,-12.553360853740477,-52.28821087761995,9274.384722222223,96936.23828125,0.0,6210.038194444444,29.785638427734398,15.34211120605471,2015-10-02 23:00:00,-1.2542572021484375,-1.7621002197265625,2.1629050634509195,"{""type"":""MultiPoint"",""coordinates"":[]}"
20151003T00,-12.553360853740477,-52.28821087761995,9678.856944444444,97025.51953125,0.0,6210.038194444444,29.04004821777346,15.528161621093773,2015-10-03 00:00:00,-1.05615234375,-1.7061309814453125,2.0065743691815072,"{""type"":""MultiPoint"",""coordinates"":[]}"
20151003T01,-12.553360853740477,-52.28821087761995,395.26491319444443,97106.4765625,0.0,0.0,28.314996337890648,15.803155517578148,2015-10-03 01:00:00,-0.9208526611328125,-1.6934967041015625,1.9276671679307706,"{""type"":""MultiPoint"",""coordinates"":[]}"
20151003T02,-12.553360853740477,-52.28821087761995,785.8298958333334,97136.765625,0.0,0.0,27.783258056640648,16.091897583007835,2015-10-03 02:00:00,-0.8403472900390625,-1.6643829345703125,1.8644983563320408,"{""type"":""MultiPoint"",""coordinates"":[]}"
20151003T03,-12.553360853740477,-52.28821087761995,1169.56765625,97130.25390625,0.0,0.0,27.354882812500023,16.32557067871096,2015-10-03 03:00:00,-0.5135955810546875,-1.757598876953125,1.8311019177385481,"{""type"":""MultiPoint"",""coordinates"":[]}"
20151003T04,-12.553360853740477,-52.28821087761995,1549.764861111111,97085.375,0.0,0.0,26.89362487792971,16.462808227539085,2015-10-03 04:00:00,0.072540283203125,-1.9236602783203125,1.9250275216408133,"{""type"":""MultiPoint"",""coordinates"":[]}"
20151003T05,-12.553360853740477,-52.28821087761995,1926.2172222222223,97029.94140625,0.0,0.0,26.128747558593773,16.481164550781273,2015-10-03 05:00:00,0.5730133056640625,-1.935882568359375,2.0189070228580976,"{""type"":""MultiPoint"",""coordinates"":[]}"
20151003T06,-12.553360853740477,-52.28821087761995,2298.419027777778,96973.87890625,0.0,0.0,25.452508544921898,16.468469238281273,2015-10-03 06:00:00,0.945892333984375,-1.6605377197265625,1.9110462647788253,"{""type"":""MultiPoint"",""coordinates"":[]}"
20151003T07,-12.553360853740477,-52.28821087761995,2666.4808333333335,96929.42578125,0.0,0.0,24.87885437011721,16.609292602539085,2015-10-03 07:00:00,1.2472381591796875,-1.2355804443359375,1.7556372233862347,"{""type"":""MultiPoint"",""coordinates"":[]}"
20151003T08,-12.553360853740477,-52.28821087761995,3031.7047222222222,96963.09375,0.0,0.0,24.175958251953148,16.721109008789085,2015-10-03 08:00:00,1.6371917724609375,-0.7092437744140625,1.7842151303469242,"{""type"":""MultiPoint"",""coordinates"":[]}"
20151003T09,-12.553360853740477,-52.28821087761995,3394.981388888889,97043.51953125,0.0,0.0,23.534692382812523,16.861428833007835,2015-10-03 09:00:00,1.6239776611328125,-0.4735870361328125,1.6916229262608915,"{""type"":""MultiPoint"",""coordinates"":[]}"
20151003T10,-12.553360853740477,-52.28821087761995,3757.478888888889,97127.81640625,0.0,43.32666666666667,23.270791625976585,17.880700683593773,2015-10-03 10:00:00,1.046417236328125,-0.6381988525390625,1.2256781012430495,"{""type"":""MultiPoint"",""coordinates"":[]}"
20151003T11,-12.553360853740477,-52.28821087761995,4122.337777777778,97219.3515625,8.597968985668558E-4,298.31055555555554,26.037942504882835,18.94349060058596,2015-10-03 11:00:00,0.5048675537109375,-0.512603759765625,0.7194816615563742,"{""type"":""MultiPoint"",""coordinates"":[]}"
20151003T12,-12.553360853740477,-52.28821087761995,4494.993888888889,97254.72265625,8.597968985668558E-4,802.2133333333334,29.51197204589846,18.660455322265648,2015-10-03 12:00:00,0.722503662109375,-0.716583251953125,1.0175967269705488,"{""type"":""MultiPoint"",""coordinates"":[]}"
20151003T13,-12.553360853740477,-52.28821087761995,4878.096388888889,97289.0,8.52346317969932E-4,1531.816111111111,32.6956726074219,17.813638305664085,2015-10-03 13:00:00,0.998748779296875,-0.834259033203125,1.3013405621235399,"{""type"":""MultiPoint"",""coordinates"":[]}"
20151003T14,-12.553360853740477,-52.28821087761995,5272.155833333333,97258.984375,8.52346317969932E-4,2433.606111111111,35.1496520996094,15.864099121093773,2015-10-03 14:00:00,0.59326171875,-0.6086883544921875,0.8499770466480909,"{""type"":""MultiPoint"",""coordinates"":[]}"
20151003T15,-12.553360853740477,-52.28821087761995,5683.068333333334,97208.44921875,8.52346317969932E-4,3302.8331944444444,36.37200317382815,13.038735961914085,2015-10-03 15:00:00,-0.4175872802734375,-0.8246307373046875,0.9243348903691989,"{""type"":""MultiPoint"",""coordinates"":[]}"
20151003T16,-12.553360853740477,-52.28821087761995,6103.793611111111,97126.21484375,8.52346317969932E-4,4058.585138888889,36.61176452636721,12.133035278320335,2015-10-03 16:00:00,-0.773834228515625,-1.1869964599609375,1.4169615411796364,"{""type"":""MultiPoint"",""coordinates"":[]}"
20151003T17,-12.553360853740477,-52.28821087761995,6532.4672222222225,97016.8984375,8.52346317969932E-4,4724.883888888889,36.584939575195335,12.137063598632835,2015-10-03 17:00:00,-0.747406005859375,-1.2987060546875,1.4984168826053168,"{""type"":""MultiPoint"",""coordinates"":[]}"
20151003T18,-12.553360853740477,-52.28821087761995,6947.3116666666665,96908.921875,8.52346317969932E-4,5389.303420138889,36.6505065917969,12.172753906250023,2015-10-03 18:00:00,-0.643035888671875,-1.2452392578125,1.4014692159721005,"{""type"":""MultiPoint"",""coordinates"":[]}"
20151003T19,-12.553360853740477,-52.28821087761995,7365.976944444445,96831.84765625,0.0012850056805291388,5957.391649305556,36.8985534667969,12.27509460449221,2015-10-03 19:00:00,-0.5769805908203125,-1.425506591796875,1.5378477315520218,"{""type"":""MultiPoint"",""coordinates"":[]}"
20151003T20,-12.553360853740477,-52.28821087761995,7791.02,96829.58203125,0.0012874602361989673,6271.693871527777,35.545205688476585,14.894708251953148,2015-10-03 20:00:00,-0.1628265380859375,-1.0937042236328125,1.1057582965084658,"{""type"":""MultiPoint"",""coordinates"":[]}"
20151003T21,-12.553360853740477,-52.28821087761995,8208.559722222222,96863.8671875,0.0012814997489840607,6390.841649305556,33.96608886718752,16.63343200683596,2015-10-03 21:00:00,0.2618865966796875,-1.7861785888671875,1.8052751980925363,"{""type"":""MultiPoint"",""coordinates"":[]}"
20151003T22,-12.553360853740477,-52.28821087761995,8624.394722222221,96918.05078125,0.0012814997489840607,6396.8094270833335,32.35315856933596,16.298196411132835,2015-10-03 22:00:00,0.9004364013671875,-1.807281494140625,2.019171144794383,"{""type"":""MultiPoint"",""coordinates"":[]}"
20151003T23,-12.553360853740477,-52.28821087761995,9028.985277777778,96985.27734375,0.0012814997489840607,6396.8094270833335,30.826135253906273,16.200830078125023,2015-10-03 23:00:00,1.129669189453125,-1.71197509765625,2.05110000063254,"{""type"":""MultiPoint"",""coordinates"":[]}"
20151004T00,-12.553360853740477,-52.28821087761995,9425.71361111111,97095.2890625,0.0012814997489840607,6396.8094270833335,29.46674499511721,16.323587036132835,2015-10-04 00:00:00,0.570831298828125,-1.9000091552734375,1.9839060365462589,"{""type"":""MultiPoint"",""coordinates"":[]}"
20151004T01,-12.553360853740477,-52.28821087761995,395.7606944444444,97147.25,0.0,0.0,28.165246582031273,16.566445922851585,2015-10-04 01:00:00,-0.106597900390625,-1.95184326171875,1.9547519614223638,"{""type"":""MultiPoint"",""coordinates"":[]}"
20151004T02,-12.553360853740477,-52.28821087761995,785.9828819444444,97205.12890625,0.0,0.0,27.210931396484398,16.803674316406273,2015-10-04 02:00:00,-0.1834869384765625,-1.84759521484375,1.8566840157940243,"{""type"":""MultiPoint"",""coordinates"":[]}"
20151004T03,-12.553360853740477,-52.28821087761995,1177.760017361111,97189.98046875,0.0,0.0,26.792947387695335,17.077600097656273,2015-10-04 03:00:00,0.436187744140625,-1.668853759765625,1.7249152499825462,"{""type"":""MultiPoint"",""coordinates"":[]}"
20151004T04,-12.553360853740477,-52.28821087761995,1563.9047222222223,97140.97265625,0.0,0.0,26.267175292968773,17.38080749511721,2015-10-04 04:00:00,1.381256103515625,-1.2171783447265625,1.8410300232126746,"{""type"":""MultiPoint"",""coordinates"":[]}"
20151004T05,-12.553360853740477,-52.28821087761995,1948.9072222222221,97102.875,0.0,0.0,25.414346313476585,17.619668579101585,2015-10-04 05:00:00,1.9102020263671875,0.03469562530517578,1.9105170943890102,"{""type"":""MultiPoint"",""coordinates"":[]}"
20151004T06,-12.553360853740477,-52.28821087761995,2337.5588888888888,97091.53125,0.0,0.0,25.014443969726585,17.551934814453148,2015-10-04 06:00:00,1.834503173828125,0.7546510696411133,1.9836582698882235,"{""type"":""MultiPoint"",""coordinates"":[]}"
20151004T07,-12.553360853740477,-52.28821087761995,2735.9875,97116.3125,0.0,0.0,25.00647888183596,18.209741210937523,2015-10-04 07:00:00,1.4773101806640625,1.4481487274169922,2.0687146025039653,"{""type"":""MultiPoint"",""coordinates"":[]}"
20151004T08,-12.553360853740477,-52.28821087761995,3124.7527777777777,97128.0625,0.0,0.0,24.699060058593773,18.15766296386721,2015-10-04 08:00:00,1.1676483154296875,1.5799713134765625,1.9646149597146616,"{""type"":""MultiPoint"",""coordinates"":[]}"
20151004T09,-12.553360853740477,-52.28821087761995,3511.3308333333334,97203.4609375,0.0,0.0,24.44428405761721,18.16217956542971,2015-10-04 09:00:00,1.013763427734375,1.5822906494140625,1.879191311877246,"{""type"":""MultiPoint"",""coordinates"":[]}"
20151004T10,-12.553360853740477,-52.28821087761995,3893.0672222222224,97266.76953125,0.0,39.31722222222222,24.50629577636721,18.770059204101585,2015-10-04 10:00:00,0.7010498046875,1.489776611328125,1.6464826693022594,"{""type"":""MultiPoint"",""coordinates"":[]}"
20151004T11,-12.553360853740477,-52.28821087761995,4275.861944444445,97322.46484375,0.0,262.6716666666667,26.418420410156273,19.585046386718773,2015-10-04 11:00:00,0.332977294921875,1.3553190231323242,1.3956229911397444,"{""type"":""MultiPoint"",""coordinates"":[]}"
20151004T12,-12.553360853740477,-52.28821087761995,4666.295,97378.22265625,0.0,716.5688888888889,29.023675537109398,19.660943603515648,2015-10-04 12:00:00,0.06939697265625,1.7101211547851562,1.7115286453511576,"{""type"":""MultiPoint"",""coordinates"":[]}"
20151004T13,-12.553360853740477,-52.28821087761995,5064.195,97375.4296875,0.0,1386.5394444444444,31.595422363281273,19.77088317871096,2015-10-04 13:00:00,-0.025360107421875,1.3639945983886719,1.3642303322686837,"{""type"":""MultiPoint"",""coordinates"":[]}"
20151004T14,-12.553360853740477,-52.28821087761995,5470.233055555555,97338.88671875,0.0,2258.858333333333,34.38164672851565,18.41101989746096,2015-10-04 14:00:00,0.1382598876953125,1.2023611068725586,1.210284275641605,"{""type"":""MultiPoint"",""coordinates"":[]}"
20151004T15,-12.553360853740477,-52.28821087761995,5883.7988888888885,97264.89453125,0.0,3247.4034721544053,36.246743774414085,16.568383789062523,2015-10-04 15:00:00,0.40338134765625,0.6266422271728516,0.745249617586701,"{""type"":""MultiPoint"",""coordinates"":[]}"
20151004T16,-12.553360853740477,-52.28821087761995,6308.7675,97158.69921875,0.0,4147.272855902777,37.01784667968752,15.314385986328148,2015-10-04 16:00:00,0.0832977294921875,0.18825912475585938,0.2058640565819975,"{""type"":""MultiPoint"",""coordinates"":[]}"
20151004T17,-12.553360853740477,-52.28821087761995,6734.717777777778,97046.96484375,0.0,4948.732835286458,37.32569274902346,14.60236511230471,2015-10-04 17:00:00,-0.0079498291015625,0.12482070922851562,0.12507361526338676,"{""type"":""MultiPoint"",""coordinates"":[]}"
20151004T18,-12.553360853740477,-52.28821087761995,7170.977222222222,96962.45703125,0.0,5639.9553819444445,37.3875671386719,14.391030883789085,2015-10-04 18:00:00,-0.0175323486328125,0.09796714782714844,0.09952359168543325,"{""type"":""MultiPoint"",""coordinates"":[]}"
20151004T19,-12.553360853740477,-52.28821087761995,7598.182222222223,96940.29296875,0.0,6148.755989583334,36.77681884765627,14.52289733886721,2015-10-04 19:00:00,-0.4848480224609375,-0.17472171783447266,0.5153690750979446,"{""type"":""MultiPoint"",""coordinates"":[]}"
20151004T20,-12.553360853740477,-52.28821087761995,8025.655277777778,96934.6640625,0.0,6508.949878472222,35.79364929199221,16.331140136718773,2015-10-04 20:00:00,-0.2061309814453125,-0.15616607666015625,0.25860747284452856,"{""type"":""MultiPoint"",""coordinates"":[]}"
20151004T21,-12.553360853740477,-52.28821087761995,8444.198333333334,96981.59375,0.0,6648.323767361111,31.53070983886721,21.84107360839846,2015-10-04 21:00:00,-0.005462646484375,-0.0103759765625,0.011726098935230073,"{""type"":""MultiPoint"",""coordinates"":[]}"
20151004T22,-12.553360853740477,-52.28821087761995,8855.094444444445,97016.1015625,0.0,6655.767100694445,29.849588012695335,22.255487060546898,2015-10-04 22:00:00,0.3146514892578125,0.178466796875,0.36174017924330965,"{""type"":""MultiPoint"",""coordinates"":[]}"
20151004T23,-12.553360853740477,-52.28821087761995,9262.244444444445,97081.5390625,0.0,6655.767100694445,29.18396911621096,22.148339843750023,2015-10-04 23:00:00,0.8594512939453125,0.42958641052246094,0.9608334979432411,"{""type"":""MultiPoint"",""coordinates"":[]}"
20151005T00,-12.553360853740477,-52.28821087761995,9668.082222222221,97135.66796875,0.0,6655.767100694445,28.478723144531273,21.994302368164085,2015-10-05 00:00:00,1.1491546630859375,0.7097625732421875,1.3506736652750457,"{""type"":""MultiPoint"",""coordinates"":[]}"
20151005T01,-12.553360853740477,-52.28821087761995,403.09484375,97203.08203125,0.0,0.0,27.74384460449221,21.854516601562523,2015-10-05 01:00:00,1.147186279296875,0.7556285858154297,1.3736851601107272,"{""type"":""MultiPoint"",""coordinates"":[]}"
20151005T02,-12.553360853740477,-52.28821087761995,805.1065625,97229.03125,0.0,0.0,27.130303955078148,21.686486816406273,2015-10-05 02:00:00,1.087371826171875,0.7220458984375,1.305269231922202,"{""type"":""MultiPoint"",""coordinates"":[]}"
20151005T03,-12.553360853740477,-52.28821087761995,1199.483142361111,97211.14453125,0.0,0.0,26.558816528320335,21.499505615234398,2015-10-05 03:00:00,1.197662353515625,0.7396087646484375,1.4076278761708911,"{""type"":""MultiPoint"",""coordinates"":[]}"
20151005T04,-12.553360853740477,-52.28821087761995,1591.2819618055555,97146.44921875,0.0,0.0,25.869195556640648,21.267068481445335,2015-10-05 04:00:00,1.3523712158203125,0.751617431640625,1.547202853191966,"{""type"":""MultiPoint"",""coordinates"":[]}"
20151005T05,-12.553360853740477,-52.28821087761995,1980.1141666666667,97099.52734375,0.0,0.0,25.33832702636721,20.804376220703148,2015-10-05 05:00:00,1.3274688720703125,0.8170166015625,1.558746205623085,"{""type"":""MultiPoint"",""coordinates"":[]}"
20151005T06,-12.553360853740477,-52.28821087761995,2367.797777777778,97043.96484375,0.0,0.0,25.00428161621096,20.193475341796898,2015-10-05 06:00:00,1.22235107421875,1.1144866943359375,1.6541531792719735,"{""type"":""MultiPoint"",""coordinates"":[]}"
20151005T07,-12.553360853740477,-52.28821087761995,2756.3858333333333,97013.56640625,0.0,0.0,24.99054870605471,18.506555175781273,2015-10-05 07:00:00,0.9124755859375,1.64361572265625,1.8799160456506592,"{""type"":""MultiPoint"",""coordinates"":[]}"
20151005T08,-12.553360853740477,-52.28821087761995,3142.9180555555554,97024.7890625,8.52346317969932E-4,0.0,24.84992370605471,18.138299560546898,2015-10-05 08:00:00,0.808074951171875,1.7661895751953125,1.9422694823942497,"{""type"":""MultiPoint"",""coordinates"":[]}"
20151005T09,-12.553360853740477,-52.28821087761995,3528.8758333333335,97095.7734375,8.52346317969932E-4,0.0,24.746362304687523,18.056359863281273,2015-10-05 09:00:00,0.6326904296875,1.794830322265625,1.9030798894272096,"{""type"":""MultiPoint"",""coordinates"":[]}"
20151005T10,-12.553360853740477,-52.28821087761995,3914.5027777777777,97167.87890625,8.52346317969932E-4,44.275555555555556,24.99054870605471,18.756997680664085,2015-10-05 10:00:00,0.3848724365234375,1.6385955810546875,1.6831881269327669,"{""type"":""MultiPoint"",""coordinates"":[]}"
20151005T11,-12.553360853740477,-52.28821087761995,4299.022777777778,97233.3828125,8.52346317969932E-4,293.76222222222225,27.34497985839846,19.660089111328148,2015-10-05 11:00:00,0.1180877685546875,1.419769287109375,1.4246717340149935,"{""type"":""MultiPoint"",""coordinates"":[]}"
20151005T12,-12.553360853740477,-52.28821087761995,4693.2797222222225,97282.03515625,8.52346317969932E-4,788.8538888888888,30.29413757324221,19.489770507812523,2015-10-05 12:00:00,-0.3000946044921875,1.8580322265625,1.8821106573711663,"{""type"":""MultiPoint"",""coordinates"":[]}"
20151005T13,-12.553360853740477,-52.28821087761995,5093.095833333334,97308.3203125,8.52346317969932E-4,1510.1927777777778,33.009500122070335,19.46424255371096,2015-10-05 13:00:00,-0.5821380615234375,1.65460205078125,1.754021855372328,"{""type"":""MultiPoint"",""coordinates"":[]}"
20151005T14,-12.553360853740477,-52.28821087761995,5504.930833333333,97293.6328125,8.52346317969932E-4,2398.4827777777778,35.53493652343752,18.471887207031273,2015-10-05 14:00:00,-0.7773284912109375,1.2676849365234375,1.4870321723273858,"{""type"":""MultiPoint"",""coordinates"":[]}"
20151005T15,-12.553360853740477,-52.28821087761995,5931.474722222222,97224.828125,8.52346317969932E-4,3332.886111111111,36.99190673828127,16.873452758789085,2015-10-05 15:00:00,-0.5117340087890625,0.8447418212890625,0.9876540084392341,"{""type"":""MultiPoint"",""coordinates"":[]}"
20151005T16,-12.553360853740477,-52.28821087761995,6364.274722222222,97113.2265625,8.52346317969932E-4,4251.036666666667,37.77727661132815,16.275979614257835,2015-10-05 16:00:00,-0.2010498046875,0.1888561248779297,0.275839917105538,"{""type"":""MultiPoint"",""coordinates"":[]}"
20151005T17,-12.553360853740477,-52.28821087761995,6799.8525,96994.0703125,8.52346317969932E-4,5083.89,37.95382080078127,15.654229736328148,2015-10-05 17:00:00,-0.1891632080078125,-0.13066864013671875,0.2299065305270519,"{""type"":""MultiPoint"",""coordinates"":[]}"
20151005T18,-12.553360853740477,-52.28821087761995,7240.390833333333,96914.4921875,8.52346317969932E-4,5690.06046875,37.39478454589846,15.492044067382835,2015-10-05 18:00:00,-0.349884033203125,-0.16771697998046875,0.3880049253092729,"{""type"":""MultiPoint"",""coordinates"":[]}"
20151005T19,-12.553360853740477,-52.28821087761995,7680.359722222222,96889.4765625,8.52346317969932E-4,6166.174357638889,37.00679931640627,16.067193603515648,2015-10-05 19:00:00,-0.573638916015625,0.004119873046875,0.5736537102830449,"{""type"":""MultiPoint"",""coordinates"":[]}"
20151005T20,-12.553360853740477,-52.28821087761995,8123.378055555556,96882.2265625,0.19112527360221065,6449.458246527778,34.203652954101585,20.05732116699221,2015-10-05 20:00:00,-0.3635406494140625,0.0977783203125,0.3764603613921818,"{""type"":""MultiPoint"",""coordinates"":[]}"
20151005T21,-12.553360853740477,-52.28821087761995,8562.813333333334,96946.3984375,0.19112527360221065,6544.79546875,32.68779907226565,21.789697265625023,2015-10-05 21:00:00,0.0115509033203125,1.0244598388671875,1.0245249556839984,"{""type"":""MultiPoint"",""coordinates"":[]}"
20151005T22,-12.553360853740477,-52.28821087761995,8997.201944444445,97001.41015625,0.19112527360221065,6549.816024305555,31.63422546386721,20.959512329101585,2015-10-05 22:00:00,0.6776580810546875,1.5414199829101562,1.6838040380440558,"{""type"":""MultiPoint"",""coordinates"":[]}"
20151005T23,-12.553360853740477,-52.28821087761995,9425.095833333333,97082.125,0.19155740727683224,6549.816024305555,30.243310546875023,20.114770507812523,2015-10-05 23:00:00,0.67327880859375,1.7399444580078125,1.865666387930468,"{""type"":""MultiPoint"",""coordinates"":[]}"
20151006T00,-12.553360853740477,-52.28821087761995,9848.495,97173.984375,0.19160211076041378,6549.816024305555,29.400994873046898,19.188272094726585,2015-10-06 00:00:00,0.5258636474609375,2.00146484375,2.0693946207739433,"{""type"":""MultiPoint"",""coordinates"":[]}"
20151006T01,-12.553360853740477,-52.28821087761995,421.29086805555556,97241.8828125,0.017037615180015564,0.0,29.019082641601585,18.458215332031273,2015-10-06 01:00:00,0.4023590087890625,2.13897705078125,2.1764915795202544,"{""type"":""MultiPoint"",""coordinates"":[]}"
20151006T02,-12.553360853740477,-52.28821087761995,842.9806076388888,97249.2734375,0.017035752534866333,0.0,28.605889892578148,18.34772644042971,2015-10-06 02:00:00,0.1557464599609375,1.734344482421875,1.7413235608288211,"{""type"":""MultiPoint"",""coordinates"":[]}"
20151006T03,-12.553360853740477,-52.28821087761995,1261.2420659722222,97242.6875,0.017035752534866333,0.0,28.013711547851585,18.59803161621096,2015-10-06 03:00:00,-0.50433349609375,1.5159912109375,1.5976800765240493,"{""type"":""MultiPoint"",""coordinates"":[]}"
20151006T04,-12.553360853740477,-52.28821087761995,1674.74,97188.8984375,0.01703202724456787,0.0,27.39869079589846,18.92023620605471,2015-10-06 04:00:00,-1.2831268310546875,0.9589385986328125,1.6018669422022251,"{""type"":""MultiPoint"",""coordinates"":[]}"
20151006T05,-12.553360853740477,-52.28821087761995,2093.318333333333,97145.8671875,0.01771003007888794,0.0,27.17170104980471,19.05616149902346,2015-10-06 05:00:00,-1.3662109375,0.7771148681640625,1.5717632913598272,"{""type"":""MultiPoint"",""coordinates"":[]}"
20151006T06,-12.553360853740477,-52.28821087761995,2504.2326388888887,97105.4140625,0.01771003007888794,0.0,26.845941162109398,19.09925231933596,2015-10-06 06:00:00,-1.3717041015625,0.597991943359375,1.4963844781893814,"{""type"":""MultiPoint"",""coordinates"":[]}"
20151006T07,-12.553360853740477,-52.28821087761995,2911.099166666667,97041.28125,0.01771003007888794,0.0,26.38129577636721,20.29633483886721,2015-10-06 07:00:00,0.74822998046875,-1.1872100830078125,1.4033231576752672,"{""type"":""MultiPoint"",""coordinates"":[]}"
20151006T08,-12.553360853740477,-52.28821087761995,3310.4016666666666,97029.5234375,0.01771003007888794,0.0,25.988519287109398,20.14008483886721,2015-10-06 08:00:00,0.8277740478515625,-1.1910552978515625,1.450455996173905,"{""type"":""MultiPoint"",""coordinates"":[]}"
20151006T09,-12.553360853740477,-52.28821087761995,3705.608333333333,97102.2421875,0.01771003007888794,0.0,25.633035278320335,20.18476257324221,2015-10-06 09:00:00,0.9724578857421875,-1.035003662109375,1.4201784817838858,"{""type"":""MultiPoint"",""coordinates"":[]}"
20151006T10,-12.553360853740477,-52.28821087761995,4098.948611111111,97162.83203125,0.01771003007888794,45.46888888888889,25.427102661132835,21.122171020507835,2015-10-06 10:00:00,0.694427490234375,-0.5767669677734375,0.9027123984458054,"{""type"":""MultiPoint"",""coordinates"":[]}"
20151006T11,-12.553360853740477,-52.28821087761995,4494.176111111111,97221.51171875,0.01771003007888794,296.4633333333333,27.69251403808596,21.85541687011721,2015-10-06 11:00:00,0.5323638916015625,-0.2021331787109375,0.5694463407705312,"{""type"":""MultiPoint"",""coordinates"":[]}"
20151006T12,-12.553360853740477,-52.28821087761995,4895.2461111111115,97287.6875,0.017717480659484863,789.0922222222222,30.901223754882835,21.028359985351585,2015-10-06 12:00:00,0.7434539794921875,-0.162078857421875,0.7609161423218398,"{""type"":""MultiPoint"",""coordinates"":[]}"
20151006T13,-12.553360853740477,-52.28821087761995,5306.528611111111,97315.92578125,0.017717480659484863,1509.5583333333334,33.62142333984377,19.654656982421898,2015-10-06 13:00:00,0.62744140625,-0.299530029296875,0.6952704198565939,"{""type"":""MultiPoint"",""coordinates"":[]}"
20151006T14,-12.553360853740477,-52.28821087761995,5728.1775,97296.32421875,0.060424208641052246,2396.3694444444445,35.47951660156252,18.730401611328148,2015-10-06 14:00:00,0.1711578369140625,-0.411590576171875,0.44575980923654035,"{""type"":""MultiPoint"",""coordinates"":[]}"
20151006T15,-12.553360853740477,-52.28821087761995,6157.548611111111,97204.5703125,0.09417533874511719,3377.0155555555557,36.74628601074221,18.13306579589846,2015-10-06 15:00:00,-0.0141143798828125,-0.3442840576171875,0.34457325498191416,"{""type"":""MultiPoint"",""coordinates"":[]}"
20151006T16,-12.553360853740477,-52.28821087761995,6592.393055555555,97072.65625,0.11737644672393799,4361.213055555556,37.580728149414085,17.565713500976585,2015-10-06 16:00:00,-0.1301727294921875,-0.322479248046875,0.3477611319919524,"{""type"":""MultiPoint"",""coordinates"":[]}"
20151006T17,-12.553360853740477,-52.28821087761995,7036.007777777778,96952.6015625,0.28808414936065674,5248.578854166667,37.51172790527346,17.690530395507835,2015-10-06 17:00:00,-0.2346954345703125,-0.2082977294921875,0.3137991254285906,"{""type"":""MultiPoint"",""coordinates"":[]}"
20151006T18,-12.553360853740477,-52.28821087761995,7480.201388888889,96988.3046875,2.133473753929138,5853.356354166666,31.46863708496096,21.898431396484398,2015-10-06 18:00:00,1.2193450927734375,-0.7127227783203125,1.412365467578165,"{""type"":""MultiPoint"",""coordinates"":[]}"
20151006T19,-12.553360853740477,-52.28821087761995,7913.418333333333,96990.41796875,2.169996500015259,6200.883888888889,31.650598144531273,22.054376220703148,2015-10-06 19:00:00,-0.3737030029296875,-1.5799713134765625,1.623564992788253,"{""type"":""MultiPoint"",""coordinates"":[]}"
20151006T20,-12.553360853740477,-52.28821087761995,8340.6575,96989.109375,2.169996500015259,6485.450555555555,31.201760864257835,21.88825378417971,2015-10-06 20:00:00,0.2161712646484375,-1.7160491943359375,1.7296111855098315,"{""type"":""MultiPoint"",""coordinates"":[]}"
20151006T21,-12.553360853740477,-52.28821087761995,8768.705,97012.18359375,2.169996500015259,6584.075555555555,29.763345336914085,22.195458984375023,2015-10-06 21:00:00,0.7037811279296875,-1.8012542724609375,1.9338626709486806,"{""type"":""MultiPoint"",""coordinates"":[]}"
20151006T22,-12.553360853740477,-52.28821087761995,9196.336111111112,97059.2734375,2.169996500015259,6589.359444444444,28.670755004882835,22.303826904296898,2015-10-06 22:00:00,0.2017974853515625,-1.803436279296875,1.814691334243477,"{""type"":""MultiPoint"",""coordinates"":[]}"
20151006T23,-12.553360853740477,-52.28821087761995,9622.381388888889,97184.52734375,3.2047927379608154,6589.359444444444,27.325585937500023,22.435464477539085,2015-10-06 23:00:00,-1.2537384033203125,-2.1006011962890625,2.4463003433370987,"{""type"":""MultiPoint"",""coordinates"":[]}"
20151007T00,-12.553360853740477,-52.28821087761995,10042.54388888889,97401.30859375,9.5120370388031,6589.359444444444,23.928613281250023,22.771173095703148,2015-10-07 00:00:00,-1.858123779296875,-1.9217681884765625,2.6731660908796875,"{""type"":""MultiPoint"",""coordinates"":[]}"
20151007T01,-12.553360853740477,-52.28821087761995,414.22321180555554,97449.26953125,1.2326333671808243,0.0,23.46320495605471,23.165689086914085,2015-10-07 01:00:00,-0.390869140625,-0.746673583984375,0.8427930505841855,"{""type"":""MultiPoint"",""coordinates"":[]}"
20151007T02,-12.553360853740477,-52.28821087761995,825.7257291666666,97422.58203125,1.238647848367691,0.0,23.515222167968773,22.64545593261721,2015-10-07 02:00:00,-1.14776611328125,-0.533721923828125,1.2657907183936616,"{""type"":""MultiPoint"",""coordinates"":[]}"
20151007T03,-12.553360853740477,-52.28821087761995,1227.2192881944445,97403.58203125,1.2424848973751068,0.0,23.48371276855471,22.515740966796898,2015-10-07 03:00:00,-1.1113128662109375,-0.7607574462890625,1.3467621091678459,"{""type"":""MultiPoint"",""coordinates"":[]}"
20151007T04,-12.553360853740477,-52.28821087761995,1626.8259722222222,97351.59765625,1.2424848973751068,0.0,23.55414733886721,22.35682067871096,2015-10-07 04:00:00,-0.6444244384765625,-1.1793365478515625,1.3439187289431878,"{""type"":""MultiPoint"",""coordinates"":[]}"
20151007T05,-12.553360853740477,-52.28821087761995,2027.2608333333333,97268.6328125,1.2424886226654053,0.0,23.461968994140648,22.320123291015648,2015-10-07 05:00:00,-0.6248016357421875,-1.2192535400390625,1.3700205395992788,"{""type"":""MultiPoint"",""coordinates"":[]}"
20151007T06,-12.553360853740477,-52.28821087761995,2423.2648611111113,97232.1796875,1.2424886226654053,0.0,23.434854125976585,22.255288696289085,2015-10-07 06:00:00,-0.7940216064453125,-0.978973388671875,1.26049958636633,"{""type"":""MultiPoint"",""coordinates"":[]}"
20151007T07,-12.553360853740477,-52.28821087761995,2829.713333333333,97146.546875,1.292981207370758,0.0,23.592065429687523,22.405847167968773,2015-10-07 07:00:00,-0.4657440185546875,-0.5644197463989258,0.7317698688416303,"{""type"":""MultiPoint"",""coordinates"":[]}"
20151007T08,-12.553360853740477,-52.28821087761995,3237.7169444444444,97192.10546875,1.3068094849586487,0.0,23.600549316406273,22.441003417968773,2015-10-07 08:00:00,-0.69744873046875,-0.642059326171875,0.9479846570260266,"{""type"":""MultiPoint"",""coordinates"":[]}"
20151007T09,-12.553360853740477,-52.28821087761995,3651.010277777778,97277.265625,1.308634877204895,0.0,23.646936035156273,22.568048095703148,2015-10-07 09:00:00,-0.9012298583984375,-0.8904037475585938,1.2668994006373417,"{""type"":""MultiPoint"",""coordinates"":[]}"
20151007T10,-12.553360853740477,-52.28821087761995,4066.5344444444445,97367.87109375,1.3179033994674683,25.769444444444446,23.77448425292971,22.945657348632835,2015-10-07 10:00:00,-0.9890594482421875,-1.2405357360839844,1.5865583836274584,"{""type"":""MultiPoint"",""coordinates"":[]}"
20151007T11,-12.553360853740477,-52.28821087761995,4490.094722222222,97425.671875,1.362726092338562,138.0911111111111,24.490213012695335,22.99335632324221,2015-10-07 11:00:00,-1.310699462890625,-2.293484687805176,2.6415913944474037,"{""type"":""MultiPoint"",""coordinates"":[]}"
20151007T12,-12.553360853740477,-52.28821087761995,4913.944444444444,97486.41015625,1.3812333345413208,437.3622222222222,25.805383300781273,22.613870239257835,2015-10-07 12:00:00,-0.9731597900390625,-2.4230403900146484,2.6111615630962426,"{""type"":""MultiPoint"",""coordinates"":[]}"
20151007T13,-12.553360853740477,-52.28821087761995,5328.995555555555,97486.20703125,1.3924092054367065,1004.6238888888889,27.63697204589846,21.87458190917971,2015-10-07 13:00:00,-0.4010162353515625,-2.037656784057617,2.076742446869994,"{""type"":""MultiPoint"",""coordinates"":[]}"
20151007T14,-12.553360853740477,-52.28821087761995,5743.824722222223,97450.390625,1.4210641384124756,1756.423888888889,29.24573669433596,21.475823974609398,2015-10-07 14:00:00,-0.286041259765625,-1.5784721374511719,1.604180130471007,"{""type"":""MultiPoint"",""coordinates"":[]}"
20151007T15,-12.553360853740477,-52.28821087761995,6169.086666666667,97335.72265625,1.4539062976837158,2478.962777777778,30.153436279296898,21.436883544921898,2015-10-07 15:00:00,-0.377349853515625,-1.5432243347167969,1.5886894785358037,"{""type"":""MultiPoint"",""coordinates"":[]}"
20151007T16,-12.553360853740477,-52.28821087761995,6601.513055555555,97221.74609375,1.5499144792556763,3206.9034722222223,30.718927001953148,21.488336181640648,2015-10-07 16:00:00,-0.339324951171875,-1.6263275146484375,1.661349634300486,"{""type"":""MultiPoint"",""coordinates"":[]}"
20151007T17,-12.553360853740477,-52.28821087761995,7036.815833333333,97125.484375,3.4174054860045544,3788.545017361111,28.93573913574221,23.372399902343773,2015-10-07 17:00:00,-0.5148773193359375,-0.9177398681640625,1.0523046705134174,"{""type"":""MultiPoint"",""coordinates"":[]}"
20151007T18,-12.553360853740477,-52.28821087761995,7469.7075,97068.86328125,3.6568224429061047,4197.511805555556,28.25922546386721,23.28785095214846,2015-10-07 18:00:00,-0.39483642578125,0.05078125,0.3980886063118047,"{""type"":""MultiPoint"",""coordinates"":[]}"
20151007T19,-12.553360853740477,-52.28821087761995,7904.780833333333,97053.6171875,3.675583004849159,4541.613472222222,29.988092041015648,20.822351074218773,2015-10-07 19:00:00,0.42474365234375,-0.05902099609375,0.4288247289816748,"{""type"":""MultiPoint"",""coordinates"":[]}"
20151007T20,-12.553360853740477,-52.28821087761995,8326.138055555555,97140.37890625,3.6821693180968396,4822.462916666666,29.204202270507835,21.21064147949221,2015-10-07 20:00:00,0.590606689453125,0.0837554931640625,0.5965159212141243,"{""type"":""MultiPoint"",""coordinates"":[]}"
20151007T21,-12.553360853740477,-52.28821087761995,8748.113611111112,97111.65625,3.6821693180968396,4912.672916666666,28.365930175781273,22.163812255859398,2015-10-07 21:00:00,0.4944610595703125,0.20330810546875,0.5346269027842581,"{""type"":""MultiPoint"",""coordinates"":[]}"
20151007T22,-12.553360853740477,-52.28821087761995,9163.996666666666,97154.55859375,3.6821693180968396,4919.1634722222225,27.726968383789085,22.26276550292971,2015-10-07 22:00:00,0.633209228515625,0.4346160888671875,0.768013718483963,"{""type"":""MultiPoint"",""coordinates"":[]}"
20151007T23,-12.553360853740477,-52.28821087761995,9579.390277777778,97226.29296875,3.6827802657057873,4919.1634722222225,26.756372070312523,23.531777954101585,2015-10-07 23:00:00,0.1888427734375,0.522613525390625,0.5556856035572493,"{""type"":""MultiPoint"",""coordinates"":[]}"
20151008T00,-12.553360853740477,-52.28821087761995,9989.717222222222,97276.4453125,3.6827802657057873,4919.1634722222225,26.677362060546898,22.579553222656273,2015-10-08 00:00:00,0.22314453125,0.3408050537109375,0.4073592596979934,"{""type"":""MultiPoint"",""coordinates"":[]}"
20151008T01,-12.553360853740477,-52.28821087761995,404.84809027777777,97329.66796875,0.0,0.0,25.573266601562523,22.721215820312523,2015-10-08 01:00:00,0.7143096923828125,0.410003662109375,0.8236148004832883,"{""type"":""MultiPoint"",""coordinates"":[]}"
20151008T02,-12.553360853740477,-52.28821087761995,806.646875,97365.71875,0.0,0.0,25.098779296875023,22.201165771484398,2015-10-08 02:00:00,1.1870574951171875,0.7043304443359375,1.3802850689376998,"{""type"":""MultiPoint"",""coordinates"":[]}"
20151008T03,-12.553360853740477,-52.28821087761995,1200.670642361111,97341.7890625,0.0,0.0,24.346597290039085,21.974664306640648,2015-10-08 03:00:00,1.2188873291015625,0.6647186279296875,1.3883577260061857,"{""type"":""MultiPoint"",""coordinates"":[]}"
20151008T04,-12.553360853740477,-52.28821087761995,1592.2534895833332,97271.703125,0.0,0.0,23.812768554687523,21.66108093261721,2015-10-08 04:00:00,1.1368408203125,0.6843414306640625,1.3269251088332505,"{""type"":""MultiPoint"",""coordinates"":[]}"
20151008T05,-12.553360853740477,-52.28821087761995,1982.5675,97235.7421875,0.0,0.0,23.450006103515648,21.370355224609398,2015-10-08 05:00:00,0.938262939453125,0.8462066650390625,1.2634884500887813,"{""type"":""MultiPoint"",""coordinates"":[]}"
20151008T06,-12.553360853740477,-52.28821087761995,2372.6918055555557,97208.59765625,0.0,0.0,23.15827331542971,21.163903808593773,2015-10-08 06:00:00,0.49139404296875,1.14581298828125,1.246737947436903,"{""type"":""MultiPoint"",""coordinates"":[]}"
20151008T07,-12.553360853740477,-52.28821087761995,2761.4591666666665,97123.6796875,0.0,0.0,22.956079101562523,20.534539794921898,2015-10-08 07:00:00,0.23504638671875,1.267242431640625,1.2888561535175227,"{""type"":""MultiPoint"",""coordinates"":[]}"
20151008T08,-12.553360853740477,-52.28821087761995,3149.3352777777777,97149.69140625,0.0,0.0,22.736932373046898,20.424340820312523,2015-10-08 08:00:00,-0.09796142578125,1.2749786376953125,1.2787364730547457,"{""type"":""MultiPoint"",""coordinates"":[]}"
20151008T09,-12.553360853740477,-52.28821087761995,3534.927777777778,97213.75390625,0.0,0.0,22.510491943359398,20.437463378906273,2015-10-08 09:00:00,-0.282745361328125,1.2583465576171875,1.2897212871080317,"{""type"":""MultiPoint"",""coordinates"":[]}"
20151008T10,-12.553360853740477,-52.28821087761995,3924.1077777777778,97285.4140625,0.0,46.29611111111111,23.128717041015648,21.06202087402346,2015-10-08 10:00:00,-0.3685455322265625,0.6845245361328125,0.7774314438534129,"{""type"":""MultiPoint"",""coordinates"":[]}"
20151008T11,-12.553360853740477,-52.28821087761995,4317.559444444444,97359.9453125,0.0,283.3594444444444,26.088861083984398,21.27527770996096,2015-10-08 11:00:00,-0.576324462890625,0.5247344970703125,0.779420412192163,"{""type"":""MultiPoint"",""coordinates"":[]}"
20151008T12,-12.553360853740477,-52.28821087761995,4715.950833333333,97409.58984375,0.0,758.0088888888889,28.796868896484398,20.813638305664085,2015-10-08 12:00:00,-1.064849853515625,0.4674835205078125,1.1629471408789938,"{""type"":""MultiPoint"",""coordinates"":[]}"
20151008T13,-12.553360853740477,-52.28821087761995,5126.443333333334,97421.296875,0.0,1412.4405555555556,30.507363891601585,20.494042968750023,2015-10-08 13:00:00,-1.7393035888671875,0.288909912109375,1.7631352505015958,"{""type"":""MultiPoint"",""coordinates"":[]}"
20151008T14,-12.553360853740477,-52.28821087761995,5540.641111111111,97400.33984375,0.005364418029785156,2188.048888888889,31.58332214355471,20.733453369140648,2015-10-08 14:00:00,-1.91619873046875,-0.145477294921875,1.9217130946079946,"{""type"":""MultiPoint"",""coordinates"":[]}"
20151008T15,-12.553360853740477,-52.28821087761995,5964.9175,97293.6484375,0.04622340202331543,3153.5666666666666,33.20330200195315,20.335748291015648,2015-10-08 15:00:00,-1.973907470703125,-0.247772216796875,1.9893973394759645,"{""type"":""MultiPoint"",""coordinates"":[]}"
20151008T16,-12.553360853740477,-52.28821087761995,6401.130833333334,97162.40234375,0.10317564010620117,3990.5466666666666,33.33558044433596,20.115930175781273,2015-10-08 16:00:00,-1.7854766845703125,-0.6666107177734375,1.9058585572372921,"{""type"":""MultiPoint"",""coordinates"":[]}"
20151008T17,-12.553360853740477,-52.28821087761995,6835.328055555556,97100.0390625,2.4429053068111273,4580.966526692709,31.19465026855471,20.985498046875023,2015-10-08 17:00:00,-1.589019775390625,-1.54034423828125,2.213062181455532,"{""type"":""MultiPoint"",""coordinates"":[]}"
20151008T18,-12.553360853740477,-52.28821087761995,7261.468055555555,97048.17578125,3.4181863069484564,5099.07462890625,29.261621093750023,22.84790954589846,2015-10-08 18:00:00,-1.06280517578125,-1.6464996337890625,1.9597234207241925,"{""type"":""MultiPoint"",""coordinates"":[]}"
20151008T19,-12.553360853740477,-52.28821087761995,7702.189444444444,96831.9921875,3.850066661829743,5593.702406684028,32.401345825195335,19.891519165039085,2015-10-08 19:00:00,-1.492340087890625,-0.241790771484375,1.5118008185936425,"{""type"":""MultiPoint"",""coordinates"":[]}"
20151008T20,-12.553360853740477,-52.28821087761995,8142.057777777778,96860.82421875,3.9629876613567205,5899.825740017361,30.270776367187523,22.897439575195335,2015-10-08 20:00:00,-0.3867645263671875,0.0879669189453125,0.39664212797528964,"{""type"":""MultiPoint"",""coordinates"":[]}"
20151008T21,-12.553360853740477,-52.28821087761995,8572.926111111112,96901.6484375,3.9629876613567205,6011.0307400173615,28.915063476562523,23.904336547851585,2015-10-08 21:00:00,-0.1291351318359375,-0.8876190185546875,0.8969634353608131,"{""type"":""MultiPoint"",""coordinates"":[]}"
20151008T22,-12.553360853740477,-52.28821087761995,8996.76,96959.2265625,3.9629876613567205,6017.245740017361,28.23462829589846,22.713357543945335,2015-10-08 22:00:00,-0.15191650390625,-1.5431060791015625,1.5505660242373736,"{""type"":""MultiPoint"",""coordinates"":[]}"
20151008T23,-12.553360853740477,-52.28821087761995,9412.335,97016.97265625,3.9629876613567205,6017.245740017361,27.518823242187523,22.005822753906273,2015-10-08 23:00:00,0.1142578125,-1.6264190673828125,1.6304274992969368,"{""type"":""MultiPoint"",""coordinates"":[]}"
20151009T00,-12.553360853740477,-52.28821087761995,9825.014444444445,97116.23828125,3.9629876613567205,6017.245740017361,26.94184265136721,21.857263183593773,2015-10-09 00:00:00,-0.00384521484375,-1.572265625,1.57227032702199,"{""type"":""MultiPoint"",""coordinates"":[]}"
20151009T01,-12.553360853740477,-52.28821087761995,410.5509201388889,97163.15234375,0.0,0.0,26.448541259765648,21.898721313476585,2015-10-09 01:00:00,-0.0841217041015625,-1.5608673095703125,1.5631325021207307,"{""type"":""MultiPoint"",""coordinates"":[]}"
20151009T02,-12.553360853740477,-52.28821087761995,818.8606076388888,97245.58984375,0.0,0.0,26.123284912109398,21.981774902343773,2015-10-09 02:00:00,0.2063140869140625,-1.54443359375,1.5581529539691292,"{""type"":""MultiPoint"",""coordinates"":[]}"
20151009T03,-12.553360853740477,-52.28821087761995,1227.7539756944445,97202.2265625,0.0,0.0,25.800073242187523,22.10389099121096,2015-10-09 03:00:00,0.297027587890625,-1.444091796875,1.4743223886822683,"{""type"":""MultiPoint"",""coordinates"":[]}"
20151009T04,-12.553360853740477,-52.28821087761995,1638.6327083333333,97136.5859375,0.0,0.0,25.511941528320335,22.251016235351585,2015-10-09 04:00:00,0.3254852294921875,-1.376434326171875,1.4143946015457658,"{""type"":""MultiPoint"",""coordinates"":[]}"
20151009T05,-12.553360853740477,-52.28821087761995,2045.4555555555555,97086.3828125,0.0,0.0,25.15650329589846,22.38251647949221,2015-10-09 05:00:00,0.206939697265625,-1.3414506912231445,1.3573186786040488,"{""type"":""MultiPoint"",""coordinates"":[]}"
20151009T06,-12.553360853740477,-52.28821087761995,2449.719722222222,97052.47265625,0.0,0.0,24.845666503906273,22.493325805664085,2015-10-09 06:00:00,0.1362762451171875,-1.2590923309326172,1.2664457006901524,"{""type"":""MultiPoint"",""coordinates"":[]}"
20151009T07,-12.553360853740477,-52.28821087761995,2847.304722222222,96963.734375,0.0,0.0,24.593591308593773,22.042932128906273,2015-10-09 07:00:00,0.4647064208984375,-1.2420158386230469,1.3261053506470541,"{""type"":""MultiPoint"",""coordinates"":[]}"
20151009T08,-12.553360853740477,-52.28821087761995,3239.4513888888887,97021.0703125,0.0,0.0,24.280541992187523,22.017541503906273,2015-10-09 08:00:00,0.832366943359375,-0.9128351211547852,1.2353552876849236,"{""type"":""MultiPoint"",""coordinates"":[]}"
20151009T09,-12.553360853740477,-52.28821087761995,3632.237777777778,97070.33984375,0.0,0.0,24.021356201171898,22.033166503906273,2015-10-09 09:00:00,1.1627960205078125,-0.4426851272583008,1.2442124847486875,"{""type"":""MultiPoint"",""coordinates"":[]}"
20151009T10,-12.553360853740477,-52.28821087761995,4025.508611111111,97151.76171875,0.0,49.74722222222222,24.25299987792971,22.60852966308596,2015-10-09 10:00:00,0.6642608642578125,-0.2121591567993164,0.6973191547622458,"{""type"":""MultiPoint"",""coordinates"":[]}"
20151009T11,-12.553360853740477,-52.28821087761995,4417.315833333333,97202.640625,0.0,312.1561111111111,27.132318115234398,23.014123535156273,2015-10-09 11:00:00,0.5612030029296875,-0.37232112884521484,0.6734774186874226,"{""type"":""MultiPoint"",""coordinates"":[]}"
20151009T12,-12.553360853740477,-52.28821087761995,4815.489166666666,97261.64453125,0.0,821.6811111111111,29.71918640136721,22.647058105468773,2015-10-09 12:00:00,0.819580078125,-0.6883392333984375,1.0702908037981687,"{""type"":""MultiPoint"",""coordinates"":[]}"
20151009T13,-12.553360853740477,-52.28821087761995,5222.132777777778,97286.8046875,0.0,1552.6888888888889,31.905328369140648,21.793176269531273,2015-10-09 13:00:00,0.8494873046875,-0.8877410888671875,1.2287037566835763,"{""type"":""MultiPoint"",""coordinates"":[]}"
20151009T14,-12.553360853740477,-52.28821087761995,5638.730555555556,97263.98046875,0.011533498764038086,2449.218888888889,33.55542907714846,20.97474060058596,2015-10-09 14:00:00,0.4832611083984375,-1.1643829345703125,1.2606858915721468,"{""type"":""MultiPoint"",""coordinates"":[]}"
20151009T15,-12.553360853740477,-52.28821087761995,6063.813611111111,97194.5859375,0.02498924732208252,3405.856111111111,34.579385375976585,20.19117126464846,2015-10-09 15:00:00,-0.0383758544921875,-1.6178760528564453,1.6183311245274734,"{""type"":""MultiPoint"",""coordinates"":[]}"
20151009T16,-12.553360853740477,-52.28821087761995,6498.168611111111,97118.32421875,0.049367547035217285,4328.419305487739,34.5082946777344,20.07007751464846,2015-10-09 16:00:00,-0.739532470703125,-1.5259027481079102,1.6956672645031339,"{""type"":""MultiPoint"",""coordinates"":[]}"
20151009T17,-12.553360853740477,-52.28821087761995,6941.52,97018.38671875,0.06172060966491699,5120.69650390625,34.442910766601585,19.94336853027346,2015-10-09 17:00:00,-0.688934326171875,-1.1077442169189453,1.3045028769210372,"{""type"":""MultiPoint"",""coordinates"":[]}"
20151009T18,-12.553360853740477,-52.28821087761995,7384.552222222223,96890.84765625,0.07529556751251221,5727.33650390625,34.242593383789085,19.531732177734398,2015-10-09 18:00:00,-0.3184661865234375,-0.4704771041870117,0.568127993961728,"{""type"":""MultiPoint"",""coordinates"":[]}"
20151009T19,-12.553360853740477,-52.28821087761995,7825.881111111111,96827.875,0.7757633924434515,6082.4398372395835,30.881265258789085,21.844506835937523,2015-10-09 19:00:00,-0.6598358154296875,-0.8162117004394531,1.049564120603417,"{""type"":""MultiPoint"",""coordinates"":[]}"
20151009T20,-12.553360853740477,-52.28821087761995,8259.199166666667,96956.97265625,0.930646061892304,6318.147615017361,29.945031738281273,23.147500610351585,2015-10-09 20:00:00,0.0479278564453125,-0.5436058044433594,0.5457145316444801,"{""type"":""MultiPoint"",""coordinates"":[]}"
20151009T21,-12.553360853740477,-52.28821087761995,8691.556111111111,96982.484375,1.3884395360896917,6400.669837239583,27.844827270507835,23.529290771484398,2015-10-09 21:00:00,0.3149261474609375,0.23322296142578125,0.391881905796631,"{""type"":""MultiPoint"",""coordinates"":[]}"
20151009T22,-12.553360853740477,-52.28821087761995,9120.240277777777,97042.86328125,1.3884395360896917,6405.774837239584,27.351770019531273,22.87037048339846,2015-10-09 22:00:00,0.2942352294921875,0.4912900924682617,0.5726607418286969,"{""type"":""MultiPoint"",""coordinates"":[]}"
20151009T23,-12.553360853740477,-52.28821087761995,9539.914444444445,97099.140625,1.3884395360896917,6405.774837239584,26.588830566406273,23.062524414062523,2015-10-09 23:00:00,0.063995361328125,0.5120410919189453,0.5160246952279155,"{""type"":""MultiPoint"",""coordinates"":[]}"
20151010T00,-12.553360853740477,-52.28821087761995,9958.961388888889,97156.7734375,1.3884395360896917,6405.774837239584,26.036721801757835,23.110803222656273,2015-10-10 00:00:00,-0.4710845947265625,0.5826301574707031,0.7492520242101626,"{""type"":""MultiPoint"",""coordinates"":[]}"
20151010T01,-12.553360853740477,-52.28821087761995,419.001875,97242.90234375,0.0,0.0,25.761193847656273,22.88129577636721,2015-10-10 01:00:00,-0.7501220703125,0.6958780288696289,1.0231956564769962,"{""type"":""MultiPoint"",""coordinates"":[]}"
20151010T02,-12.553360853740477,-52.28821087761995,839.4287326388888,97293.54296875,0.006906688213348389,0.0,25.521264648437523,22.562951660156273,2015-10-10 02:00:00,-0.3566131591796875,0.8784332275390625,0.9480600616758473,"{""type"":""MultiPoint"",""coordinates"":[]}"
20151010T03,-12.553360853740477,-52.28821087761995,1254.9350347222223,97260.046875,0.0094585120677948,0.0,25.158868408203148,22.44385681152346,2015-10-10 03:00:00,0.341217041015625,0.6421661376953125,0.7271907710374037,"{""type"":""MultiPoint"",""coordinates"":[]}"
20151010T04,-12.553360853740477,-52.28821087761995,1669.0310069444445,97195.01171875,0.0094585120677948,0.0,24.79859313964846,22.449212646484398,2015-10-10 04:00:00,0.685882568359375,0.19873046875,0.7140929188760013,"{""type"":""MultiPoint"",""coordinates"":[]}"
20151010T05,-12.553360853740477,-52.28821087761995,2079.386111111111,97123.8515625,0.009462237358093262,0.0,24.545083618164085,22.353997802734398,2015-10-10 05:00:00,0.8128509521484375,0.0845489501953125,0.8172363155096272,"{""type"":""MultiPoint"",""coordinates"":[]}"
20151010T06,-12.553360853740477,-52.28821087761995,2481.0597222222223,97062.34765625,0.009462237358093262,0.0,24.231011962890648,22.150979614257835,2015-10-10 06:00:00,0.989105224609375,-0.0871124267578125,0.9929338952041055,"{""type"":""MultiPoint"",""coordinates"":[]}"
20151010T07,-12.553360853740477,-52.28821087761995,2883.1475,97052.34375,0.009462237358093262,0.0,24.184365844726585,21.900445556640648,2015-10-10 07:00:00,1.067626953125,0.09350204467773438,1.071713554732741,"{""type"":""MultiPoint"",""coordinates"":[]}"
20151010T08,-12.553360853740477,-52.28821087761995,3278.7044444444446,97130.11328125,0.009462237358093262,0.0,23.86884460449221,21.916925048828148,2015-10-10 08:00:00,1.0865325927734375,0.30481529235839844,1.1284792588322146,"{""type"":""MultiPoint"",""coordinates"":[]}"
20151010T09,-12.553360853740477,-52.28821087761995,3669.005277777778,97171.59375,0.009462237358093262,0.0,23.421411132812523,22.002053833007835,2015-10-10 09:00:00,0.9994354248046875,0.47315311431884766,1.1057780238113573,"{""type"":""MultiPoint"",""coordinates"":[]}"
20151010T10,-12.553360853740477,-52.28821087761995,4059.807222222222,97249.30859375,0.009462237358093262,42.96333333333333,23.734246826171898,22.547219848632835,2015-10-10 10:00:00,0.5397186279296875,0.2482757568359375,0.5940850517954159,"{""type"":""MultiPoint"",""coordinates"":[]}"
20151010T11,-12.553360853740477,-52.28821087761995,4451.163333333333,97294.9453125,0.009462237358093262,265.8022222222222,25.924462890625023,23.312402343750023,2015-10-10 11:00:00,0.466522216796875,0.06332778930664062,0.4708007940345223,"{""type"":""MultiPoint"",""coordinates"":[]}"
20151010T12,-12.553360853740477,-52.28821087761995,4848.6475,97328.55078125,0.009462237358093262,737.6872222222222,28.605371093750023,22.87049255371096,2015-10-10 12:00:00,0.4928131103515625,-0.24431419372558594,0.5500492586943141,"{""type"":""MultiPoint"",""coordinates"":[]}"
20151010T13,-12.553360853740477,-52.28821087761995,5255.328333333333,97356.30859375,0.013105571269989014,1432.6866666666667,31.059320068359398,22.203088378906273,2015-10-10 13:00:00,0.4703369140625,-0.5527238845825195,0.725755127655207,"{""type"":""MultiPoint"",""coordinates"":[]}"
20151010T14,-12.553360853740477,-52.28821087761995,5672.071111111111,97356.20703125,0.034578144550323486,2299.1755555555555,32.6878601074219,21.179360961914085,2015-10-10 14:00:00,0.14825439453125,-0.3823432922363281,0.41008018559294196,"{""type"":""MultiPoint"",""coordinates"":[]}"
20151010T15,-12.553360853740477,-52.28821087761995,6099.5325,97276.91015625,0.06405264139175415,3178.4055555555556,33.7081237792969,20.460549926757835,2015-10-10 15:00:00,-0.297882080078125,-0.323028564453125,0.43941004435984077,"{""type"":""MultiPoint"",""coordinates"":[]}"
20151010T16,-12.553360853740477,-52.28821087761995,6534.835,97182.2421875,0.09437650442123413,3928.0377777777776,33.742349243164085,19.824014282226585,2015-10-10 16:00:00,-0.449737548828125,-0.27541351318359375,0.5273674867396166,"{""type"":""MultiPoint"",""coordinates"":[]}"
20151010T17,-12.553360853740477,-52.28821087761995,6976.833888888889,97068.18359375,0.12345612049102783,4703.300555555556,34.001260375976585,19.35517272949221,2015-10-10 17:00:00,-0.6428985595703125,-0.15113162994384766,0.6604235969944341,"{""type"":""MultiPoint"",""coordinates"":[]}"
20151010T18,-12.553360853740477,-52.28821087761995,7416.2175,96957.53515625,0.3755941986014477,5280.3,33.249551391601585,19.315240478515648,2015-10-10 18:00:00,-0.8284149169921875,0.4610776901245117,0.9480843375068108,"{""type"":""MultiPoint"",""coordinates"":[]}"
20151010T19,-12.553360853740477,-52.28821087761995,7851.3711111111115,96978.296875,0.3888115285803906,5774.305555555556,32.68489990234377,19.17664489746096,2015-10-10 19:00:00,-1.853790283203125,-0.2534809112548828,1.8710400814704446,"{""type"":""MultiPoint"",""coordinates"":[]}"
20151010T20,-12.553360853740477,-52.28821087761995,8281.62361111111,97016.25,0.39333403100272335,5987.727222222222,30.978936767578148,20.392617797851585,2015-10-10 20:00:00,-0.7007598876953125,-1.2204217910766602,1.4073001699486538,"{""type"":""MultiPoint"",""coordinates"":[]}"
20151010T21,-12.553360853740477,-52.28821087761995,8705.187222222223,97069.84375,0.39692521085044064,6101.914444444445,29.756570434570335,20.71198425292971,2015-10-10 21:00:00,-0.03350830078125,-1.2853851318359375,1.285821816336205,"{""type"":""MultiPoint"",""coordinates"":[]}"
20151010T22,-12.553360853740477,-52.28821087761995,9127.929722222223,97145.5859375,0.4039883612563244,6106.892222222222,28.584466552734398,20.824426269531273,2015-10-10 22:00:00,0.1260833740234375,-0.6619691848754883,0.6738695859955786,"{""type"":""MultiPoint"",""coordinates"":[]}"
20151010T23,-12.553360853740477,-52.28821087761995,9549.282222222222,97244.13671875,0.5030661820342175,6106.892222222222,27.76343688964846,21.064904785156273,2015-10-10 23:00:00,0.096466064453125,0.8153562545776367,0.8210429486147155,"{""type"":""MultiPoint"",""coordinates"":[]}"
20151011T00,-12.553360853740477,-52.28821087761995,9971.115833333333,97331.91015625,0.7253021000792614,6106.892222222222,26.749169921875023,20.505456542968773,2015-10-11 00:00:00,0.4157257080078125,1.3507966995239258,1.4133221811545051,"{""type"":""MultiPoint"",""coordinates"":[]}"
20151011T01,-12.553360853740477,-52.28821087761995,417.2903993055556,97396.25,0.05400553345680237,0.0,26.250222778320335,20.731973266601585,2015-10-11 01:00:00,0.7335968017578125,0.9940958023071289,1.2354718660147408,"{""type"":""MultiPoint"",""coordinates"":[]}"
20151011T02,-12.553360853740477,-52.28821087761995,839.1028472222222,97435.47265625,0.180169939994812,0.0,25.901284790039085,21.01050720214846,2015-10-11 02:00:00,1.1065826416015625,0.6780796051025391,1.2978124261810362,"{""type"":""MultiPoint"",""coordinates"":[]}"
20151011T03,-12.553360853740477,-52.28821087761995,1247.4886458333333,97417.421875,0.21962076425552368,0.0,25.294595336914085,21.32410583496096,2015-10-11 03:00:00,1.1944427490234375,1.2037220001220703,1.6957712505737748,"{""type"":""MultiPoint"",""coordinates"":[]}"
20151011T04,-12.553360853740477,-52.28821087761995,1659.9126041666666,97294.4140625,0.22736936807632446,0.0,24.963739013671898,21.568658447265648,2015-10-11 04:00:00,1.031646728515625,1.420166015625,1.755325179103057,"{""type"":""MultiPoint"",""coordinates"":[]}"
20151011T05,-12.553360853740477,-52.28821087761995,2063.2652777777776,97197.1171875,0.22736936807632446,0.0,24.574060058593773,21.585931396484398,2015-10-11 05:00:00,0.952423095703125,1.2886934280395508,1.6024482845636714,"{""type"":""MultiPoint"",""coordinates"":[]}"
20151011T06,-12.553360853740477,-52.28821087761995,2459.9325,97138.73046875,0.22736936807632446,0.0,24.197595214843773,21.536340332031273,2015-10-11 06:00:00,0.7809906005859375,1.2171382904052734,1.446157645685371,"{""type"":""MultiPoint"",""coordinates"":[]}"
20151011T07,-12.553360853740477,-52.28821087761995,2856.8894444444445,97109.09375,0.22736936807632446,0.0,22.698464965820335,21.802850341796898,2015-10-11 07:00:00,0.7953338623046875,1.3095722198486328,1.5321668810961055,"{""type"":""MultiPoint"",""coordinates"":[]}"
20151011T08,-12.553360853740477,-52.28821087761995,3247.4483333333333,97139.10546875,0.22736936807632446,0.0,22.65149841308596,21.689721679687523,2015-10-11 08:00:00,0.6330413818359375,1.321380615234375,1.4651921790106337,"{""type"":""MultiPoint"",""coordinates"":[]}"
20151011T09,-12.553360853740477,-52.28821087761995,3641.4869444444444,97153.73046875,0.22736936807632446,0.0,22.713601684570335,21.638589477539085,2015-10-11 09:00:00,0.56005859375,1.281428337097168,1.398472098952582,"{""type"":""MultiPoint"",""coordinates"":[]}"
20151011T10,-12.553360853740477,-52.28821087761995,4030.601388888889,97250.0546875,0.22736936807632446,42.84166666666667,23.073098754882835,22.10535583496096,2015-10-11 10:00:00,0.435882568359375,1.0565767288208008,1.1429558159811906,"{""type"":""MultiPoint"",""coordinates"":[]}"
20151011T11,-12.553360853740477,-52.28821087761995,4421.180555555556,97317.8984375,0.22736936807632446,267.9766666666667,24.590051269531273,22.952935791015648,2015-10-11 11:00:00,0.412872314453125,1.2420835494995117,1.3089060669044155,"{""type"":""MultiPoint"",""coordinates"":[]}"
20151011T12,-12.553360853740477,-52.28821087761995,4817.0969444444445,97368.36328125,0.22736191749572754,690.2083333333334,26.51282653808596,23.195703125000023,2015-10-11 12:00:00,0.413482666015625,1.511387825012207,1.5669272710277649,"{""type"":""MultiPoint"",""coordinates"":[]}"
20151011T13,-12.553360853740477,-52.28821087761995,5217.7825,97395.0546875,0.22736191749572754,1361.7,28.96802673339846,22.877709960937523,2015-10-11 13:00:00,0.2869415283203125,1.5190725326538086,1.5459355743814336,"{""type"":""MultiPoint"",""coordinates"":[]}"
20151011T14,-12.553360853740477,-52.28821087761995,5626.53,97321.734375,0.24074316024780273,2241.011111111111,31.32758483886721,21.880593872070335,2015-10-11 14:00:00,-0.0414886474609375,1.5125465393066406,1.5131154422041408,"{""type"":""MultiPoint"",""coordinates"":[]}"
20151011T15,-12.553360853740477,-52.28821087761995,6047.5922222222225,97231.0859375,0.2439796923567883,3150.628888888889,32.735940551757835,21.259179687500023,2015-10-11 15:00:00,-0.12078857421875,1.1231136322021484,1.1295902400871305,"{""type"":""MultiPoint"",""coordinates"":[]}"
20151011T16,-12.553360853740477,-52.28821087761995,6474.185,97091.83203125,0.26172697533866085,4083.141111111111,33.5384460449219,20.854974365234398,2015-10-11 16:00:00,-0.022857666015625,0.9052352905273438,0.9055238285720626,"{""type"":""MultiPoint"",""coordinates"":[]}"
20151011T17,-12.553360853740477,-52.28821087761995,6907.786666666667,96966.44140625,0.28062462797606713,4830.477777777778,33.55336914062502,19.755044555664085,2015-10-11 17:00:00,-0.5875396728515625,0.647273063659668,0.8741654798228387,"{""type"":""MultiPoint"",""coordinates"":[]}"
20151011T18,-12.553360853740477,-52.28821087761995,7346.922222222222,96893.421875,0.2807617186704192,5447.819444444444,33.53058776855471,19.570230102539085,2015-10-11 18:00:00,-0.7783355712890625,0.6420631408691406,1.008985301377883,"{""type"":""MultiPoint"",""coordinates"":[]}"
20151011T19,-12.553360853740477,-52.28821087761995,7786.982777777778,96949.46484375,0.396692752758554,5801.307777777778,31.336846923828148,20.39039001464846,2015-10-11 19:00:00,0.262969970703125,0.8308811187744141,0.8715025180843854,"{""type"":""MultiPoint"",""coordinates"":[]}"
20151011T20,-12.553360853740477,-52.28821087761995,8223.943333333333,96958.1484375,0.3983914851346526,6008.518333333333,30.259912109375023,20.847619628906273,2015-10-11 20:00:00,0.80853271484375,1.2711915969848633,1.5065368323468005,"{""type"":""MultiPoint"",""coordinates"":[]}"
20151011T21,-12.553360853740477,-52.28821087761995,8656.587777777779,96964.890625,0.3983914851346526,6090.562777777778,29.051065063476585,21.66315612792971,2015-10-11 21:00:00,0.4317169189453125,0.6117324829101562,0.7487296766864915,"{""type"":""MultiPoint"",""coordinates"":[]}"
20151011T22,-12.553360853740477,-52.28821087761995,9088.707777777778,97051.0703125,0.39949417106299734,6095.2716666666665,28.250085449218773,21.976785278320335,2015-10-11 22:00:00,0.49591064453125,0.8464794158935547,0.9810477913388793,"{""type"":""MultiPoint"",""coordinates"":[]}"
20151011T23,-12.553360853740477,-52.28821087761995,9515.676111111112,97108.21875,0.39949417106299734,6095.2716666666665,27.452844238281273,22.07904968261721,2015-10-11 23:00:00,0.4688568115234375,1.1191539764404297,1.213397021874683,"{""type"":""MultiPoint"",""coordinates"":[]}"
20151012T00,-12.553360853740477,-52.28821087761995,9936.934722222222,97143.56640625,0.39949417111984076,6095.2716666666665,26.838250732421898,22.171426391601585,2015-10-12 00:00:00,0.3331146240234375,1.1815052032470703,1.2275666572688333,"{""type"":""MultiPoint"",""coordinates"":[]}"
20151012T01,-12.553360853740477,-52.28821087761995,409.0203472222222,97207.42578125,0.0,0.0,26.179895019531273,22.238793945312523,2015-10-12 01:00:00,0.3616180419921875,1.2363719940185547,1.2881705305927784,"{""type"":""MultiPoint"",""coordinates"":[]}"
20151012T02,-12.553360853740477,-52.28821087761995,811.4555902777778,97224.1171875,0.0,0.0,25.593560791015648,22.277642822265648,2015-10-12 02:00:00,0.5538787841796875,1.1261024475097656,1.254945588402881,"{""type"":""MultiPoint"",""coordinates"":[]}"
20151012T03,-12.553360853740477,-52.28821087761995,1209.7947569444445,97201.60546875,0.0,0.0,25.03730163574221,22.312951660156273,2015-10-12 03:00:00,0.877838134765625,0.9833431243896484,1.3181667159859511,"{""type"":""MultiPoint"",""coordinates"":[]}"
20151012T04,-12.553360853740477,-52.28821087761995,1609.2899131944444,97152.09765625,0.0,0.0,24.689752197265648,22.21643981933596,2015-10-12 04:00:00,1.0780487060546875,1.0324859619140625,1.4927210972501839,"{""type"":""MultiPoint"",""coordinates"":[]}"
20151012T05,-12.553360853740477,-52.28821087761995,2011.9566666666667,97106.65625,2.384185791015625E-4,0.0,24.622048950195335,21.936578369140648,2015-10-12 05:00:00,1.37701416015625,1.3470439910888672,1.9263165656764327,"{""type"":""MultiPoint"",""coordinates"":[]}"
20151012T06,-12.553360853740477,-52.28821087761995,2410.7858333333334,97093.34375,2.384185791015625E-4,0.0,24.40961608886721,21.660546875000023,2015-10-12 06:00:00,1.397186279296875,1.59661865234375,2.1216315938605876,"{""type"":""MultiPoint"",""coordinates"":[]}"
20151012T07,-12.553360853740477,-52.28821087761995,2816.8288888888887,97103.12890625,2.384185791015625E-4,0.0,24.460244750976585,21.23017272949221,2015-10-12 07:00:00,1.2362213134765625,1.682342529296875,2.0877067614429774,"{""type"":""MultiPoint"",""coordinates"":[]}"
20151012T08,-12.553360853740477,-52.28821087761995,3221.6319444444443,97155.234375,2.384185791015625E-4,0.0,24.296487426757835,20.97614440917971,2015-10-12 08:00:00,1.12823486328125,1.723785400390625,2.060182034025908,"{""type"":""MultiPoint"",""coordinates"":[]}"
20151012T09,-12.553360853740477,-52.28821087761995,3618.7433333333333,97230.31640625,2.384185791015625E-4,0.0,24.013223266601585,20.752954101562523,2015-10-12 09:00:00,1.0739593505859375,1.8349609375,2.1261397717134796,"{""type"":""MultiPoint"",""coordinates"":[]}"
20151012T10,-12.553360853740477,-52.28821087761995,4009.548333333333,97315.875,0.0010907648970714945,50.641666666666666,24.193643188476585,20.788781738281273,2015-10-12 10:00:00,0.909088134765625,1.741302490234375,1.9643257365488238,"{""type"":""MultiPoint"",""coordinates"":[]}"
20151012T11,-12.553360853740477,-52.28821087761995,4396.64,97370.80078125,0.0010907648970714945,316.015,25.670495605468773,20.546228027343773,2015-10-12 11:00:00,0.921600341796875,2.3884124755859375,2.560051043150246,"{""type"":""MultiPoint"",""coordinates"":[]}"
20151012T12,-12.553360853740477,-52.28821087761995,4785.0569444444445,97425.3828125,0.0010907648970714945,819.7588888888889,27.761560058593773,20.69049987792971,2015-10-12 12:00:00,0.601837158203125,2.246307373046875,2.325533224703265,"{""type"":""MultiPoint"",""coordinates"":[]}"
20151012T13,-12.553360853740477,-52.28821087761995,5181.388055555555,97419.50390625,0.0010907648970714945,1549.9622222222222,30.106179809570335,20.820840454101585,2015-10-12 13:00:00,0.3153533935546875,2.05438232421875,2.078445211423407,"{""type"":""MultiPoint"",""coordinates"":[]}"
20151012T14,-12.553360853740477,-52.28821087761995,5585.830833333333,97363.74609375,0.008392333882056846,2462.9855555555555,32.270669555664085,20.46625671386721,2015-10-12 14:00:00,0.1634368896484375,1.8177947998046875,1.825127269834879,"{""type"":""MultiPoint"",""coordinates"":[]}"
20151012T15,-12.553360853740477,-52.28821087761995,5999.105555555556,97276.4140625,0.00989735116263546,3477.3933333333334,33.877114868164085,19.717614746093773,2015-10-12 15:00:00,0.18548583984375,1.4440765380859375,1.4559402613544306,"{""type"":""MultiPoint"",""coordinates"":[]}"
20151012T16,-12.553360853740477,-52.28821087761995,6422.900833333333,97180.5234375,0.01797378052970089,4418.052777777778,34.33352050781252,18.989892578125023,2015-10-12 16:00:00,-0.0307769775390625,0.9112701416015625,0.911789719903099,"{""type"":""MultiPoint"",""coordinates"":[]}"
20151012T17,-12.553360853740477,-52.28821087761995,6852.494722222223,97086.328125,0.02032816399832882,5215.395555555556,34.432717895507835,18.794717407226585,2015-10-12 17:00:00,-0.29901123046875,0.83203125,0.884128789782913,"{""type"":""MultiPoint"",""coordinates"":[]}"
20151012T18,-12.553360853740477,-52.28821087761995,7288.388333333333,96997.53125,0.02032816399832882,5864.083333333333,34.24697265625002,18.72724304199221,2015-10-12 18:00:00,-0.420928955078125,0.7758607864379883,0.8826897219042124,"{""type"":""MultiPoint"",""coordinates"":[]}"
20151012T19,-12.553360853740477,-52.28821087761995,7726.050277777777,96955.703125,0.021192431347571983,6360.12,34.054116821289085,18.933343505859398,2015-10-12 19:00:00,-0.6881256103515625,0.5792064666748047,0.8994425977568674,"{""type"":""MultiPoint"",""coordinates"":[]}"
20151012T20,-12.553360853740477,-52.28821087761995,8160.4575,96967.26953125,0.2648711203505627,6635.971666666666,30.908731079101585,21.032861328125023,2015-10-12 20:00:00,-0.2766876220703125,0.4895772933959961,0.5623539511872157,"{""type"":""MultiPoint"",""coordinates"":[]}"
20151012T21,-12.553360853740477,-52.28821087761995,8588.68638888889,97011.62109375,0.2648711203505627,6731.667777777778,29.64399108886721,22.55262145996096,2015-10-12 21:00:00,0.057281494140625,0.03835773468017578,0.06893827224972508,"{""type"":""MultiPoint"",""coordinates"":[]}"
20151012T22,-12.553360853740477,-52.28821087761995,9020.339444444444,97049.5,0.2648711203505627,6737.513333333333,29.01160583496096,22.641992187500023,2015-10-12 22:00:00,0.126617431640625,-0.20974254608154297,0.2449977747491526,"{""type"":""MultiPoint"",""coordinates"":[]}"
20151012T23,-12.553360853740477,-52.28821087761995,9447.629166666668,97136.58203125,0.2648711203505627,6737.513333333333,28.375894165039085,23.655206298828148,2015-10-12 23:00:00,0.28375244140625,-0.14151573181152344,0.317083822283885,"{""type"":""MultiPoint"",""coordinates"":[]}"
20151013T00,-12.553360853740477,-52.28821087761995,9866.832222222221,97176.01953125,0.2648711203505627,6737.513333333333,27.684472656250023,22.82093200683596,2015-10-13 00:00:00,0.7169952392578125,0.22851181030273438,0.7525289499854478,"{""type"":""MultiPoint"",""coordinates"":[]}"
20151013T01,-12.553360853740477,-52.28821087761995,414.96369791666666,97243.39453125,0.0,0.0,27.12708435058596,22.599938964843773,2015-10-13 01:00:00,1.094635009765625,0.3361225128173828,1.1450782279946037,"{""type"":""MultiPoint"",""coordinates"":[]}"
20151013T02,-12.553360853740477,-52.28821087761995,831.6338541666667,97246.7265625,0.0,0.0,26.593362426757835,22.428125000000023,2015-10-13 02:00:00,1.38482666015625,0.5045938491821289,1.4738927475606733,"{""type"":""MultiPoint"",""coordinates"":[]}"
20151013T03,-12.553360853740477,-52.28821087761995,1239.9496875,97243.5625,0.0,0.0,25.975061035156273,22.110864257812523,2015-10-13 03:00:00,1.4196014404296875,0.6659164428710938,1.5680283666299326,"{""type"":""MultiPoint"",""coordinates"":[]}"
20151013T04,-12.553360853740477,-52.28821087761995,1648.36234375,97200.546875,0.0,0.0,25.583886718750023,21.857110595703148,2015-10-13 04:00:00,1.3523712158203125,0.866084098815918,1.605929503932564,"{""type"":""MultiPoint"",""coordinates"":[]}"
20151013T05,-12.553360853740477,-52.28821087761995,2056.9530555555557,97151.23828125,7.450580596923828E-6,0.0,25.298608398437523,21.664544677734398,2015-10-13 05:00:00,1.3205413818359375,1.0767793655395508,1.703902386638661,"{""type"":""MultiPoint"",""coordinates"":[]}"
20151013T06,-12.553360853740477,-52.28821087761995,2463.06125,97115.43359375,7.450580596923828E-6,0.0,25.053948974609398,21.329125976562523,2015-10-13 06:00:00,1.2577362060546875,1.324995994567871,1.8268866274735664,"{""type"":""MultiPoint"",""coordinates"":[]}"
20151013T07,-12.553360853740477,-52.28821087761995,2862.285277777778,97096.98046875,7.450580596923828E-6,0.0,24.557092285156273,21.23987731933596,2015-10-13 07:00:00,1.0720977783203125,1.3261594772338867,1.7053130520044129,"{""type"":""MultiPoint"",""coordinates"":[]}"
20151013T08,-12.553360853740477,-52.28821087761995,3254.568888888889,97133.34375,7.450580596923828E-6,0.0,24.214517211914085,20.89331970214846,2015-10-13 08:00:00,0.9204559326171875,1.3049259185791016,1.5968941032108823,"{""type"":""MultiPoint"",""coordinates"":[]}"
20151013T09,-12.553360853740477,-52.28821087761995,3642.2527777777777,97206.03125,7.450580596923828E-6,0.0,23.864663696289085,20.646844482421898,2015-10-13 09:00:00,0.6909637451171875,1.3532934188842773,1.5194847727640661,"{""type"":""MultiPoint"",""coordinates"":[]}"
20151013T10,-12.553360853740477,-52.28821087761995,4025.192777777778,97260.4765625,7.450580596923828E-6,57.291666666666664,24.216531372070335,20.898660278320335,2015-10-13 10:00:00,0.403045654296875,1.1331253051757812,1.2026715082171455,"{""type"":""MultiPoint"",""coordinates"":[]}"
20151013T11,-12.553360853740477,-52.28821087761995,4411.049444444445,97333.90625,0.0,329.09055555555557,26.444787597656273,20.665795898437523,2015-10-13 11:00:00,0.2917938232421875,1.517765998840332,1.5455605010862834,"{""type"":""MultiPoint"",""coordinates"":[]}"
20151013T12,-12.553360853740477,-52.28821087761995,4802.0952777777775,97381.765625,0.0,843.14,29.019281005859398,20.693536376953148,2015-10-13 12:00:00,0.1718292236328125,1.4614334106445312,1.4715002194503275,"{""type"":""MultiPoint"",""coordinates"":[]}"
20151013T13,-12.553360853740477,-52.28821087761995,5201.232777777778,97406.36328125,0.0,1562.13,31.437280273437523,20.260614013671898,2015-10-13 13:00:00,0.056793212890625,1.382333755493164,1.3834999387807267,"{""type"":""MultiPoint"",""coordinates"":[]}"
20151013T14,-12.553360853740477,-52.28821087761995,5605.551111111111,97345.33203125,0.0,2479.193333333333,33.50794372558596,19.02405700683596,2015-10-13 14:00:00,-0.5824737548828125,0.28386592864990234,0.6479626073899282,"{""type"":""MultiPoint"",""coordinates"":[]}"
20151013T15,-12.553360853740477,-52.28821087761995,6020.8341666666665,97278.546875,0.0,3437.632222222222,34.96058044433596,16.939614868164085,2015-10-13 15:00:00,-1.7441864013671875,-0.9834232330322266,2.0023255124933548,"{""type"":""MultiPoint"",""coordinates"":[]}"
20151013T16,-12.553360853740477,-52.28821087761995,6443.763055555555,97188.44140625,0.0,4270.620555555555,35.16326293945315,16.196160888671898,2015-10-13 16:00:00,-1.9943389892578125,-1.392613410949707,2.432439129028895,"{""type"":""MultiPoint"",""coordinates"":[]}"
20151013T17,-12.553360853740477,-52.28821087761995,6866.255,97065.36328125,0.0,5133.153333333334,35.49956665039065,16.04425964355471,2015-10-13 17:00:00,-1.8810577392578125,-1.4683341979980469,2.3862907483021174,"{""type"":""MultiPoint"",""coordinates"":[]}"
20151013T18,-12.553360853740477,-52.28821087761995,7295.259722222222,96974.0234375,0.0,5846.917222222222,35.40947875976565,15.986627197265648,2015-10-13 18:00:00,-1.630462646484375,-1.3579721450805664,2.121908760619916,"{""type"":""MultiPoint"",""coordinates"":[]}"
20151013T19,-12.553360853740477,-52.28821087761995,7715.743055555556,96949.203125,0.0,6453.734444444444,35.29851684570315,15.42695007324221,2015-10-13 19:00:00,-1.695892333984375,-1.2177600860595703,2.087819540972539,"{""type"":""MultiPoint"",""coordinates"":[]}"
20151013T20,-12.553360853740477,-52.28821087761995,8134.158611111111,96941.12109375,3.129243850708008E-4,6823.173333333333,34.4044128417969,16.03473815917971,2015-10-13 20:00:00,-1.2278900146484375,-0.9938650131225586,1.579709325281852,"{""type"":""MultiPoint"",""coordinates"":[]}"
20151013T21,-12.553360853740477,-52.28821087761995,8549.0175,96977.828125,3.129243850708008E-4,6968.348333333333,32.91680297851565,17.830438232421898,2015-10-13 21:00:00,-0.6151275634765625,-1.3196563720703125,1.4559790038645446,"{""type"":""MultiPoint"",""coordinates"":[]}"
20151013T22,-12.553360853740477,-52.28821087761995,8957.568055555555,97017.80859375,3.129243850708008E-4,6976.06,31.418252563476585,17.750878906250023,2015-10-13 22:00:00,-0.331024169921875,-1.7842559814453125,1.8147028430009806,"{""type"":""MultiPoint"",""coordinates"":[]}"
20151013T23,-12.553360853740477,-52.28821087761995,9358.710833333333,97092.4921875,3.129243850708008E-4,6976.06,29.814797973632835,17.805398559570335,2015-10-13 23:00:00,-0.0280914306640625,-1.954559326171875,1.9547611843911286,"{""type"":""MultiPoint"",""coordinates"":[]}"
20151014T00,-12.553360853740477,-52.28821087761995,9756.619444444445,97144.5,3.129243850708008E-4,6976.06,28.458062744140648,17.84723815917971,2015-10-14 00:00:00,0.164947509765625,-2.0009002685546875,2.00768761655794,"{""type"":""MultiPoint"",""coordinates"":[]}"
20151014T01,-12.553360853740477,-52.28821087761995,396.43340277777776,97208.0078125,0.0,0.0,27.50415954589846,17.841897583007835,2015-10-14 01:00:00,0.34356689453125,-1.9351959228515625,1.965457064104723,"{""type"":""MultiPoint"",""coordinates"":[]}"
20151014T02,-12.553360853740477,-52.28821087761995,787.2475694444445,97230.609375,0.0,0.0,26.867593383789085,17.884500122070335,2015-10-14 02:00:00,0.53350830078125,-1.8626251220703125,1.9375250843201859,"{""type"":""MultiPoint"",""coordinates"":[]}"
20151014T03,-12.553360853740477,-52.28821087761995,1172.1710590277778,97203.8984375,0.0,0.0,26.29859313964846,17.965234375000023,2015-10-14 03:00:00,0.740142822265625,-1.7323455810546875,1.8838345494100663,"{""type"":""MultiPoint"",""coordinates"":[]}"
20151014T04,-12.553360853740477,-52.28821087761995,1553.868611111111,97151.33984375,0.0,0.0,25.790307617187523,18.038842773437523,2015-10-14 04:00:00,0.85748291015625,-1.622589111328125,1.8352308752335837,"{""type"":""MultiPoint"",""coordinates"":[]}"
20151014T05,-12.553360853740477,-52.28821087761995,1931.4663888888888,97080.95703125,0.0,0.0,25.351373291015648,18.105310058593773,2015-10-14 05:00:00,0.93804931640625,-1.4621429443359375,1.7371811965599897,"{""type"":""MultiPoint"",""coordinates"":[]}"
20151014T06,-12.553360853740477,-52.28821087761995,2304.6566666666668,97033.34765625,0.0,0.0,24.97046813964846,18.181558227539085,2015-10-14 06:00:00,1.2891845703125,-1.1389312744140625,1.7202212951159122,"{""type"":""MultiPoint"",""coordinates"":[]}"
20151014T07,-12.553360853740477,-52.28821087761995,2676.8786111111112,96995.2265625,0.0,0.0,24.243386840820335,18.198297119140648,2015-10-14 07:00:00,1.3139801025390625,-1.3059988021850586,1.8526134462367947,"{""type"":""MultiPoint"",""coordinates"":[]}"
20151014T08,-12.553360853740477,-52.28821087761995,3046.6755555555555,97058.7890625,0.0,0.0,23.756890869140648,18.294519042968773,2015-10-14 08:00:00,1.2953948974609375,-1.2056732177734375,1.76965981149598,"{""type"":""MultiPoint"",""coordinates"":[]}"
20151014T09,-12.553360853740477,-52.28821087761995,3415.4391666666666,97090.37109375,0.0,0.0,23.31617126464846,18.553262329101585,2015-10-14 09:00:00,1.2812957763671875,-1.0645599365234375,1.6658351434002043,"{""type"":""MultiPoint"",""coordinates"":[]}"
20151014T10,-12.553360853740477,-52.28821087761995,3783.6475,97181.96875,0.0,61.693333333333335,23.690835571289085,19.623742675781273,2015-10-14 10:00:00,0.9854888916015625,-0.6399688720703125,1.175052557415635,"{""type"":""MultiPoint"",""coordinates"":[]}"
20151014T11,-12.553360853740477,-52.28821087761995,4155.106944444445,97264.80859375,0.0,350.6066666666667,26.51917419433596,20.47907409667971,2015-10-14 11:00:00,1.135009765625,-0.5437774658203125,1.2585472181837591,"{""type"":""MultiPoint"",""coordinates"":[]}"
20151014T12,-12.553360853740477,-52.28821087761995,4535.097222222223,97312.33203125,0.0,891.0327777777778,29.423913574218773,20.996545410156273,2015-10-14 12:00:00,1.31768798828125,-0.5346832275390625,1.422036493298353,"{""type"":""MultiPoint"",""coordinates"":[]}"
20151014T13,-12.553360853740477,-52.28821087761995,4925.486666666667,97345.0078125,0.0,1652.0194444444444,32.13262329101565,20.24988708496096,2015-10-14 13:00:00,1.20684814453125,-0.7067718505859375,1.3985738781841994,"{""type"":""MultiPoint"",""coordinates"":[]}"
20151014T14,-12.553360853740477,-52.28821087761995,5329.224722222222,97318.78515625,0.0,2582.8122222222223,34.46383056640627,18.408731079101585,2015-10-14 14:00:00,0.298004150390625,-1.07623291015625,1.1167290407943322,"{""type"":""MultiPoint"",""coordinates"":[]}"
20151014T15,-12.553360853740477,-52.28821087761995,5742.048055555556,97238.83203125,0.0,3548.541111111111,35.95464477539065,15.29755554199221,2015-10-14 15:00:00,-1.2836456298828125,-1.8282318115234375,2.2338705557358316,"{""type"":""MultiPoint"",""coordinates"":[]}"
20151014T16,-12.553360853740477,-52.28821087761995,6169.388333333333,97172.390625,0.0,4281.197777777777,35.7510925292969,14.208215332031273,2015-10-14 16:00:00,-1.8938751220703125,-2.136322021484375,2.854931655482479,"{""type"":""MultiPoint"",""coordinates"":[]}"
20151014T17,-12.553360853740477,-52.28821087761995,6600.746944444444,97076.34375,0.0,5087.012777777778,36.03681335449221,14.098046875000023,2015-10-14 17:00:00,-1.8744964599609375,-2.1489105224609375,2.8515878755439794,"{""type"":""MultiPoint"",""coordinates"":[]}"
20151014T18,-12.553360853740477,-52.28821087761995,7025.67,97004.25,2.9802322387695312E-5,5673.174444444445,35.44283447265627,14.22522888183596,2015-10-14 18:00:00,-1.3995208740234375,-1.940032958984375,2.3921510317647163,"{""type"":""MultiPoint"",""coordinates"":[]}"
20151014T19,-12.553360853740477,-52.28821087761995,7447.826388888889,96936.38671875,2.9802322387695312E-5,6199.8,35.227395629882835,14.554010009765648,2015-10-14 19:00:00,-1.43829345703125,-1.9124755859375,2.3929586154687024,"{""type"":""MultiPoint"",""coordinates"":[]}"
20151014T20,-12.553360853740477,-52.28821087761995,7866.8875,96921.484375,2.9802322387695312E-5,6551.596111111111,34.5051208496094,15.133264160156273,2015-10-14 20:00:00,-1.0009613037109375,-1.508392333984375,1.8102958224416057,"{""type"":""MultiPoint"",""coordinates"":[]}"
20151014T21,-12.553360853740477,-52.28821087761995,8287.746666666666,96978.671875,2.9802322387695312E-5,6696.988888888889,32.86614379882815,16.650506591796898,2015-10-14 21:00:00,-0.79376220703125,-1.5417938232421875,1.7341241693428078,"{""type"":""MultiPoint"",""coordinates"":[]}"
20151014T22,-12.553360853740477,-52.28821087761995,8694.646111111111,97012.15234375,2.9802322387695312E-5,6705.219444444445,31.041802978515648,16.216836547851585,2015-10-14 22:00:00,-0.8479156494140625,-1.98577880859375,2.159230980043887,"{""type"":""MultiPoint"",""coordinates"":[]}"
20151014T23,-12.553360853740477,-52.28821087761995,9099.263333333334,97080.76171875,2.9802322387695312E-5,6705.218888888889,29.68036804199221,15.822686767578148,2015-10-14 23:00:00,-0.736663818359375,-1.974822998046875,2.1077474836646495,"{""type"":""MultiPoint"",""coordinates"":[]}"
20151015T00,-12.553360853740477,-52.28821087761995,9497.858888888888,97144.3828125,2.9802322387695312E-5,6705.218888888889,28.736489868164085,15.72364196777346,2015-10-15 00:00:00,-0.595367431640625,-1.9835205078125,2.070945673737269,"{""type"":""MultiPoint"",""coordinates"":[]}"
20151015T01,-12.553360853740477,-52.28821087761995,394.88463541666664,97190.4453125,0.0,0.0,28.020303344726585,15.898370361328148,2015-10-15 01:00:00,-0.410491943359375,-1.9757461547851562,2.0179386768956302,"{""type"":""MultiPoint"",""coordinates"":[]}"
20151015T02,-12.553360853740477,-52.28821087761995,786.5571354166667,97227.05078125,0.0,0.0,27.44471130371096,16.125634765625023,2015-10-15 02:00:00,-0.1823883056640625,-1.9645137786865234,1.9729622096462491,"{""type"":""MultiPoint"",""coordinates"":[]}"
20151015T03,-12.553360853740477,-52.28821087761995,1170.2709895833334,97196.28125,0.0,0.0,26.840478515625023,16.31202087402346,2015-10-15 03:00:00,0.1221160888671875,-1.9306964874267578,1.9345545393506587,"{""type"":""MultiPoint"",""coordinates"":[]}"
20151015T04,-12.553360853740477,-52.28821087761995,1556.2403298611111,97133.8359375,0.0,0.0,26.424676513671898,16.52314147949221,2015-10-15 04:00:00,0.52227783203125,-1.738494873046875,1.8152516512708459,"{""type"":""MultiPoint"",""coordinates"":[]}"
20151015T05,-12.553360853740477,-52.28821087761995,1932.3223611111111,97072.40625,0.0,0.0,25.813134765625023,16.748269653320335,2015-10-15 05:00:00,0.92132568359375,-1.5156707763671875,1.7737245889886637,"{""type"":""MultiPoint"",""coordinates"":[]}"
20151015T06,-12.553360853740477,-52.28821087761995,2306.22625,97039.15625,0.0,0.0,25.106362915039085,16.997552490234398,2015-10-15 06:00:00,1.054412841796875,-1.4574432373046875,1.7988683195029394,"{""type"":""MultiPoint"",""coordinates"":[]}"
20151015T07,-12.553360853740477,-52.28821087761995,2679.6633333333334,97017.0625,0.0,0.0,24.424234008789085,16.829934692382835,2015-10-15 07:00:00,0.5002899169921875,-1.7803802490234375,1.8493360517106692,"{""type"":""MultiPoint"",""coordinates"":[]}"
20151015T08,-12.553360853740477,-52.28821087761995,3051.66,97040.94140625,8.583068797918258E-4,0.0,24.111596679687523,17.132287597656273,2015-10-15 08:00:00,0.7792510986328125,-1.50897216796875,1.698301880828245,"{""type"":""MultiPoint"",""coordinates"":[]}"
20151015T09,-12.553360853740477,-52.28821087761995,3421.8825,97086.8359375,8.583068797918258E-4,0.0,23.85242614746096,17.603860473632835,2015-10-15 09:00:00,1.2433929443359375,-1.0085601806640625,1.601005825112925,"{""type"":""MultiPoint"",""coordinates"":[]}"
20151015T10,-12.553360853740477,-52.28821087761995,3790.458611111111,97161.52734375,8.583068797918258E-4,63.61555555555555,23.924234008789085,19.038842773437523,2015-10-15 10:00:00,1.0859222412109375,-0.1889190673828125,1.1022329735484133,"{""type"":""MultiPoint"",""coordinates"":[]}"
20151015T11,-12.553360853740477,-52.28821087761995,4160.642222222222,97247.703125,8.583068797918258E-4,355.2711111111111,27.229165649414085,20.100503540039085,2015-10-15 11:00:00,0.767242431640625,-0.04925537109375,0.7688218522462809,"{""type"":""MultiPoint"",""coordinates"":[]}"
20151015T12,-12.553360853740477,-52.28821087761995,4538.559166666667,97281.6484375,8.583068797918258E-4,902.2788888888889,30.57898864746096,20.085916137695335,2015-10-15 12:00:00,0.9700164794921875,-0.1692657470703125,0.984673988494511,"{""type"":""MultiPoint"",""coordinates"":[]}"
20151015T13,-12.553360853740477,-52.28821087761995,4927.613333333334,97287.2578125,8.583068797918258E-4,1669.7833333333333,33.3862243652344,18.64087829589846,2015-10-15 13:00:00,0.8601226806640625,-0.6194000244140625,1.0599374585497363,"{""type"":""MultiPoint"",""coordinates"":[]}"
20151015T14,-12.553360853740477,-52.28821087761995,5327.095555555556,97252.28125,8.583068797918258E-4,2599.3716666666664,35.47466430664065,16.330178833007835,2015-10-15 14:00:00,-0.3294057846069336,-1.3089141845703125,1.3497275701051215,"{""type"":""MultiPoint"",""coordinates"":[]}"
20151015T15,-12.553360853740477,-52.28821087761995,5748.881388888889,97186.23828125,8.583068797918258E-4,3362.4855555555555,35.97170410156252,13.896264648437523,2015-10-15 15:00:00,-1.4710407257080078,-1.9085540771484375,2.4096762193480408,"{""type"":""MultiPoint"",""coordinates"":[]}"
20151015T16,-12.553360853740477,-52.28821087761995,6174.508055555556,97123.44140625,8.583068797918258E-4,4178.5,36.4053894042969,13.229058837890648,2015-10-15 16:00:00,-1.6703100204467773,-2.125762939453125,2.7034799128451654,"{""type"":""MultiPoint"",""coordinates"":[]}"
20151015T17,-12.553360853740477,-52.28821087761995,6592.6611111111115,97031.6640625,8.583068797918258E-4,4975.416111111111,36.49431762695315,13.270181274414085,2015-10-15 17:00:00,-1.3733062744140625,-2.1595611572265625,2.5592331888959947,"{""type"":""MultiPoint"",""coordinates"":[]}"
20151015T18,-12.553360853740477,-52.28821087761995,7002.819444444444,96923.46484375,8.583068797918258E-4,5750.683888888889,36.68349609375002,13.190911865234398,2015-10-15 18:00:00,-1.0675811767578125,-1.9802093505859375,2.249657449727753,"{""type"":""MultiPoint"",""coordinates"":[]}"
20151015T19,-12.553360853740477,-52.28821087761995,7420.078333333333,96857.8359375,8.583068797918258E-4,6325.014444444444,36.71114501953127,12.621636962890648,2015-10-15 19:00:00,-1.175811767578125,-1.6314697265625,2.011026300540377,"{""type"":""MultiPoint"",""coordinates"":[]}"
20151015T20,-12.553360853740477,-52.28821087761995,7840.686944444445,96891.5546875,8.583068797918258E-4,6703.853888888889,36.02633056640627,13.18128356933596,2015-10-15 20:00:00,-0.9105682373046875,-1.324005126953125,1.6068989050299107,"{""type"":""MultiPoint"",""coordinates"":[]}"
20151015T21,-12.553360853740477,-52.28821087761995,8256.726388888888,96917.59765625,8.583068797918258E-4,6858.550555555556,34.17006835937502,15.257730102539085,2015-10-15 21:00:00,-0.895843505859375,-1.6164398193359375,1.848083676819103,"{""type"":""MultiPoint"",""coordinates"":[]}"
20151015T22,-12.553360853740477,-52.28821087761995,8662.99888888889,96992.88671875,8.583068797918258E-4,6866.447777777777,32.24543151855471,15.029031372070335,2015-10-15 22:00:00,-1.1736297607421875,-1.8587646484375,2.1982749676918827,"{""type"":""MultiPoint"",""coordinates"":[]}"
20151015T23,-12.553360853740477,-52.28821087761995,9057.808333333332,97072.05859375,8.583068797918258E-4,6866.447777777777,30.391564941406273,14.78870544433596,2015-10-15 23:00:00,-1.25091552734375,-1.8545989990234375,2.2370353380598234,"{""type"":""MultiPoint"",""coordinates"":[]}"
20151016T00,-12.553360853740477,-52.28821087761995,9454.102222222222,97140.01953125,8.583068797918258E-4,6866.447777777777,29.216638183593773,14.68836364746096,2015-10-16 00:00:00,-1.032928466796875,-1.8397979736328125,2.1099283877190587,"{""type"":""MultiPoint"",""coordinates"":[]}"
20151016T01,-12.553360853740477,-52.28821087761995,399.8964583333333,97202.10546875,0.0,0.0,28.56971130371096,14.86329040527346,2015-10-16 01:00:00,-0.5525665283203125,-1.9111785888671875,1.9894555453099063,"{""type"":""MultiPoint"",""coordinates"":[]}"
20151016T02,-12.553360853740477,-52.28821087761995,790.2963715277778,97217.875,0.0,0.0,27.977395629882835,15.216226196289085,2015-10-16 02:00:00,0.0946807861328125,-1.88616943359375,1.888544302759693,"{""type"":""MultiPoint"",""coordinates"":[]}"
20151016T03,-12.553360853740477,-52.28821087761995,1180.8638020833334,97204.828125,0.0,0.0,27.59119567871096,15.632302856445335,2015-10-16 03:00:00,0.7000579833984375,-1.534393310546875,1.6865479570919073,"{""type"":""MultiPoint"",""coordinates"":[]}"
20151016T04,-12.553360853740477,-52.28821087761995,1562.7583854166667,97121.19921875,0.0,0.0,27.07312927246096,15.973718261718773,2015-10-16 04:00:00,1.366058349609375,-0.8784027099609375,1.624101824210603,"{""type"":""MultiPoint"",""coordinates"":[]}"
20151016T05,-12.553360853740477,-52.28821087761995,1935.5904166666667,97046.42578125,0.0,0.0,26.31488952636721,16.022866821289085,2015-10-16 05:00:00,1.93035888671875,-0.11279296875,1.9336513867120646,"{""type"":""MultiPoint"",""coordinates"":[]}"
20151016T06,-12.553360853740477,-52.28821087761995,2302.518888888889,96998.00390625,0.0,0.0,24.983987426757835,16.220483398437523,2015-10-16 06:00:00,1.8680572509765625,0.3527374267578125,1.9010685377339331,"{""type"":""MultiPoint"",""coordinates"":[]}"
20151016T07,-12.553360853740477,-52.28821087761995,2675.773888888889,96988.43359375,0.0,0.0,24.941278076171898,16.20148620605471,2015-10-16 07:00:00,1.6040802001953125,0.4005126953125,1.6533250460103475,"{""type"":""MultiPoint"",""coordinates"":[]}"
20151016T08,-12.553360853740477,-52.28821087761995,3048.635277777778,97078.578125,0.0,0.0,24.24726257324221,16.523370361328148,2015-10-16 08:00:00,1.3079071044921875,0.6558380126953125,1.4631283241319863,"{""type"":""MultiPoint"",""coordinates"":[]}"
20151016T09,-12.553360853740477,-52.28821087761995,3419.3069444444445,97163.5390625,8.583068797918258E-4,0.0,23.74317321777346,17.03809509277346,2015-10-16 09:00:00,1.1866302490234375,0.2090301513671875,1.20490039093612,"{""type"":""MultiPoint"",""coordinates"":[]}"
20151016T10,-12.553360853740477,-52.28821087761995,3789.3883333333333,97261.9140625,8.583068797918258E-4,58.66888888888889,23.721582031250023,18.457635498046898,2015-10-16 10:00:00,0.6809234619140625,-0.35345458984375,0.7671941788534669,"{""type"":""MultiPoint"",""coordinates"":[]}"
20151016T11,-12.553360853740477,-52.28821087761995,4158.985,97362.53125,8.583068797918258E-4,347.49833333333333,27.115197753906273,19.026849365234398,2015-10-16 11:00:00,0.2645263671875,-0.2192840576171875,0.3435981619020598,"{""type"":""MultiPoint"",""coordinates"":[]}"
20151016T12,-12.553360853740477,-52.28821087761995,4537.714444444445,97416.0625,8.583068797918258E-4,887.8311111111111,30.55011901855471,18.173028564453148,2015-10-16 12:00:00,0.4517822265625,-0.3446502685546875,0.5682349759145315,"{""type"":""MultiPoint"",""coordinates"":[]}"
20151016T13,-12.553360853740477,-52.28821087761995,4928.291388888889,97448.51953125,8.583068797918258E-4,1650.2883333333334,33.366494750976585,17.215814208984398,2015-10-16 13:00:00,0.5694122314453125,-0.521209716796875,0.7719390249255499,"{""type"":""MultiPoint"",""coordinates"":[]}"
20151016T14,-12.553360853740477,-52.28821087761995,5332.716388888889,97414.9375,0.00172257422903499,2549.8366666666666,35.31525573730471,16.233209228515648,2015-10-16 14:00:00,0.1177825927734375,-0.508697509765625,0.522155049388763,"{""type"":""MultiPoint"",""coordinates"":[]}"
20151016T15,-12.553360853740477,-52.28821087761995,5749.977777777778,97340.46484375,0.00172257422903499,3545.1666666666665,36.81446228027346,15.041619873046898,2015-10-16 15:00:00,-0.8405914306640625,-0.5938873291015625,1.0292211195720982,"{""type"":""MultiPoint"",""coordinates"":[]}"
20151016T16,-12.553360853740477,-52.28821087761995,6181.916666666667,97251.94140625,0.0017225742325877036,4356.055555555556,36.68978271484377,14.032464599609398,2015-10-16 16:00:00,-2.2144317626953125,-1.2020416259765625,2.519645233403752,"{""type"":""MultiPoint"",""coordinates"":[]}"
20151016T17,-12.553360853740477,-52.28821087761995,6616.417777777778,97149.6328125,0.0017225742325877036,5142.2172222222225,36.53980407714846,13.208642578125023,2015-10-16 17:00:00,-2.654144287109375,-1.321319580078125,2.964855364009038,"{""type"":""MultiPoint"",""coordinates"":[]}"
20151016T18,-12.553360853740477,-52.28821087761995,7043.413611111111,97077.90234375,0.0017225742325877036,5692.695555555556,35.39125976562502,13.17823181152346,2015-10-16 18:00:00,-2.2586517333984375,-1.199462890625,2.5573851643368557,"{""type"":""MultiPoint"",""coordinates"":[]}"
20151016T19,-12.553360853740477,-52.28821087761995,7455.541944444444,96946.0078125,0.002584757908152824,6279.086666666667,35.705239868164085,13.460244750976585,2015-10-16 19:00:00,-1.912322998046875,-0.7346649169921875,2.0485877548003955,"{""type"":""MultiPoint"",""coordinates"":[]}"
20151016T20,-12.553360853740477,-52.28821087761995,7870.105833333333,96949.19140625,0.002584757908152824,6648.265,34.954263305664085,14.06080017089846,2015-10-16 20:00:00,-1.54473876953125,-0.4536895751953125,1.6099851231405287,"{""type"":""MultiPoint"",""coordinates"":[]}"
20151016T21,-12.553360853740477,-52.28821087761995,8277.517777777777,96985.5,0.002584757908152824,6801.577777777778,33.34450683593752,16.309671020507835,2015-10-16 21:00:00,-1.5151214599609375,0.1111907958984375,1.5191959819347505,"{""type"":""MultiPoint"",""coordinates"":[]}"
20151016T22,-12.553360853740477,-52.28821087761995,8681.08888888889,97064.984375,0.0026062191977871407,6810.458333333333,31.927453613281273,16.463647460937523,2015-10-16 22:00:00,-1.42822265625,0.7343597412109375,1.6059589612867449,"{""type"":""MultiPoint"",""coordinates"":[]}"
20151016T23,-12.553360853740477,-52.28821087761995,9079.409722222223,97100.3828125,0.0026062191977871407,6810.458333333333,30.586541748046898,16.621133422851585,2015-10-16 23:00:00,-0.8901519775390625,1.262451171875,1.544717936869144,"{""type"":""MultiPoint"",""coordinates"":[]}"
20151017T00,-12.553360853740477,-52.28821087761995,9477.5075,97138.3984375,0.0026062191977871407,6810.458333333333,29.424951171875023,16.705407714843773,2015-10-17 00:00:00,-0.28289794921875,1.534912109375,1.560764695006325,"{""type"":""MultiPoint"",""coordinates"":[]}"
20151017T01,-12.553360853740477,-52.28821087761995,389.7913541666667,97172.82421875,0.0,0.0,28.37586364746096,16.689904785156273,2015-10-17 01:00:00,-0.040618896484375,1.5887451171875,1.5892642769969794,"{""type"":""MultiPoint"",""coordinates"":[]}"
20151017T02,-12.553360853740477,-52.28821087761995,776.8156770833333,97174.93359375,0.0,0.0,27.514871215820335,16.78553161621096,2015-10-17 02:00:00,-0.2099456787109375,1.417755126953125,1.4332155413653829,"{""type"":""MultiPoint"",""coordinates"":[]}"
20151017T03,-12.553360853740477,-52.28821087761995,1159.117170138889,97143.8984375,0.0,0.0,26.598107910156273,17.570489501953148,2015-10-17 03:00:00,-0.347747802734375,1.04901123046875,1.1051484497370236,"{""type"":""MultiPoint"",""coordinates"":[]}"
20151017T04,-12.553360853740477,-52.28821087761995,1537.8184375,97074.38671875,0.0,0.0,27.086206054687523,16.801080322265648,2015-10-17 04:00:00,-0.1523895263671875,0.36163330078125,0.392429881609897,"{""type"":""MultiPoint"",""coordinates"":[]}"
20151017T05,-12.553360853740477,-52.28821087761995,1913.8358333333333,97020.98828125,0.0,0.0,26.220239257812523,17.507928466796898,2015-10-17 05:00:00,0.51947021484375,-0.3508758544921875,0.6268677447240641,"{""type"":""MultiPoint"",""coordinates"":[]}"
20151017T06,-12.553360853740477,-52.28821087761995,2285.8566666666666,97031.5703125,0.0,0.0,24.234613037109398,17.71454772949221,2015-10-17 06:00:00,1.486419677734375,-0.361175537109375,1.5296703000850245,"{""type"":""MultiPoint"",""coordinates"":[]}"
20151017T07,-12.553360853740477,-52.28821087761995,2661.380277777778,97017.74609375,0.0,0.0,24.099160766601585,16.561791992187523,2015-10-17 07:00:00,1.7745361328125,-0.04339599609375,1.775066674560173,"{""type"":""MultiPoint"",""coordinates"":[]}"
20151017T08,-12.553360853740477,-52.28821087761995,3042.8030555555556,97079.5078125,0.0,0.0,24.134027099609398,16.721963500976585,2015-10-17 08:00:00,1.54833984375,-0.0522613525390625,1.549221585414103,"{""type"":""MultiPoint"",""coordinates"":[]}"
20151017T09,-12.553360853740477,-52.28821087761995,3428.3519444444446,97172.5625,0.0,0.0,23.854898071289085,17.570977783203148,2015-10-17 09:00:00,1.2815399169921875,-0.2335662841796875,1.3026502861281877,"{""type"":""MultiPoint"",""coordinates"":[]}"
20151017T10,-12.553360853740477,-52.28821087761995,3814.847222222222,97287.48828125,0.0,57.48888888888889,24.210733032226585,18.721704101562523,2015-10-17 10:00:00,0.838165283203125,-0.2659149169921875,0.8793359909874818,"{""type"":""MultiPoint"",""coordinates"":[]}"
20151017T11,-12.553360853740477,-52.28821087761995,4204.868611111111,97400.37890625,0.0,301.91333333333336,27.004129028320335,19.17090759277346,2015-10-17 11:00:00,0.588714599609375,-0.0438385009765625,0.5903445552904666,"{""type"":""MultiPoint"",""coordinates"":[]}"
20151017T12,-12.553360853740477,-52.28821087761995,4601.8116666666665,97471.42578125,0.0,743.3916666666667,29.864678955078148,18.632897949218773,2015-10-17 12:00:00,0.8195037841796875,0.1340484619140625,0.8303947509626693,"{""type"":""MultiPoint"",""coordinates"":[]}"
20151017T13,-12.553360853740477,-52.28821087761995,5006.486666666667,97501.65234375,8.597968985668558E-4,1368.4727777777778,32.46351013183596,17.758966064453148,2015-10-17 13:00:00,1.0130157470703125,0.3812713623046875,1.0823902972246635,"{""type"":""MultiPoint"",""coordinates"":[]}"
20151017T14,-12.553360853740477,-52.28821087761995,5414.698611111111,97486.44921875,0.0019401311419642298,2243.4305555555557,35.11727294921877,16.386819458007835,2015-10-17 14:00:00,0.7946624755859375,0.6038818359375,0.9980790158497554,"{""type"":""MultiPoint"",""coordinates"":[]}"
20151017T15,-12.553360853740477,-52.28821087761995,5820.031111111111,97394.53515625,0.002580881073299679,3282.427777777778,37.08037719726565,14.096032714843773,2015-10-17 15:00:00,-0.6058807373046875,0.240447998046875,0.6518486845899297,"{""type"":""MultiPoint"",""coordinates"":[]}"
20151017T16,-12.553360853740477,-52.28821087761995,6250.090277777777,97310.01171875,0.003431683751387027,4001.26,37.00127563476565,12.053262329101585,2015-10-17 16:00:00,-1.7552490234375,-0.557281494140625,1.8415921910102424,"{""type"":""MultiPoint"",""coordinates"":[]}"
20151017T17,-12.553360853740477,-52.28821087761995,6679.1475,97213.34375,0.0034290536063963373,4641.486666666667,36.79486999511721,11.762872314453148,2015-10-17 17:00:00,-1.7216949462890625,-0.7784881591796875,1.88951774325098,"{""type"":""MultiPoint"",""coordinates"":[]}"
20151017T18,-12.553360853740477,-52.28821087761995,7113.028611111111,97101.43359375,0.0034381729960841767,5272.196666666667,36.87970886230471,11.72944030761721,2015-10-17 18:00:00,-1.432159423828125,-0.71868896484375,1.602371506064648,"{""type"":""MultiPoint"",""coordinates"":[]}"
20151017T19,-12.553360853740477,-52.28821087761995,7528.019444444444,96982.8515625,0.0034381729960841767,5843.061111111111,37.18840942382815,11.331582641601585,2015-10-17 19:00:00,-1.0662689208984375,-0.7951202392578125,1.3300923300851408,"{""type"":""MultiPoint"",""coordinates"":[]}"
20151017T20,-12.553360853740477,-52.28821087761995,7934.649444444444,96989.22265625,0.0034381729960841767,6238.642777777778,36.332498168945335,12.636499023437523,2015-10-17 20:00:00,-0.6464996337890625,-0.5555419921875,0.8524017137318813,"{""type"":""MultiPoint"",""coordinates"":[]}"
20151017T21,-12.553360853740477,-52.28821087761995,8336.447777777777,97017.3515625,0.0034381729960841767,6399.895555555556,33.58735046386721,16.398416137695335,2015-10-17 21:00:00,-0.6143646240234375,-0.587249755859375,0.8498859729448153,"{""type"":""MultiPoint"",""coordinates"":[]}"
20151017T22,-12.553360853740477,-52.28821087761995,8728.725,97084.44921875,0.0034381729960841767,6409.55,31.79071960449221,16.77100524902346,2015-10-17 22:00:00,-0.9440765380859375,-0.68170166015625,1.1644731268793265,"{""type"":""MultiPoint"",""coordinates"":[]}"
20151017T23,-12.553360853740477,-52.28821087761995,9115.92111111111,97120.83984375,0.0034381729960841767,6409.55,30.45771179199221,16.559228515625023,2015-10-17 23:00:00,-1.1136627197265625,-1.021759033203125,1.5113689738912033,"{""type"":""MultiPoint"",""coordinates"":[]}"
20151018T00,-12.553360853740477,-52.28821087761995,9499.593611111111,97175.55859375,0.0034381729960841767,6409.55,29.420068359375023,16.15052185058596,2015-10-18 00:00:00,-1.1115570068359375,-1.5279998779296875,1.8895350238614812,"{""type"":""MultiPoint"",""coordinates"":[]}"
20151018T01,-12.553360853740477,-52.28821087761995,380.03697916666664,97221.390625,0.0,0.0,28.550286865234398,15.638177490234398,2015-10-18 01:00:00,-0.7008514404296875,-1.853118896484375,1.9812224473944957,"{""type"":""MultiPoint"",""coordinates"":[]}"
20151018T02,-12.553360853740477,-52.28821087761995,757.0006423611111,97273.66015625,0.0,0.0,27.958093261718773,15.171731567382835,2015-10-18 02:00:00,0.1815032958984375,-1.9691619873046875,1.9775091349138547,"{""type"":""MultiPoint"",""coordinates"":[]}"
20151018T03,-12.553360853740477,-52.28821087761995,1130.7175520833334,97249.6328125,0.0,0.0,27.10535583496096,14.900842285156273,2015-10-18 03:00:00,1.4586181640625,-1.7274627685546875,2.2609056957944276,"{""type"":""MultiPoint"",""coordinates"":[]}"
20151018T04,-12.553360853740477,-52.28821087761995,1501.2358159722223,97207.7109375,0.0,0.0,26.02796325683596,14.615991210937523,2015-10-18 04:00:00,1.7368927001953125,-1.327178955078125,2.18590947451948,"{""type"":""MultiPoint"",""coordinates"":[]}"
20151018T05,-12.553360853740477,-52.28821087761995,1869.372361111111,97154.125,0.0,0.0,25.465722656250023,14.395425415039085,2015-10-18 05:00:00,1.6057281494140625,-1.2811431884765625,2.054188589005548,"{""type"":""MultiPoint"",""coordinates"":[]}"
20151018T06,-12.553360853740477,-52.28821087761995,2235.7366666666667,97108.05859375,0.0,0.0,25.071740722656273,14.415643310546898,2015-10-18 06:00:00,1.5157470703125,-1.13592529296875,1.8941529643529498,"{""type"":""MultiPoint"",""coordinates"":[]}"
20151018T07,-12.553360853740477,-52.28821087761995,2599.4977777777776,97087.79296875,0.0,0.0,24.502481079101585,14.77240905761721,2015-10-18 07:00:00,2.0206451416015625,-0.23272705078125,2.0340031141675614,"{""type"":""MultiPoint"",""coordinates"":[]}"
20151018T08,-12.553360853740477,-52.28821087761995,2961.6158333333333,97120.91796875,0.0,0.0,23.819726562500023,14.90894470214846,2015-10-18 08:00:00,2.001220703125,0.3521270751953125,2.0319640202773583,"{""type"":""MultiPoint"",""coordinates"":[]}"
20151018T09,-12.553360853740477,-52.28821087761995,3331.218611111111,97150.9296875,0.0,0.0,23.62995300292971,15.076409912109398,2015-10-18 09:00:00,1.846588134765625,0.7295074462890625,1.9854643924403126,"{""type"":""MultiPoint"",""coordinates"":[]}"
20151018T10,-12.553360853740477,-52.28821087761995,3703.906388888889,97223.59765625,0.0,59.69722222222222,24.176492309570335,16.272241210937523,2015-10-18 10:00:00,1.5689239501953125,0.8156585693359375,1.7682820089645237,"{""type"":""MultiPoint"",""coordinates"":[]}"
20151018T11,-12.553360853740477,-52.28821087761995,4080.041388888889,97284.88671875,0.0,308.3588888888889,26.894433593750023,17.602105712890648,2015-10-18 11:00:00,1.1542510986328125,0.6141204833984375,1.3074553785214182,"{""type"":""MultiPoint"",""coordinates"":[]}"
20151018T12,-12.553360853740477,-52.28821087761995,4471.503333333333,97372.65234375,0.0,698.2311111111111,29.501550292968773,17.631494140625023,2015-10-18 12:00:00,1.23663330078125,0.452423095703125,1.31679481246196,"{""type"":""MultiPoint"",""coordinates"":[]}"
20151018T13,-12.553360853740477,-52.28821087761995,4888.700833333333,97416.98828125,0.0,1192.0111111111112,31.654107666015648,17.37769470214846,2015-10-18 13:00:00,1.2620849609375,0.1676025390625,1.273164977418405,"{""type"":""MultiPoint"",""coordinates"":[]}"
20151018T14,-12.553360853740477,-52.28821087761995,5301.2075,97398.15625,0.0,1984.9744444444445,34.5756774902344,16.57282409667971,2015-10-18 14:00:00,1.3757781982421875,0.073089599609375,1.3777183094992889,"{""type"":""MultiPoint"",""coordinates"":[]}"
20151018T15,-12.553360853740477,-52.28821087761995,5708.511111111111,97313.546875,0.0,3006.04,37.0451599121094,14.846856689453148,2015-10-18 15:00:00,0.691497802734375,0.202972412109375,0.7206712227250138,"{""type"":""MultiPoint"",""coordinates"":[]}"
20151018T16,-12.553360853740477,-52.28821087761995,6137.607222222222,97223.6015625,0.0,3815.2877777777776,37.5856872558594,12.75690612792971,2015-10-18 16:00:00,-0.5430755615234375,0.4589996337890625,0.7110638011757386,"{""type"":""MultiPoint"",""coordinates"":[]}"
20151018T17,-12.553360853740477,-52.28821087761995,6574.719444444445,97124.86328125,0.0,4576.863888888889,38.00434265136721,12.131982421875023,2015-10-18 17:00:00,-1.008575439453125,0.2457122802734375,1.0380746320690226,"{""type"":""MultiPoint"",""coordinates"":[]}"
20151018T18,-12.553360853740477,-52.28821087761995,7006.161666666667,97032.515625,0.0,5156.925555555556,37.683206176757835,12.072503662109398,2015-10-18 18:00:00,-1.1010284423828125,-0.0338134765625,1.101547539660983,"{""type"":""MultiPoint"",""coordinates"":[]}"
20151018T19,-12.553360853740477,-52.28821087761995,7432.006388888889,96965.86328125,0.0,5730.185555555556,37.76815185546877,11.979150390625023,2015-10-18 19:00:00,-1.1526641845703125,-0.22900390625,1.175192542296326,"{""type"":""MultiPoint"",""coordinates"":[]}"
20151018T20,-12.553360853740477,-52.28821087761995,7857.942777777777,96993.6015625,0.0,6087.779444444444,36.67670593261721,13.867303466796898,2015-10-18 20:00:00,-0.617767333984375,-0.2821807861328125,0.6791630695206375,"{""type"":""MultiPoint"",""coordinates"":[]}"
20151018T21,-12.553360853740477,-52.28821087761995,8266.1675,97007.26171875,0.0,6250.988888888889,34.089395141601585,17.708230590820335,2015-10-18 21:00:00,-0.41448974609375,-0.5333709716796875,0.675489706100245,"{""type"":""MultiPoint"",""coordinates"":[]}"
20151018T22,-12.553360853740477,-52.28821087761995,8668.139444444445,97042.515625,0.0,6260.080555555555,32.56353149414065,17.76184997558596,2015-10-18 22:00:00,-0.3183746337890625,-1.2493896484375,1.2893164472165473,"{""type"":""MultiPoint"",""coordinates"":[]}"
20151018T23,-12.553360853740477,-52.28821087761995,9066.957222222221,97106.46484375,0.0,6260.080555555555,31.450006103515648,17.416772460937523,2015-10-18 23:00:00,-0.196990966796875,-1.8137969970703125,1.8244629312706933,"{""type"":""MultiPoint"",""coordinates"":[]}"
20151019T00,-12.553360853740477,-52.28821087761995,9462.599722222221,97161.62890625,0.0,6260.080555555555,30.365213012695335,17.020715332031273,2015-10-19 00:00:00,-0.0535736083984375,-1.9867706298828125,1.9874928093660558,"{""type"":""MultiPoint"",""coordinates"":[]}"
20151019T01,-12.553360853740477,-52.28821087761995,389.73723958333335,97202.640625,0.0,0.0,29.370935058593773,16.73322448730471,2015-10-19 01:00:00,-0.0574493408203125,-2.0040740966796875,2.0048973569096233,"{""type"":""MultiPoint"",""coordinates"":[]}"
20151019T02,-12.553360853740477,-52.28821087761995,781.6636458333334,97238.3125,0.0,0.0,28.47004089355471,16.479364013671898,2015-10-19 02:00:00,-0.1367340087890625,-2.1391143798828125,2.1434800020949476,"{""type"":""MultiPoint"",""coordinates"":[]}"
20151019T03,-12.553360853740477,-52.28821087761995,1173.643767361111,97225.97265625,0.0,0.0,27.51514587402346,16.044122314453148,2015-10-19 03:00:00,0.02593994140625,-2.2320098876953125,2.232160616830653,"{""type"":""MultiPoint"",""coordinates"":[]}"
20151019T04,-12.553360853740477,-52.28821087761995,1554.5748090277777,97159.36328125,0.0,0.0,26.789529418945335,15.604577636718773,2015-10-19 04:00:00,0.5265350341796875,-2.1516876220703125,2.215174657942168,"{""type"":""MultiPoint"",""coordinates"":[]}"
20151019T05,-12.553360853740477,-52.28821087761995,1932.6229166666667,97122.30859375,0.0,0.0,26.27039489746096,15.373651123046898,2015-10-19 05:00:00,0.9073028564453125,-1.979095458984375,2.1771580808674407,"{""type"":""MultiPoint"",""coordinates"":[]}"
20151019T06,-12.553360853740477,-52.28821087761995,2306.0363888888887,97054.4140625,0.0,0.0,25.712640380859398,15.285211181640648,2015-10-19 06:00:00,0.919586181640625,-1.83148193359375,2.049381569777743,"{""type"":""MultiPoint"",""coordinates"":[]}"
20151019T07,-12.553360853740477,-52.28821087761995,2678.791111111111,97066.44921875,0.0,0.0,25.377648925781273,15.605371093750023,2015-10-19 07:00:00,1.2126312255859375,-1.5252227783203125,1.9485325280254333,"{""type"":""MultiPoint"",""coordinates"":[]}"
20151019T08,-12.553360853740477,-52.28821087761995,3049.2027777777776,97090.328125,0.0,0.0,24.803262329101585,15.90839538574221,2015-10-19 08:00:00,1.4506072998046875,-1.184234619140625,1.8726113241721538,"{""type"":""MultiPoint"",""coordinates"":[]}"
20151019T09,-12.553360853740477,-52.28821087761995,3416.6936111111113,97157.91796875,0.0,0.0,24.28778991699221,16.291802978515648,2015-10-19 09:00:00,1.53460693359375,-0.8934173583984375,1.775728869203194,"{""type"":""MultiPoint"",""coordinates"":[]}"
20151019T10,-12.553360853740477,-52.28821087761995,3783.3883333333333,97247.6484375,0.0,69.9738888888889,24.458352661132835,17.770608520507835,2015-10-19 10:00:00,1.1691436767578125,-0.5520172119140625,1.2929114196851041,"{""type"":""MultiPoint"",""coordinates"":[]}"
20151019T11,-12.553360853740477,-52.28821087761995,4156.5488888888885,97335.45703125,0.0,366.1911111111111,27.296044921875023,18.516198730468773,2015-10-19 11:00:00,1.0066375732421875,-0.479339599609375,1.114937511978405,"{""type"":""MultiPoint"",""coordinates"":[]}"
20151019T12,-12.553360853740477,-52.28821087761995,4537.254166666667,97415.9921875,0.0,917.1283333333333,30.363702392578148,18.438653564453148,2015-10-19 12:00:00,1.335479736328125,-0.644622802734375,1.4829176254762633,"{""type"":""MultiPoint"",""coordinates"":[]}"
20151019T13,-12.553360853740477,-52.28821087761995,4930.2236111111115,97431.55078125,0.0,1674.7916666666667,32.999673461914085,18.12848815917971,2015-10-19 13:00:00,1.5989990234375,-0.8583984375,1.8148404212096776,"{""type"":""MultiPoint"",""coordinates"":[]}"
20151019T14,-12.553360853740477,-52.28821087761995,5333.9125,97379.9296875,0.0,2604.325,35.118447875976585,17.230004882812523,2015-10-19 14:00:00,1.9443817138671875,-1.0752105712890625,2.2218681378139555,"{""type"":""MultiPoint"",""coordinates"":[]}"
20151019T15,-12.553360853740477,-52.28821087761995,5745.7733333333335,97279.16015625,0.0,3625.33,36.52581176757815,15.92640075683596,2015-10-19 15:00:00,1.1701812744140625,-1.0373992919921875,1.5638163274551176,"{""type"":""MultiPoint"",""coordinates"":[]}"
20151019T16,-12.553360853740477,-52.28821087761995,6181.232222222222,97177.7421875,0.0,4348.553333333333,36.409890747070335,14.860330200195335,2015-10-19 16:00:00,0.3887176513671875,-1.0196075439453125,1.0911924468922127,"{""type"":""MultiPoint"",""coordinates"":[]}"
20151019T17,-12.553360853740477,-52.28821087761995,6619.397222222222,97087.69140625,0.0,4960.656666666667,36.398843383789085,14.10498962402346,2015-10-19 17:00:00,-0.29961204528808594,-1.238250732421875,1.273982831134321,"{""type"":""MultiPoint"",""coordinates"":[]}"
20151019T18,-12.553360853740477,-52.28821087761995,7060.623611111111,97005.0,0.0,5568.65,36.48342285156252,14.016259765625023,2015-10-19 18:00:00,-0.39875221252441406,-1.3508472442626953,1.4084713714965007,"{""type"":""MultiPoint"",""coordinates"":[]}"
20151019T19,-12.553360853740477,-52.28821087761995,7491.767222222222,96935.83984375,0.0,6078.004444444445,36.36150512695315,13.855432128906273,2015-10-19 19:00:00,-0.36786460876464844,-1.526963233947754,1.570649893582192,"{""type"":""MultiPoint"",""coordinates"":[]}"
20151019T20,-12.553360853740477,-52.28821087761995,7916.154444444444,96952.4296875,0.0,6432.059444444444,35.554360961914085,14.712457275390648,2015-10-19 20:00:00,-0.2315206527709961,-1.2908430099487305,1.3114409971451275,"{""type"":""MultiPoint"",""coordinates"":[]}"
20151019T21,-12.553360853740477,-52.28821087761995,8334.083888888888,96967.36328125,0.0,6559.107222222222,33.68348083496096,16.783227539062523,2015-10-19 21:00:00,0.13074016571044922,-1.9004955291748047,1.9049872039841675,"{""type"":""MultiPoint"",""coordinates"":[]}"
20151019T22,-12.553360853740477,-52.28821087761995,8748.938333333334,97048.05859375,0.0,6567.598333333333,31.899102783203148,16.382287597656273,2015-10-19 22:00:00,0.4369659423828125,-1.9811286926269531,2.02874595047095,"{""type"":""MultiPoint"",""coordinates"":[]}"
20151019T23,-12.553360853740477,-52.28821087761995,9155.4375,97081.48046875,0.0,6567.598333333333,30.654565429687523,16.17432556152346,2015-10-19 23:00:00,0.75250244140625,-1.8008861541748047,1.9517814592368903,"{""type"":""MultiPoint"",""coordinates"":[]}"
20151020T00,-12.553360853740477,-52.28821087761995,9557.846944444444,97155.3046875,0.0,6567.598333333333,29.814721679687523,16.42279968261721,2015-10-20 00:00:00,0.6215972900390625,-1.6919097900390625,1.802482157640938,"{""type"":""MultiPoint"",""coordinates"":[]}"
20151020T01,-12.553360853740477,-52.28821087761995,394.81069444444444,97213.32421875,0.0,0.0,28.941079711914085,16.89386901855471,2015-10-20 01:00:00,0.0188751220703125,-1.7620868682861328,1.762187958652425,"{""type"":""MultiPoint"",""coordinates"":[]}"
20151020T02,-12.553360853740477,-52.28821087761995,784.4361631944445,97243.84375,0.0,0.0,28.006814575195335,17.30860290527346,2015-10-20 02:00:00,-0.353790283203125,-1.860992431640625,1.8943232023898757,"{""type"":""MultiPoint"",""coordinates"":[]}"
20151020T03,-12.553360853740477,-52.28821087761995,1172.3574131944445,97208.765625,0.0,0.0,27.184686279296898,17.499414062500023,2015-10-20 03:00:00,-0.0143585205078125,-1.8819580078125,1.8820127816464922,"{""type"":""MultiPoint"",""coordinates"":[]}"
20151020T04,-12.553360853740477,-52.28821087761995,1556.0836458333333,97129.06640625,0.0,0.0,26.556237792968773,17.547143554687523,2015-10-20 04:00:00,0.6007537841796875,-1.790487289428711,1.888584084125456,"{""type"":""MultiPoint"",""coordinates"":[]}"
20151020T05,-12.553360853740477,-52.28821087761995,1933.8795833333334,97053.06640625,0.0,0.0,25.97498474121096,17.601678466796898,2015-10-20 05:00:00,0.9758148193359375,-1.5685615539550781,1.8473223622804975,"{""type"":""MultiPoint"",""coordinates"":[]}"
20151020T06,-12.553360853740477,-52.28821087761995,2307.066388888889,97011.8515625,0.0,0.0,25.391229248046898,17.702920532226585,2015-10-20 06:00:00,1.0405426025390625,-1.563772201538086,1.8783270231783489,"{""type"":""MultiPoint"",""coordinates"":[]}"
20151020T07,-12.553360853740477,-52.28821087761995,2680.7844444444445,97057.12890625,0.0,0.0,24.846154785156273,18.10163269042971,2015-10-20 07:00:00,0.9675140380859375,-1.6447563171386719,1.9082208354016377,"{""type"":""MultiPoint"",""coordinates"":[]}"
20151020T08,-12.553360853740477,-52.28821087761995,3053.05,97103.3046875,0.0,0.0,24.509011840820335,17.88392028808596,2015-10-20 08:00:00,0.8341522216796875,-1.6574268341064453,1.8554982186327404,"{""type"":""MultiPoint"",""coordinates"":[]}"
20151020T09,-12.553360853740477,-52.28821087761995,3424.6280555555554,97174.984375,0.0,0.0,24.266763305664085,17.769464111328148,2015-10-20 09:00:00,0.7534027099609375,-1.6448907852172852,1.8092211967222862,"{""type"":""MultiPoint"",""coordinates"":[]}"
20151020T10,-12.553360853740477,-52.28821087761995,3796.0469444444443,97253.01171875,8.52346317969932E-4,71.27222222222223,24.62037048339846,18.745996093750023,2015-10-20 10:00:00,0.500244140625,-1.1746406555175781,1.276724273218149,"{""type"":""MultiPoint"",""coordinates"":[]}"
20151020T11,-12.553360853740477,-52.28821087761995,4170.888888888889,97342.7890625,8.52346317969932E-4,373.9788888888889,27.80292663574221,19.238076782226585,2015-10-20 11:00:00,0.3917236328125,-0.8290977478027344,0.9169789964417882,"{""type"":""MultiPoint"",""coordinates"":[]}"
20151020T12,-12.553360853740477,-52.28821087761995,4554.940555555556,97400.83203125,8.52346317969932E-4,926.6161111111111,31.08966979980471,18.61304626464846,2015-10-20 12:00:00,0.6847686767578125,-1.1125097274780273,1.3063636685096076,"{""type"":""MultiPoint"",""coordinates"":[]}"
20151020T13,-12.553360853740477,-52.28821087761995,4950.173333333333,97418.40625,8.52346317969932E-4,1699.2344444444445,33.691384887695335,17.580422973632835,2015-10-20 13:00:00,1.0751495361328125,-1.652618408203125,1.971571486956137,"{""type"":""MultiPoint"",""coordinates"":[]}"
20151020T14,-12.553360853740477,-52.28821087761995,5355.565,97363.98828125,8.52346317969932E-4,2634.5555555555557,35.4869323730469,16.25373229980471,2015-10-20 14:00:00,0.455657958984375,-1.9007415771484375,1.9545952825806512,"{""type"":""MultiPoint"",""coordinates"":[]}"
20151020T15,-12.553360853740477,-52.28821087761995,5787.37,97281.1484375,8.52346317969932E-4,3477.46,36.133462524414085,14.999108886718773,2015-10-20 15:00:00,-0.3828125,-1.9482879638671875,1.9855405813797917,"{""type"":""MultiPoint"",""coordinates"":[]}"
20151020T16,-12.553360853740477,-52.28821087761995,6203.9825,97184.4765625,8.523463748133508E-4,4349.017222222222,36.54970703125002,14.48670349121096,2015-10-20 16:00:00,-0.7653961181640625,-1.988983154296875,2.1311699148067387,"{""type"":""MultiPoint"",""coordinates"":[]}"
20151020T17,-12.553360853740477,-52.28821087761995,6625.062222222222,97086.43359375,8.523463748133508E-4,5171.371666666667,36.6717468261719,14.432214355468773,2015-10-20 17:00:00,-0.897216796875,-2.1231842041015625,2.3049748686571445,"{""type"":""MultiPoint"",""coordinates"":[]}"
20151020T18,-12.553360853740477,-52.28821087761995,7048.543333333333,97013.23828125,8.523463748133508E-4,5935.678333333333,36.69588623046877,14.540246582031273,2015-10-20 18:00:00,-0.768402099609375,-2.153900146484375,2.286859774387032,"{""type"":""MultiPoint"",""coordinates"":[]}"
20151020T19,-12.553360853740477,-52.28821087761995,7472.997222222222,96986.79296875,8.523463748133508E-4,6529.0216666666665,36.3582702636719,14.40107116699221,2015-10-20 19:00:00,-0.881927490234375,-1.8859405517578125,2.0819625027352595,"{""type"":""MultiPoint"",""coordinates"":[]}"
20151020T20,-12.553360853740477,-52.28821087761995,7892.159166666666,97016.41015625,8.523463748133508E-4,6903.628333333333,35.43757019042971,14.934732055664085,2015-10-20 20:00:00,-0.4910125732421875,-1.7258453369140625,1.794334270427316,"{""type"":""MultiPoint"",""coordinates"":[]}"
20151020T21,-12.553360853740477,-52.28821087761995,8314.585833333333,97046.29296875,8.523463748133508E-4,7043.575,33.28089294433596,16.739160156250023,2015-10-20 21:00:00,0.166412353515625,-1.8167572021484375,1.8243628484928178,"{""type"":""MultiPoint"",""coordinates"":[]}"
20151020T22,-12.553360853740477,-52.28821087761995,8727.665277777778,97092.21875,8.523463748133508E-4,7052.007777777778,31.56507263183596,16.356500244140648,2015-10-20 22:00:00,0.4779815673828125,-1.9137115478515625,1.9725005113150549,"{""type"":""MultiPoint"",""coordinates"":[]}"
20151020T23,-12.553360853740477,-52.28821087761995,9144.550555555556,97122.9375,8.523463748133508E-4,7052.007777777778,30.42933044433596,16.32587585449221,2015-10-20 23:00:00,0.396820068359375,-1.84515380859375,1.8873417136334267,"{""type"":""MultiPoint"",""coordinates"":[]}"
20151021T00,-12.553360853740477,-52.28821087761995,9543.193055555555,97189.19921875,8.523463748133508E-4,7052.007777777778,29.24591979980471,16.543801879882835,2015-10-21 00:00:00,-0.0160369873046875,-1.94097900390625,1.9410452541264227,"{""type"":""MultiPoint"",""coordinates"":[]}"
20151021T01,-12.553360853740477,-52.28821087761995,402.92590277777776,97240.19140625,0.0,0.0,28.468606567382835,16.766625976562523,2015-10-21 01:00:00,-0.260894775390625,-1.8486175537109375,1.8669367808563673,"{""type"":""MultiPoint"",""coordinates"":[]}"
20151021T02,-12.553360853740477,-52.28821087761995,799.3497395833333,97265.171875,0.0,0.0,27.84015808105471,16.97889099121096,2015-10-21 02:00:00,-0.004486083984375,-1.81829833984375,1.8183038738417878,"{""type"":""MultiPoint"",""coordinates"":[]}"
20151021T03,-12.553360853740477,-52.28821087761995,1191.0241145833334,97248.30078125,0.0,0.0,27.296105957031273,17.233682250976585,2015-10-21 03:00:00,0.684906005859375,-1.675140380859375,1.8097490247125247,"{""type"":""MultiPoint"",""coordinates"":[]}"
20151021T04,-12.553360853740477,-52.28821087761995,1580.51234375,97193.171875,0.0,0.0,26.69953308105471,17.555947875976585,2015-10-21 04:00:00,1.1867523193359375,-1.3209991455078125,1.7757870958765292,"{""type"":""MultiPoint"",""coordinates"":[]}"
20151021T05,-12.553360853740477,-52.28821087761995,1971.8540277777777,97119.78125,0.0,0.0,26.193383789062523,17.860818481445335,2015-10-21 05:00:00,1.435821533203125,-0.9215850830078125,1.7061367297002574,"{""type"":""MultiPoint"",""coordinates"":[]}"
20151021T06,-12.553360853740477,-52.28821087761995,2354.077222222222,97096.8046875,0.0,0.0,25.612542724609398,18.14521179199221,2015-10-21 06:00:00,1.606201171875,-0.5686187744140625,1.7038807221013959,"{""type"":""MultiPoint"",""coordinates"":[]}"
20151021T07,-12.553360853740477,-52.28821087761995,2737.925277777778,97089.10546875,0.0,0.0,25.226525878906273,18.575784301757835,2015-10-21 07:00:00,1.6917724609375,-0.44140625,1.7484088586842574,"{""type"":""MultiPoint"",""coordinates"":[]}"
20151021T08,-12.553360853740477,-52.28821087761995,3117.4744444444445,97153.21875,0.0,0.0,24.685708618164085,18.766397094726585,2015-10-21 08:00:00,1.67181396484375,-0.1741180419921875,1.680856634455709,"{""type"":""MultiPoint"",""coordinates"":[]}"
20151021T09,-12.553360853740477,-52.28821087761995,3495.5833333333335,97194.94921875,0.0,0.0,24.189752197265648,18.959329223632835,2015-10-21 09:00:00,1.6387939453125,0.0072021484375,1.6388097711860963,"{""type"":""MultiPoint"",""coordinates"":[]}"
20151021T10,-12.553360853740477,-52.28821087761995,3872.8930555555557,97260.1875,0.0,71.68611111111112,24.629663085937523,20.003823852539085,2015-10-21 10:00:00,1.0075836181640625,-0.01123046875,1.0076462032980267,"{""type"":""MultiPoint"",""coordinates"":[]}"
20151021T11,-12.553360853740477,-52.28821087761995,4256.5633333333335,97322.640625,0.0,367.3811111111111,27.77539978027346,20.434594726562523,2015-10-21 11:00:00,0.95599365234375,-0.18019866943359375,0.972828568550071,"{""type"":""MultiPoint"",""coordinates"":[]}"
20151021T12,-12.553360853740477,-52.28821087761995,4645.989444444444,97375.8359375,0.0,920.8961111111112,30.864190673828148,20.004296875000023,2015-10-21 12:00:00,1.324432373046875,-0.43204498291015625,1.3931202310039195,"{""type"":""MultiPoint"",""coordinates"":[]}"
20151021T13,-12.553360853740477,-52.28821087761995,5046.478888888889,97378.2734375,0.0,1693.5966666666666,33.369119262695335,19.032067871093773,2015-10-21 13:00:00,1.70166015625,-0.6500988006591797,1.8216134985191776,"{""type"":""MultiPoint"",""coordinates"":[]}"
20151021T14,-12.553360853740477,-52.28821087761995,5456.638333333333,97333.51953125,0.0,2614.302777777778,35.05164489746096,18.092431640625023,2015-10-21 14:00:00,1.3914031982421875,-0.8220911026000977,1.6161177683117132,"{""type"":""MultiPoint"",""coordinates"":[]}"
20151021T15,-12.553360853740477,-52.28821087761995,5876.450833333333,97255.21484375,0.0,3584.516111111111,36.17629394531252,16.913247680664085,2015-10-21 15:00:00,0.300140380859375,-1.060521125793457,1.102174807585726,"{""type"":""MultiPoint"",""coordinates"":[]}"
20151021T16,-12.553360853740477,-52.28821087761995,6305.955833333333,97135.640625,0.0,4501.656666666667,36.75324401855471,15.94605407714846,2015-10-21 16:00:00,-0.4038848876953125,-1.069417953491211,1.1431438062457344,"{""type"":""MultiPoint"",""coordinates"":[]}"
20151021T17,-12.553360853740477,-52.28821087761995,6747.395277777778,97019.83203125,0.0,5187.339444444445,36.54476318359377,15.34412536621096,2015-10-21 17:00:00,-1.0037689208984375,-1.1158981323242188,1.5009266098934662,"{""type"":""MultiPoint"",""coordinates"":[]}"
20151021T18,-12.553360853740477,-52.28821087761995,7191.498333333333,96958.046875,0.0,5780.390555555556,36.35476074218752,15.133157348632835,2015-10-21 18:00:00,-1.1773834228515625,-1.141164779663086,1.6396611780331816,"{""type"":""MultiPoint"",""coordinates"":[]}"
20151021T19,-12.553360853740477,-52.28821087761995,7629.531666666667,96915.96875,0.0,6172.761666666666,35.37087402343752,15.03968200683596,2015-10-21 19:00:00,-1.0800628662109375,-1.1594696044921875,1.5845837177975342,"{""type"":""MultiPoint"",""coordinates"":[]}"
20151021T20,-12.553360853740477,-52.28821087761995,8061.833333333333,96955.7890625,5.662441253662109E-4,6473.127777777778,34.606668090820335,16.304681396484398,2015-10-21 20:00:00,-0.652587890625,-0.934112548828125,1.1394898897614507,"{""type"":""MultiPoint"",""coordinates"":[]}"
20151021T21,-12.553360853740477,-52.28821087761995,8494.601388888888,96937.86328125,5.662441253662109E-4,6601.768888888889,33.443093872070335,18.09137878417971,2015-10-21 21:00:00,-0.1997833251953125,-1.1634521484375,1.180480528738162,"{""type"":""MultiPoint"",""coordinates"":[]}"
20151021T22,-12.553360853740477,-52.28821087761995,8920.153333333334,96972.97265625,0.001418590443336143,6609.418888888889,32.23381958007815,17.948037719726585,2015-10-21 22:00:00,-0.0276336669921875,-1.10443115234375,1.104776805431205,"{""type"":""MultiPoint"",""coordinates"":[]}"
20151021T23,-12.553360853740477,-52.28821087761995,9340.580277777777,96994.46484375,0.001418590443336143,6609.418888888889,31.21717224121096,17.866006469726585,2015-10-21 23:00:00,-0.161224365234375,-1.05816650390625,1.0703782723572088,"{""type"":""MultiPoint"",""coordinates"":[]}"
20151022T00,-12.553360853740477,-52.28821087761995,9754.622222222222,97027.10546875,0.001418590443336143,6609.418888888889,30.443963623046898,17.81476745605471,2015-10-22 00:00:00,-0.4926605224609375,-1.1935577392578125,1.2912375719958369,"{""type"":""MultiPoint"",""coordinates"":[]}"
20151022T01,-12.553360853740477,-52.28821087761995,403.56529513888887,97057.78515625,0.0,0.0,29.801019287109398,17.814355468750023,2015-10-22 01:00:00,-0.833587646484375,-1.394012451171875,1.6242349209377251,"{""type"":""MultiPoint"",""coordinates"":[]}"
20151022T02,-12.553360853740477,-52.28821087761995,805.2612673611111,97068.49609375,0.0,0.0,29.070367431640648,17.879251098632835,2015-10-22 02:00:00,-1.012054443359375,-1.6114044189453125,1.9028605828383578,"{""type"":""MultiPoint"",""coordinates"":[]}"
20151022T03,-12.553360853740477,-52.28821087761995,1199.0755729166667,97061.640625,0.0,0.0,28.16687927246096,17.98529968261721,2015-10-22 03:00:00,-0.9585113525390625,-1.66363525390625,1.9200068413904092,"{""type"":""MultiPoint"",""coordinates"":[]}"
20151022T04,-12.553360853740477,-52.28821087761995,1592.4844097222222,96996.03125,0.0,0.0,27.52204284667971,18.175073242187523,2015-10-22 04:00:00,-0.598663330078125,-1.621490478515625,1.7284759630081816,"{""type"":""MultiPoint"",""coordinates"":[]}"
20151022T05,-12.553360853740477,-52.28821087761995,1984.9907118055555,96933.29296875,0.0,0.0,27.034814453125023,18.353845214843773,2015-10-22 05:00:00,0.0417633056640625,-1.5372467041015625,1.5378139038814505,"{""type"":""MultiPoint"",""coordinates"":[]}"
20151022T06,-12.553360853740477,-52.28821087761995,2382.4775,96898.61328125,0.0,0.0,26.691644287109398,18.50312194824221,2015-10-22 06:00:00,0.6960906982421875,-1.357452392578125,1.525522618087117,"{""type"":""MultiPoint"",""coordinates"":[]}"
20151022T07,-12.553360853740477,-52.28821087761995,2773.6555555555556,96882.9296875,4.351138045421976E-4,0.0,25.760400390625023,18.354898071289085,2015-10-22 07:00:00,1.226287841796875,-1.4041900634765625,1.8642777704261644,"{""type"":""MultiPoint"",""coordinates"":[]}"
20151022T08,-12.553360853740477,-52.28821087761995,3161.983333333333,96941.0234375,4.351138045421976E-4,0.0,25.279840087890648,18.422341918945335,2015-10-22 08:00:00,1.3362274169921875,-1.1856536865234375,1.7864149501972466,"{""type"":""MultiPoint"",""coordinates"":[]}"
20151022T09,-12.553360853740477,-52.28821087761995,3546.2697222222223,96980.6640625,4.351138045421976E-4,0.0,24.912042236328148,18.513116455078148,2015-10-22 09:00:00,1.377410888671875,-1.042083740234375,1.7271940475501613,"{""type"":""MultiPoint"",""coordinates"":[]}"
20151022T10,-12.553360853740477,-52.28821087761995,3930.7594444444444,97043.2265625,4.351138045421976E-4,69.73333333333333,25.268914794921898,19.593667602539085,2015-10-22 10:00:00,0.9801483154296875,-0.7164764404296875,1.2140960464190838,"{""type"":""MultiPoint"",""coordinates"":[]}"
20151022T11,-12.553360853740477,-52.28821087761995,4325.9,97127.47265625,4.351138045421976E-4,359.0961111111111,28.72260437011721,20.19349060058596,2015-10-22 11:00:00,0.5714569091796875,-0.562286376953125,0.8017037911574781,"{""type"":""MultiPoint"",""coordinates"":[]}"
20151022T12,-12.553360853740477,-52.28821087761995,4726.4030555555555,97154.94140625,4.351138045421976E-4,868.2522222222223,31.894372558593773,19.466958618164085,2015-10-22 12:00:00,0.7732696533203125,-0.9175567626953125,1.199940152471788,"{""type"":""MultiPoint"",""coordinates"":[]}"
20151022T13,-12.553360853740477,-52.28821087761995,5135.413055555556,97174.04296875,4.351138045421976E-4,1620.9816666666666,34.65325317382815,17.663140869140648,2015-10-22 13:00:00,1.0788726806640625,-1.304229736328125,1.692625613124707,"{""type"":""MultiPoint"",""coordinates"":[]}"
20151022T14,-12.553360853740477,-52.28821087761995,5552.821944444445,97108.30859375,4.351138045421976E-4,2546.3955555555553,36.33924255371096,16.73108825683596,2015-10-22 14:00:00,0.6639404296875,-1.3236236572265625,1.4808094003427459,"{""type"":""MultiPoint"",""coordinates"":[]}"
20151022T15,-12.553360853740477,-52.28821087761995,5975.459722222222,97038.1796875,4.351138045421976E-4,3516.6255555555554,37.34125671386721,16.122796630859398,2015-10-22 15:00:00,0.31475830078125,-1.3969879150390625,1.432008387781261,"{""type"":""MultiPoint"",""coordinates"":[]}"
20151022T16,-12.553360853740477,-52.28821087761995,6405.567222222222,96938.5625,4.351138045421976E-4,4358.562222222222,37.563821411132835,15.874139404296898,2015-10-22 16:00:00,0.3030242919921875,-1.2436103820800781,1.2799962906019393,"{""type"":""MultiPoint"",""coordinates"":[]}"
20151022T17,-12.553360853740477,-52.28821087761995,6841.518055555555,96825.91796875,4.351138045421976E-4,5236.354444444444,38.1396423339844,15.424050903320335,2015-10-22 17:00:00,0.147186279296875,-1.0617074966430664,1.071861282648713,"{""type"":""MultiPoint"",""coordinates"":[]}"
20151022T18,-12.553360853740477,-52.28821087761995,7280.759444444445,96746.0703125,4.351138045421976E-4,5944.926111111111,38.001443481445335,15.17133483886721,2015-10-22 18:00:00,0.07470703125,-0.8627986907958984,0.866026974959386,"{""type"":""MultiPoint"",""coordinates"":[]}"
20151022T19,-12.553360853740477,-52.28821087761995,7713.855833333333,96697.10546875,4.351138045421976E-4,6508.083333333333,37.68401489257815,15.091760253906273,2015-10-22 19:00:00,-0.066497802734375,-1.0268621444702148,1.0290130327233316,"{""type"":""MultiPoint"",""coordinates"":[]}"
20151022T20,-12.553360853740477,-52.28821087761995,8145.710277777778,96725.81640625,4.351138045421976E-4,6881.238333333334,36.8345886230469,16.031182861328148,2015-10-22 20:00:00,-0.1776580810546875,-0.6060800552368164,0.631581686814854,"{""type"":""MultiPoint"",""coordinates"":[]}"
20151022T21,-12.553360853740477,-52.28821087761995,8582.176388888889,96743.7578125,0.0010609625746837992,7013.067777777777,34.25115356445315,19.711892700195335,2015-10-22 21:00:00,-0.866058349609375,-0.3149566650390625,0.921550197103035,"{""type"":""MultiPoint"",""coordinates"":[]}"
20151022T22,-12.553360853740477,-52.28821087761995,9009.8425,96790.5234375,0.0010609625746837992,7022.11,32.85726318359377,20.160058593750023,2015-10-22 22:00:00,-0.946044921875,0.04864025115966797,0.9472944992125472,"{""type"":""MultiPoint"",""coordinates"":[]}"
20151022T23,-12.553360853740477,-52.28821087761995,9437.516666666666,96844.671875,0.0010609625746837992,7022.11,31.814614868164085,20.78748474121096,2015-10-22 23:00:00,-0.71600341796875,0.5789127349853516,0.9207610163724094,"{""type"":""MultiPoint"",""coordinates"":[]}"
20151023T00,-12.553360853740477,-52.28821087761995,9859.714444444444,96908.56640625,0.0010609625746837992,7022.11,30.840310668945335,21.124841308593773,2015-10-23 00:00:00,-0.5042266845703125,0.9940223693847656,1.1145963485809887,"{""type"":""MultiPoint"",""coordinates"":[]}"
20151023T01,-12.553360853740477,-52.28821087761995,420.0745486111111,96982.4921875,0.0,0.0,29.952371215820335,21.630303955078148,2015-10-23 01:00:00,-0.3559417724609375,1.6710357666015625,1.7085242399931895,"{""type"":""MultiPoint"",""coordinates"":[]}"
20151023T02,-12.553360853740477,-52.28821087761995,828.8104861111111,97022.875,0.0,0.0,28.736627197265648,21.971643066406273,2015-10-23 02:00:00,-0.0537261962890625,1.6579341888427734,1.658804472715647,"{""type"":""MultiPoint"",""coordinates"":[]}"
20151023T03,-12.553360853740477,-52.28821087761995,1239.3377777777778,97023.4296875,0.0,0.0,27.99756774902346,21.811929321289085,2015-10-23 03:00:00,0.2588043212890625,1.4901485443115234,1.5124557384702684,"{""type"":""MultiPoint"",""coordinates"":[]}"
20151023T04,-12.553360853740477,-52.28821087761995,1653.2746354166666,96976.16015625,0.0,0.0,27.60578308105471,21.378762817382835,2015-10-23 04:00:00,0.2810821533203125,1.4762897491455078,1.5028102343101375,"{""type"":""MultiPoint"",""coordinates"":[]}"
20151023T05,-12.553360853740477,-52.28821087761995,2066.977013888889,96940.296875,0.0,0.0,27.269158935546898,20.675027465820335,2015-10-23 05:00:00,0.0585479736328125,1.7400646209716797,1.7410493245091663,"{""type"":""MultiPoint"",""coordinates"":[]}"
20151023T06,-12.553360853740477,-52.28821087761995,2479.051111111111,96951.65625,0.04172325134277344,0.0,26.97315368652346,19.455056762695335,2015-10-23 06:00:00,-0.4330291748046875,1.9288711547851562,1.9768809266099592,"{""type"":""MultiPoint"",""coordinates"":[]}"
20151023T07,-12.553360853740477,-52.28821087761995,2898.4958333333334,96968.83203125,0.0719800591468811,0.0,26.77082214355471,18.991357421875023,2015-10-23 07:00:00,-1.5974578857421875,2.7412662506103516,3.172760998476758,"{""type"":""MultiPoint"",""coordinates"":[]}"
20151023T08,-12.553360853740477,-52.28821087761995,3320.5194444444446,97110.28515625,0.21949410438537598,0.0,26.22828063964846,19.630029296875023,2015-10-23 08:00:00,-1.6563262939453125,2.8130903244018555,3.2644898476267237,"{""type"":""MultiPoint"",""coordinates"":[]}"
20151023T09,-12.553360853740477,-52.28821087761995,3739.7894444444446,97238.21875,1.1461973190307617,0.0,25.082452392578148,20.457818603515648,2015-10-23 09:00:00,-1.4766998291015625,2.321981430053711,2.751770365924973,"{""type"":""MultiPoint"",""coordinates"":[]}"
20151023T10,-12.553360853740477,-52.28821087761995,4148.508611111111,97329.7109375,2.187788486480713,43.11944444444445,24.31092224121096,21.355706787109398,2015-10-23 10:00:00,-1.6995391845703125,1.1261749267578125,2.038799501066225,"{""type"":""MultiPoint"",""coordinates"":[]}"
20151023T11,-12.553360853740477,-52.28821087761995,4553.7108333333335,97444.29296875,3.180168569087982,212.59444444444443,24.308984375000023,22.60413513183596,2015-10-23 11:00:00,-1.959991455078125,0.6783742904663086,2.074068027318519,"{""type"":""MultiPoint"",""coordinates"":[]}"
20151023T12,-12.553360853740477,-52.28821087761995,4957.7538888888885,97498.140625,3.9344727993011475,550.5261111111112,25.16791687011721,22.927468872070335,2015-10-23 12:00:00,-1.832763671875,0.8037872314453125,2.0012737419901487,"{""type"":""MultiPoint"",""coordinates"":[]}"
20151023T13,-12.553360853740477,-52.28821087761995,5366.694444444444,97517.58984375,3.935113549232483,992.2388888888889,26.906549072265648,22.546289062500023,2015-10-23 13:00:00,-1.816558837890625,0.722198486328125,1.9548546404204004,"{""type"":""MultiPoint"",""coordinates"":[]}"
20151023T14,-12.553360853740477,-52.28821087761995,5781.268333333333,97496.37890625,3.935113549232483,1595.23,28.936578369140648,22.13868103027346,2015-10-23 14:00:00,-1.6215362548828125,0.4684295654296875,1.6878406570728244,"{""type"":""MultiPoint"",""coordinates"":[]}"
20151023T15,-12.553360853740477,-52.28821087761995,6204.696666666667,97391.47265625,3.9795786142349243,2365.2083333333335,30.790032958984398,21.570886230468773,2015-10-23 15:00:00,-1.352691650390625,0.57513427734375,1.4698823551605178,"{""type"":""MultiPoint"",""coordinates"":[]}"
20151023T16,-12.553360853740477,-52.28821087761995,6631.700833333333,97247.23828125,4.06762957572937,3180.072777777778,31.87812194824221,21.16407165527346,2015-10-23 16:00:00,-1.1683349609375,-0.1108856201171875,1.1735851914955313,"{""type"":""MultiPoint"",""coordinates"":[]}"
20151023T17,-12.553360853740477,-52.28821087761995,7060.4158333333335,97128.9296875,4.107996821403503,3940.5872222222224,32.31160888671877,20.90851745605471,2015-10-23 17:00:00,-0.924896240234375,-0.7012786865234375,1.1607001556697236,"{""type"":""MultiPoint"",""coordinates"":[]}"
20151023T18,-12.553360853740477,-52.28821087761995,7491.876388888889,97043.17578125,4.13648784160614,4568.646111111111,32.180520629882835,20.841653442382835,2015-10-23 18:00:00,-0.69256591796875,-0.8408050537109375,1.0893120255820872,"{""type"":""MultiPoint"",""coordinates"":[]}"
20151023T19,-12.553360853740477,-52.28821087761995,7910.6675,97112.5703125,4.140034317970276,4820.980555555556,27.877313232421898,22.38379821777346,2015-10-23 19:00:00,-1.85546875,-0.82672119140625,2.031312927775219,"{""type"":""MultiPoint"",""coordinates"":[]}"
20151023T20,-12.553360853740477,-52.28821087761995,8330.796388888888,97064.47265625,4.149273037910461,4968.791111111111,27.618829345703148,21.722940063476585,2015-10-23 20:00:00,-1.6567840576171875,-0.9554901123046875,1.9125623567053955,"{""type"":""MultiPoint"",""coordinates"":[]}"
20151023T21,-12.553360853740477,-52.28821087761995,8747.689444444444,97017.94140625,4.149273037910461,5029.696111111111,27.07221374511721,21.669641113281273,2015-10-23 21:00:00,-0.7908935546875,-0.9532012939453125,1.2385900539021164,"{""type"":""MultiPoint"",""coordinates"":[]}"
20151023T22,-12.553360853740477,-52.28821087761995,9160.632222222222,97050.453125,4.149273037910461,5035.166666666667,26.439965820312523,21.46900329589846,2015-10-23 22:00:00,-0.146240234375,-1.052734375,1.0628432953435307,"{""type"":""MultiPoint"",""coordinates"":[]}"
20151023T23,-12.553360853740477,-52.28821087761995,9569.134166666667,97034.75390625,4.149273037910461,5035.166666666667,25.898706054687523,21.343438720703148,2015-10-23 23:00:00,0.865631103515625,-1.039794921875,1.352956276799334,"{""type"":""MultiPoint"",""coordinates"":[]}"
20151024T00,-12.553360853740477,-52.28821087761995,9971.500833333334,97039.01171875,4.149287939071655,5035.166666666667,25.416650390625023,21.25617370605471,2015-10-24 00:00:00,1.33990478515625,-0.22412109375,1.3585194507066554,"{""type"":""MultiPoint"",""coordinates"":[]}"
20151024T01,-12.553360853740477,-52.28821087761995,402.16003472222224,97141.73828125,0.0,0.0,25.015588378906273,21.408975219726585,2015-10-24 01:00:00,0.2408905029296875,1.2280731201171875,1.2514758578398872,"{""type"":""MultiPoint"",""coordinates"":[]}"
20151024T02,-12.553360853740477,-52.28821087761995,805.1537326388889,97226.55859375,0.0,0.0,24.72681579589846,21.516503906250023,2015-10-24 02:00:00,-0.580078125,1.2306976318359375,1.3605540386585533,"{""type"":""MultiPoint"",""coordinates"":[]}"
20151024T03,-12.553360853740477,-52.28821087761995,1207.8702256944443,97218.2421875,0.0,0.0,24.486260986328148,21.57337341308596,2015-10-24 03:00:00,-0.42669677734375,1.1605224609375,1.2364798915210764,"{""type"":""MultiPoint"",""coordinates"":[]}"
20151024T04,-12.553360853740477,-52.28821087761995,1608.7000347222222,97124.9921875,0.0,0.0,24.229211425781273,21.631219482421898,2015-10-24 04:00:00,-0.2772674560546875,1.1038055419921875,1.1380966201161062,"{""type"":""MultiPoint"",""coordinates"":[]}"
20151024T05,-12.553360853740477,-52.28821087761995,2003.3591493055555,97061.41015625,0.0,0.0,23.897454833984398,21.685891723632835,2015-10-24 05:00:00,-0.2180633544921875,1.116180419921875,1.137282003897608,"{""type"":""MultiPoint"",""coordinates"":[]}"
20151024T06,-12.553360853740477,-52.28821087761995,2389.563611111111,97005.98828125,0.0,0.0,23.514398193359398,21.72138366699221,2015-10-24 06:00:00,-0.123809814453125,1.1093597412109375,1.1162472421352339,"{""type"":""MultiPoint"",""coordinates"":[]}"
20151024T07,-12.553360853740477,-52.28821087761995,2770.9436111111113,97043.44140625,0.0,0.0,22.747277832031273,21.378900146484398,2015-10-24 07:00:00,0.4844512939453125,0.60906982421875,0.7782410339857098,"{""type"":""MultiPoint"",""coordinates"":[]}"
20151024T08,-12.553360853740477,-52.28821087761995,3151.567777777778,97069.59765625,0.0,0.0,22.424462890625023,21.425531005859398,2015-10-24 08:00:00,0.627685546875,0.5847320556640625,0.8578465612665753,"{""type"":""MultiPoint"",""coordinates"":[]}"
20151024T09,-12.553360853740477,-52.28821087761995,3531.7075,97157.4375,8.52346317969932E-4,0.0,22.206460571289085,21.46418151855471,2015-10-24 09:00:00,0.6769256591796875,0.53173828125,0.8607984362221847,"{""type"":""MultiPoint"",""coordinates"":[]}"
20151024T10,-12.553360853740477,-52.28821087761995,3912.819722222222,97239.6640625,8.52346317969932E-4,73.78722222222223,23.272500610351585,21.90668640136721,2015-10-24 10:00:00,0.253387451171875,0.2255401611328125,0.3392249470413318,"{""type"":""MultiPoint"",""coordinates"":[]}"
20151024T11,-12.553360853740477,-52.28821087761995,4300.608055555555,97339.1953125,0.0017195939108205494,364.815,25.84674987792971,21.930139160156273,2015-10-24 11:00:00,-0.0673065185546875,0.16192626953125,0.17535758952568753,"{""type"":""MultiPoint"",""coordinates"":[]}"
20151024T12,-12.553360853740477,-52.28821087761995,4696.616111111111,97375.296875,0.0017197046418004902,908.085,28.51526794433596,21.597161865234398,2015-10-24 12:00:00,-0.6618499755859375,-0.068084716796875,0.665342707816368,"{""type"":""MultiPoint"",""coordinates"":[]}"
20151024T13,-12.553360853740477,-52.28821087761995,5102.6386111111115,97378.33984375,0.003200769413069793,1664.516111111111,30.737756347656273,21.259622192382835,2015-10-24 13:00:00,-1.10662841796875,-0.3011932373046875,1.1468843976853536,"{""type"":""MultiPoint"",""coordinates"":[]}"
20151024T14,-12.553360853740477,-52.28821087761995,5517.9825,97325.65234375,0.033584237087325164,2560.2883333333334,32.09798583984377,21.026284790039085,2015-10-24 14:00:00,-1.4359130859375,-0.511932373046875,1.524441256637972,"{""type"":""MultiPoint"",""coordinates"":[]}"
20151024T15,-12.553360853740477,-52.28821087761995,5941.821111111111,97255.98046875,0.04516243933494479,3528.2527777777777,33.35468444824221,21.196145629882835,2015-10-24 15:00:00,-1.4607391357421875,-0.692901611328125,1.6167471866899739,"{""type"":""MultiPoint"",""coordinates"":[]}"
20151024T16,-12.553360853740477,-52.28821087761995,6372.871666666667,97140.04296875,0.08895695208366305,4487.320555555556,34.10267028808596,20.60535583496096,2015-10-24 16:00:00,-1.5388946533203125,-0.765869140625,1.7189392934538208,"{""type"":""MultiPoint"",""coordinates"":[]}"
20151024T17,-12.553360853740477,-52.28821087761995,6809.408611111111,97031.859375,0.11788010596092136,5255.861666666667,33.752359008789085,20.657022094726585,2015-10-24 17:00:00,-1.6392364501953125,-0.8211669921875,1.833415219939879,"{""type"":""MultiPoint"",""coordinates"":[]}"
20151024T18,-12.553360853740477,-52.28821087761995,7247.6975,96913.3125,1.9542843103295127,5885.975555555556,31.917398071289085,21.45240173339846,2015-10-24 18:00:00,-1.6783905029296875,-0.67242431640625,1.8080788538166641,"{""type"":""MultiPoint"",""coordinates"":[]}"
20151024T19,-12.553360853740477,-52.28821087761995,7672.935277777778,96916.8359375,1.9991964101677695,6387.676111111111,31.766473388671898,21.64295349121096,2015-10-24 19:00:00,-0.7730255126953125,-0.9463958740234375,1.221979375295032,"{""type"":""MultiPoint"",""coordinates"":[]}"
20151024T20,-12.553360853740477,-52.28821087761995,8095.734722222222,96978.6640625,3.7578612565880576,6684.577222222222,29.407312011718773,22.439187622070335,2015-10-24 20:00:00,-1.0477142333984375,-1.4305877685546875,1.7732136020242897,"{""type"":""MultiPoint"",""coordinates"":[]}"
20151024T21,-12.553360853740477,-52.28821087761995,8518.52861111111,96977.640625,3.7578761577492514,6794.2844444444445,28.278375244140648,22.876428222656273,2015-10-24 21:00:00,-1.1631317138671875,-0.85546875,1.443849772666874,"{""type"":""MultiPoint"",""coordinates"":[]}"
20151024T22,-12.553360853740477,-52.28821087761995,8935.23111111111,97072.07421875,3.7578761577492514,6802.949444444444,27.562036132812523,22.910760498046898,2015-10-24 22:00:00,-0.9249267578125,-0.935882568359375,1.3158136984681696,"{""type"":""MultiPoint"",""coordinates"":[]}"
20151024T23,-12.553360853740477,-52.28821087761995,9347.371666666666,97117.23828125,3.7578761577492514,6802.949444444444,26.938714599609398,23.11609802246096,2015-10-24 23:00:00,-0.7170867919921875,-0.8843536376953125,1.138549438432332,"{""type"":""MultiPoint"",""coordinates"":[]}"
20151025T00,-12.553360853740477,-52.28821087761995,9758.59888888889,97184.765625,3.7578761577492514,6802.949444444444,26.433068847656273,23.239617919921898,2015-10-25 00:00:00,-0.932586669921875,-0.9488372802734375,1.3304172583639562,"{""type"":""MultiPoint"",""coordinates"":[]}"
20151025T01,-12.553360853740477,-52.28821087761995,404.1531423611111,97240.6875,0.0,0.0,25.89039001464846,23.256204223632835,2015-10-25 01:00:00,-1.1217498779296875,-0.7916259765625,1.3729510098338544,"{""type"":""MultiPoint"",""coordinates"":[]}"
20151025T02,-12.553360853740477,-52.28821087761995,809.3495486111111,97245.703125,0.0,0.0,25.522180175781273,23.236810302734398,2015-10-25 02:00:00,-0.991973876953125,-0.89727783203125,1.3375797846902866,"{""type"":""MultiPoint"",""coordinates"":[]}"
20151025T03,-12.553360853740477,-52.28821087761995,1207.0601736111112,97226.71875,0.0,0.0,25.085290527343773,23.148782348632835,2015-10-25 03:00:00,-0.6707763671875,-1.1739501953125,1.3520724817299983,"{""type"":""MultiPoint"",""coordinates"":[]}"
20151025T04,-12.553360853740477,-52.28821087761995,1604.1042708333334,97187.9765625,0.0,0.0,24.790246582031273,23.047235107421898,2015-10-25 04:00:00,-0.5457000732421875,-1.081024169921875,1.2109507941662236,"{""type"":""MultiPoint"",""coordinates"":[]}"
20151025T05,-12.553360853740477,-52.28821087761995,2001.4680555555556,97152.29296875,0.0,0.0,24.49921569824221,22.963967895507835,2015-10-25 05:00:00,-0.683990478515625,-0.9240875244140625,1.1496872302838472,"{""type"":""MultiPoint"",""coordinates"":[]}"
20151025T06,-12.553360853740477,-52.28821087761995,2395.181666666667,97132.53125,0.0,0.0,24.16986999511721,22.86707458496096,2015-10-25 06:00:00,-0.6966552734375,-0.888580322265625,1.1291162735192333,"{""type"":""MultiPoint"",""coordinates"":[]}"
20151025T07,-12.553360853740477,-52.28821087761995,2790.1158333333333,97102.44921875,0.0,0.0,24.020715332031273,22.81653747558596,2015-10-25 07:00:00,-1.223724365234375,-0.130889892578125,1.2307044673874339,"{""type"":""MultiPoint"",""coordinates"":[]}"
20151025T08,-12.553360853740477,-52.28821087761995,3188.446388888889,97181.34375,8.52346317969932E-4,0.0,23.76612243652346,22.758218383789085,2015-10-25 08:00:00,-1.2110748291015625,-0.04327392578125,1.211847710867954,"{""type"":""MultiPoint"",""coordinates"":[]}"
20151025T09,-12.553360853740477,-52.28821087761995,3584.7719444444447,97233.5859375,0.001716613667213096,0.0,23.64020690917971,22.65693054199221,2015-10-25 09:00:00,-1.2447662353515625,-0.4711456298828125,1.3309474765102391,"{""type"":""MultiPoint"",""coordinates"":[]}"
20151025T10,-12.553360853740477,-52.28821087761995,3981.5452777777778,97342.9140625,0.001716613667213096,63.145,24.44031677246096,23.014337158203148,2015-10-25 10:00:00,-0.8043975830078125,-0.505859375,0.9502363804991899,"{""type"":""MultiPoint"",""coordinates"":[]}"
20151025T11,-12.553360853740477,-52.28821087761995,4385.2325,97432.19140625,0.001716613667213096,297.86944444444447,26.370874023437523,23.279840087890648,2015-10-25 11:00:00,-0.7629547119140625,-0.8280029296875,1.1259168459539777,"{""type"":""MultiPoint"",""coordinates"":[]}"
20151025T12,-12.553360853740477,-52.28821087761995,4796.771111111111,97496.765625,0.1152187584807507,730.0733333333334,28.08521423339846,23.11420593261721,2015-10-25 12:00:00,-0.3931884765625,-1.3689727783203125,1.424318660231472,"{""type"":""MultiPoint"",""coordinates"":[]}"
20151025T13,-12.553360853740477,-52.28821087761995,5212.013333333333,97531.22265625,0.23630559434195675,1375.8816666666667,29.682168579101585,23.110681152343773,2015-10-25 13:00:00,-0.1297607421875,-1.509185791015625,1.5147539740883695,"{""type"":""MultiPoint"",""coordinates"":[]}"
20151025T14,-12.553360853740477,-52.28821087761995,5634.828888888889,97462.8125,0.38948953141471065,2187.9344444444446,31.328088378906273,21.961541748046898,2015-10-25 14:00:00,-0.0330810546875,-1.689544677734375,1.6898685079732654,"{""type"":""MultiPoint"",""coordinates"":[]}"
20151025T15,-12.553360853740477,-52.28821087761995,6064.8,97465.61328125,3.5122513770033947,2901.4772222222223,30.147760009765648,23.268121337890648,2015-10-25 15:00:00,-0.3029327392578125,-1.3223724365234375,1.3566271062422328,"{""type"":""MultiPoint"",""coordinates"":[]}"
20151025T16,-12.553360853740477,-52.28821087761995,6498.100833333333,97309.85546875,5.312162637608253,3624.765,29.884423828125023,23.070275878906273,2015-10-25 16:00:00,0.045196533203125,-0.9783935546875,0.9794369170434731,"{""type"":""MultiPoint"",""coordinates"":[]}"
20151025T17,-12.553360853740477,-52.28821087761995,6933.071388888889,97205.13671875,5.363005399601661,4225.989444444444,30.749734497070335,22.712396240234398,2015-10-25 17:00:00,0.4616241455078125,-0.4369354248046875,0.6356173512146052,"{""type"":""MultiPoint"",""coordinates"":[]}"
20151025T18,-12.553360853740477,-52.28821087761995,7372.848333333333,97099.53515625,5.389857292072975,4699.491111111111,30.782159423828148,22.61542663574221,2015-10-25 18:00:00,0.1049041748046875,-0.298858642578125,0.3167354955401934,"{""type"":""MultiPoint"",""coordinates"":[]}"
20151025T19,-12.553360853740477,-52.28821087761995,7805.663611111111,97028.6640625,5.9891819952895275,5041.062777777778,29.041238403320335,24.843423461914085,2015-10-25 19:00:00,-0.2999114990234375,0.1663665771484375,0.3429646413824206,"{""type"":""MultiPoint"",""coordinates"":[]}"
20151025T20,-12.553360853740477,-52.28821087761995,8229.220833333333,97102.89453125,6.425935029881202,5220.944444444444,28.28138122558596,24.644570922851585,2015-10-25 20:00:00,-0.34576416015625,0.5171966552734375,0.6221295963660528,"{""type"":""MultiPoint"",""coordinates"":[]}"
20151025T21,-12.553360853740477,-52.28821087761995,8650.176666666666,97178.62890625,7.51386880864402,5287.1177777777775,26.502923583984398,24.44428405761721,2015-10-25 21:00:00,-1.16668701171875,0.37908935546875,1.2267303382336883,"{""type"":""MultiPoint"",""coordinates"":[]}"
20151025T22,-12.553360853740477,-52.28821087761995,9068.02,97230.6484375,7.709372043507301,5291.192222222222,25.832788085937523,24.021752929687523,2015-10-25 22:00:00,-1.337310791015625,-0.379425048828125,1.390094787935363,"{""type"":""MultiPoint"",""coordinates"":[]}"
20151025T23,-12.553360853740477,-52.28821087761995,9482.710833333333,97322.078125,7.709401845829689,5291.192222222222,25.413507080078148,23.86188659667971,2015-10-25 23:00:00,-1.5501861572265625,-0.1882171630859375,1.5615706268167877,"{""type"":""MultiPoint"",""coordinates"":[]}"
20151026T00,-12.553360853740477,-52.28821087761995,9895.781666666666,97368.07421875,7.709401845829689,5291.192222222222,25.011514282226585,23.702966308593773,2015-10-26 00:00:00,-1.5922088623046875,0.0214385986328125,1.5923531878050567,"{""type"":""MultiPoint"",""coordinates"":[]}"
20151026T01,-12.553360853740477,-52.28821087761995,411.5221006944444,97424.28515625,0.0,0.0,24.761499023437523,23.49469909667971,2015-10-26 01:00:00,-1.4661712646484375,-0.014862060546875,1.4662465884442826,"{""type"":""MultiPoint"",""coordinates"":[]}"
20151026T02,-12.553360853740477,-52.28821087761995,820.7856076388889,97422.8046875,0.0,0.0,24.578698730468773,23.236871337890648,2015-10-26 02:00:00,-1.425933837890625,0.251708984375,1.4479795312284567,"{""type"":""MultiPoint"",""coordinates"":[]}"
20151026T03,-12.553360853740477,-52.28821087761995,1226.1210069444444,97404.49609375,0.0,0.0,24.206338500976585,23.023126220703148,2015-10-26 03:00:00,-1.571502685546875,0.3402099609375,1.6079065607808607,"{""type"":""MultiPoint"",""coordinates"":[]}"
20151026T04,-12.553360853740477,-52.28821087761995,1632.6332291666668,97338.4296875,0.0,0.0,24.010827636718773,22.79303894042971,2015-10-26 04:00:00,-1.4499969482421875,0.3116741180419922,1.483115607688393,"{""type"":""MultiPoint"",""coordinates"":[]}"
20151026T05,-12.553360853740477,-52.28821087761995,2035.3597222222222,97291.73046875,0.0,0.0,23.89447937011721,22.546365356445335,2015-10-26 05:00:00,-1.2850341796875,0.24661827087402344,1.3084851602116163,"{""type"":""MultiPoint"",""coordinates"":[]}"
20151026T06,-12.553360853740477,-52.28821087761995,2437.223611111111,97246.5,0.0,0.0,23.75031433105471,22.393350219726585,2015-10-26 06:00:00,-1.2577972412109375,0.11715888977050781,1.2632419029822053,"{""type"":""MultiPoint"",""coordinates"":[]}"
20151026T07,-12.553360853740477,-52.28821087761995,2834.3141666666666,97280.3828125,0.0,0.0,23.238671875000023,22.292947387695335,2015-10-26 07:00:00,-1.2667083740234375,0.2222576141357422,1.286059311175971,"{""type"":""MultiPoint"",""coordinates"":[]}"
20151026T08,-12.553360853740477,-52.28821087761995,3230.282777777778,97316.43359375,0.0,0.0,23.07709655761721,22.154290771484398,2015-10-26 08:00:00,-1.349700927734375,0.2236309051513672,1.3681021073245418,"{""type"":""MultiPoint"",""coordinates"":[]}"
20151026T09,-12.553360853740477,-52.28821087761995,3624.679722222222,97370.26171875,0.0,0.0,22.909341430664085,22.064508056640648,2015-10-26 09:00:00,-1.373992919921875,0.2474365234375,1.3960950458784231,"{""type"":""MultiPoint"",""coordinates"":[]}"
20151026T10,-12.553360853740477,-52.28821087761995,4020.258333333333,97434.3984375,0.0,67.71555555555555,23.544824218750023,22.820581054687523,2015-10-26 10:00:00,-0.90655517578125,0.107147216796875,0.9128651668253585,"{""type"":""MultiPoint"",""coordinates"":[]}"
20151026T11,-12.553360853740477,-52.28821087761995,4417.866944444444,97501.98828125,0.0,358.37888888888887,25.460000610351585,23.615579223632835,2015-10-26 11:00:00,-1.1713714599609375,-0.045795440673828125,1.1722663176930097,"{""type"":""MultiPoint"",""coordinates"":[]}"
20151026T12,-12.553360853740477,-52.28821087761995,4820.472777777778,97572.20703125,0.09097158908843994,882.0788888888889,27.430947875976585,23.795098876953148,2015-10-26 12:00:00,-1.46881103515625,-0.3783273696899414,1.5167522723415594,"{""type"":""MultiPoint"",""coordinates"":[]}"
20151026T13,-12.553360853740477,-52.28821087761995,5232.143055555555,97602.8359375,0.34974515438079834,1571.0127777777777,29.178033447265648,23.999841308593773,2015-10-26 13:00:00,-1.24560546875,-0.6383800506591797,1.3996649859375365,"{""type"":""MultiPoint"",""coordinates"":[]}"
20151026T14,-12.553360853740477,-52.28821087761995,5654.225277777778,97534.7421875,0.7290393114089966,2388.9944444444445,30.524102783203148,24.270623779296898,2015-10-26 14:00:00,-1.0602264404296875,-0.5195465087890625,1.1806814472079712,"{""type"":""MultiPoint"",""coordinates"":[]}"
20151026T15,-12.553360853740477,-52.28821087761995,6090.262777777778,97448.2109375,1.262366771697998,3144.5716666666667,30.299844360351585,24.134683227539085,2015-10-26 15:00:00,-0.4990386962890625,-0.5442523956298828,0.7384106516991434,"{""type"":""MultiPoint"",""coordinates"":[]}"
20151026T16,-12.553360853740477,-52.28821087761995,6516.580277777778,97369.14453125,1.8175393342971802,3863.448888888889,30.953530883789085,23.920983886718773,2015-10-26 16:00:00,-0.31105804443359375,-0.5980663299560547,0.6741219786017631,"{""type"":""MultiPoint"",""coordinates"":[]}"
20151026T17,-12.553360853740477,-52.28821087761995,6948.075555555555,97233.08984375,5.835175514221191,4486.141666666666,28.927087402343773,24.310906982421898,2015-10-26 17:00:00,-0.1881103515625,-0.13415145874023438,0.23104570596983653,"{""type"":""MultiPoint"",""coordinates"":[]}"
20151026T18,-12.553360853740477,-52.28821087761995,7376.113611111111,97172.6640625,7.447957992553711,4962.087777777778,28.213800048828148,24.376306152343773,2015-10-26 18:00:00,-0.035430908203125,0.9593448638916016,0.9599989151719359,"{""type"":""MultiPoint"",""coordinates"":[]}"
20151026T19,-12.553360853740477,-52.28821087761995,7810.158611111111,96963.03125,9.09830629825592,5527.191111111111,31.001245117187523,23.088800048828148,2015-10-26 19:00:00,-1.1344146728515625,0.1974925994873047,1.1514773019183533,"{""type"":""MultiPoint"",""coordinates"":[]}"
20151026T20,-12.553360853740477,-52.28821087761995,8242.995,97083.53125,9.953528642654419,5784.468888888889,28.11292419433596,24.282312011718773,2015-10-26 20:00:00,-0.71575927734375,0.19710350036621094,0.7424022716561824,"{""type"":""MultiPoint"",""coordinates"":[]}"
20151026T21,-12.553360853740477,-52.28821087761995,8673.375,97127.23046875,10.551601648330688,5865.824444444444,26.426202392578148,25.279214477539085,2015-10-26 21:00:00,-0.0294189453125,-0.3031330108642578,0.3045572140319945,"{""type"":""MultiPoint"",""coordinates"":[]}"
20151026T22,-12.553360853740477,-52.28821087761995,9087.750555555556,97150.9140625,10.551601648330688,5872.814444444444,26.066690063476585,24.714334106445335,2015-10-26 22:00:00,0.0819244384765625,-0.11769676208496094,0.14340202726943568,"{""type"":""MultiPoint"",""coordinates"":[]}"
20151026T23,-12.553360853740477,-52.28821087761995,9499.285,97231.17578125,10.551601648330688,5872.814444444444,25.627954101562523,24.60669860839846,2015-10-26 23:00:00,0.192840576171875,0.3056821823120117,0.3614264578048136,"{""type"":""MultiPoint"",""coordinates"":[]}"
20151027T00,-12.553360853740477,-52.28821087761995,9907.397222222222,97259.23828125,10.551601648330688,5872.814444444444,25.036477661132835,24.413598632812523,2015-10-27 00:00:00,-0.038421630859375,0.7732810974121094,0.7742350271931452,"{""type"":""MultiPoint"",""coordinates"":[]}"
20151027T01,-12.553360853740477,-52.28821087761995,406.47109375,97309.46875,0.0,0.0,24.568811035156273,24.218835449218773,2015-10-27 01:00:00,-0.0418243408203125,0.63897705078125,0.6403443971099909,"{""type"":""MultiPoint"",""coordinates"":[]}"
20151027T02,-12.553360853740477,-52.28821087761995,813.8284027777778,97361.640625,0.0,0.0,24.41663513183596,24.036599731445335,2015-10-27 02:00:00,-0.2155609130859375,0.39685535430908203,0.4516200609962207,"{""type"":""MultiPoint"",""coordinates"":[]}"
20151027T03,-12.553360853740477,-52.28821087761995,1218.8026909722223,97367.43359375,0.0,0.0,24.129235839843773,23.846902465820335,2015-10-27 03:00:00,-0.30157470703125,0.3524904251098633,0.4638930951362786,"{""type"":""MultiPoint"",""coordinates"":[]}"
20151027T04,-12.553360853740477,-52.28821087761995,1625.2219965277777,97293.87109375,0.0,0.0,23.74164733886721,23.559243774414085,2015-10-27 04:00:00,-0.3561248779296875,0.6217641830444336,0.7165302701193765,"{""type"":""MultiPoint"",""coordinates"":[]}"
20151027T05,-12.553360853740477,-52.28821087761995,2030.2779166666667,97234.3984375,0.0,0.0,23.591851806640648,23.389733886718773,2015-10-27 05:00:00,-0.7741851806640625,0.40092945098876953,0.8718412232912615,"{""type"":""MultiPoint"",""coordinates"":[]}"
20151027T06,-12.553360853740477,-52.28821087761995,2436.331388888889,97192.15234375,0.0,0.0,23.58753356933596,23.34876403808596,2015-10-27 06:00:00,-0.994415283203125,0.14742279052734375,1.0052836587922935,"{""type"":""MultiPoint"",""coordinates"":[]}"
20151027T07,-12.553360853740477,-52.28821087761995,2844.6458333333335,97196.7265625,0.001519918441772461,0.0,22.796014404296898,22.620462036132835,2015-10-27 07:00:00,0.59954833984375,0.8441619873046875,1.035407008195133,"{""type"":""MultiPoint"",""coordinates"":[]}"
20151027T08,-12.553360853740477,-52.28821087761995,3246.948611111111,97248.17578125,0.0015497207641601562,0.0,22.631250000000023,22.483972167968773,2015-10-27 08:00:00,0.606536865234375,0.9180698394775391,1.1003359482660997,"{""type"":""MultiPoint"",""coordinates"":[]}"
20151027T09,-12.553360853740477,-52.28821087761995,3649.8683333333333,97253.265625,0.0015497207641601562,0.0,22.51105651855471,22.37690124511721,2015-10-27 09:00:00,0.39044189453125,1.0293283462524414,1.1008913286078412,"{""type"":""MultiPoint"",""coordinates"":[]}"
20151027T10,-12.553360853740477,-52.28821087761995,4051.4141666666665,97336.578125,0.0015497207641601562,56.73444444444444,23.135705566406273,22.581948852539085,2015-10-27 10:00:00,0.6041717529296875,0.8921413421630859,1.077469109271669,"{""type"":""MultiPoint"",""coordinates"":[]}"
20151027T11,-12.553360853740477,-52.28821087761995,4454.623611111111,97393.63671875,0.0015497207641601562,311.9772222222222,24.838479614257835,23.917031860351585,2015-10-27 11:00:00,0.36077880859375,0.2966756820678711,0.46709507496949937,"{""type"":""MultiPoint"",""coordinates"":[]}"
20151027T12,-12.553360853740477,-52.28821087761995,4865.103055555555,97446.95703125,0.0015497207641601562,759.6505555555556,26.851159667968773,24.104577636718773,2015-10-27 12:00:00,0.3002471923828125,0.2606029510498047,0.39757046498655874,"{""type"":""MultiPoint"",""coordinates"":[]}"
20151027T13,-12.553360853740477,-52.28821087761995,5281.0616666666665,97462.48828125,0.05669891834259033,1425.5966666666666,29.130456542968773,24.010949707031273,2015-10-27 13:00:00,0.2277679443359375,0.03104400634765625,0.2298738062440609,"{""type"":""MultiPoint"",""coordinates"":[]}"
20151027T14,-12.553360853740477,-52.28821087761995,5705.185833333333,97402.00390625,0.18574297428131104,2242.0116666666668,30.995629882812523,23.688134765625023,2015-10-27 14:00:00,-0.0383758544921875,-0.4698028564453125,0.47136761676231054,"{""type"":""MultiPoint"",""coordinates"":[]}"
20151027T15,-12.553360853740477,-52.28821087761995,6134.044722222222,97323.3359375,0.23911893367767334,3197.696111111111,32.13491210937502,23.99878845214846,2015-10-27 15:00:00,0.091705322265625,-0.5773477554321289,0.5845855769982351,"{""type"":""MultiPoint"",""coordinates"":[]}"
20151027T16,-12.553360853740477,-52.28821087761995,6570.435833333333,97179.54296875,0.502660870552063,4156.233888888889,33.12325439453127,22.900445556640648,2015-10-27 16:00:00,0.13629150390625,-0.41996002197265625,0.44152213318507744,"{""type"":""MultiPoint"",""coordinates"":[]}"
20151027T17,-12.553360853740477,-52.28821087761995,7014.544444444445,97040.421875,0.6154924631118774,4985.256666666667,32.92646179199221,22.571145629882835,2015-10-27 17:00:00,0.42742919921875,-0.011313438415527344,0.4275788982557065,"{""type"":""MultiPoint"",""coordinates"":[]}"
20151027T18,-12.553360853740477,-52.28821087761995,7455.904444444444,96953.61328125,5.41532039642334,5598.546666666667,30.234643554687523,23.178506469726585,2015-10-27 18:00:00,1.079010009765625,0.7710905075073242,1.326213848495904,"{""type"":""MultiPoint"",""coordinates"":[]}"
20151027T19,-12.553360853740477,-52.28821087761995,7888.476388888889,96980.39453125,7.906973361968994,6026.724444444444,28.306878662109398,24.93268737792971,2015-10-27 19:00:00,0.626617431640625,-0.16804122924804688,0.6487582449287932,"{""type"":""MultiPoint"",""coordinates"":[]}"
20151027T20,-12.553360853740477,-52.28821087761995,8313.801666666666,96946.3671875,8.191391825675964,6242.6738888888885,27.238458251953148,24.86188659667971,2015-10-27 20:00:00,0.32989501953125,-0.25274658203125,0.4155858017786498,"{""type"":""MultiPoint"",""coordinates"":[]}"
20151027T21,-12.553360853740477,-52.28821087761995,8733.871388888889,97002.0703125,8.217662572860718,6316.780555555555,26.64643249511721,24.751321411132835,2015-10-27 21:00:00,0.1209716796875,-0.1265411376953125,0.1750622941002406,"{""type"":""MultiPoint"",""coordinates"":[]}"
20151027T22,-12.553360853740477,-52.28821087761995,9150.681388888888,97068.8984375,8.341193199157715,6320.913333333333,26.274987792968773,24.568093872070335,2015-10-27 22:00:00,-0.8162994384765625,-0.387115478515625,0.9034396310565154,"{""type"":""MultiPoint"",""coordinates"":[]}"
20151027T23,-12.553360853740477,-52.28821087761995,9570.605,97169.08984375,8.393630385398865,6320.913333333333,25.784875488281273,24.356423950195335,2015-10-27 23:00:00,-0.9652099609375,-0.294403076171875,1.0091102219046406,"{""type"":""MultiPoint"",""coordinates"":[]}"
20151028T00,-12.553360853740477,-52.28821087761995,9989.433888888889,97205.12890625,8.409559726715088,6320.913333333333,25.44892272949221,24.239419555664085,2015-10-28 00:00:00,-0.7589111328125,0.17785072326660156,0.7794722492001914,"{""type"":""MultiPoint"",""coordinates"":[]}"
20151028T01,-12.553360853740477,-52.28821087761995,415.6073263888889,97290.08203125,0.0024652108550071716,0.0,25.311502075195335,24.267999267578148,2015-10-28 01:00:00,-0.2400970458984375,-0.12749862670898438,0.2718501264701441,"{""type"":""MultiPoint"",""coordinates"":[]}"
20151028T02,-12.553360853740477,-52.28821087761995,828.2621527777778,97330.91796875,1.4044083654880524,0.0,24.756158447265648,24.15400085449221,2015-10-28 02:00:00,-0.231689453125,-0.7696437835693359,0.8037608825243266,"{""type"":""MultiPoint"",""coordinates"":[]}"
20151028T03,-12.553360853740477,-52.28821087761995,1243.379861111111,97337.4296875,2.2301562130451202,0.0,24.430993652343773,24.050088500976585,2015-10-28 03:00:00,0.1757354736328125,-0.5207138061523438,0.5495687624043142,"{""type"":""MultiPoint"",""coordinates"":[]}"
20151028T04,-12.553360853740477,-52.28821087761995,1659.1426215277777,97266.08984375,2.85189226269722,0.0,24.318521118164085,23.904077148437523,2015-10-28 04:00:00,-0.579315185546875,-0.498504638671875,0.7642728302004376,"{""type"":""MultiPoint"",""coordinates"":[]}"
20151028T05,-12.553360853740477,-52.28821087761995,2076.3684722222224,97200.46875,2.970263361930847,0.0,23.936746215820335,23.819940185546898,2015-10-28 05:00:00,-0.7722625732421875,-0.2399311065673828,0.8086757186470321,"{""type"":""MultiPoint"",""coordinates"":[]}"
20151028T06,-12.553360853740477,-52.28821087761995,2496.7494444444446,97128.9140625,3.0228272080421448,0.0,23.794946289062523,23.79255065917971,2015-10-28 06:00:00,-0.6071014404296875,0.2957763671875,0.6753190493081298,"{""type"":""MultiPoint"",""coordinates"":[]}"
20151028T07,-12.553360853740477,-52.28821087761995,2911.3580555555554,97094.56640625,3.1163543462753296,0.0,23.548852539062523,23.548699951171898,2015-10-28 07:00:00,0.29937744140625,0.6024570465087891,0.6727416631300948,"{""type"":""MultiPoint"",""coordinates"":[]}"
20151028T08,-12.553360853740477,-52.28821087761995,3327.6425,97120.75,3.146640956401825,0.0,23.423974609375023,23.422265625000023,2015-10-28 08:00:00,0.46722412109375,0.5163059234619141,0.6963262065538587,"{""type"":""MultiPoint"",""coordinates"":[]}"
20151028T09,-12.553360853740477,-52.28821087761995,3745.5380555555557,97194.578125,3.174923360347748,0.0,23.377099609375023,23.376428222656273,2015-10-28 09:00:00,0.363006591796875,0.2821502685546875,0.45976359113512383,"{""type"":""MultiPoint"",""coordinates"":[]}"
20151028T10,-12.553360853740477,-52.28821087761995,4165.311944444445,97276.37109375,3.688149154186249,14.781666666666666,23.599221801757835,23.596887207031273,2015-10-28 10:00:00,0.0351715087890625,0.3953094482421875,0.396871005365776,"{""type"":""MultiPoint"",""coordinates"":[]}"
20151028T11,-12.553360853740477,-52.28821087761995,4587.694444444444,97366.83203125,5.863308906555176,87.2611111111111,24.254052734375023,24.24768981933596,2015-10-28 11:00:00,0.1508636474609375,0.5066986083984375,0.52868073530074,"{""type"":""MultiPoint"",""coordinates"":[]}"
20151028T12,-12.553360853740477,-52.28821087761995,5016.1475,97487.28515625,7.376730442047119,203.57833333333335,24.405007934570335,24.018106079101585,2015-10-28 12:00:00,-0.223846435546875,1.1506195068359375,1.172191313829964,"{""type"":""MultiPoint"",""coordinates"":[]}"
20151028T13,-12.553360853740477,-52.28821087761995,5442.308888888889,97494.37890625,7.705196738243103,397.81166666666667,25.15003356933596,24.06788024902346,2015-10-28 13:00:00,-0.0240325927734375,1.865997314453125,1.866152068579002,"{""type"":""MultiPoint"",""coordinates"":[]}"
20151028T14,-12.553360853740477,-52.28821087761995,5868.336111111111,97467.22265625,7.776185870170593,620.4616666666667,25.332940673828148,23.837091064453148,2015-10-28 14:00:00,0.6237030029296875,2.012542724609375,2.106972627786521,"{""type"":""MultiPoint"",""coordinates"":[]}"
20151028T15,-12.553360853740477,-52.28821087761995,6298.1475,97394.9375,7.791757583618164,878.32,25.970193481445335,23.524102783203148,2015-10-28 15:00:00,0.6806640625,1.6329345703125,1.769118107108927,"{""type"":""MultiPoint"",""coordinates"":[]}"
20151028T16,-12.553360853740477,-52.28821087761995,6731.9094444444445,97271.1328125,7.791787385940552,1145.7294444444444,26.579705810546898,23.661538696289085,2015-10-28 16:00:00,0.572357177734375,0.66064453125,0.8740960677034254,"{""type"":""MultiPoint"",""coordinates"":[]}"
20151028T17,-12.553360853740477,-52.28821087761995,7159.747222222222,97128.2578125,7.791787385940552,1633.3394444444446,27.947747802734398,23.331048583984398,2015-10-28 17:00:00,0.390167236328125,0.0292510986328125,0.3912621871266804,"{""type"":""MultiPoint"",""coordinates"":[]}"
20151028T18,-12.553360853740477,-52.28821087761995,7585.574444444444,96998.03515625,7.792115211486816,2213.8766666666666,28.841897583007835,22.887322998046898,2015-10-28 18:00:00,0.671478271484375,-0.1334075927734375,0.684602552496883,"{""type"":""MultiPoint"",""coordinates"":[]}"
20151028T19,-12.553360853740477,-52.28821087761995,8013.211111111111,96948.16015625,7.822141051292419,2678.176111111111,28.461663818359398,23.218957519531273,2015-10-28 19:00:00,1.259246826171875,0.68475341796875,1.4333840422733282,"{""type"":""MultiPoint"",""coordinates"":[]}"
20151028T20,-12.553360853740477,-52.28821087761995,8435.267777777777,96938.4609375,7.863327860832214,2954.3927777777776,27.780999755859398,23.033670043945335,2015-10-28 20:00:00,0.64520263671875,0.1453094482421875,0.6613631968723964,"{""type"":""MultiPoint"",""coordinates"":[]}"
20151028T21,-12.553360853740477,-52.28821087761995,8853.764722222222,96942.5546875,7.86396861076355,3034.8133333333335,26.763330078125023,23.962579345703148,2015-10-28 21:00:00,0.4066314697265625,-0.378692626953125,0.5556593001837034,"{""type"":""MultiPoint"",""coordinates"":[]}"
20151028T22,-12.553360853740477,-52.28821087761995,9272.655,97045.51171875,7.86609947681427,3042.43,26.355325317382835,23.909707641601585,2015-10-28 22:00:00,-0.13629150390625,-0.872222900390625,0.8828069789047103,"{""type"":""MultiPoint"",""coordinates"":[]}"
20151028T23,-12.553360853740477,-52.28821087761995,9685.75138888889,97200.15625,8.253514766693115,3042.43,25.711602783203148,23.696008300781273,2015-10-28 23:00:00,-0.4007568359375,-1.302703857421875,1.3629539176701717,"{""type"":""MultiPoint"",""coordinates"":[]}"
20151029T00,-12.553360853740477,-52.28821087761995,10102.889444444445,97285.22265625,8.45065712928772,3042.43,25.24842224121096,23.568215942382835,2015-10-29 00:00:00,-0.1533050537109375,-1.3881988525390625,1.3966382830511568,"{""type"":""MultiPoint"",""coordinates"":[]}"
20151029T01,-12.553360853740477,-52.28821087761995,417.82314236111114,97390.21484375,1.8485533073544502,0.0,24.795312500000023,23.30848083496096,2015-10-29 01:00:00,-0.0133514404296875,-1.245208740234375,1.2452803169237145,"{""type"":""MultiPoint"",""coordinates"":[]}"
20151029T02,-12.553360853740477,-52.28821087761995,832.4404166666667,97370.93359375,2.4530552327632904,0.0,24.410317993164085,23.25989685058596,2015-10-29 02:00:00,0.2081298828125,-0.97198486328125,0.9940184216438925,"{""type"":""MultiPoint"",""coordinates"":[]}"
20151029T03,-12.553360853740477,-52.28821087761995,1246.1136284722222,97369.31640625,2.5417469441890717,0.0,24.127648925781273,23.286477661132835,2015-10-29 03:00:00,0.6107940673828125,-0.6124420166015625,0.864959314909683,"{""type"":""MultiPoint"",""coordinates"":[]}"
20151029T04,-12.553360853740477,-52.28821087761995,1656.5462673611112,97290.4453125,2.644054591655731,0.0,23.672891235351585,23.228112792968773,2015-10-29 04:00:00,0.7241363525390625,-0.07012939453125,0.7275242875986321,"{""type"":""MultiPoint"",""coordinates"":[]}"
20151029T05,-12.553360853740477,-52.28821087761995,2074.351111111111,97212.2890625,2.6555731892585754,0.0,23.532312011718773,23.256143188476585,2015-10-29 05:00:00,-0.012068748474121094,0.2216033935546875,0.22193178845015715,"{""type"":""MultiPoint"",""coordinates"":[]}"
20151029T06,-12.553360853740477,-52.28821087761995,2479.9777777777776,97133.53125,2.6564188301563263,0.0,22.973855590820335,22.962808227539085,2015-10-29 06:00:00,0.330322265625,0.2150726318359375,0.39416879142376277,"{""type"":""MultiPoint"",""coordinates"":[]}"
20151029T07,-12.553360853740477,-52.28821087761995,2876.212777777778,97084.68359375,2.656415104866028,0.0,22.508752441406273,22.483331298828148,2015-10-29 07:00:00,-0.21198654174804688,0.21055221557617188,0.29878174202305463,"{""type"":""MultiPoint"",""coordinates"":[]}"
20151029T08,-12.553360853740477,-52.28821087761995,3286.891666666667,97098.8671875,2.656415104866028,0.0,22.974649047851585,22.838418579101585,2015-10-29 08:00:00,-0.15423297882080078,0.12279129028320312,0.19714338113502933,"{""type"":""MultiPoint"",""coordinates"":[]}"
20151029T09,-12.553360853740477,-52.28821087761995,3702.3941666666665,97142.33203125,2.656415104866028,0.0,22.824563598632835,22.75708923339846,2015-10-29 09:00:00,-0.2074127197265625,-0.3644561767578125,0.4193427489313383,"{""type"":""MultiPoint"",""coordinates"":[]}"
20151029T10,-12.553360853740477,-52.28821087761995,4124.006111111111,97202.01171875,2.6569664478302,41.59444444444444,23.544595336914085,23.136315917968773,2015-10-29 10:00:00,-0.2935810089111328,-0.9417724609375,0.986471072547773,"{""type"":""MultiPoint"",""coordinates"":[]}"
20151029T11,-12.553360853740477,-52.28821087761995,4543.870277777778,97262.9921875,2.66401469707489,203.26388888888889,24.67835388183596,23.127313232421898,2015-10-29 11:00:00,0.11004638671875,-0.7663402557373047,0.7742012624591684,"{""type"":""MultiPoint"",""coordinates"":[]}"
20151029T12,-12.553360853740477,-52.28821087761995,4962.833611111111,97357.24609375,2.686813473701477,569.9655555555555,25.934609985351585,23.837121582031273,2015-10-29 12:00:00,0.08720684051513672,-0.5725193023681641,0.5791229443017792,"{""type"":""MultiPoint"",""coordinates"":[]}"
20151029T13,-12.553360853740477,-52.28821087761995,5396.139166666667,97392.8984375,2.7690529823303223,1117.733888888889,27.678491210937523,24.082238769531273,2015-10-29 13:00:00,0.1416912078857422,-0.47513771057128906,0.49581472587958364,"{""type"":""MultiPoint"",""coordinates"":[]}"
20151029T14,-12.553360853740477,-52.28821087761995,5823.845833333334,97372.5,2.8319209814071655,1884.2105555555556,29.449914550781273,24.300073242187523,2015-10-29 14:00:00,0.21325969696044922,-0.2671852111816406,0.3418590870839044,"{""type"":""MultiPoint"",""coordinates"":[]}"
20151029T15,-12.553360853740477,-52.28821087761995,6254.136944444444,97276.4609375,2.9427260160446167,2732.2722222222224,30.46839294433596,24.33588562011721,2015-10-29 15:00:00,0.2628660202026367,-0.29164886474609375,0.39262909327361145,"{""type"":""MultiPoint"",""coordinates"":[]}"
20151029T16,-12.553360853740477,-52.28821087761995,6684.0275,97151.94921875,3.0502676963806152,3660.8494444444445,31.528894042968773,22.645608520507835,2015-10-29 16:00:00,-0.0077667236328125,-0.5828304290771484,0.5828821759620391,"{""type"":""MultiPoint"",""coordinates"":[]}"
20151029T17,-12.553360853740477,-52.28821087761995,7119.396388888889,97012.9296875,3.1765252351760864,4364.282222222222,31.36524353027346,22.284417724609398,2015-10-29 17:00:00,-0.3057403564453125,-0.5014476776123047,0.5873048092277813,"{""type"":""MultiPoint"",""coordinates"":[]}"
20151029T18,-12.553360853740477,-52.28821087761995,7553.486944444445,96853.26953125,3.2844424246718518,5010.065,31.254022216796898,22.438073730468773,2015-10-29 18:00:00,0.058502197265625,0.29032325744628906,0.296158911564603,"{""type"":""MultiPoint"",""coordinates"":[]}"
20151029T19,-12.553360853740477,-52.28821087761995,7982.4875,96939.34375,3.988984227078163,5498.441111111111,29.274819946289085,22.99793395996096,2015-10-29 19:00:00,0.7865447998046875,0.39783477783203125,0.8814336234524172,"{""type"":""MultiPoint"",""coordinates"":[]}"
20151029T20,-12.553360853740477,-52.28821087761995,8409.8825,96925.24609375,4.692065715687477,5783.875555555555,27.26661071777346,24.010232543945335,2015-10-29 20:00:00,0.3376007080078125,0.3073272705078125,0.45653509092419,"{""type"":""MultiPoint"",""coordinates"":[]}"
20151029T21,-12.553360853740477,-52.28821087761995,8828.350277777778,96958.67578125,4.830676317112648,5894.997777777778,26.551873779296898,24.691751098632835,2015-10-29 21:00:00,0.0264739990234375,0.030481338500976562,0.04037306801698486,"{""type"":""MultiPoint"",""coordinates"":[]}"
20151029T22,-12.553360853740477,-52.28821087761995,9253.15111111111,97053.59765625,4.844474792378151,5901.897777777778,26.522622680664085,24.277886962890648,2015-10-29 22:00:00,-1.019195556640625,-0.2424945831298828,1.0476465079039443,"{""type"":""MultiPoint"",""coordinates"":[]}"
20151029T23,-12.553360853740477,-52.28821087761995,9674.74888888889,97145.8984375,4.849451780216896,5901.897777777778,26.12690124511721,23.973321533203148,2015-10-29 23:00:00,-1.084075927734375,-0.11375617980957031,1.0900280205288362,"{""type"":""MultiPoint"",""coordinates"":[]}"
20151030T00,-12.553360853740477,-52.28821087761995,10092.526944444444,97252.49609375,4.8877179621626965,5901.897777777778,25.753320312500023,24.162255859375023,2015-10-30 00:00:00,-0.2930908203125,0.04993629455566406,0.2973144168475592,"{""type"":""MultiPoint"",""coordinates"":[]}"
20151030T01,-12.553360853740477,-52.28821087761995,415.50991319444444,97357.92578125,0.38021430373191833,0.0,25.184243774414085,23.990167236328148,2015-10-30 01:00:00,0.2105865478515625,0.32462120056152344,0.38694394683215194,"{""type"":""MultiPoint"",""coordinates"":[]}"
20151030T02,-12.553360853740477,-52.28821087761995,828.8073090277778,97367.6015625,0.9508095681667328,0.0,24.596185302734398,23.835412597656273,2015-10-30 02:00:00,-0.5200958251953125,0.37093162536621094,0.6388191747923759,"{""type"":""MultiPoint"",""coordinates"":[]}"
20151030T03,-12.553360853740477,-52.28821087761995,1239.385295138889,97331.09765625,1.1063925921916962,0.0,24.20502624511721,23.58789978027346,2015-10-30 03:00:00,-0.4546966552734375,0.0668792724609375,0.45958882210270907,"{""type"":""MultiPoint"",""coordinates"":[]}"
20151030T04,-12.553360853740477,-52.28821087761995,1658.4148958333333,97240.6171875,1.1587142944335938,0.0,24.185769653320335,23.518334960937523,2015-10-30 04:00:00,0.243988037109375,-0.2606487274169922,0.3570264995159088,"{""type"":""MultiPoint"",""coordinates"":[]}"
20151030T05,-12.553360853740477,-52.28821087761995,2066.334027777778,97184.06640625,1.209743320941925,0.0,23.692071533203148,23.326715087890648,2015-10-30 05:00:00,0.7046051025390625,-0.15256881713867188,0.7209338350273042,"{""type"":""MultiPoint"",""coordinates"":[]}"
20151030T06,-12.553360853740477,-52.28821087761995,2470.8186111111113,97153.14453125,1.209743320941925,0.0,23.373254394531273,23.113641357421898,2015-10-30 06:00:00,0.7920074462890625,0.21916770935058594,0.8217726448351181,"{""type"":""MultiPoint"",""coordinates"":[]}"
20151030T07,-12.553360853740477,-52.28821087761995,2871.6216666666664,97128.1484375,1.219913363456726,0.0,23.048074340820335,22.963555908203148,2015-10-30 07:00:00,0.3279876708984375,0.29126739501953125,0.438648615252397,"{""type"":""MultiPoint"",""coordinates"":[]}"
20151030T08,-12.553360853740477,-52.28821087761995,3274.7569444444443,97151.6171875,1.2199655175209045,0.0,22.83393249511721,22.789331054687523,2015-10-30 08:00:00,0.363525390625,0.3522472381591797,0.5061905040790756,"{""type"":""MultiPoint"",""coordinates"":[]}"
20151030T09,-12.553360853740477,-52.28821087761995,3675.778333333333,97183.96875,1.2200400233268738,0.0,22.70807800292971,22.657617187500023,2015-10-30 09:00:00,0.227752685546875,0.42120933532714844,0.4788408816512557,"{""type"":""MultiPoint"",""coordinates"":[]}"
20151030T10,-12.553360853740477,-52.28821087761995,4076.0494444444444,97251.58984375,1.22128427028656,62.21944444444444,23.93482360839846,23.38276062011721,2015-10-30 10:00:00,0.249176025390625,0.2422027587890625,0.3474922560209108,"{""type"":""MultiPoint"",""coordinates"":[]}"
20151030T11,-12.553360853740477,-52.28821087761995,4486.234444444444,97341.55078125,1.22128427028656,294.89222222222224,25.447122192382835,23.692163085937523,2015-10-30 11:00:00,0.48931884765625,0.18919754028320312,0.5246223822149172,"{""type"":""MultiPoint"",""coordinates"":[]}"
20151030T12,-12.553360853740477,-52.28821087761995,4896.906944444445,97404.2421875,1.2668848036696545,713.6983333333334,26.730859375000023,23.331887817382835,2015-10-30 12:00:00,0.626861572265625,0.0837554931640625,0.6324321413546964,"{""type"":""MultiPoint"",""coordinates"":[]}"
20151030T13,-12.553360853740477,-52.28821087761995,5315.682777777778,97395.6484375,1.3418823479582898,1261.15,27.87940368652346,22.832696533203148,2015-10-30 13:00:00,0.725372314453125,0.15111541748046875,0.7409459251358224,"{""type"":""MultiPoint"",""coordinates"":[]}"
20151030T14,-12.553360853740477,-52.28821087761995,5735.123611111111,97357.890625,1.3906091450621716,2060.0044444444443,29.492227172851585,22.86945495605471,2015-10-30 14:00:00,0.6788177490234375,0.08021354675292969,0.6835405982616768,"{""type"":""MultiPoint"",""coordinates"":[]}"
20151030T15,-12.553360853740477,-52.28821087761995,6152.621666666667,97275.99609375,1.4206796883513562,2987.802777777778,30.873757934570335,23.24848327636721,2015-10-30 15:00:00,0.564300537109375,0.08059024810791016,0.5700262136709361,"{""type"":""MultiPoint"",""coordinates"":[]}"
20151030T16,-12.553360853740477,-52.28821087761995,6577.627222222222,97172.19140625,1.458558440106117,3930.806111111111,31.799615478515648,23.482644653320335,2015-10-30 16:00:00,0.53460693359375,0.13381099700927734,0.5510988626073628,"{""type"":""MultiPoint"",""coordinates"":[]}"
20151030T17,-12.553360853740477,-52.28821087761995,7010.934722222222,97046.02734375,1.5083134173323742,4767.120555555555,32.14356384277346,22.25043640136721,2015-10-30 17:00:00,0.498931884765625,0.07139968872070312,0.5040148223863978,"{""type"":""MultiPoint"",""coordinates"":[]}"
20151030T18,-12.553360853740477,-52.28821087761995,7443.421111111111,96929.8046875,1.5516310929228894,5519.547777777778,32.16388854980471,22.190820312500023,2015-10-30 18:00:00,0.4863739013671875,0.08402252197265625,0.4935781155296334,"{""type"":""MultiPoint"",""coordinates"":[]}"
20151030T19,-12.553360853740477,-52.28821087761995,7874.3886111111115,96848.484375,1.8283456562926403,6087.987777777777,31.678750610351585,22.015847778320335,2015-10-30 19:00:00,0.1550140380859375,0.13997840881347656,0.20886193271551726,"{""type"":""MultiPoint"",""coordinates"":[]}"
20151030T20,-12.553360853740477,-52.28821087761995,8304.649444444445,96857.3828125,4.013928770916664,6376.533888888889,27.63367614746096,24.81141052246096,2015-10-30 20:00:00,-0.24639892578125,-0.005870819091796875,0.24646885633475593,"{""type"":""MultiPoint"",""coordinates"":[]}"
20151030T21,-12.553360853740477,-52.28821087761995,8733.21611111111,96841.2890625,4.029768705265724,6482.903333333334,27.129861450195335,24.296380615234398,2015-10-30 21:00:00,-0.2974090576171875,-0.22613906860351562,0.37361882434054244,"{""type"":""MultiPoint"",""coordinates"":[]}"
20151030T22,-12.553360853740477,-52.28821087761995,9147.384722222223,96979.63671875,4.038515686886512,6491.22,26.61023864746096,24.130334472656273,2015-10-30 22:00:00,-0.268829345703125,0.18511199951171875,0.32639802308592014,"{""type"":""MultiPoint"",""coordinates"":[]}"
20151030T23,-12.553360853740477,-52.28821087761995,9566.5775,97030.48046875,4.038515686886512,6491.22,26.131860351562523,24.02399597167971,2015-10-30 23:00:00,-0.4580078125,0.3325233459472656,0.565988455634035,"{""type"":""MultiPoint"",""coordinates"":[]}"
20151031T00,-12.553360853740477,-52.28821087761995,9979.896111111111,97129.09375,4.038515686886512,6491.22,25.586541748046898,23.980310058593773,2015-10-31 00:00:00,-0.438720703125,0.5092868804931641,0.6721971303069902,"{""type"":""MultiPoint"",""coordinates"":[]}"
20151031T01,-12.553360853740477,-52.28821087761995,412.02369791666666,97209.6953125,0.0,0.0,25.18995056152346,23.872415161132835,2015-10-31 01:00:00,-0.7651214599609375,0.29712486267089844,0.8207886649497279,"{""type"":""MultiPoint"",""coordinates"":[]}"
20151031T02,-12.553360853740477,-52.28821087761995,820.7538194444444,97243.8828125,0.0,0.0,24.71729431152346,23.89740905761721,2015-10-31 02:00:00,-0.7332000732421875,-0.11387252807617188,0.7419900943090869,"{""type"":""MultiPoint"",""coordinates"":[]}"
20151031T03,-12.553360853740477,-52.28821087761995,1228.0453125,97228.55859375,0.0014156103134155273,0.0,24.880151367187523,23.724969482421898,2015-10-31 03:00:00,-0.1851806640625,-0.15275192260742188,0.24005213642642775,"{""type"":""MultiPoint"",""coordinates"":[]}"
20151031T04,-12.553360853740477,-52.28821087761995,1633.9428993055556,97185.703125,0.02275407314300537,0.0,24.02539978027346,23.545983886718773,2015-10-31 04:00:00,0.9277801513671875,0.20846939086914062,0.9509129803511317,"{""type"":""MultiPoint"",""coordinates"":[]}"
20151031T05,-12.553360853740477,-52.28821087761995,2043.6695833333333,97134.83203125,0.04647672176361084,0.0,23.950662231445335,23.21137390136721,2015-10-31 05:00:00,1.096160888671875,0.5153331756591797,1.2112542985636376,"{""type"":""MultiPoint"",""coordinates"":[]}"
20151031T06,-12.553360853740477,-52.28821087761995,2451.1525,97097.84765625,0.18799304962158203,0.0,23.747674560546898,22.64057312011721,2015-10-31 06:00:00,0.83270263671875,0.7299709320068359,1.1073622906588825,"{""type"":""MultiPoint"",""coordinates"":[]}"
20151031T07,-12.553360853740477,-52.28821087761995,2852.0269444444443,96982.76171875,0.18799304962158203,0.0,24.036645507812523,23.268228149414085,2015-10-31 07:00:00,-1.0554046630859375,-0.7239437103271484,1.2798333870413678,"{""type"":""MultiPoint"",""coordinates"":[]}"
20151031T08,-12.553360853740477,-52.28821087761995,3250.3102777777776,97019.671875,0.18799304962158203,0.0,23.82801208496096,23.27063903808596,2015-10-31 08:00:00,-0.885650634765625,-0.8027019500732422,1.1952855171515049,"{""type"":""MultiPoint"",""coordinates"":[]}"
20151031T09,-12.553360853740477,-52.28821087761995,3650.4383333333335,97066.21875,0.1888528465201489,0.0,23.656579589843773,23.23047790527346,2015-10-31 09:00:00,-0.3943634033203125,-0.9845142364501953,1.0605615378899476,"{""type"":""MultiPoint"",""coordinates"":[]}"
20151031T10,-12.553360853740477,-52.28821087761995,4048.0605555555558,97157.0078125,0.1888528465201489,73.96166666666667,24.660302734375023,23.889871215820335,2015-10-31 10:00:00,0.0119781494140625,-0.5021553039550781,0.5022981438882713,"{""type"":""MultiPoint"",""coordinates"":[]}"
20151031T11,-12.553360853740477,-52.28821087761995,4449.473333333333,97203.1875,0.1888528465201489,355.9977777777778,27.022439575195335,24.379861450195335,2015-10-31 11:00:00,0.0944976806640625,-0.6775588989257812,0.6841168563662235,"{""type"":""MultiPoint"",""coordinates"":[]}"
20151031T12,-12.553360853740477,-52.28821087761995,4858.526666666667,97252.07421875,0.32763481129904903,866.6733333333333,28.94178161621096,23.897622680664085,2015-10-31 12:00:00,0.280487060546875,-0.7895545959472656,0.8378958474152239,"{""type"":""MultiPoint"",""coordinates"":[]}"
20151031T13,-12.553360853740477,-52.28821087761995,5274.815555555556,97262.69921875,0.5676627158095471,1577.6522222222222,29.925469970703148,23.504678344726585,2015-10-31 13:00:00,0.5030517578125,-0.6851940155029297,0.8500305346981808,"{""type"":""MultiPoint"",""coordinates"":[]}"
20151031T14,-12.553360853740477,-52.28821087761995,5698.339444444445,97252.3046875,0.6701678036620251,2409.9622222222224,31.012185668945335,23.564813232421898,2015-10-31 14:00:00,0.8561553955078125,-0.6243257522583008,1.05961535766052,"{""type"":""MultiPoint"",""coordinates"":[]}"
20151031T15,-12.553360853740477,-52.28821087761995,6133.284166666666,97205.8203125,0.9030282496382824,3158.6233333333334,31.156243896484398,23.37238464355471,2015-10-31 15:00:00,0.582275390625,-0.3841686248779297,0.6975888207734523,"{""type"":""MultiPoint"",""coordinates"":[]}"
20151031T16,-12.553360853740477,-52.28821087761995,6573.233888888889,97101.0390625,1.1449337004592053,3814.9644444444443,30.894219970703148,23.85309753417971,2015-10-31 16:00:00,0.17730712890625,-0.1561450958251953,0.23626067999402053,"{""type"":""MultiPoint"",""coordinates"":[]}"
20151031T17,-12.553360853740477,-52.28821087761995,7008.723888888889,96916.0703125,1.3355493544509045,4462.812777777778,31.016885375976585,23.771417236328148,2015-10-31 17:00:00,-0.4440155029296875,-0.14968299865722656,0.4685667155581184,"{""type"":""MultiPoint"",""coordinates"":[]}"
20151031T18,-12.553360853740477,-52.28821087761995,7436.158333333334,96799.9921875,3.8066685198714367,5000.5922222222225,28.94367370605471,24.658242797851585,2015-10-31 18:00:00,-0.6524505615234375,-0.5087127685546875,0.8273333162171241,"{""type"":""MultiPoint"",""coordinates"":[]}"
20151031T19,-12.553360853740477,-52.28821087761995,7860.461388888889,96770.71875,3.834205865757667,5256.894444444444,27.81403503417971,24.837121582031273,2015-10-31 19:00:00,-0.6666717529296875,0.351715087890625,0.7537603924353231,"{""type"":""MultiPoint"",""coordinates"":[]}"
20151031T20,-12.553360853740477,-52.28821087761995,8281.2425,96867.109375,3.853219747441017,5438.257777777778,27.216531372070335,24.891778564453148,2015-10-31 20:00:00,-0.2855682373046875,0.4691314697265625,0.5492117570164635,"{""type"":""MultiPoint"",""coordinates"":[]}"
20151031T21,-12.553360853740477,-52.28821087761995,8695.145833333334,96929.46875,3.85485887517234,5525.308888888889,27.018121337890648,24.877343750000023,2015-10-31 21:00:00,-0.178802490234375,0.760406494140625,0.7811455477983922,"{""type"":""MultiPoint"",""coordinates"":[]}"
20151031T22,-12.553360853740477,-52.28821087761995,9113.613055555556,97040.9453125,3.85485887517234,5531.082222222222,26.48877868652346,24.778115844726585,2015-10-31 22:00:00,-0.4830169677734375,0.7690916061401367,0.9081890165556183,"{""type"":""MultiPoint"",""coordinates"":[]}"
20151031T23,-12.553360853740477,-52.28821087761995,9531.459444444445,97087.12890625,3.85485887517234,5531.082222222222,25.980035400390648,24.737710571289085,2015-10-31 23:00:00,-0.5885772705078125,0.80377197265625,0.9962291841670501,"{""type"":""MultiPoint"",""coordinates"":[]}"
20151101T00,-12.553360853740477,-52.28821087761995,9946.015555555556,97182.65234375,3.85485887517234,5531.082222222222,25.583215332031273,24.600152587890648,2015-11-01 00:00:00,-1.0217437744140625,0.6498870849609375,1.210914350296056,"{""type"":""MultiPoint"",""coordinates"":[]}"
20151101T01,-12.553360853740477,-52.28821087761995,412.3198611111111,97240.3203125,0.0,0.0,25.288873291015648,24.340310668945335,2015-11-01 01:00:00,-1.2216796875,0.3726654052734375,1.2772551675909216,"{""type"":""MultiPoint"",""coordinates"":[]}"
20151101T02,-12.553360853740477,-52.28821087761995,820.89203125,97268.9921875,0.0,0.0,24.976129150390648,23.990457153320335,2015-11-01 02:00:00,-1.2087860107421875,0.3722686767578125,1.2648112853153328,"{""type"":""MultiPoint"",""coordinates"":[]}"
20151101T03,-12.553360853740477,-52.28821087761995,1226.8608854166666,97238.5703125,0.0,0.0,24.668695068359398,23.67481384277346,2015-11-01 03:00:00,-1.20721435546875,0.06009864807128906,1.208709372657392,"{""type"":""MultiPoint"",""coordinates"":[]}"
20151101T04,-12.553360853740477,-52.28821087761995,1636.3644444444444,97182.63671875,0.01683831214904785,0.0,24.391046142578148,23.538995361328148,2015-11-01 04:00:00,-0.5543060302734375,-0.37287425994873047,0.668049690464572,"{""type"":""MultiPoint"",""coordinates"":[]}"
20151101T05,-12.553360853740477,-52.28821087761995,2046.2251909722222,97124.09765625,0.05256384611129761,0.0,24.022454833984398,23.44983825683596,2015-11-01 05:00:00,0.7004241943359375,-0.1820058822631836,0.7236851478298743,"{""type"":""MultiPoint"",""coordinates"":[]}"
20151101T06,-12.553360853740477,-52.28821087761995,2457.280277777778,97104.73046875,0.2517327666282654,0.0,23.803979492187523,23.150720214843773,2015-11-01 06:00:00,1.0833892822265625,-0.6567955017089844,1.2669304116282563,"{""type"":""MultiPoint"",""coordinates"":[]}"
20151101T07,-12.553360853740477,-52.28821087761995,2863.665,97130.65234375,0.3568306565284729,0.0,23.297387695312523,22.919778442382835,2015-11-01 07:00:00,0.9356842041015625,-1.1739683151245117,1.5012350031628823,"{""type"":""MultiPoint"",""coordinates"":[]}"
20151101T08,-12.553360853740477,-52.28821087761995,3269.0755555555556,97128.38671875,0.5141496658325195,0.0,23.028863525390648,22.47010192871096,2015-11-01 08:00:00,0.1392974853515625,-0.8107318878173828,0.8226116844229762,"{""type"":""MultiPoint"",""coordinates"":[]}"
20151101T09,-12.553360853740477,-52.28821087761995,3675.331388888889,97099.1171875,0.5227774381637573,0.0,22.904031372070335,22.432061767578148,2015-11-01 09:00:00,-0.806854248046875,-0.2594938278198242,0.8475557941916702,"{""type"":""MultiPoint"",""coordinates"":[]}"
20151101T10,-12.553360853740477,-52.28821087761995,4072.5480555555555,97171.42578125,0.5259662866592407,47.20722222222222,23.130639648437523,22.44623718261721,2015-11-01 10:00:00,-1.0266265869140625,-0.573272705078125,1.1758417169612618,"{""type"":""MultiPoint"",""coordinates"":[]}"
20151101T11,-12.553360853740477,-52.28821087761995,4478.256944444444,97241.078125,0.531122088432312,247.7811111111111,24.48859558105471,22.371072387695335,2015-11-01 11:00:00,-1.25177001953125,-0.49501609802246094,1.3460940231271545,"{""type"":""MultiPoint"",""coordinates"":[]}"
20151101T12,-12.553360853740477,-52.28821087761995,4896.730833333333,97285.8671875,0.5363374948501587,561.9477777777778,25.591638183593773,22.607934570312523,2015-11-01 12:00:00,-1.0240631103515625,-0.20783329010009766,1.0449401563997567,"{""type"":""MultiPoint"",""coordinates"":[]}"
20151101T13,-12.553360853740477,-52.28821087761995,5327.478888888889,97311.48828125,0.5430877208709717,927.38,26.572930908203148,22.593499755859398,2015-11-01 13:00:00,-1.0667266845703125,-0.22168254852294922,1.0895177703433756,"{""type"":""MultiPoint"",""coordinates"":[]}"
20151101T14,-12.553360853740477,-52.28821087761995,5762.518888888889,97309.703125,0.5924254655838013,1436.3122222222223,27.776345825195335,22.940454101562523,2015-11-01 14:00:00,-0.8663482666015625,-0.20235538482666016,0.8896668032538236,"{""type"":""MultiPoint"",""coordinates"":[]}"
20151101T15,-12.553360853740477,-52.28821087761995,6204.481944444445,97221.81640625,0.6448328495025635,1997.3605555555555,28.666604614257835,23.323754882812523,2015-11-01 15:00:00,-0.785552978515625,-0.3501605987548828,0.8600615832457278,"{""type"":""MultiPoint"",""coordinates"":[]}"
20151101T16,-12.553360853740477,-52.28821087761995,6650.916111111111,97083.4453125,0.6957948207855225,2575.076666666667,29.178811645507835,23.605569458007835,2015-11-01 16:00:00,-0.7221832275390625,-0.3647584915161133,0.809071919715329,"{""type"":""MultiPoint"",""coordinates"":[]}"
20151101T17,-12.553360853740477,-52.28821087761995,7093.170833333334,96961.08984375,0.7334649562835693,3224.442777777778,29.89002380371096,23.888330078125023,2015-11-01 17:00:00,-0.535400390625,-0.457550048828125,0.704276668266117,"{""type"":""MultiPoint"",""coordinates"":[]}"
20151101T18,-12.553360853740477,-52.28821087761995,7534.51,96801.99609375,1.0059475898742676,3793.818888888889,29.665734863281273,22.99323425292971,2015-11-01 18:00:00,-0.5925445556640625,-0.3763580322265625,0.7019646849155387,"{""type"":""MultiPoint"",""coordinates"":[]}"
20151101T19,-12.553360853740477,-52.28821087761995,7958.012222222223,96746.72265625,2.138197422027588,4297.622222222222,27.67365417480471,23.442590332031273,2015-11-01 19:00:00,-0.290069580078125,-0.7375011444091797,0.792494983764282,"{""type"":""MultiPoint"",""coordinates"":[]}"
20151101T20,-12.553360853740477,-52.28821087761995,8377.958888888888,96806.21875,4.473209381103516,4524.754444444445,26.296868896484398,22.862405395507835,2015-11-01 20:00:00,-0.0439605712890625,-1.7687416076660156,1.769287824667604,"{""type"":""MultiPoint"",""coordinates"":[]}"
20151101T21,-12.553360853740477,-52.28821087761995,8802.675,96816.55859375,4.5972466468811035,4602.81,25.609277343750023,22.507424926757835,2015-11-01 21:00:00,-0.575469970703125,-1.1395587921142578,1.2766205105143664,"{""type"":""MultiPoint"",""coordinates"":[]}"
20151101T22,-12.553360853740477,-52.28821087761995,9217.145555555555,96981.875,4.5996010303497314,4610.518888888889,25.252069091796898,22.315164184570335,2015-11-01 22:00:00,-0.818939208984375,-0.84539794921875,1.1770127954084535,"{""type"":""MultiPoint"",""coordinates"":[]}"
20151101T23,-12.553360853740477,-52.28821087761995,9633.343611111111,97084.3359375,4.61241602897644,4610.518888888889,24.938684082031273,22.282632446289085,2015-11-01 23:00:00,-0.830078125,-1.0743255615234375,1.3576469002454816,"{""type"":""MultiPoint"",""coordinates"":[]}"
20151102T00,-12.553360853740477,-52.28821087761995,10045.6425,97149.70703125,4.62651252746582,4610.518888888889,24.632302856445335,22.243829345703148,2015-11-02 00:00:00,-0.758056640625,-0.8719482421875,1.1553975971281625,"{""type"":""MultiPoint"",""coordinates"":[]}"
20151102T01,-12.553360853740477,-52.28821087761995,406.41151041666666,97207.26953125,0.0,0.0,24.316873168945335,22.234475708007835,2015-11-02 01:00:00,-0.714202880859375,-0.712646484375,1.008935462118305,"{""type"":""MultiPoint"",""coordinates"":[]}"
20151102T02,-12.553360853740477,-52.28821087761995,820.9735069444445,97243.796875,0.0,0.0,24.219628906250023,22.271997070312523,2015-11-02 02:00:00,-0.91131591796875,-0.8350830078125,1.2360664756720803,"{""type"":""MultiPoint"",""coordinates"":[]}"
20151102T03,-12.553360853740477,-52.28821087761995,1237.1694097222223,97222.91796875,0.011149793863296509,0.0,24.141564941406273,22.33112487792971,2015-11-02 03:00:00,-0.6674041748046875,-0.8478240966796875,1.0789967708280939,"{""type"":""MultiPoint"",""coordinates"":[]}"
20151102T04,-12.553360853740477,-52.28821087761995,1655.3711979166667,97163.546875,0.0720098614692688,0.0,24.059869384765648,22.395471191406273,2015-11-02 04:00:00,-0.266998291015625,-0.7928924560546875,0.8366400266982802,"{""type"":""MultiPoint"",""coordinates"":[]}"
20151102T05,-12.553360853740477,-52.28821087761995,2074.193784722222,97113.484375,0.23812800645828247,0.0,23.92017517089846,22.434777832031273,2015-11-02 05:00:00,-0.4849700927734375,-0.82965087890625,0.9609976960193972,"{""type"":""MultiPoint"",""coordinates"":[]}"
20151102T06,-12.553360853740477,-52.28821087761995,2488.9113888888887,97068.29296875,0.5608648061752319,0.0,23.67676696777346,22.46351013183596,2015-11-02 06:00:00,-0.5599822998046875,-0.9627227783203125,1.11373934293053,"{""type"":""MultiPoint"",""coordinates"":[]}"
20151102T07,-12.553360853740477,-52.28821087761995,2901.2972222222224,96982.94140625,0.5650743842124939,0.0,23.58698425292971,22.420953369140648,2015-11-02 07:00:00,-0.37664794921875,-0.5648193359375,0.6788847913302879,"{""type"":""MultiPoint"",""coordinates"":[]}"
20151102T08,-12.553360853740477,-52.28821087761995,3315.1516666666666,97032.42578125,0.5709528923034668,0.0,23.42878112792971,22.513970947265648,2015-11-02 08:00:00,-0.556488037109375,-0.4276580810546875,0.7018335769519886,"{""type"":""MultiPoint"",""coordinates"":[]}"
20151102T09,-12.553360853740477,-52.28821087761995,3725.2944444444443,97052.92578125,0.5774885415981146,0.0,23.190164184570335,22.601220703125023,2015-11-02 09:00:00,-0.591888427734375,-0.319488525390625,0.6726104583948621,"{""type"":""MultiPoint"",""coordinates"":[]}"
20151102T10,-12.553360853740477,-52.28821087761995,4130.8966666666665,97131.125,0.5777940154061412,61.251666666666665,23.87543640136721,23.164819335937523,2015-11-02 10:00:00,-0.327117919921875,-0.021514892578125,0.3278246850630112,"{""type"":""MultiPoint"",""coordinates"":[]}"
20151102T11,-12.553360853740477,-52.28821087761995,4536.230555555556,97216.5859375,0.5778107043212799,293.61277777777775,25.20758972167971,23.71247253417971,2015-11-02 11:00:00,-0.464111328125,-0.1593170166015625,0.4906946470798046,"{""type"":""MultiPoint"",""coordinates"":[]}"
20151102T12,-12.553360853740477,-52.28821087761995,4950.669166666667,97300.421875,0.6826331781333295,628.1961111111111,26.241204833984398,23.30420837402346,2015-11-02 12:00:00,-0.826019287109375,-0.4940338134765625,0.962484946134159,"{""type"":""MultiPoint"",""coordinates"":[]}"
20151102T13,-12.553360853740477,-52.28821087761995,5368.464166666667,97321.10546875,0.9322127269690839,1219.6583333333333,27.84870300292971,23.41895446777346,2015-11-02 13:00:00,-0.7430267333984375,-0.4088134765625,0.8480667339094669,"{""type"":""MultiPoint"",""coordinates"":[]}"
20151102T14,-12.553360853740477,-52.28821087761995,5787.850277777778,97266.796875,1.3183167146628705,1960.3655555555556,29.122171020507835,23.51093444824221,2015-11-02 14:00:00,-0.8636474609375,-0.3981475830078125,0.9510039088451495,"{""type"":""MultiPoint"",""coordinates"":[]}"
20151102T15,-12.553360853740477,-52.28821087761995,6217.595555555556,97149.26171875,6.175782339472136,2467.7433333333333,27.202233886718773,23.388772583007835,2015-11-02 15:00:00,-1.072998046875,-0.55438232421875,1.2077518660733868,"{""type"":""MultiPoint"",""coordinates"":[]}"
20151102T16,-12.553360853740477,-52.28821087761995,6636.7538888888885,97113.2578125,9.33204199542459,2911.4555555555557,26.169213867187523,24.008035278320335,2015-11-02 16:00:00,-0.471771240234375,-0.2531585693359375,0.535403926340197,"{""type"":""MultiPoint"",""coordinates"":[]}"
20151102T17,-12.553360853740477,-52.28821087761995,7063.490833333333,97020.234375,9.844641940492949,3195.962777777778,25.619897460937523,23.40790710449221,2015-11-02 17:00:00,0.125701904296875,0.3702545166015625,0.3910107106048598,"{""type"":""MultiPoint"",""coordinates"":[]}"
20151102T18,-12.553360853740477,-52.28821087761995,7478.389166666667,96849.0625,9.916152613062224,3496.883333333333,25.868646240234398,23.433709716796898,2015-11-02 18:00:00,-0.2625732421875,0.356201171875,0.44252003610907703,"{""type"":""MultiPoint"",""coordinates"":[]}"
20151102T19,-12.553360853740477,-52.28821087761995,7900.515833333333,96779.5625,10.60646380652841,3902.748888888889,27.796197509765648,23.225747680664085,2015-11-02 19:00:00,-0.6450958251953125,-0.0881500244140625,0.6510906622649575,"{""type"":""MultiPoint"",""coordinates"":[]}"
20151102T20,-12.553360853740477,-52.28821087761995,8320.28611111111,96786.48828125,11.58503796328958,4160.098333333333,26.514794921875023,24.290582275390648,2015-11-02 20:00:00,0.3433837890625,-0.25689697265625,0.42884552131375414,"{""type"":""MultiPoint"",""coordinates"":[]}"
20151102T21,-12.553360853740477,-52.28821087761995,8733.30361111111,96862.0546875,11.977802770037016,4265.538888888889,26.380426025390648,24.844873046875023,2015-11-02 21:00:00,0.265533447265625,0.1320953369140625,0.29657577387778344,"{""type"":""MultiPoint"",""coordinates"":[]}"
20151102T22,-12.553360853740477,-52.28821087761995,9150.41888888889,96931.78125,11.97781767119821,4272.012222222223,25.408685302734398,24.054193115234398,2015-11-02 22:00:00,-0.1898040771484375,0.3825492858886719,0.42704747257898956,"{""type"":""MultiPoint"",""coordinates"":[]}"
20151102T23,-12.553360853740477,-52.28821087761995,9562.644166666667,97029.375,11.97781767119821,4272.012222222223,24.913980102539085,24.178323364257835,2015-11-02 23:00:00,-0.511566162109375,-0.04426002502441406,0.5134772517166434,"{""type"":""MultiPoint"",""coordinates"":[]}"
20151103T00,-12.553360853740477,-52.28821087761995,9973.584444444445,97094.92578125,11.97781767119821,4272.012222222223,24.40064392089846,24.049157714843773,2015-11-03 00:00:00,-0.4576416015625,-0.27545166015625,0.5341436628506644,"{""type"":""MultiPoint"",""coordinates"":[]}"
20151103T01,-12.553360853740477,-52.28821087761995,407.0875520833333,97163.84765625,0.0,0.0,24.05622253417971,23.771508789062523,2015-11-03 01:00:00,-0.4963836669921875,-0.3213653564453125,0.5913310723950109,"{""type"":""MultiPoint"",""coordinates"":[]}"
20151103T02,-12.553360853740477,-52.28821087761995,810.5482465277778,97166.484375,0.0,0.0,24.208398437500023,23.893731689453148,2015-11-03 02:00:00,-0.3783416748046875,0.056427001953125,0.38252637744792695,"{""type"":""MultiPoint"",""coordinates"":[]}"
20151103T03,-12.553360853740477,-52.28821087761995,1215.2830381944445,97165.9921875,0.0,0.0,23.21161804199221,23.183129882812523,2015-11-03 03:00:00,-0.2456512451171875,0.8127975463867188,0.8491079940972731,"{""type"":""MultiPoint"",""coordinates"":[]}"
20151103T04,-12.553360853740477,-52.28821087761995,1621.0769097222221,97139.6875,0.0,0.0,23.06220397949221,23.027810668945335,2015-11-03 04:00:00,-0.13671875,0.7412738800048828,0.7537764799853176,"{""type"":""MultiPoint"",""coordinates"":[]}"
20151103T05,-12.553360853740477,-52.28821087761995,2023.3418055555555,97111.2578125,0.0,0.0,22.83277282714846,22.80359802246096,2015-11-03 05:00:00,-0.2666778564453125,0.7014951705932617,0.7504748853119177,"{""type"":""MultiPoint"",""coordinates"":[]}"
20151103T06,-12.553360853740477,-52.28821087761995,2429.6025,97085.69140625,0.033833086490631104,0.0,22.761132812500023,22.727319335937523,2015-11-03 06:00:00,-0.2444000244140625,0.7099952697753906,0.75088258405494,"{""type"":""MultiPoint"",""coordinates"":[]}"
20151103T07,-12.553360853740477,-52.28821087761995,2840.3263888888887,97053.9765625,0.03425776958465576,0.0,22.81379089355471,22.772134399414085,2015-11-03 07:00:00,0.384521484375,0.6931972503662109,0.7927037276695681,"{""type"":""MultiPoint"",""coordinates"":[]}"
20151103T08,-12.553360853740477,-52.28821087761995,3250.5822222222223,97082.484375,0.034683942789826006,0.0,22.860406494140648,22.79694519042971,2015-11-03 08:00:00,0.3576202392578125,0.8541154861450195,0.9259619318306548,"{""type"":""MultiPoint"",""coordinates"":[]}"
20151103T09,-12.553360853740477,-52.28821087761995,3661.7733333333335,97111.18359375,0.034683942789826006,0.0,22.858743286132835,22.736810302734398,2015-11-03 09:00:00,0.455322265625,0.8755569458007812,0.9868730064774673,"{""type"":""MultiPoint"",""coordinates"":[]}"
20151103T10,-12.553360853740477,-52.28821087761995,4066.722777777778,97149.390625,0.034683942789826006,61.62277777777778,23.690957641601585,23.103509521484398,2015-11-03 10:00:00,0.3465118408203125,0.6681995391845703,0.7527025175958652,"{""type"":""MultiPoint"",""coordinates"":[]}"
20151103T11,-12.553360853740477,-52.28821087761995,4469.428333333333,97239.57421875,0.034683942789826006,298.27444444444444,25.581460571289085,23.778497314453148,2015-11-03 11:00:00,0.2325439453125,0.5950889587402344,0.6389112264751962,"{""type"":""MultiPoint"",""coordinates"":[]}"
20151103T12,-12.553360853740477,-52.28821087761995,4875.369166666666,97299.56640625,0.03592073916891536,734.595,27.46119079589846,23.965798950195335,2015-11-03 12:00:00,0.0424652099609375,0.5103683471679688,0.5121319594088918,"{""type"":""MultiPoint"",""coordinates"":[]}"
20151103T13,-12.553360853740477,-52.28821087761995,5287.301388888889,97331.1484375,0.09142756461599788,1445.1616666666666,29.286721801757835,23.35657653808596,2015-11-03 13:00:00,-0.2086944580078125,0.37929725646972656,0.4329200683366805,"{""type"":""MultiPoint"",""coordinates"":[]}"
20151103T14,-12.553360853740477,-52.28821087761995,5706.531388888889,97281.1484375,0.11941194533804378,2207.5661111111112,30.44788513183596,22.972558593750023,2015-11-03 14:00:00,-0.5871734619140625,0.2338409423828125,0.6320239399822026,"{""type"":""MultiPoint"",""coordinates"":[]}"
20151103T15,-12.553360853740477,-52.28821087761995,6129.591111111111,97213.984375,0.1377999782512518,3138.186111111111,31.870629882812523,23.016595458984398,2015-11-03 15:00:00,-0.7065887451171875,0.1740570068359375,0.7277111352418398,"{""type"":""MultiPoint"",""coordinates"":[]}"
20151103T16,-12.553360853740477,-52.28821087761995,6559.9991666666665,97103.71484375,0.19515454768637142,4101.585555555555,32.70583496093752,21.81421813964846,2015-11-03 16:00:00,-0.7956695556640625,-0.08341598510742188,0.8000301671700188,"{""type"":""MultiPoint"",""coordinates"":[]}"
20151103T17,-12.553360853740477,-52.28821087761995,6996.835,97007.515625,0.2630591392467352,4868.708333333333,32.55396423339846,21.245401000976585,2015-11-03 17:00:00,-0.8277435302734375,-0.1768474578857422,0.8464244651888215,"{""type"":""MultiPoint"",""coordinates"":[]}"
20151103T18,-12.553360853740477,-52.28821087761995,7439.010555555556,96908.44921875,0.27277469634512386,5578.967777777778,32.55986938476565,21.423562622070335,2015-11-03 18:00:00,-1.0070953369140625,0.12447929382324219,1.0147591400055396,"{""type"":""MultiPoint"",""coordinates"":[]}"
20151103T19,-12.553360853740477,-52.28821087761995,7870.080277777778,96865.10546875,0.8663177490184637,6016.270555555556,29.086663818359398,23.544641113281273,2015-11-03 19:00:00,-0.167816162109375,0.6791963577270508,0.6996212951410298,"{""type"":""MultiPoint"",""coordinates"":[]}"
20151103T20,-12.553360853740477,-52.28821087761995,8297.516944444444,96901.88671875,0.878804922098908,6261.701666666667,28.405938720703148,23.412103271484398,2015-11-03 20:00:00,-0.1170806884765625,-0.015651702880859375,0.11812223929987349,"{""type"":""MultiPoint"",""coordinates"":[]}"
20151103T21,-12.553360853740477,-52.28821087761995,8722.698333333334,96933.80078125,0.8990108966777655,6369.708888888889,27.58814392089846,23.823480224609398,2015-11-03 21:00:00,-0.5642852783203125,-0.5405998229980469,0.7814512422119195,"{""type"":""MultiPoint"",""coordinates"":[]}"
20151103T22,-12.553360853740477,-52.28821087761995,9137.587777777779,97018.4921875,0.9008288383434149,6378.293333333333,26.73603210449221,23.25916442871096,2015-11-03 22:00:00,-0.946624755859375,-1.1560134887695312,1.4941437730763811,"{""type"":""MultiPoint"",""coordinates"":[]}"
20151103T23,-12.553360853740477,-52.28821087761995,9554.931666666667,97088.7578125,0.9008288383434149,6378.293333333333,26.100335693359398,22.887933349609398,2015-11-03 23:00:00,-0.482879638671875,-1.1631832122802734,1.2594315903511935,"{""type"":""MultiPoint"",""coordinates"":[]}"
20151104T00,-12.553360853740477,-52.28821087761995,9967.044444444444,97164.3125,0.9011268615672918,6378.293333333333,25.576074218750023,23.052163696289085,2015-11-04 00:00:00,0.09375,-0.7176094055175781,0.7237073451245966,"{""type"":""MultiPoint"",""coordinates"":[]}"
20151104T01,-12.553360853740477,-52.28821087761995,407.0102777777778,97238.72265625,0.0,0.0,25.124200439453148,22.996621704101585,2015-11-04 01:00:00,1.1331329345703125,0.12447643280029297,1.1399493978815962,"{""type"":""MultiPoint"",""coordinates"":[]}"
20151104T02,-12.553360853740477,-52.28821087761995,814.0543055555555,97317.13671875,0.0,0.0,24.633630371093773,23.099465942382835,2015-11-04 02:00:00,1.0523834228515625,0.5550251007080078,1.1897746556002549,"{""type"":""MultiPoint"",""coordinates"":[]}"
20151104T03,-12.553360853740477,-52.28821087761995,1216.8037847222222,97320.5234375,0.0,0.0,24.266580200195335,23.104547119140648,2015-11-04 03:00:00,1.0898895263671875,0.6148920059204102,1.2513797819326147,"{""type"":""MultiPoint"",""coordinates"":[]}"
20151104T04,-12.553360853740477,-52.28821087761995,1618.60203125,97261.859375,0.006631016731262207,0.0,23.995355224609398,23.090020751953148,2015-11-04 04:00:00,1.028594970703125,0.6486425399780273,1.2160364955152083,"{""type"":""MultiPoint"",""coordinates"":[]}"
20151104T05,-12.553360853740477,-52.28821087761995,2019.2602777777777,97242.296875,0.4423409700393677,0.0,23.489358520507835,22.657998657226585,2015-11-04 05:00:00,0.396484375,0.6666479110717773,0.7756412166430462,"{""type"":""MultiPoint"",""coordinates"":[]}"
20151104T06,-12.553360853740477,-52.28821087761995,2417.2955555555554,97174.6328125,0.6471425294876099,0.0,23.129434204101585,22.622949218750023,2015-11-04 06:00:00,0.07861328125,0.40725135803222656,0.41476947405514836,"{""type"":""MultiPoint"",""coordinates"":[]}"
20151104T07,-12.553360853740477,-52.28821087761995,2810.6736111111113,97082.23046875,0.6471425294876099,0.0,22.943933105468773,22.096246337890648,2015-11-04 07:00:00,0.2388458251953125,1.0651893615722656,1.0916389990376676,"{""type"":""MultiPoint"",""coordinates"":[]}"
20151104T08,-12.553360853740477,-52.28821087761995,3199.336111111111,97118.02734375,0.6471425294876099,0.0,22.65314636230471,21.915460205078148,2015-11-04 08:00:00,0.3489227294921875,1.1144981384277344,1.167841244225928,"{""type"":""MultiPoint"",""coordinates"":[]}"
20151104T09,-12.553360853740477,-52.28821087761995,3584.351111111111,97177.10546875,0.6471425294876099,0.03111111111111111,22.454187011718773,21.72168884277346,2015-11-04 09:00:00,0.527099609375,1.1360111236572266,1.252339918423202,"{""type"":""MultiPoint"",""coordinates"":[]}"
20151104T10,-12.553360853740477,-52.28821087761995,3964.6555555555556,97228.4140625,0.6471425294876099,83.52388888888889,23.402154541015648,22.428094482421898,2015-11-04 10:00:00,0.270660400390625,0.6225795745849609,0.6788684548791499,"{""type"":""MultiPoint"",""coordinates"":[]}"
20151104T11,-12.553360853740477,-52.28821087761995,4348.933888888889,97324.46875,0.6471425294876099,391.00555555555553,26.00061950683596,23.31958923339846,2015-11-04 11:00:00,0.1172943115234375,0.6180953979492188,0.629126280234549,"{""type"":""MultiPoint"",""coordinates"":[]}"
20151104T12,-12.553360853740477,-52.28821087761995,4740.639444444444,97385.8125,0.6480008363674017,950.5894444444444,28.50904235839846,23.153359985351585,2015-11-04 12:00:00,-0.04412841796875,0.738494873046875,0.7398121347943305,"{""type"":""MultiPoint"",""coordinates"":[]}"
20151104T13,-12.553360853740477,-52.28821087761995,5143.716944444444,97393.7734375,0.6583124399135443,1725.7788888888888,30.27893981933596,22.800927734375023,2015-11-04 13:00:00,-0.6012420654296875,0.750885009765625,0.9619357146571071,"{""type"":""MultiPoint"",""coordinates"":[]}"
20151104T14,-12.553360853740477,-52.28821087761995,5555.375,97340.9921875,0.6654053926418158,2646.1444444444446,31.64112243652346,22.681130981445335,2015-11-04 14:00:00,-0.944854736328125,0.33837890625,1.0036188305111842,"{""type"":""MultiPoint"",""coordinates"":[]}"
20151104T15,-12.553360853740477,-52.28821087761995,5980.020555555556,97253.1171875,0.6818413734386297,3640.266666666667,32.799295043945335,21.57361755371096,2015-11-04 15:00:00,-1.2135772705078125,-0.1964874267578125,1.2293807792409555,"{""type"":""MultiPoint"",""coordinates"":[]}"
20151104T16,-12.553360853740477,-52.28821087761995,6408.8625,97135.078125,0.7222384214351507,4539.152777777777,33.0412536621094,20.89252624511721,2015-11-04 16:00:00,-1.378662109375,-0.743865966796875,1.5665394308427012,"{""type"":""MultiPoint"",""coordinates"":[]}"
20151104T17,-12.553360853740477,-52.28821087761995,6848.041111111111,96995.0625,0.7440686225841375,5349.868333333333,33.20980224609377,20.406884765625023,2015-11-04 17:00:00,-1.5874176025390625,-0.9340057373046875,1.84180926324333,"{""type"":""MultiPoint"",""coordinates"":[]}"
20151104T18,-12.553360853740477,-52.28821087761995,7280.9225,96862.1484375,0.7698625326106878,6072.53,32.55745849609377,20.434075927734398,2015-11-04 18:00:00,-1.601593017578125,-0.8184814453125,1.7986139303018431,"{""type"":""MultiPoint"",""coordinates"":[]}"
20151104T19,-12.553360853740477,-52.28821087761995,7711.99,96876.37890625,1.0993123054454657,6554.997777777778,29.938439941406273,22.294519042968773,2015-11-04 19:00:00,-0.305877685546875,-0.126739501953125,0.33109524289974196,"{""type"":""MultiPoint"",""coordinates"":[]}"
20151104T20,-12.553360853740477,-52.28821087761995,8146.417777777778,96831.7421875,1.115703582758698,6860.09,29.687234497070335,22.823220825195335,2015-11-04 20:00:00,-0.055450439453125,-0.5584259033203125,0.5611722023894731,"{""type"":""MultiPoint"",""coordinates"":[]}"
20151104T21,-12.553360853740477,-52.28821087761995,8565.130555555555,96825.9296875,1.115703582758698,7010.31,28.666909790039085,24.333551025390648,2015-11-04 21:00:00,0.3179473876953125,-0.1661834716796875,0.35875825788654236,"{""type"":""MultiPoint"",""coordinates"":[]}"
20151104T22,-12.553360853740477,-52.28821087761995,8977.724166666667,96909.828125,1.115703582758698,7021.651111111111,27.894708251953148,24.559472656250023,2015-11-04 22:00:00,0.549072265625,0.127838134765625,0.5637578749595651,"{""type"":""MultiPoint"",""coordinates"":[]}"
20151104T23,-12.553360853740477,-52.28821087761995,9389.914722222222,97024.44921875,1.115703582758698,7021.651111111111,27.136026000976585,24.445581054687523,2015-11-04 23:00:00,0.8934173583984375,0.4977264404296875,1.0227053269590656,"{""type"":""MultiPoint"",""coordinates"":[]}"
20151105T00,-12.553360853740477,-52.28821087761995,9795.031666666666,97116.328125,1.115703582758698,7021.651111111111,26.426812744140648,24.50299987792971,2015-11-05 00:00:00,0.873504638671875,0.472900390625,0.9933001224376047,"{""type"":""MultiPoint"",""coordinates"":[]}"
20151105T01,-12.553360853740477,-52.28821087761995,406.3080034722222,97227.48046875,0.0,0.0,25.91346130371096,24.479455566406273,2015-11-05 01:00:00,0.7366790771484375,0.656982421875,0.9870774870095124,"{""type"":""MultiPoint"",""coordinates"":[]}"
20151105T02,-12.553360853740477,-52.28821087761995,807.1898263888888,97236.8671875,0.0,0.0,25.223352050781273,24.407830810546898,2015-11-05 02:00:00,0.3807525634765625,0.6939153671264648,0.7915118769344085,"{""type"":""MultiPoint"",""coordinates"":[]}"
20151105T03,-12.553360853740477,-52.28821087761995,1210.294392361111,97216.74609375,0.0,0.0,25.040994262695335,24.163293457031273,2015-11-05 03:00:00,-0.198883056640625,0.57672119140625,0.6100506559588003,"{""type"":""MultiPoint"",""coordinates"":[]}"
20151105T04,-12.553360853740477,-52.28821087761995,1614.1391666666666,97184.5390625,0.0,0.0,25.195062255859398,24.146142578125023,2015-11-05 04:00:00,-0.461517333984375,0.0224456787109375,0.462062829126992,"{""type"":""MultiPoint"",""coordinates"":[]}"
20151105T05,-12.553360853740477,-52.28821087761995,2011.4291666666666,97140.25,0.0,0.0,24.169793701171898,23.641687011718773,2015-11-05 05:00:00,-0.4582977294921875,-0.7303619384765625,0.8622443795310796,"{""type"":""MultiPoint"",""coordinates"":[]}"
20151105T06,-12.553360853740477,-52.28821087761995,2404.610833333333,97120.81640625,0.0,0.0,23.62561950683596,23.220391845703148,2015-11-05 06:00:00,-0.2422027587890625,-1.1621103286743164,1.187081544114203,"{""type"":""MultiPoint"",""coordinates"":[]}"
20151105T07,-12.553360853740477,-52.28821087761995,2797.258333333333,97082.81640625,0.0,0.0,23.47284851074221,23.051126098632835,2015-11-05 07:00:00,0.870208740234375,-0.9942865371704102,1.3213133502612555,"{""type"":""MultiPoint"",""coordinates"":[]}"
20151105T08,-12.553360853740477,-52.28821087761995,3187.5425,97112.1171875,0.0,0.0,23.23414001464846,22.901406860351585,2015-11-05 08:00:00,1.337432861328125,-0.6363296508789062,1.481094893363692,"{""type"":""MultiPoint"",""coordinates"":[]}"
20151105T09,-12.553360853740477,-52.28821087761995,3577.1366666666668,97132.19921875,0.0,0.03111111111111111,23.145440673828148,22.81507263183596,2015-11-05 09:00:00,1.426788330078125,-0.44419002532958984,1.4943325324202195,"{""type"":""MultiPoint"",""coordinates"":[]}"
20151105T10,-12.553360853740477,-52.28821087761995,3965.701111111111,97209.5546875,0.0,81.81833333333333,24.297341918945335,23.296655273437523,2015-11-05 10:00:00,1.3393402099609375,-0.138153076171875,1.3464466088463962,"{""type"":""MultiPoint"",""coordinates"":[]}"
20151105T11,-12.553360853740477,-52.28821087761995,4363.208055555556,97280.0859375,0.010493397610389366,368.12166666666667,26.31098327636721,23.42902526855471,2015-11-05 11:00:00,1.9734649658203125,0.473602294921875,2.0294982397320362,"{""type"":""MultiPoint"",""coordinates"":[]}"
20151105T12,-12.553360853740477,-52.28821087761995,4764.6625,97330.18359375,0.11253654946585812,894.9761111111111,27.837640380859398,23.650109863281273,2015-11-05 12:00:00,1.4877471923828125,0.715545654296875,1.6508777337604637,"{""type"":""MultiPoint"",""coordinates"":[]}"
20151105T13,-12.553360853740477,-52.28821087761995,5175.238888888889,97331.5859375,0.2833783625533215,1609.9027777777778,29.161431884765648,24.018975830078148,2015-11-05 13:00:00,1.1114654541015625,0.6561899185180664,1.2907132388047855,"{""type"":""MultiPoint"",""coordinates"":[]}"
20151105T14,-12.553360853740477,-52.28821087761995,5586.858888888889,97290.73046875,0.5206495522429577,2493.1216666666664,30.531106567382835,24.136453247070335,2015-11-05 14:00:00,0.7174072265625,0.47564125061035156,0.8607599711918982,"{""type"":""MultiPoint"",""coordinates"":[]}"
20151105T15,-12.553360853740477,-52.28821087761995,6005.123611111111,97212.8125,0.8023411034514538,3464.4622222222224,31.69507751464846,22.399987792968773,2015-11-05 15:00:00,0.2447357177734375,-0.11739349365234375,0.2714347138926459,"{""type"":""MultiPoint"",""coordinates"":[]}"
20151105T16,-12.553360853740477,-52.28821087761995,6430.214166666667,97159.41015625,2.352151274578773,4394.432777777778,31.790124511718773,22.149133300781273,2015-11-05 16:00:00,-0.3545074462890625,-0.06506061553955078,0.3604280970856431,"{""type"":""MultiPoint"",""coordinates"":[]}"
20151105T17,-12.553360853740477,-52.28821087761995,6865.886111111111,97090.16015625,3.9983123539855114,5180.610555555556,30.149957275390648,22.700494384765648,2015-11-05 17:00:00,-0.5139617919921875,0.26226806640625,0.5770106257984282,"{""type"":""MultiPoint"",""coordinates"":[]}"
20151105T18,-12.553360853740477,-52.28821087761995,7288.493333333333,96954.33203125,4.363137483494484,5822.297777777778,29.374307250976585,22.915078735351585,2015-11-05 18:00:00,-1.1737060546875,0.22507667541503906,1.1950922192977342,"{""type"":""MultiPoint"",""coordinates"":[]}"
20151105T19,-12.553360853740477,-52.28821087761995,7707.189444444444,97009.58984375,4.487726092236244,6326.1322222222225,27.94483337402346,23.314553833007835,2015-11-05 19:00:00,-0.1831207275390625,-0.016704559326171875,0.18388105709049304,"{""type"":""MultiPoint"",""coordinates"":[]}"
20151105T20,-12.553360853740477,-52.28821087761995,8124.42,96934.73046875,4.559534788029396,6608.776111111111,27.320718383789085,23.690545654296898,2015-11-05 20:00:00,0.0341644287109375,-0.12630462646484375,0.1308436733494151,"{""type"":""MultiPoint"",""coordinates"":[]}"
20151105T21,-12.553360853740477,-52.28821087761995,8530.0875,96962.79296875,4.566544294334562,6738.93,26.63099060058596,24.126245117187523,2015-11-05 21:00:00,0.0289459228515625,0.1923675537109375,0.1945331390032532,"{""type"":""MultiPoint"",""coordinates"":[]}"
20151105T22,-12.553360853740477,-52.28821087761995,8938.315833333334,97078.5234375,4.566553234951698,6749.285555555555,26.028161621093773,24.125161743164085,2015-11-05 22:00:00,-0.132720947265625,0.3324127197265625,0.35792885616990283,"{""type"":""MultiPoint"",""coordinates"":[]}"
20151105T23,-12.553360853740477,-52.28821087761995,9339.622777777779,97214.98046875,4.567411540847388,6749.285555555555,25.449502563476585,24.146951293945335,2015-11-05 23:00:00,0.0492095947265625,1.0169200897216797,1.0181100397760066,"{""type"":""MultiPoint"",""coordinates"":[]}"
20151106T00,-12.553360853740477,-52.28821087761995,9741.8025,97365.5859375,5.9745188063971,6749.285555555555,24.55323181152346,23.45752868652346,2015-11-06 00:00:00,-0.763397216796875,-0.9414234161376953,1.212045114286421,"{""type"":""MultiPoint"",""coordinates"":[]}"
20151106T01,-12.553360853740477,-52.28821087761995,395.6415798611111,97418.7265625,1.9952431321144104,0.0,22.942010498046898,22.292352294921898,2015-11-06 01:00:00,-0.132568359375,0.5163764953613281,0.5331219887314974,"{""type"":""MultiPoint"",""coordinates"":[]}"
20151106T02,-12.553360853740477,-52.28821087761995,795.9622395833334,97356.4140625,1.997046172618866,0.0,22.612954711914085,22.22736511230471,2015-11-06 02:00:00,0.1692962646484375,0.7331733703613281,0.7524655581692115,"{""type"":""MultiPoint"",""coordinates"":[]}"
20151106T03,-12.553360853740477,-52.28821087761995,1177.040486111111,97345.0546875,1.997046172618866,0.0,22.131875610351585,21.963861083984398,2015-11-06 03:00:00,-0.84197998046875,-1.062509536743164,1.355675773620053,"{""type"":""MultiPoint"",""coordinates"":[]}"
20151106T04,-12.553360853740477,-52.28821087761995,1554.3497222222222,97281.5625,1.997046172618866,0.0,21.812005615234398,21.714562988281273,2015-11-06 04:00:00,0.0190887451171875,-0.8668689727783203,0.867079117587253,"{""type"":""MultiPoint"",""coordinates"":[]}"
20151106T05,-12.553360853740477,-52.28821087761995,1934.057638888889,97206.9140625,1.997046172618866,0.0,21.549523925781273,21.47644958496096,2015-11-06 05:00:00,0.967498779296875,-0.544464111328125,1.1101779391004256,"{""type"":""MultiPoint"",""coordinates"":[]}"
20151106T06,-12.553360853740477,-52.28821087761995,2318.637777777778,97180.73828125,1.997046172618866,0.0,21.41724548339846,21.33918151855471,2015-11-06 06:00:00,1.0738067626953125,-0.19501686096191406,1.0913718613147518,"{""type"":""MultiPoint"",""coordinates"":[]}"
20151106T07,-12.553360853740477,-52.28821087761995,2716.3791666666666,97150.12109375,1.997046172618866,0.0,22.011437988281273,21.599176025390648,2015-11-06 07:00:00,0.9164886474609375,0.10297775268554688,0.9222558530434731,"{""type"":""MultiPoint"",""coordinates"":[]}"
20151106T08,-12.553360853740477,-52.28821087761995,3121.811388888889,97182.18359375,1.997046172618866,0.0,22.117410278320335,21.659967041015648,2015-11-06 08:00:00,1.0189361572265625,0.41179847717285156,1.099003584300576,"{""type"":""MultiPoint"",""coordinates"":[]}"
20151106T09,-12.553360853740477,-52.28821087761995,3529.023611111111,97212.546875,1.997053623199463,0.03111111111111111,22.002282714843773,21.70472106933596,2015-11-06 09:00:00,1.23345947265625,0.38840675354003906,1.2931674589475823,"{""type"":""MultiPoint"",""coordinates"":[]}"
20151106T10,-12.553360853740477,-52.28821087761995,3936.348611111111,97321.3671875,1.997053623199463,50.178333333333335,22.36731872558596,21.768334960937523,2015-11-06 10:00:00,1.40673828125,0.6302852630615234,1.5414837348369064,"{""type"":""MultiPoint"",""coordinates"":[]}"
20151106T11,-12.553360853740477,-52.28821087761995,4339.622777777778,97404.55078125,1.997053623199463,306.75111111111113,23.859719848632835,22.313088989257835,2015-11-06 11:00:00,1.2829742431640625,0.7690296173095703,1.4958039513658543,"{""type"":""MultiPoint"",""coordinates"":[]}"
20151106T12,-12.553360853740477,-52.28821087761995,4747.487222222222,97470.31640625,1.997053623199463,760.5222222222222,26.069009399414085,22.961953735351585,2015-11-06 12:00:00,1.0964202880859375,0.8770332336425781,1.4040387249075459,"{""type"":""MultiPoint"",""coordinates"":[]}"
20151106T13,-12.553360853740477,-52.28821087761995,5157.006666666667,97493.45703125,1.997053623199463,1427.2072222222223,28.061685180664085,23.20459899902346,2015-11-06 13:00:00,0.6784210205078125,0.7252845764160156,0.9931227506475828,"{""type"":""MultiPoint"",""coordinates"":[]}"
20151106T14,-12.553360853740477,-52.28821087761995,5570.458611111111,97449.78515625,2.128422260284424,2277.4938888888887,29.594873046875023,22.126748657226585,2015-11-06 14:00:00,0.264190673828125,0.39377880096435547,0.47419242531559297,"{""type"":""MultiPoint"",""coordinates"":[]}"
20151106T15,-12.553360853740477,-52.28821087761995,5986.136666666666,97377.2265625,2.181529998779297,3192.8905555555557,30.45667419433596,21.808023071289085,2015-11-06 15:00:00,0.047393798828125,0.07705116271972656,0.09046023349418551,"{""type"":""MultiPoint"",""coordinates"":[]}"
20151106T16,-12.553360853740477,-52.28821087761995,6402.603611111111,97283.421875,2.2139698266983032,4163.383888888889,31.554055786132835,21.944375610351585,2015-11-06 16:00:00,0.00958251953125,0.124420166015625,0.12478863086003658,"{""type"":""MultiPoint"",""coordinates"":[]}"
20151106T17,-12.553360853740477,-52.28821087761995,6827.269722222222,97168.33203125,2.275615930557251,5077.315,31.955560302734398,21.26343688964846,2015-11-06 17:00:00,0.0319061279296875,0.030106544494628906,0.04386804099652337,"{""type"":""MultiPoint"",""coordinates"":[]}"
20151106T18,-12.553360853740477,-52.28821087761995,7249.502777777778,97060.55078125,2.300330996508393,5836.356666666667,31.824517822265648,21.127740478515648,2015-11-06 18:00:00,0.166534423828125,0.24145889282226562,0.2933191286682816,"{""type"":""MultiPoint"",""coordinates"":[]}"
20151106T19,-12.553360853740477,-52.28821087761995,7672.081388888889,97000.62890625,2.953314781183991,6416.139444444444,30.224404907226585,21.19739685058596,2015-11-06 19:00:00,0.5720062255859375,0.5349397659301758,0.7831677184885123,"{""type"":""MultiPoint"",""coordinates"":[]}"
20151106T20,-12.553360853740477,-52.28821087761995,8094.623611111111,96984.08984375,3.027954697603974,6738.486666666667,27.587869262695335,22.303689575195335,2015-11-06 20:00:00,0.229644775390625,0.30506324768066406,0.3818380650873938,"{""type"":""MultiPoint"",""coordinates"":[]}"
20151106T21,-12.553360853740477,-52.28821087761995,8508.68861111111,97022.078125,3.027954697603974,6861.857777777778,26.799737548828148,23.39130554199221,2015-11-06 21:00:00,0.104827880859375,-0.3931732177734375,0.4069079303476233,"{""type"":""MultiPoint"",""coordinates"":[]}"
20151106T22,-12.553360853740477,-52.28821087761995,8922.992222222223,97114.30859375,3.0279546976075267,6871.2266666666665,26.24695739746096,23.307550048828148,2015-11-06 22:00:00,0.3606109619140625,-0.61175537109375,0.7101301992695686,"{""type"":""MultiPoint"",""coordinates"":[]}"
20151106T23,-12.553360853740477,-52.28821087761995,9331.359166666667,97229.41796875,3.0312031507477855,6871.2266666666665,25.484902954101585,23.583413696289085,2015-11-06 23:00:00,0.263214111328125,-0.24884033203125,0.3622197941135704,"{""type"":""MultiPoint"",""coordinates"":[]}"
20151107T00,-12.553360853740477,-52.28821087761995,9743.745277777778,97312.0390625,3.035748004911909,6871.2266666666665,24.977822875976585,23.303460693359398,2015-11-07 00:00:00,0.45062255859375,-0.3824462890625,0.5910379466085531,"{""type"":""MultiPoint"",""coordinates"":[]}"
20151107T01,-12.553360853740477,-52.28821087761995,410.86102430555553,97330.6484375,0.0,0.0,24.710855102539085,23.09784851074221,2015-11-07 01:00:00,0.9871673583984375,-0.3238372802734375,1.0389273206448304,"{""type"":""MultiPoint"",""coordinates"":[]}"
20151107T02,-12.553360853740477,-52.28821087761995,817.9794444444444,97346.5390625,0.0010598450899124146,0.0,24.445046997070335,22.851556396484398,2015-11-07 02:00:00,1.1517791748046875,0.4141693115234375,1.2239818160910583,"{""type"":""MultiPoint"",""coordinates"":[]}"
20151107T03,-12.553360853740477,-52.28821087761995,1222.4729340277777,97333.46875,0.0022277235984802246,0.0,24.218072509765648,22.64924011230471,2015-11-07 03:00:00,1.327850341796875,0.5501556396484375,1.4373092075287972,"{""type"":""MultiPoint"",""coordinates"":[]}"
20151107T04,-12.553360853740477,-52.28821087761995,1623.3951215277777,97274.06640625,0.0022277235984802246,0.0,24.058740234375023,22.54108581542971,2015-11-07 04:00:00,1.3726806640625,0.338714599609375,1.4138528160595802,"{""type"":""MultiPoint"",""coordinates"":[]}"
20151107T05,-12.553360853740477,-52.28821087761995,2026.0458333333333,97207.69921875,0.0022277235984802246,0.0,23.878823852539085,22.598809814453148,2015-11-07 05:00:00,1.17376708984375,0.28649139404296875,1.2082245238617488,"{""type"":""MultiPoint"",""coordinates"":[]}"
20151107T06,-12.553360853740477,-52.28821087761995,2425.2508333333335,97170.87890625,0.0022277235984802246,0.0,23.614373779296898,22.66498718261721,2015-11-07 06:00:00,0.9537811279296875,0.6669464111328125,1.163836739116688,"{""type"":""MultiPoint"",""coordinates"":[]}"
20151107T07,-12.553360853740477,-52.28821087761995,2815.293611111111,97141.2890625,0.0022277235984802246,0.0,23.30219421386721,22.85596618652346,2015-11-07 07:00:00,1.245574951171875,0.6308135986328125,1.396202977796172,"{""type"":""MultiPoint"",""coordinates"":[]}"
20151107T08,-12.553360853740477,-52.28821087761995,3206.4383333333335,97207.296875,0.0022277235984802246,0.0,23.217431640625023,22.767480468750023,2015-11-07 08:00:00,1.05633544921875,1.068878173828125,1.5027791360550378,"{""type"":""MultiPoint"",""coordinates"":[]}"
20151107T09,-12.553360853740477,-52.28821087761995,3599.1991666666668,97264.48828125,0.0022202730178833008,0.06277777777777778,23.163232421875023,22.63849792480471,2015-11-07 09:00:00,0.88946533203125,1.208587646484375,1.5006107676943086,"{""type"":""MultiPoint"",""coordinates"":[]}"
20151107T10,-12.553360853740477,-52.28821087761995,3992.5516666666667,97305.16015625,0.0022202730178833008,77.585,23.997659301757835,22.875970458984398,2015-11-07 10:00:00,0.5896453857421875,0.8878173828125,1.065786745156408,"{""type"":""MultiPoint"",""coordinates"":[]}"
20151107T11,-12.553360853740477,-52.28821087761995,4389.156944444445,97368.0625,0.0022202730178833008,351.87444444444446,26.056817626953148,23.03058776855471,2015-11-07 11:00:00,0.467529296875,1.270660400390625,1.3539429443507933,"{""type"":""MultiPoint"",""coordinates"":[]}"
20151107T12,-12.553360853740477,-52.28821087761995,4789.825,97410.13671875,0.0022202730178833008,869.1938888888889,27.978921508789085,23.103311157226585,2015-11-07 12:00:00,0.3261871337890625,1.4536590576171875,1.4898062632577478,"{""type"":""MultiPoint"",""coordinates"":[]}"
20151107T13,-12.553360853740477,-52.28821087761995,5196.074722222223,97425.5859375,0.013962388038635254,1598.465,29.848352050781273,22.94800720214846,2015-11-07 13:00:00,0.361968994140625,1.6869659423828125,1.7253624672742556,"{""type"":""MultiPoint"",""coordinates"":[]}"
20151107T14,-12.553360853740477,-52.28821087761995,5612.557777777778,97369.3515625,0.01659989356994629,2436.758333333333,31.16773376464846,22.35163269042971,2015-11-07 14:00:00,0.2898406982421875,1.664306640625,1.6893561567609099,"{""type"":""MultiPoint"",""coordinates"":[]}"
20151107T15,-12.553360853740477,-52.28821087761995,6034.045833333334,97305.7734375,0.01940131187438965,3363.822777777778,32.25698242187502,22.297662353515648,2015-11-07 15:00:00,0.21588134765625,1.473480224609375,1.4892107737257252,"{""type"":""MultiPoint"",""coordinates"":[]}"
20151107T16,-12.553360853740477,-52.28821087761995,6456.6836111111115,97207.96484375,0.025659799575805664,4343.673333333333,33.050515747070335,22.488259887695335,2015-11-07 16:00:00,0.1835479736328125,1.2597198486328125,1.2730215849168418,"{""type"":""MultiPoint"",""coordinates"":[]}"
20151107T17,-12.553360853740477,-52.28821087761995,6884.881111111111,97086.8671875,0.02625584602355957,5295.094444444445,33.503152465820335,22.82660827636721,2015-11-07 17:00:00,0.254425048828125,1.2798309326171875,1.304875213020377,"{""type"":""MultiPoint"",""coordinates"":[]}"
20151107T18,-12.553360853740477,-52.28821087761995,7322.068333333334,96975.5859375,0.05683302879333496,6036.917222222222,33.05353698730471,22.498452758789085,2015-11-07 18:00:00,0.22772216796875,1.2811279296875,1.3012094981246363,"{""type"":""MultiPoint"",""coordinates"":[]}"
20151107T19,-12.553360853740477,-52.28821087761995,7761.9,96973.5,0.8296370506286621,6601.575,30.581826782226585,22.675378417968773,2015-11-07 19:00:00,0.2686309814453125,0.9329071044921875,0.9708132002626814,"{""type"":""MultiPoint"",""coordinates"":[]}"
20151107T20,-12.553360853740477,-52.28821087761995,8199.788055555555,96932.71484375,1.084834337234497,6837.295555555555,28.27668151855471,23.932717895507835,2015-11-07 20:00:00,0.0808868408203125,0.654754638671875,0.6597320045899154,"{""type"":""MultiPoint"",""coordinates"":[]}"
20151107T21,-12.553360853740477,-52.28821087761995,8627.357222222223,97006.8046875,1.9595921039581299,6946.06,26.682092285156273,24.19434509277346,2015-11-07 21:00:00,-0.8350677490234375,-0.2775421142578125,0.8799816876763785,"{""type"":""MultiPoint"",""coordinates"":[]}"
20151107T22,-12.553360853740477,-52.28821087761995,9048.8075,97049.07421875,2.4481117725372314,6954.0888888888885,25.91614685058596,23.309777832031273,2015-11-07 22:00:00,-0.553863525390625,-0.2571258544921875,0.6106377893698269,"{""type"":""MultiPoint"",""coordinates"":[]}"
20151107T23,-12.553360853740477,-52.28821087761995,9467.008055555556,97107.8203125,2.4481117725372314,6954.0888888888885,25.76893005371096,23.073846435546898,2015-11-07 23:00:00,0.0326995849609375,-0.0260009765625,0.04177695104745252,"{""type"":""MultiPoint"",""coordinates"":[]}"
20151108T00,-12.553360853740477,-52.28821087761995,9875.578611111112,97214.3125,2.4481117725372314,6954.0888888888885,24.963128662109398,23.609948730468773,2015-11-08 00:00:00,-0.2964324951171875,0.2399139404296875,0.3813540651073501,"{""type"":""MultiPoint"",""coordinates"":[]}"
20151108T01,-12.553360853740477,-52.28821087761995,402.67439236111113,97279.76171875,0.0,0.0,24.932855224609398,23.03089294433596,2015-11-08 01:00:00,-0.0178680419921875,0.211944580078125,0.21269643144427064,"{""type"":""MultiPoint"",""coordinates"":[]}"
20151108T02,-12.553360853740477,-52.28821087761995,804.9264756944444,97293.6015625,0.0,0.0,24.052102661132835,23.066278076171898,2015-11-08 02:00:00,0.7241668701171875,0.087890625,0.7294809234916387,"{""type"":""MultiPoint"",""coordinates"":[]}"
20151108T03,-12.553360853740477,-52.28821087761995,1208.1517708333333,97232.2578125,0.0,0.0,23.859521484375023,22.975213623046898,2015-11-08 03:00:00,0.9786834716796875,0.055267333984375,0.9802427331761997,"{""type"":""MultiPoint"",""coordinates"":[]}"
20151108T04,-12.553360853740477,-52.28821087761995,1610.1569791666666,97157.11328125,0.0,0.0,23.74170837402346,22.777627563476585,2015-11-08 04:00:00,0.99432373046875,-0.0189361572265625,0.9945040266503703,"{""type"":""MultiPoint"",""coordinates"":[]}"
20151108T05,-12.553360853740477,-52.28821087761995,2011.129861111111,97073.9609375,0.0,0.0,23.408074951171898,22.751062011718773,2015-11-08 05:00:00,0.7412872314453125,-0.0290679931640625,0.7418569321172663,"{""type"":""MultiPoint"",""coordinates"":[]}"
20151108T06,-12.553360853740477,-52.28821087761995,2407.1505555555555,97032.13671875,0.0,0.0,23.073709106445335,22.545098876953148,2015-11-08 06:00:00,0.582305908203125,0.289337158203125,0.6502277768946252,"{""type"":""MultiPoint"",""coordinates"":[]}"
20151108T07,-12.553360853740477,-52.28821087761995,2802.7705555555553,96986.32421875,0.0,0.0,22.976312255859398,22.512734985351585,2015-11-08 07:00:00,0.57476806640625,0.9752197265625,1.1319946312757039,"{""type"":""MultiPoint"",""coordinates"":[]}"
20151108T08,-12.553360853740477,-52.28821087761995,3196.4441666666667,97040.9765625,0.0,0.0,22.806390380859398,22.415093994140648,2015-11-08 08:00:00,0.2428131103515625,1.093017578125,1.1196631782142523,"{""type"":""MultiPoint"",""coordinates"":[]}"
20151108T09,-12.553360853740477,-52.28821087761995,3589.3327777777777,97072.83203125,0.0,0.06277777777777778,22.707482910156273,22.315759277343773,2015-11-08 09:00:00,-0.0620880126953125,1.173187255859375,1.1748290337880247,"{""type"":""MultiPoint"",""coordinates"":[]}"
20151108T10,-12.553360853740477,-52.28821087761995,3983.5133333333333,97158.56640625,0.0,86.92166666666667,24.408609008789085,23.570657348632835,2015-11-08 10:00:00,-0.03765869140625,0.5411376953125,0.5424464787668506,"{""type"":""MultiPoint"",""coordinates"":[]}"
20151108T11,-12.553360853740477,-52.28821087761995,4383.447777777777,97217.87890625,0.0,391.81888888888886,27.087792968750023,24.746759033203148,2015-11-08 11:00:00,0.003662109375,0.5560302734375,0.5560423329424258,"{""type"":""MultiPoint"",""coordinates"":[]}"
20151108T12,-12.553360853740477,-52.28821087761995,4789.945,97258.75,0.006601214408874512,952.0844444444444,29.355935668945335,24.570947265625023,2015-11-08 12:00:00,-0.070404052734375,0.817169189453125,0.8201964489272688,"{""type"":""MultiPoint"",""coordinates"":[]}"
20151108T13,-12.553360853740477,-52.28821087761995,5205.1775,97278.765625,0.07554888725280762,1722.29,31.214288330078148,23.98072204589846,2015-11-08 13:00:00,-0.3390045166015625,0.8823089599609375,0.9451947752202242,"{""type"":""MultiPoint"",""coordinates"":[]}"
20151108T14,-12.553360853740477,-52.28821087761995,5629.1211111111115,97231.0546875,0.08569657802581787,2590.943888888889,32.468789672851585,23.68030700683596,2015-11-08 14:00:00,-0.416412353515625,0.4772186279296875,0.6333536666061983,"{""type"":""MultiPoint"",""coordinates"":[]}"
20151108T15,-12.553360853740477,-52.28821087761995,6064.452222222222,97156.546875,0.22973120212554932,3555.32,33.142251586914085,23.596887207031273,2015-11-08 15:00:00,-0.5012054443359375,0.2705230712890625,0.5695521306532456,"{""type"":""MultiPoint"",""coordinates"":[]}"
20151108T16,-12.553360853740477,-52.28821087761995,6501.6322222222225,97096.72265625,2.0308494567871094,4364.174444444445,31.181481933593773,24.496133422851585,2015-11-08 16:00:00,-0.3153839111328125,0.1523284912109375,0.35024417287947907,"{""type"":""MultiPoint"",""coordinates"":[]}"
20151108T17,-12.553360853740477,-52.28821087761995,6936.6866666666665,97009.328125,2.147078514099121,5069.248888888889,31.221780395507835,24.148477172851585,2015-11-08 17:00:00,0.093902587890625,0.2688751220703125,0.2848008554777917,"{""type"":""MultiPoint"",""coordinates"":[]}"
20151108T18,-12.553360853740477,-52.28821087761995,7373.253611111111,96982.98828125,2.869158983230591,5671.602777777778,30.278314208984398,24.442956542968773,2015-11-08 18:00:00,0.0301361083984375,0.09088134765625,0.09574760770493722,"{""type"":""MultiPoint"",""coordinates"":[]}"
20151108T19,-12.553360853740477,-52.28821087761995,7815.172777777778,96932.3359375,5.781263113021851,6180.6016666666665,28.787164306640648,23.730950927734398,2015-11-08 19:00:00,-1.256561279296875,0.704833984375,1.4407418901934297,"{""type"":""MultiPoint"",""coordinates"":[]}"
20151108T20,-12.553360853740477,-52.28821087761995,8235.537222222221,97062.04296875,9.285539388656616,6321.253333333333,26.007424926757835,24.155328369140648,2015-11-08 20:00:00,-1.05279541015625,-0.092254638671875,1.0568297374707738,"{""type"":""MultiPoint"",""coordinates"":[]}"
20151108T21,-12.553360853740477,-52.28821087761995,8653.873333333333,96955.95703125,9.286344051361084,6358.785555555555,25.449517822265648,23.994302368164085,2015-11-08 21:00:00,0.2173919677734375,-0.33282470703125,0.397531826729439,"{""type"":""MultiPoint"",""coordinates"":[]}"
20151108T22,-12.553360853740477,-52.28821087761995,9066.48111111111,97045.36328125,9.286344051361084,6364.035555555555,25.46479187011721,23.60236511230471,2015-11-08 22:00:00,-0.86163330078125,-0.327728271484375,0.9218556095969305,"{""type"":""MultiPoint"",""coordinates"":[]}"
20151108T23,-12.553360853740477,-52.28821087761995,9475.70611111111,97109.8203125,9.286344051361084,6364.035555555555,25.227990722656273,23.42292175292971,2015-11-08 23:00:00,-0.045166015625,-1.00653076171875,1.0075436185364706,"{""type"":""MultiPoint"",""coordinates"":[]}"
20151109T00,-12.553360853740477,-52.28821087761995,9883.3075,97196.921875,9.286344051361084,6364.035555555555,24.737390136718773,23.744058227539085,2015-11-09 00:00:00,-0.08807373046875,-0.5992584228515625,0.6056959958239976,"{""type"":""MultiPoint"",""coordinates"":[]}"
20151109T01,-12.553360853740477,-52.28821087761995,405.46901041666666,97253.41796875,0.0,0.0,24.537072753906273,23.397119140625023,2015-11-09 01:00:00,0.1071319580078125,-0.4055633544921875,0.4194745414605557,"{""type"":""MultiPoint"",""coordinates"":[]}"
20151109T02,-12.553360853740477,-52.28821087761995,811.4061979166667,97271.75390625,0.0,0.0,23.932778930664085,23.30658874511721,2015-11-09 02:00:00,0.8179779052734375,-0.3435821533203125,0.8872071627279299,"{""type"":""MultiPoint"",""coordinates"":[]}"
20151109T03,-12.553360853740477,-52.28821087761995,1215.4027777777778,97238.80859375,0.0,0.0,23.830178833007835,23.168695068359398,2015-11-09 03:00:00,1.0909881591796875,-0.1537322998046875,1.101766210896632,"{""type"":""MultiPoint"",""coordinates"":[]}"
20151109T04,-12.553360853740477,-52.28821087761995,1619.1757291666668,97207.92578125,0.0,0.0,23.643899536132835,23.107263183593773,2015-11-09 04:00:00,1.0060882568359375,-0.1873626708984375,1.0233857293266169,"{""type"":""MultiPoint"",""coordinates"":[]}"
20151109T05,-12.553360853740477,-52.28821087761995,2019.226111111111,97164.03515625,0.0,0.0,23.356835937500023,22.968789672851585,2015-11-09 05:00:00,0.9799652099609375,-0.1253814697265625,0.9879536050263581,"{""type"":""MultiPoint"",""coordinates"":[]}"
20151109T06,-12.553360853740477,-52.28821087761995,2418.563888888889,97124.8828125,0.0,0.0,23.097528076171898,22.820825195312523,2015-11-09 06:00:00,0.9214630126953125,0.218170166015625,0.9469383850625166,"{""type"":""MultiPoint"",""coordinates"":[]}"
20151109T07,-12.553360853740477,-52.28821087761995,2817.375,97110.90625,0.0,0.0,23.127069091796898,22.656350708007835,2015-11-09 07:00:00,1.1908416748046875,0.7035369873046875,1.383137081766442,"{""type"":""MultiPoint"",""coordinates"":[]}"
20151109T08,-12.553360853740477,-52.28821087761995,3213.1294444444443,97154.3203125,0.0,0.0,23.053872680664085,22.581658935546898,2015-11-09 08:00:00,1.31658935546875,0.6453857421875,1.4662640577851347,"{""type"":""MultiPoint"",""coordinates"":[]}"
20151109T09,-12.553360853740477,-52.28821087761995,3609.6875,97193.95703125,0.0,0.085,22.989495849609398,22.52655944824221,2015-11-09 09:00:00,1.296112060546875,0.6844635009765625,1.4657410268066318,"{""type"":""MultiPoint"",""coordinates"":[]}"
20151109T10,-12.553360853740477,-52.28821087761995,4002.8522222222223,97259.0234375,0.0,85.78611111111111,23.821405029296898,23.234368896484398,2015-11-09 10:00:00,0.8599853515625,0.5311737060546875,1.0108018158402508,"{""type"":""MultiPoint"",""coordinates"":[]}"
20151109T11,-12.553360853740477,-52.28821087761995,4400.493055555556,97280.05078125,0.0,398.75,25.813806152343773,24.07465515136721,2015-11-09 11:00:00,0.7632598876953125,0.82269287109375,1.122225118375604,"{""type"":""MultiPoint"",""coordinates"":[]}"
20151109T12,-12.553360853740477,-52.28821087761995,4804.530555555555,97314.01171875,0.0,945.7094444444444,27.90986022949221,24.34931335449221,2015-11-09 12:00:00,0.239471435546875,0.9794464111328125,1.0082965043695369,"{""type"":""MultiPoint"",""coordinates"":[]}"
20151109T13,-12.553360853740477,-52.28821087761995,5219.442222222222,97399.17578125,0.16008317470550537,1701.8944444444444,29.751245117187523,23.963723754882835,2015-11-09 13:00:00,-0.36309814453125,0.8213348388671875,0.8980151335579069,"{""type"":""MultiPoint"",""coordinates"":[]}"
20151109T14,-12.553360853740477,-52.28821087761995,5640.474444444444,97364.0390625,0.5023777484893799,2530.8411111111113,30.723245239257835,24.107781982421898,2015-11-09 14:00:00,-0.531890869140625,0.763885498046875,0.9308216535950867,"{""type"":""MultiPoint"",""coordinates"":[]}"
20151109T15,-12.553360853740477,-52.28821087761995,6068.094444444445,97291.64453125,1.8587708473205566,3436.8327777777777,30.753335571289085,23.929162597656273,2015-11-09 15:00:00,-1.4923553466796875,0.7534332275390625,1.671761379241481,"{""type"":""MultiPoint"",""coordinates"":[]}"
20151109T16,-12.553360853740477,-52.28821087761995,6501.89,97239.92578125,6.137430667877197,4279.162777777778,29.373406982421898,25.532189941406273,2015-11-09 16:00:00,-0.97918701171875,-0.125152587890625,0.9871526600148611,"{""type"":""MultiPoint"",""coordinates"":[]}"
20151109T17,-12.553360853740477,-52.28821087761995,6932.080833333333,97168.77734375,6.720840930938721,4903.871666666667,30.226983642578148,25.060083007812523,2015-11-09 17:00:00,-0.6960601806640625,-0.654998779296875,0.9557840634717047,"{""type"":""MultiPoint"",""coordinates"":[]}"
20151109T18,-12.553360853740477,-52.28821087761995,7361.231111111111,97184.93359375,18.356531858444214,5158.591111111111,26.19214782714846,23.508782958984398,2015-11-09 18:00:00,-0.895111083984375,-1.784393310546875,1.9963174445453606,"{""type"":""MultiPoint"",""coordinates"":[]}"
20151109T19,-12.553360853740477,-52.28821087761995,7789.368333333333,97109.72265625,22.23627269268036,5543.631111111111,26.780923461914085,24.365472412109398,2015-11-09 19:00:00,-0.35662841796875,-1.8366546630859375,1.8709580914435824,"{""type"":""MultiPoint"",""coordinates"":[]}"
20151109T20,-12.553360853740477,-52.28821087761995,8206.770277777778,97139.03515625,22.295817732810974,5775.283888888889,26.603265380859398,24.570046997070335,2015-11-09 20:00:00,-0.2165679931640625,-0.6275634765625,0.663880721800476,"{""type"":""MultiPoint"",""coordinates"":[]}"
20151109T21,-12.553360853740477,-52.28821087761995,8625.426666666666,97148.28515625,22.295817732810974,5851.766666666666,26.243814086914085,24.81824645996096,2015-11-09 21:00:00,-0.3771820068359375,0.035186767578125,0.3788197129155005,"{""type"":""MultiPoint"",""coordinates"":[]}"
20151109T22,-12.553360853740477,-52.28821087761995,9039.475277777778,97210.828125,22.295817732810974,5859.212222222222,25.95789489746096,24.313699340820335,2015-11-09 22:00:00,-1.192901611328125,-0.275146484375,1.2242221375931572,"{""type"":""MultiPoint"",""coordinates"":[]}"
20151109T23,-12.553360853740477,-52.28821087761995,9454.146944444445,97310.33203125,22.295832633972168,5859.212222222222,25.590509033203148,23.966470336914085,2015-11-09 23:00:00,-1.0794525146484375,9.765625E-4,1.0794529563881659,"{""type"":""MultiPoint"",""coordinates"":[]}"
20151110T00,-12.553360853740477,-52.28821087761995,9861.489166666666,97347.3125,22.295832633972168,5859.212222222222,25.08832702636721,23.78601989746096,2015-11-10 00:00:00,-1.15289306640625,-0.4126434326171875,1.2245150162614182,"{""type"":""MultiPoint"",""coordinates"":[]}"
20151110T01,-12.553360853740477,-52.28821087761995,406.13227430555554,97402.98828125,0.0,0.0,24.727807617187523,23.535882568359398,2015-11-10 01:00:00,-1.0516204833984375,-0.510711669921875,1.1690731589158796,"{""type"":""MultiPoint"",""coordinates"":[]}"
20151110T02,-12.553360853740477,-52.28821087761995,809.0207291666667,97430.05078125,0.0,0.0,24.308007812500023,23.41340026855471,2015-11-10 02:00:00,-0.78875732421875,-0.254913330078125,0.8289263672728968,"{""type"":""MultiPoint"",""coordinates"":[]}"
20151110T03,-12.553360853740477,-52.28821087761995,1211.1144618055555,97440.08984375,0.0,0.0,24.233987426757835,23.28241882324221,2015-11-10 03:00:00,0.0462799072265625,-0.4048919677734375,0.4075283246356572,"{""type"":""MultiPoint"",""coordinates"":[]}"
20151110T04,-12.553360853740477,-52.28821087761995,1611.51,97390.7734375,0.0,0.0,23.412500000000023,23.028161621093773,2015-11-10 04:00:00,0.7036590576171875,-0.679534912109375,0.9782145808268268,"{""type"":""MultiPoint"",""coordinates"":[]}"
20151110T05,-12.553360853740477,-52.28821087761995,2009.33375,97342.50390625,0.0,0.0,23.13276062011721,22.885736083984398,2015-11-10 05:00:00,0.8436431884765625,-0.5780181884765625,1.02266263042737,"{""type"":""MultiPoint"",""coordinates"":[]}"
20151110T06,-12.553360853740477,-52.28821087761995,2401.6534722222223,97285.87890625,0.0,0.0,22.945367431640648,22.80481872558596,2015-11-10 06:00:00,1.0513763427734375,-0.4241790771484375,1.1337195877438782,"{""type"":""MultiPoint"",""coordinates"":[]}"
20151110T07,-12.553360853740477,-52.28821087761995,2788.8777777777777,97238.25390625,0.0,0.0,22.570764160156273,22.485223388671898,2015-11-10 07:00:00,0.8968658447265625,-0.0133514404296875,0.8969652191688583,"{""type"":""MultiPoint"",""coordinates"":[]}"
20151110T08,-12.553360853740477,-52.28821087761995,3180.8116666666665,97265.9375,0.0,0.0,22.238458251953148,22.199700927734398,2015-11-10 08:00:00,0.56390380859375,0.4647369384765625,0.7307310909842997,"{""type"":""MultiPoint"",""coordinates"":[]}"
20151110T09,-12.553360853740477,-52.28821087761995,3586.8855555555556,97328.8203125,0.0,0.085,22.270425415039085,22.23273620605471,2015-11-10 09:00:00,-0.1593170166015625,0.5007781982421875,0.5255099576730342,"{""type"":""MultiPoint"",""coordinates"":[]}"
20151110T10,-12.553360853740477,-52.28821087761995,4004.5933333333332,97430.3828125,0.0,65.08166666666666,23.58478698730471,22.998941040039085,2015-11-10 10:00:00,-0.467498779296875,0.4712677001953125,0.6638134933032374,"{""type"":""MultiPoint"",""coordinates"":[]}"
20151110T11,-12.553360853740477,-52.28821087761995,4426.586388888889,97536.05859375,0.0023692846298217773,290.7688888888889,24.829919433593773,22.96546325683596,2015-11-10 11:00:00,-0.774627685546875,0.6154022216796875,0.9893270165440765,"{""type"":""MultiPoint"",""coordinates"":[]}"
20151110T12,-12.553360853740477,-52.28821087761995,4839.385555555556,97575.265625,0.013262033462524414,739.7377777777778,26.703332519531273,23.071069335937523,2015-11-10 12:00:00,-0.8809051513671875,0.690032958984375,1.1189903351637938,"{""type"":""MultiPoint"",""coordinates"":[]}"
20151110T13,-12.553360853740477,-52.28821087761995,5259.173055555556,97587.6953125,0.025659799575805664,1321.4183333333333,28.236444091796898,22.67426452636721,2015-11-10 13:00:00,-0.9703826904296875,0.5943756103515625,1.1379476842396363,"{""type"":""MultiPoint"",""coordinates"":[]}"
20151110T14,-12.553360853740477,-52.28821087761995,5688.151111111111,97532.2578125,0.05409121513366699,2043.2166666666667,29.878961181640648,22.089089965820335,2015-11-10 14:00:00,-0.988861083984375,0.291290283203125,1.0308716081585088,"{""type"":""MultiPoint"",""coordinates"":[]}"
20151110T15,-12.553360853740477,-52.28821087761995,6112.491666666667,97418.4609375,0.1042485237121582,2928.208888888889,31.072366333007835,21.885003662109398,2015-11-10 15:00:00,-0.931884765625,-0.030670166015625,0.9323893368584752,"{""type"":""MultiPoint"",""coordinates"":[]}"
20151110T16,-12.553360853740477,-52.28821087761995,6531.1425,97291.76953125,0.11596083641052246,3856.202222222222,32.04488525390627,21.458520507812523,2015-11-10 16:00:00,-1.065032958984375,-0.340423583984375,1.1181160137730701,"{""type"":""MultiPoint"",""coordinates"":[]}"
20151110T17,-12.553360853740477,-52.28821087761995,6956.864722222223,97169.359375,0.11682510375976562,4679.763333333333,32.46589050292971,20.96033630371096,2015-11-10 17:00:00,-1.1651611328125,-0.5437841415405273,1.285807784238327,"{""type"":""MultiPoint"",""coordinates"":[]}"
20151110T18,-12.553360853740477,-52.28821087761995,7385.168611111111,97074.37109375,0.11682510375976562,5382.293888888889,32.47673950195315,20.53644714355471,2015-11-10 18:00:00,-1.3197174072265625,-0.5933265686035156,1.44695903602957,"{""type"":""MultiPoint"",""coordinates"":[]}"
20151110T19,-12.553360853740477,-52.28821087761995,7814.995,97026.25390625,0.11682510375976562,5932.113888888889,32.05475769042971,20.728326416015648,2015-11-10 19:00:00,-1.4033966064453125,-0.1671466827392578,1.413315268626557,"{""type"":""MultiPoint"",""coordinates"":[]}"
20151110T20,-12.553360853740477,-52.28821087761995,8241.871666666666,97036.625,0.11682510375976562,6296.622222222222,31.317544555664085,22.014505004882835,2015-11-10 20:00:00,-1.1478271484375,-0.05230712890625,1.149018362962306,"{""type"":""MultiPoint"",""coordinates"":[]}"
20151110T21,-12.553360853740477,-52.28821087761995,8660.904444444444,97065.8515625,0.11726021756430782,6443.576666666667,30.12079772949221,23.278924560546898,2015-11-10 21:00:00,-1.2242584228515625,-0.1750946044921875,1.236716138184212,"{""type"":""MultiPoint"",""coordinates"":[]}"
20151110T22,-12.553360853740477,-52.28821087761995,9072.424444444445,97129.62109375,0.11726021756430782,6458.3788888888885,29.104333496093773,23.036553955078148,2015-11-10 22:00:00,-1.550537109375,-0.488189697265625,1.6255751314735605,"{""type"":""MultiPoint"",""coordinates"":[]}"
20151110T23,-12.553360853740477,-52.28821087761995,9480.111666666666,97163.67578125,0.11726021756430782,6458.3788888888885,27.924966430664085,22.801614379882835,2015-11-10 23:00:00,-1.6288299560546875,-0.7348480224609375,1.7869215544773827,"{""type"":""MultiPoint"",""coordinates"":[]}"
20151111T00,-12.553360853740477,-52.28821087761995,9881.028333333334,97229.08984375,0.11726021756430782,6458.3788888888885,27.033624267578148,22.506326293945335,2015-11-11 00:00:00,-1.596221923828125,-0.7068939208984375,1.7457443814925273,"{""type"":""MultiPoint"",""coordinates"":[]}"
20151111T01,-12.553360853740477,-52.28821087761995,397.03263888888887,97272.75390625,0.0,0.0,26.447976684570335,22.305764770507835,2015-11-11 01:00:00,-1.5544586181640625,-0.5965423583984375,1.664993808081008,"{""type"":""MultiPoint"",""coordinates"":[]}"
20151111T02,-12.553360853740477,-52.28821087761995,789.6692013888888,97288.59765625,0.0,0.0,25.956033325195335,22.222375488281273,2015-11-11 02:00:00,-1.3759307861328125,-0.60748291015625,1.5040681548254273,"{""type"":""MultiPoint"",""coordinates"":[]}"
20151111T03,-12.553360853740477,-52.28821087761995,1175.0600347222223,97237.1875,0.0,0.0,25.258111572265648,22.323388671875023,2015-11-11 03:00:00,-0.9293365478515625,-0.6954803466796875,1.1607580849558439,"{""type"":""MultiPoint"",""coordinates"":[]}"
20151111T04,-12.553360853740477,-52.28821087761995,1559.2431944444445,97182.15625,0.0,0.0,25.491479492187523,22.025964355468773,2015-11-11 04:00:00,-0.1295623779296875,-0.386077880859375,0.40723769455154923,"{""type"":""MultiPoint"",""coordinates"":[]}"
20151111T05,-12.553360853740477,-52.28821087761995,1939.6715277777778,97122.3125,0.0,0.0,24.12305603027346,22.09327087402346,2015-11-11 05:00:00,0.7828521728515625,-0.0105133056640625,0.7829227638371481,"{""type"":""MultiPoint"",""coordinates"":[]}"
20151111T06,-12.553360853740477,-52.28821087761995,2317.6094444444443,97085.453125,0.0,0.0,23.489495849609398,21.833337402343773,2015-11-11 06:00:00,1.576385498046875,0.48297119140625,1.6487123491321543,"{""type"":""MultiPoint"",""coordinates"":[]}"
20151111T07,-12.553360853740477,-52.28821087761995,2692.2308333333335,96980.1953125,0.0,0.0,23.14814147949221,21.199380493164085,2015-11-11 07:00:00,1.138916015625,1.1390380859375,1.6107567947593109,"{""type"":""MultiPoint"",""coordinates"":[]}"
20151111T08,-12.553360853740477,-52.28821087761995,3064.6672222222223,97045.2578125,0.0,0.0,22.255105590820335,21.068322753906273,2015-11-11 08:00:00,0.9368896484375,1.2803020477294922,1.5864852809810979,"{""type"":""MultiPoint"",""coordinates"":[]}"
20151111T09,-12.553360853740477,-52.28821087761995,3436.2166666666667,97114.5859375,8.52346317969932E-4,0.11611111111111111,21.931680297851585,20.799539184570335,2015-11-11 09:00:00,0.860321044921875,1.3165740966796875,1.572742716525307,"{""type"":""MultiPoint"",""coordinates"":[]}"
20151111T10,-12.553360853740477,-52.28821087761995,3808.0375,97189.3984375,8.523463748133508E-4,93.61611111111111,23.20728454589846,21.66333923339846,2015-11-11 10:00:00,0.530853271484375,0.6891021728515625,0.8698660819197449,"{""type"":""MultiPoint"",""coordinates"":[]}"
20151111T11,-12.553360853740477,-52.28821087761995,4184.475,97267.2109375,8.523463748133508E-4,424.1666666666667,26.880578613281273,22.561547851562523,2015-11-11 11:00:00,0.5467071533203125,0.5705108642578125,0.7901717267327374,"{""type"":""MultiPoint"",""coordinates"":[]}"
20151111T12,-12.553360853740477,-52.28821087761995,4569.746666666667,97290.37109375,8.523463748133508E-4,1002.0605555555555,29.398110961914085,22.62067565917971,2015-11-11 12:00:00,0.60516357421875,0.623260498046875,0.8687212441208348,"{""type"":""MultiPoint"",""coordinates"":[]}"
20151111T13,-12.553360853740477,-52.28821087761995,4965.110277777778,97340.5234375,8.523463748133508E-4,1794.3744444444444,31.458947753906273,21.794152832031273,2015-11-11 13:00:00,0.423309326171875,0.832275390625,0.9337414585762395,"{""type"":""MultiPoint"",""coordinates"":[]}"
20151111T14,-12.553360853740477,-52.28821087761995,5370.193888888889,97287.203125,8.523463748133508E-4,2745.6188888888887,33.02114257812502,20.97614440917971,2015-11-11 14:00:00,-0.2111358642578125,0.623046875,0.6578493456887824,"{""type"":""MultiPoint"",""coordinates"":[]}"
20151111T15,-12.553360853740477,-52.28821087761995,5786.179722222222,97232.78125,8.523463748133508E-4,3740.6183333333333,34.08046875000002,19.38300476074221,2015-11-11 15:00:00,-1.132598876953125,0.3939056396484375,1.1991421387901955,"{""type"":""MultiPoint"",""coordinates"":[]}"
20151111T16,-12.553360853740477,-52.28821087761995,6218.645277777778,97125.80859375,8.523463748133508E-4,4556.644444444444,34.199563598632835,18.422463989257835,2015-11-11 16:00:00,-1.5927734375,0.2103118896484375,1.6065983674002233,"{""type"":""MultiPoint"",""coordinates"":[]}"
20151111T17,-12.553360853740477,-52.28821087761995,6641.073333333334,97035.50390625,8.560059541196097E-4,5382.55,34.465005493164085,17.832864379882835,2015-11-11 17:00:00,-1.7471160888671875,0.0813140869140625,1.7490073209421526,"{""type"":""MultiPoint"",""coordinates"":[]}"
20151111T18,-12.553360853740477,-52.28821087761995,7073.181666666666,96943.46484375,8.560059541196097E-4,6026.262777777778,34.01116333007815,17.784463500976585,2015-11-11 18:00:00,-1.667083740234375,0.0536956787109375,1.6679482674429869,"{""type"":""MultiPoint"",""coordinates"":[]}"
20151111T19,-12.553360853740477,-52.28821087761995,7499.831666666667,96903.859375,0.054738604831072735,6529.6611111111115,33.2532897949219,18.737359619140648,2015-11-11 19:00:00,-1.3620147705078125,-0.23883056640625,1.3827958180915139,"{""type"":""MultiPoint"",""coordinates"":[]}"
20151111T20,-12.553360853740477,-52.28821087761995,7921.7775,96872.3515625,0.054738604831072735,6863.132777777778,31.974786376953148,22.140008544921898,2015-11-11 20:00:00,-0.4232330322265625,-0.3931121826171875,0.5776360339259831,"{""type"":""MultiPoint"",""coordinates"":[]}"
20151111T21,-12.553360853740477,-52.28821087761995,8340.769722222221,96875.70703125,0.054738604831072735,7022.341111111111,30.79895935058596,25.022607421875023,2015-11-11 21:00:00,-0.053009033203125,-0.41949462890625,0.4228305822458002,"{""type"":""MultiPoint"",""coordinates"":[]}"
20151111T22,-12.553360853740477,-52.28821087761995,8750.892777777777,96898.9609375,0.05558992961596232,7036.754444444445,29.634820556640648,23.278100585937523,2015-11-11 22:00:00,0.1943817138671875,-0.2249908447265625,0.2973300033577461,"{""type"":""MultiPoint"",""coordinates"":[]}"
20151111T23,-12.553360853740477,-52.28821087761995,9156.226388888888,96934.22265625,0.05560781102076362,7036.754444444445,28.676538085937523,23.432717895507835,2015-11-11 23:00:00,0.2484283447265625,0.002410888671875,0.24844004276236942,"{""type"":""MultiPoint"",""coordinates"":[]}"
20151112T00,-12.553360853740477,-52.28821087761995,9551.569444444445,96993.984375,0.05559589004633381,7036.754444444445,28.003274536132835,23.193414306640648,2015-11-12 00:00:00,0.1285400390625,0.056854248046875,0.14055229334011102,"{""type"":""MultiPoint"",""coordinates"":[]}"
20151112T01,-12.553360853740477,-52.28821087761995,390.5622048611111,97032.82421875,0.0,0.0,27.370889282226585,23.30274353027346,2015-11-12 01:00:00,-0.002960205078125,-0.2769927978515625,0.27700861516519865,"{""type"":""MultiPoint"",""coordinates"":[]}"
20151112T02,-12.553360853740477,-52.28821087761995,776.9017534722223,97084.43359375,0.0,0.0,26.174905395507835,23.48175964355471,2015-11-12 02:00:00,0.3217010498046875,-0.4658355712890625,0.5661221996385986,"{""type"":""MultiPoint"",""coordinates"":[]}"
20151112T03,-12.553360853740477,-52.28821087761995,1158.9588541666667,97075.80859375,0.0,0.0,24.889276123046898,23.223138427734398,2015-11-12 03:00:00,0.9112091064453125,-0.614593505859375,1.099102912885496,"{""type"":""MultiPoint"",""coordinates"":[]}"
20151112T04,-12.553360853740477,-52.28821087761995,1539.1184722222222,97022.3046875,0.0,0.0,24.767846679687523,22.87043151855471,2015-11-12 04:00:00,1.2683868408203125,-1.3020172119140625,1.817705696224392,"{""type"":""MultiPoint"",""coordinates"":[]}"
20151112T05,-12.553360853740477,-52.28821087761995,1917.6656944444444,96965.37109375,0.0,0.0,23.874536132812523,22.302636718750023,2015-11-12 05:00:00,1.2155609130859375,-1.3285064697265625,1.8006992457175217,"{""type"":""MultiPoint"",""coordinates"":[]}"
20151112T06,-12.553360853740477,-52.28821087761995,2293.079166666667,96913.20703125,0.0,0.0,23.503015136718773,21.888146972656273,2015-11-12 06:00:00,1.349945068359375,-1.155029296875,1.7766385012791304,"{""type"":""MultiPoint"",""coordinates"":[]}"
20151112T07,-12.553360853740477,-52.28821087761995,2670.755833333333,96896.87109375,4.261732051702438E-4,0.0,23.431909179687523,22.134683227539085,2015-11-12 07:00:00,1.2886810302734375,-1.1503753662109375,1.7274438575454651,"{""type"":""MultiPoint"",""coordinates"":[]}"
20151112T08,-12.553360853740477,-52.28821087761995,3045.7266666666665,96923.515625,4.261732051702438E-4,0.0,23.129083251953148,21.99622497558596,2015-11-12 08:00:00,1.401702880859375,-0.9996185302734375,1.721629510747158,"{""type"":""MultiPoint"",""coordinates"":[]}"
20151112T09,-12.553360853740477,-52.28821087761995,3419.6705555555554,96980.15234375,4.261732051702438E-4,0.11611111111111111,22.907800292968773,21.890298461914085,2015-11-12 09:00:00,1.45574951171875,-0.8650665283203125,1.6933832228085695,"{""type"":""MultiPoint"",""coordinates"":[]}"
20151112T10,-12.553360853740477,-52.28821087761995,3793.112222222222,97055.7578125,4.261732051702438E-4,94.87944444444445,23.974877929687523,22.508142089843773,2015-11-12 10:00:00,1.0092926025390625,-0.6069488525390625,1.1777344637644593,"{""type"":""MultiPoint"",""coordinates"":[]}"
20151112T11,-12.553360853740477,-52.28821087761995,4171.407222222222,97136.91015625,4.261732051702438E-4,425.76444444444445,27.026422119140648,23.063256835937523,2015-11-12 11:00:00,1.1797943115234375,-0.7122955322265625,1.3781435131121083,"{""type"":""MultiPoint"",""coordinates"":[]}"
20151112T12,-12.553360853740477,-52.28821087761995,4558.435,97199.34765625,4.261732051702438E-4,1002.6361111111111,29.371636962890648,23.201379394531273,2015-11-12 12:00:00,1.3421478271484375,-0.7768707275390625,1.55077042698987,"{""type"":""MultiPoint"",""coordinates"":[]}"
20151112T13,-12.553360853740477,-52.28821087761995,4955.458333333333,97223.49609375,4.261732051702438E-4,1793.3116666666667,31.427667236328148,22.75110778808596,2015-11-12 13:00:00,1.5540313720703125,-0.76531982421875,1.7322609326313851,"{""type"":""MultiPoint"",""coordinates"":[]}"
20151112T14,-12.553360853740477,-52.28821087761995,5361.761944444444,97160.3046875,4.261732051702438E-4,2745.2766666666666,33.028054809570335,21.823083496093773,2015-11-12 14:00:00,1.4402923583984375,-0.56060791015625,1.545549516059156,"{""type"":""MultiPoint"",""coordinates"":[]}"
20151112T15,-12.553360853740477,-52.28821087761995,5775.421666666667,97086.94921875,4.261732051702438E-4,3783.8972222222224,34.23854980468752,20.36048278808596,2015-11-12 15:00:00,0.705718994140625,-0.649261474609375,0.9589472149721253,"{""type"":""MultiPoint"",""coordinates"":[]}"
20151112T16,-12.553360853740477,-52.28821087761995,6196.719166666667,96969.12109375,4.261732051702438E-4,4786.945,34.93874511718752,19.075036621093773,2015-11-12 16:00:00,0.035919189453125,-0.8005428314208984,0.8013482470875933,"{""type"":""MultiPoint"",""coordinates"":[]}"
20151112T17,-12.553360853740477,-52.28821087761995,6633.559166666667,96881.86328125,4.261732051702438E-4,5538.473888888889,34.8251892089844,18.367654418945335,2015-11-12 17:00:00,-0.243927001953125,-0.8523397445678711,0.8865570610241981,"{""type"":""MultiPoint"",""coordinates"":[]}"
20151112T18,-12.553360853740477,-52.28821087761995,7073.099444444444,96806.515625,0.0012934207802572928,6130.046666666667,34.4534851074219,18.234368896484398,2015-11-12 18:00:00,-0.3383331298828125,-0.9025850296020508,0.963913399864342,"{""type"":""MultiPoint"",""coordinates"":[]}"
20151112T19,-12.553360853740477,-52.28821087761995,7497.368333333333,96760.55859375,0.0012934207802572928,6655.578333333333,34.49447021484377,18.374810791015648,2015-11-12 19:00:00,-0.3000640869140625,-0.9182071685791016,0.9659931990887,"{""type"":""MultiPoint"",""coordinates"":[]}"
20151112T20,-12.553360853740477,-52.28821087761995,7924.974444444444,96740.73828125,0.0012874602930423862,6995.04,32.7319274902344,22.33069763183596,2015-11-12 20:00:00,-0.2353057861328125,-0.37068843841552734,0.4390657483367646,"{""type"":""MultiPoint"",""coordinates"":[]}"
20151112T21,-12.553360853740477,-52.28821087761995,8346.707777777778,96739.62890625,0.0012874602930423862,7145.848888888889,31.279031372070335,24.84766540527346,2015-11-12 21:00:00,-0.1858367919921875,-0.5018243789672852,0.5351289756533923,"{""type"":""MultiPoint"",""coordinates"":[]}"
20151112T22,-12.553360853740477,-52.28821087761995,8762.532777777778,96780.80078125,0.0012874602930423862,7161.006666666667,30.081933593750023,25.15235290527346,2015-11-12 22:00:00,0.2352752685546875,-0.8237161636352539,0.8566579073512721,"{""type"":""MultiPoint"",""coordinates"":[]}"
20151112T23,-12.553360853740477,-52.28821087761995,9165.880555555555,96870.98828125,0.0012874602930423862,7161.006666666667,28.949487304687523,24.143640136718773,2015-11-12 23:00:00,0.908538818359375,-0.7063617706298828,1.1508213308212671,"{""type"":""MultiPoint"",""coordinates"":[]}"
20151113T00,-12.553360853740477,-52.28821087761995,9573.882777777777,96941.64453125,0.0012874602930423862,7161.006666666667,28.411126708984398,23.71381530761721,2015-11-13 00:00:00,1.4373626708984375,-0.4109630584716797,1.49495889011059,"{""type"":""MultiPoint"",""coordinates"":[]}"
20151113T01,-12.553360853740477,-52.28821087761995,400.56960069444443,97039.7421875,0.0,0.0,27.592813110351585,23.75721130371096,2015-11-13 01:00:00,1.39599609375,-0.09566974639892578,1.3992704506782432,"{""type"":""MultiPoint"",""coordinates"":[]}"
20151113T02,-12.553360853740477,-52.28821087761995,796.8038020833334,97081.03125,0.0,0.0,26.881127929687523,23.99811706542971,2015-11-13 02:00:00,0.7415313720703125,0.09939002990722656,0.7481625183136613,"{""type"":""MultiPoint"",""coordinates"":[]}"
20151113T03,-12.553360853740477,-52.28821087761995,1192.0788715277777,97054.4609375,0.0,0.0,27.344689941406273,23.386575317382835,2015-11-13 03:00:00,-0.193328857421875,-0.0711221694946289,0.20599614099703517,"{""type"":""MultiPoint"",""coordinates"":[]}"
20151113T04,-12.553360853740477,-52.28821087761995,1587.9394444444445,97007.3984375,0.0,0.0,25.330972290039085,23.339257812500023,2015-11-13 04:00:00,-0.8380126953125,-0.8343734741210938,1.1825584010195118,"{""type"":""MultiPoint"",""coordinates"":[]}"
20151113T05,-12.553360853740477,-52.28821087761995,1985.21,96952.9453125,0.0,0.0,24.715936279296898,22.766412353515648,2015-11-13 05:00:00,-0.3912811279296875,-1.338460922241211,1.3944814668688579,"{""type"":""MultiPoint"",""coordinates"":[]}"
20151113T06,-12.553360853740477,-52.28821087761995,2386.3369444444443,96907.19140625,0.0,0.0,24.078393554687523,22.124444580078148,2015-11-13 06:00:00,0.146087646484375,-1.310068130493164,1.3181881910369238,"{""type"":""MultiPoint"",""coordinates"":[]}"
20151113T07,-12.553360853740477,-52.28821087761995,2775.583611111111,96893.921875,0.0,0.0,24.35352478027346,21.643350219726585,2015-11-13 07:00:00,0.6424560546875,-1.6499061584472656,1.7705762095676203,"{""type"":""MultiPoint"",""coordinates"":[]}"
20151113T08,-12.553360853740477,-52.28821087761995,3161.7091666666665,96954.26953125,0.0,0.0,23.959649658203148,21.477929687500023,2015-11-13 08:00:00,1.0662384033203125,-1.3524055480957031,1.7221687197354063,"{""type"":""MultiPoint"",""coordinates"":[]}"
20151113T09,-12.553360853740477,-52.28821087761995,3546.27,96986.8828125,0.0,0.14722222222222223,23.62214050292971,21.641152954101585,2015-11-13 09:00:00,1.353729248046875,-1.012298583984375,1.6903642507324652,"{""type"":""MultiPoint"",""coordinates"":[]}"
20151113T10,-12.553360853740477,-52.28821087761995,3933.324722222222,97068.9921875,0.0,92.05388888888889,24.75202331542971,22.536111450195335,2015-11-13 10:00:00,1.0828704833984375,-0.6040287017822266,1.2399432069221106,"{""type"":""MultiPoint"",""coordinates"":[]}"
20151113T11,-12.553360853740477,-52.28821087761995,4320.694166666667,97169.375,0.0,415.31888888888886,27.356774902343773,23.267877197265648,2015-11-13 11:00:00,1.1781768798828125,-0.6803035736083984,1.3604828968255194,"{""type"":""MultiPoint"",""coordinates"":[]}"
20151113T12,-12.553360853740477,-52.28821087761995,4717.271388888889,97242.796875,4.351138045421976E-4,978.7583333333333,29.692620849609398,23.51429138183596,2015-11-13 12:00:00,1.3203582763671875,-0.8283004760742188,1.5586621367814475,"{""type"":""MultiPoint"",""coordinates"":[]}"
20151113T13,-12.553360853740477,-52.28821087761995,5124.795,97273.5546875,0.002777576412427152,1750.5494444444444,31.620141601562523,22.812417602539085,2015-11-13 13:00:00,1.6319427490234375,-1.090240478515625,1.962615967805254,"{""type"":""MultiPoint"",""coordinates"":[]}"
20151113T14,-12.553360853740477,-52.28821087761995,5542.850833333333,97212.13671875,0.005134940124662535,2662.496111111111,32.95301208496096,21.939187622070335,2015-11-13 14:00:00,1.4785614013671875,-1.1138763427734375,1.8511791713940684,"{""type"":""MultiPoint"",""coordinates"":[]}"
20151113T15,-12.553360853740477,-52.28821087761995,5964.945555555556,97122.296875,0.00512730395030303,3636.6466666666665,33.90633544921877,21.302239990234398,2015-11-13 15:00:00,1.23858642578125,-0.9546661376953125,1.5638042615978693,"{""type"":""MultiPoint"",""coordinates"":[]}"
20151113T16,-12.553360853740477,-52.28821087761995,6389.676944444444,97005.75390625,0.005134940124662535,4668.322222222222,34.78566894531252,20.52576599121096,2015-11-13 16:00:00,0.8605194091796875,-0.9888916015625,1.3108776652364647,"{""type"":""MultiPoint"",""coordinates"":[]}"
20151113T17,-12.553360853740477,-52.28821087761995,6819.080833333333,96914.51171875,0.005134940124662535,5547.708333333333,34.86055908203127,20.103967285156273,2015-11-13 17:00:00,0.6962738037109375,-0.9061737060546875,1.1427808168143987,"{""type"":""MultiPoint"",""coordinates"":[]}"
20151113T18,-12.553360853740477,-52.28821087761995,7262.812222222222,96830.2890625,0.005134940124662535,6186.421111111111,34.30556640625002,20.023248291015648,2015-11-13 18:00:00,0.6017303466796875,-0.78363037109375,0.9880060569732279,"{""type"":""MultiPoint"",""coordinates"":[]}"
20151113T19,-12.553360853740477,-52.28821087761995,7704.9736111111115,96793.71484375,0.2786385978765793,6699.439444444444,33.66976318359377,19.88282165527346,2015-11-13 19:00:00,0.6584014892578125,-0.3675689697265625,0.7540553484743359,"{""type"":""MultiPoint"",""coordinates"":[]}"
20151113T20,-12.553360853740477,-52.28821087761995,8148.046111111111,96785.23046875,0.2921390499182053,7037.771111111111,31.439309692382835,23.400964355468773,2015-11-13 20:00:00,0.54437255859375,0.2527008056640625,0.6001659601586649,"{""type"":""MultiPoint"",""coordinates"":[]}"
20151113T21,-12.553360853740477,-52.28821087761995,8585.623333333333,96795.27734375,0.2921390499182053,7164.194444444444,30.141381835937523,24.640832519531273,2015-11-13 21:00:00,0.5421142578125,0.22833251953125,0.5882377138530701,"{""type"":""MultiPoint"",""coordinates"":[]}"
20151113T22,-12.553360853740477,-52.28821087761995,9010.249722222223,96859.05078125,0.29214196717930463,7177.487777777777,29.117776489257835,24.90436706542971,2015-11-13 22:00:00,0.784271240234375,0.9147796630859375,1.204949463776131,"{""type"":""MultiPoint"",""coordinates"":[]}"
20151113T23,-12.553360853740477,-52.28821087761995,9428.457777777778,96945.8671875,0.29214196717930463,7177.487777777777,28.03406677246096,25.096520996093773,2015-11-13 23:00:00,0.849609375,0.7435455322265625,1.1290243790910686,"{""type"":""MultiPoint"",""coordinates"":[]}"
20151114T00,-12.553360853740477,-52.28821087761995,9845.300555555556,97041.609375,0.29214196717930463,7177.487777777777,27.350198364257835,25.098733520507835,2015-11-14 00:00:00,0.780853271484375,0.5511322021484375,0.9557607105509397,"{""type"":""MultiPoint"",""coordinates"":[]}"
20151114T01,-12.553360853740477,-52.28821087761995,416.77585069444444,97123.703125,0.0,0.0,26.882897949218773,25.021600341796898,2015-11-14 01:00:00,0.97509765625,0.35565185546875,1.037932407010499,"{""type"":""MultiPoint"",""coordinates"":[]}"
20151114T02,-12.553360853740477,-52.28821087761995,831.151875,97178.34375,0.0,0.0,26.45612487792971,24.852151489257835,2015-11-14 02:00:00,1.1999664306640625,0.0918121337890625,1.2034736817361447,"{""type"":""MultiPoint"",""coordinates"":[]}"
20151114T03,-12.553360853740477,-52.28821087761995,1241.0067361111112,97171.046875,0.0,0.0,26.00495300292971,24.395471191406273,2015-11-14 03:00:00,1.3246917724609375,-0.08781051635742188,1.3275989525487948,"{""type"":""MultiPoint"",""coordinates"":[]}"
20151114T04,-12.553360853740477,-52.28821087761995,1651.0340277777777,97104.96484375,0.0,0.0,25.78876647949221,23.706994628906273,2015-11-14 04:00:00,1.3539276123046875,-0.20360374450683594,1.3691510012187396,"{""type"":""MultiPoint"",""coordinates"":[]}"
20151114T05,-12.553360853740477,-52.28821087761995,2059.818888888889,97037.4140625,3.725290298461914E-4,0.0,25.53882751464846,23.19782409667971,2015-11-14 05:00:00,1.2396697998046875,-0.480499267578125,1.3295340381843965,"{""type"":""MultiPoint"",""coordinates"":[]}"
20151114T06,-12.553360853740477,-52.28821087761995,2464.859861111111,97000.3515625,0.007912516593933105,0.0,25.21820983886721,22.93793640136721,2015-11-14 06:00:00,0.9169921875,-0.7333879470825195,1.1741944271976203,"{""type"":""MultiPoint"",""coordinates"":[]}"
20151114T07,-12.553360853740477,-52.28821087761995,2871.4875,97013.16796875,0.011056661605834961,0.0,24.68671569824221,22.407708740234398,2015-11-14 07:00:00,0.879180908203125,0.052944183349609375,0.88077361217252,"{""type"":""MultiPoint"",""coordinates"":[]}"
20151114T08,-12.553360853740477,-52.28821087761995,3275.1419444444446,97060.40234375,0.012025237083435059,0.0,24.370385742187523,22.34620056152346,2015-11-14 08:00:00,1.0713043212890625,0.37302112579345703,1.1343886940113768,"{""type"":""MultiPoint"",""coordinates"":[]}"
20151114T09,-12.553360853740477,-52.28821087761995,3675.698888888889,97081.09765625,0.012025237083435059,0.11611111111111111,24.100686645507835,22.30317077636721,2015-11-14 09:00:00,1.0289764404296875,0.15928077697753906,1.0412314252239598,"{""type"":""MultiPoint"",""coordinates"":[]}"
20151114T10,-12.553360853740477,-52.28821087761995,4073.2463888888888,97166.23046875,0.01287758340140499,79.91833333333334,24.654260253906273,22.859902954101585,2015-11-14 10:00:00,0.6329498291015625,-0.009204864501953125,0.6330167578273078,"{""type"":""MultiPoint"",""coordinates"":[]}"
20151114T11,-12.553360853740477,-52.28821087761995,4474.085277777778,97250.171875,0.01287758340140499,372.1022222222222,26.665704345703148,23.31403503417971,2015-11-14 11:00:00,0.8944549560546875,-0.026549339294433594,0.8948488899405105,"{""type"":""MultiPoint"",""coordinates"":[]}"
20151114T12,-12.553360853740477,-52.28821087761995,4879.811944444445,97285.94921875,0.016334652798377647,902.6638888888889,28.937127685546898,22.913568115234398,2015-11-14 12:00:00,1.2852325439453125,-0.16697025299072266,1.296033084994332,"{""type"":""MultiPoint"",""coordinates"":[]}"
20151114T13,-12.553360853740477,-52.28821087761995,5298.394444444444,97346.72265625,0.06410777558585323,1556.7883333333334,30.02204284667971,22.897973632812523,2015-11-14 13:00:00,1.1552581787109375,0.011584281921386719,1.1553162575962248,"{""type"":""MultiPoint"",""coordinates"":[]}"
20151114T14,-12.553360853740477,-52.28821087761995,5723.665,97348.58984375,0.1895755528380505,2323.5894444444443,30.952630615234398,22.90674743652346,2015-11-14 14:00:00,0.8845672607421875,-0.03466033935546875,0.8852460550045809,"{""type"":""MultiPoint"",""coordinates"":[]}"
20151114T15,-12.553360853740477,-52.28821087761995,6156.430555555556,97282.27734375,0.30443370332022823,3113.4538888888887,31.46363220214846,23.02832946777346,2015-11-14 15:00:00,0.929351806640625,-0.3140373229980469,0.9809761570710948,"{""type"":""MultiPoint"",""coordinates"":[]}"
20151114T16,-12.553360853740477,-52.28821087761995,6587.428333333333,97125.4609375,0.42268931855460323,4058.85,32.51893005371096,22.717462158203148,2015-11-14 16:00:00,1.108154296875,-0.18648242950439453,1.1237355748557518,"{""type"":""MultiPoint"",""coordinates"":[]}"
20151114T17,-12.553360853740477,-52.28821087761995,7021.405555555555,97000.15234375,0.5467265843321911,4862.727777777778,32.2758728027344,22.94037780761721,2015-11-14 17:00:00,1.074951171875,-0.39556884765625,1.145423386853756,"{""type"":""MultiPoint"",""coordinates"":[]}"
20151114T18,-12.553360853740477,-52.28821087761995,7456.026666666667,96938.83203125,4.110547900097572,5523.085555555555,30.30207214355471,24.545693969726585,2015-11-14 18:00:00,0.9263458251953125,-1.4062509536743164,1.6839413091217605,"{""type"":""MultiPoint"",""coordinates"":[]}"
20151114T19,-12.553360853740477,-52.28821087761995,7885.356666666667,96910.3046875,4.243004321949684,6064.433333333333,31.11902770996096,22.591058349609398,2015-11-14 19:00:00,0.3634185791015625,-0.9749736785888672,1.0405031175240689,"{""type"":""MultiPoint"",""coordinates"":[]}"
20151114T20,-12.553360853740477,-52.28821087761995,8306.130833333333,96956.8984375,7.3098570107390515,6369.327777777778,28.09394226074221,23.653283691406273,2015-11-14 20:00:00,0.04656982421875,-1.4549713134765625,1.455716411794371,"{""type"":""MultiPoint"",""coordinates"":[]}"
20151114T21,-12.553360853740477,-52.28821087761995,8728.863333333333,96902.22265625,7.533299922840797,6490.173333333333,27.111123657226585,24.173822021484398,2015-11-14 21:00:00,-0.0054931640625,-0.68048095703125,0.6805031283789836,"{""type"":""MultiPoint"",""coordinates"":[]}"
20151114T22,-12.553360853740477,-52.28821087761995,9146.621666666666,97021.1796875,7.533299922840797,6502.42,26.785745239257835,24.24244079589846,2015-11-14 22:00:00,-0.013641357421875,-0.38642311096191406,0.3866638169234291,"{""type"":""MultiPoint"",""coordinates"":[]}"
20151114T23,-12.553360853740477,-52.28821087761995,9562.789722222222,97099.1328125,7.534149291643644,6502.42,26.166558837890648,24.594537353515648,2015-11-14 23:00:00,-0.30535888671875,-0.2580394744873047,0.39978546758455186,"{""type"":""MultiPoint"",""coordinates"":[]}"
20151115T00,-12.553360853740477,-52.28821087761995,9973.765555555556,97202.80859375,7.534163847651598,6502.42,25.624444580078148,24.398889160156273,2015-11-15 00:00:00,-0.1144256591796875,-0.6849336624145508,0.6944259164139223,"{""type"":""MultiPoint"",""coordinates"":[]}"
20151115T01,-12.553360853740477,-52.28821087761995,410.3968923611111,97270.82421875,0.0,0.0,25.27216491699221,24.37879333496096,2015-11-15 01:00:00,0.192291259765625,-0.7109222412109375,0.7364688463408574,"{""type"":""MultiPoint"",""coordinates"":[]}"
20151115T02,-12.553360853740477,-52.28821087761995,818.0347222222222,97280.515625,0.0,0.0,25.06415710449221,24.301507568359398,2015-11-15 02:00:00,0.40537166595458984,-1.1650104522705078,1.2335216015369705,"{""type"":""MultiPoint"",""coordinates"":[]}"
20151115T03,-12.553360853740477,-52.28821087761995,1226.788125,97240.3203125,0.0,0.0,24.951501464843773,24.334375000000023,2015-11-15 03:00:00,0.6502866744995117,-0.9645280838012695,1.1632657406942675,"{""type"":""MultiPoint"",""coordinates"":[]}"
20151115T04,-12.553360853740477,-52.28821087761995,1635.0540277777777,97131.828125,0.0,0.0,24.74982604980471,24.380029296875023,2015-11-15 04:00:00,0.68475341796875,-0.920867919921875,1.1475560854969689,"{""type"":""MultiPoint"",""coordinates"":[]}"
20151115T05,-12.553360853740477,-52.28821087761995,2037.7320833333333,97047.80078125,0.0,0.0,24.537133789062523,24.38782653808596,2015-11-15 05:00:00,0.8507232666015625,-0.6723976135253906,1.084365541232233,"{""type"":""MultiPoint"",""coordinates"":[]}"
20151115T06,-12.553360853740477,-52.28821087761995,2442.321111111111,96999.984375,0.0,0.0,24.349633789062523,24.29096374511721,2015-11-15 06:00:00,0.693634033203125,-0.24469375610351562,0.7355292015234206,"{""type"":""MultiPoint"",""coordinates"":[]}"
20151115T07,-12.553360853740477,-52.28821087761995,2846.686388888889,97011.54296875,0.0,0.0,23.980142211914085,23.925027465820335,2015-11-15 07:00:00,0.0374603271484375,-0.6857566833496094,0.686779080104166,"{""type"":""MultiPoint"",""coordinates"":[]}"
20151115T08,-12.553360853740477,-52.28821087761995,3262.6,97069.08984375,0.0,0.0,23.936517333984398,23.899209594726585,2015-11-15 08:00:00,-0.26300048828125,-0.36721038818359375,0.45167767935345393,"{""type"":""MultiPoint"",""coordinates"":[]}"
20151115T09,-12.553360853740477,-52.28821087761995,3680.702222222222,97104.1640625,0.0,0.14722222222222223,23.948419189453148,23.89704284667971,2015-11-15 09:00:00,-0.29864501953125,-0.10216999053955078,0.31563832887922944,"{""type"":""MultiPoint"",""coordinates"":[]}"
20151115T10,-12.553360853740477,-52.28821087761995,4104.667222222222,97229.2265625,1.4901161193847656E-5,57.791666666666664,24.598138427734398,24.015130615234398,2015-11-15 10:00:00,-0.3636016845703125,0.08413887023925781,0.3732097727920689,"{""type"":""MultiPoint"",""coordinates"":[]}"
20151115T11,-12.553360853740477,-52.28821087761995,4520.997222222222,97303.54296875,1.4901161193847656E-5,275.46,25.484216308593773,23.847344970703148,2015-11-15 11:00:00,-0.04754638671875,-0.0359344482421875,0.05959818336559747,"{""type"":""MultiPoint"",""coordinates"":[]}"
20151115T12,-12.553360853740477,-52.28821087761995,4938.216666666666,97378.37109375,8.642673492431641E-4,704.3177777777778,27.356835937500023,24.015222167968773,2015-11-15 12:00:00,-0.0587615966796875,-0.10811614990234375,0.1230529443534462,"{""type"":""MultiPoint"",""coordinates"":[]}"
20151115T13,-12.553360853740477,-52.28821087761995,5360.276944444445,97437.76171875,0.3255009651184082,1389.0977777777778,29.307153320312523,24.125100708007835,2015-11-15 13:00:00,-0.1992340087890625,-0.47834110260009766,0.5181741026863822,"{""type"":""MultiPoint"",""coordinates"":[]}"
20151115T14,-12.553360853740477,-52.28821087761995,5784.080277777778,97395.67578125,0.8117854595184326,2190.623888888889,30.262261962890648,24.44996032714846,2015-11-15 14:00:00,-0.05511474609375,-0.557703971862793,0.5604206950751494,"{""type"":""MultiPoint"",""coordinates"":[]}"
20151115T15,-12.553360853740477,-52.28821087761995,6217.718888888889,97317.6328125,5.451858043670654,2771.5416666666665,27.936318969726585,25.184320068359398,2015-11-15 15:00:00,-0.283233642578125,-0.2693061828613281,0.3908287558706654,"{""type"":""MultiPoint"",""coordinates"":[]}"
20151115T16,-12.553360853740477,-52.28821087761995,6648.649444444444,97265.234375,10.248839855194092,3272.717222222222,26.64472351074221,23.383203125000023,2015-11-15 16:00:00,-1.266326904296875,0.034580230712890625,1.266798966254024,"{""type"":""MultiPoint"",""coordinates"":[]}"
20151115T17,-12.553360853740477,-52.28821087761995,7071.911666666667,97214.140625,14.323413372039795,3551.7122222222224,25.738076782226585,24.37629089355471,2015-11-15 17:00:00,-0.297210693359375,-0.3600320816040039,0.46685896803132376,"{""type"":""MultiPoint"",""coordinates"":[]}"
20151115T18,-12.553360853740477,-52.28821087761995,7496.389444444444,97128.2890625,14.907091856002808,3760.3433333333332,24.866418457031273,23.440179443359398,2015-11-15 18:00:00,0.0662994384765625,-0.3330259323120117,0.33956131572161175,"{""type"":""MultiPoint"",""coordinates"":[]}"
20151115T19,-12.553360853740477,-52.28821087761995,7924.256388888889,96959.33984375,14.976739883422852,4032.295,27.505059814453148,24.702813720703148,2015-11-15 19:00:00,-0.453887939453125,0.4202404022216797,0.618559825110266,"{""type"":""MultiPoint"",""coordinates"":[]}"
20151115T20,-12.553360853740477,-52.28821087761995,8348.610833333334,96930.3046875,14.976739883422852,4171.8116666666665,27.219781494140648,25.248406982421898,2015-11-15 20:00:00,-0.4405517578125,-0.11712837219238281,0.45585623488565014,"{""type"":""MultiPoint"",""coordinates"":[]}"
20151115T21,-12.553360853740477,-52.28821087761995,8768.333611111111,96900.50390625,14.976739883422852,4262.622222222222,26.82904968261721,25.349649047851585,2015-11-15 21:00:00,-0.6410064697265625,0.03602409362792969,0.6420179355384275,"{""type"":""MultiPoint"",""coordinates"":[]}"
20151115T22,-12.553360853740477,-52.28821087761995,9183.523611111112,96984.05078125,14.976739883422852,4272.532222222222,26.194848632812523,25.168679809570335,2015-11-15 22:00:00,-1.2241058349609375,0.16460227966308594,1.2351230730804517,"{""type"":""MultiPoint"",""coordinates"":[]}"
20151115T23,-12.553360853740477,-52.28821087761995,9595.028333333334,97032.25,14.976739883422852,4272.532222222222,25.689736938476585,24.945062255859398,2015-11-15 23:00:00,-1.1818084716796875,0.2718048095703125,1.2126619966995884,"{""type"":""MultiPoint"",""coordinates"":[]}"
20151116T00,-12.553360853740477,-52.28821087761995,10004.826944444445,97109.9609375,14.976739883422852,4272.532222222222,25.33710632324221,24.735437011718773,2015-11-16 00:00:00,-1.14739990234375,0.27579689025878906,1.180080700873828,"{""type"":""MultiPoint"",""coordinates"":[]}"
20151116T01,-12.553360853740477,-52.28821087761995,402.7021006944444,97190.390625,0.0,0.0,24.97541198730471,24.527520751953148,2015-11-16 01:00:00,-1.044219970703125,8.296966552734375E-4,1.0442203003254509,"{""type"":""MultiPoint"",""coordinates"":[]}"
20151116T02,-12.553360853740477,-52.28821087761995,805.7013888888889,97214.3515625,0.0,0.0,24.71021423339846,24.354211425781273,2015-11-16 02:00:00,-0.94000244140625,-0.17854785919189453,0.9568092431993532,"{""type"":""MultiPoint"",""coordinates"":[]}"
20151116T03,-12.553360853740477,-52.28821087761995,1208.3944618055555,97188.58984375,0.0,0.0,24.428857421875023,24.141213989257835,2015-11-16 03:00:00,-0.971771240234375,-0.6010589599609375,1.1426334568425605,"{""type"":""MultiPoint"",""coordinates"":[]}"
20151116T04,-12.553360853740477,-52.28821087761995,1609.753611111111,97137.08984375,0.0,0.0,24.173196411132835,23.921792602539085,2015-11-16 04:00:00,-0.8479766845703125,-0.7517852783203125,1.1332455878025773,"{""type"":""MultiPoint"",""coordinates"":[]}"
20151116T05,-12.553360853740477,-52.28821087761995,2009.9631944444445,97086.37109375,0.0,0.0,23.964395141601585,23.73633728027346,2015-11-16 05:00:00,-0.77069091796875,-0.520965576171875,0.9302524510022041,"{""type"":""MultiPoint"",""coordinates"":[]}"
20151116T06,-12.553360853740477,-52.28821087761995,2418.896527777778,97018.95703125,0.0,0.0,23.703164672851585,23.592507934570335,2015-11-16 06:00:00,-0.522369384765625,-0.12475395202636719,0.5370598874302703,"{""type"":""MultiPoint"",""coordinates"":[]}"
20151116T07,-12.553360853740477,-52.28821087761995,2822.8130555555554,97026.28515625,0.0,0.0,23.529077148437523,23.273965454101585,2015-11-16 07:00:00,-0.554901123046875,-1.1245479583740234,1.2540029374135722,"{""type"":""MultiPoint"",""coordinates"":[]}"
20151116T08,-12.553360853740477,-52.28821087761995,3225.766111111111,97029.390625,0.0,0.0,23.409173583984398,23.18464050292971,2015-11-16 08:00:00,-0.1499481201171875,-1.268524169921875,1.277355865999237,"{""type"":""MultiPoint"",""coordinates"":[]}"
20151116T09,-12.553360853740477,-52.28821087761995,3622.5925,97078.390625,0.0,0.15555555555555556,23.222192382812523,22.998941040039085,2015-11-16 09:00:00,0.113128662109375,-1.278717041015625,1.2837115584018135,"{""type"":""MultiPoint"",""coordinates"":[]}"
20151116T10,-12.553360853740477,-52.28821087761995,4021.900833333333,97148.9296875,0.0,81.10444444444444,24.06647644042971,23.04175720214846,2015-11-16 10:00:00,0.2729034423828125,-1.4744758605957031,1.4995183734599014,"{""type"":""MultiPoint"",""coordinates"":[]}"
20151116T11,-12.553360853740477,-52.28821087761995,4424.518611111111,97222.3984375,4.351138045421976E-4,357.4011111111111,25.72754821777346,23.03394470214846,2015-11-16 11:00:00,0.3976287841796875,-1.35693359375,1.4139934327483656,"{""type"":""MultiPoint"",""coordinates"":[]}"
20151116T12,-12.553360853740477,-52.28821087761995,4831.341944444444,97302.59375,0.04341006268759884,876.5177777777777,27.546289062500023,23.196038818359398,2015-11-16 12:00:00,0.42669677734375,-1.147613525390625,1.2243720608765296,"{""type"":""MultiPoint"",""coordinates"":[]}"
20151116T13,-12.553360853740477,-52.28821087761995,5246.83,97339.23046875,0.2612352370192639,1523.6333333333334,28.882302856445335,23.181192016601585,2015-11-16 13:00:00,0.5743408203125,-1.4499759674072266,1.5595825351470687,"{""type"":""MultiPoint"",""coordinates"":[]}"
20151116T14,-12.553360853740477,-52.28821087761995,5669.690555555556,97288.2109375,0.7416486739089123,2325.818888888889,29.53162536621096,23.04505310058596,2015-11-16 14:00:00,0.485626220703125,-1.4864072799682617,1.5637261359256762,"{""type"":""MultiPoint"",""coordinates"":[]}"
20151116T15,-12.553360853740477,-52.28821087761995,6094.085277777778,97242.08984375,7.081764936344825,3029.88,27.41553649902346,22.972528076171898,2015-11-16 15:00:00,-0.2900238037109375,-1.8949127197265625,1.9169788788874222,"{""type"":""MultiPoint"",""coordinates"":[]}"
20151116T16,-12.553360853740477,-52.28821087761995,6514.919722222222,97171.71875,11.074262857334816,3499.047777777778,25.656167602539085,22.851403808593773,2015-11-16 16:00:00,-0.9083099365234375,-1.8311500549316406,2.044049281319646,"{""type"":""MultiPoint"",""coordinates"":[]}"
20151116T17,-12.553360853740477,-52.28821087761995,6936.833888888889,97019.078125,11.444139480488502,3844.087777777778,26.006524658203148,23.416253662109398,2015-11-16 17:00:00,-0.2091522216796875,-1.4002094268798828,1.4157440061525386,"{""type"":""MultiPoint"",""coordinates"":[]}"
20151116T18,-12.553360853740477,-52.28821087761995,7353.862222222222,96880.83984375,11.462944745915138,4109.527777777777,26.193872070312523,23.709375000000023,2015-11-16 18:00:00,-0.1846771240234375,-1.0516977310180664,1.0677891915383473,"{""type"":""MultiPoint"",""coordinates"":[]}"
20151116T19,-12.553360853740477,-52.28821087761995,7778.083611111111,96742.09765625,11.589962243931495,4533.87,28.372430419921898,24.22974548339846,2015-11-16 19:00:00,-0.0512237548828125,-0.391204833984375,0.39454416127606917,"{""type"":""MultiPoint"",""coordinates"":[]}"
20151116T20,-12.553360853740477,-52.28821087761995,8205.082777777778,96705.9453125,11.602270603077613,4787.363333333334,28.239068603515648,24.733438110351585,2015-11-16 20:00:00,-0.1584320068359375,-0.181488037109375,0.240912034576682,"{""type"":""MultiPoint"",""coordinates"":[]}"
20151116T21,-12.553360853740477,-52.28821087761995,8624.409444444444,96774.51171875,11.602538823979103,4901.856666666667,27.24573669433596,25.558084106445335,2015-11-16 21:00:00,0.19976806640625,0.079833984375,0.21512960144266444,"{""type"":""MultiPoint"",""coordinates"":[]}"
20151116T22,-12.553360853740477,-52.28821087761995,9041.08138888889,96850.07421875,11.602538823979103,4912.796666666667,26.81464538574221,25.492761230468773,2015-11-16 22:00:00,-0.6027069091796875,0.408660888671875,0.7281890827958207,"{""type"":""MultiPoint"",""coordinates"":[]}"
20151116T23,-12.553360853740477,-52.28821087761995,9456.611944444445,96923.54296875,11.602538823979103,4912.796666666667,26.111779785156273,25.483560180664085,2015-11-16 23:00:00,-0.1425018310546875,0.5640869140625,0.5818082316970884,"{""type"":""MultiPoint"",""coordinates"":[]}"
20151117T00,-12.553360853740477,-52.28821087761995,9875.13,97005.94921875,11.602538823979103,4912.796666666667,25.567666625976585,25.291955566406273,2015-11-17 00:00:00,0.0301666259765625,0.4652557373046875,0.46623269556921704,"{""type"":""MultiPoint"",""coordinates"":[]}"
20151117T01,-12.553360853740477,-52.28821087761995,417.4309895833333,97046.11328125,0.0,0.0,25.30848083496096,25.13489685058596,2015-11-17 01:00:00,0.157928466796875,0.9860076904296875,0.9985752681752629,"{""type"":""MultiPoint"",""coordinates"":[]}"
20151117T02,-12.553360853740477,-52.28821087761995,825.9394618055555,97091.48046875,0.0,0.0,24.90326843261721,24.834024047851585,2015-11-17 02:00:00,0.3602752685546875,1.10711669921875,1.1642618497662682,"{""type"":""MultiPoint"",""coordinates"":[]}"
20151117T03,-12.553360853740477,-52.28821087761995,1233.3529340277778,97099.30078125,0.0,0.0,24.595498657226585,24.51838073730471,2015-11-17 03:00:00,0.5144500732421875,0.919281005859375,1.0534402904734166,"{""type"":""MultiPoint"",""coordinates"":[]}"
20151117T04,-12.553360853740477,-52.28821087761995,1643.8368055555557,97045.3046875,0.0,0.0,24.431619262695335,24.34455261230471,2015-11-17 04:00:00,0.3077545166015625,0.8790283203125,0.9313450651611768,"{""type"":""MultiPoint"",""coordinates"":[]}"
20151117T05,-12.553360853740477,-52.28821087761995,2053.8480555555557,96974.125,0.0,0.0,24.246118164062523,24.170922851562523,2015-11-17 05:00:00,0.365509033203125,0.843536376953125,0.9193206582016352,"{""type"":""MultiPoint"",""coordinates"":[]}"
20151117T06,-12.553360853740477,-52.28821087761995,2465.5543055555554,96924.83984375,0.0,0.0,24.031457519531273,23.961083984375023,2015-11-17 06:00:00,0.2594757080078125,0.7634449005126953,0.8063347686693132,"{""type"":""MultiPoint"",""coordinates"":[]}"
20151117T07,-12.553360853740477,-52.28821087761995,2879.876111111111,96894.10546875,0.0,0.0,23.761209106445335,23.690637207031273,2015-11-17 07:00:00,-0.23663330078125,0.4541015625,0.5120581491428204,"{""type"":""MultiPoint"",""coordinates"":[]}"
20151117T08,-12.553360853740477,-52.28821087761995,3302.592222222222,96912.51953125,0.0,0.0,23.71918640136721,23.639321899414085,2015-11-17 08:00:00,-0.41558837890625,0.2436065673828125,0.4817238424179995,"{""type"":""MultiPoint"",""coordinates"":[]}"
20151117T09,-12.553360853740477,-52.28821087761995,3728.093611111111,96939.80859375,0.0,0.11611111111111111,23.65668640136721,23.557733154296898,2015-11-17 09:00:00,-0.335693359375,0.192108154296875,0.3867758711137819,"{""type"":""MultiPoint"",""coordinates"":[]}"
20151117T10,-12.553360853740477,-52.28821087761995,4155.073611111111,97046.25,0.0014901161193847656,48.025,24.12714538574221,23.701989746093773,2015-11-17 10:00:00,-0.33599853515625,0.0822296142578125,0.3459143320074125,"{""type"":""MultiPoint"",""coordinates"":[]}"
20151117T11,-12.553360853740477,-52.28821087761995,4587.267777777778,97106.08984375,0.0014901161193847656,212.64111111111112,25.324914550781273,24.043862915039085,2015-11-17 11:00:00,-0.219482421875,-0.086517333984375,0.23591901702041607,"{""type"":""MultiPoint"",""coordinates"":[]}"
20151117T12,-12.553360853740477,-52.28821087761995,5009.905,97158.78515625,0.0014901161193847656,632.8033333333333,27.558648681640648,23.854425048828148,2015-11-17 12:00:00,-0.1877593994140625,-0.270538330078125,0.3293092469242095,"{""type"":""MultiPoint"",""coordinates"":[]}"
20151117T13,-12.553360853740477,-52.28821087761995,5431.748333333333,97205.734375,0.2589225769042969,1197.1438888888888,28.797235107421898,23.44214782714846,2015-11-17 13:00:00,-0.064544677734375,-0.4745941162109375,0.47896303674278995,"{""type"":""MultiPoint"",""coordinates"":[]}"
20151117T14,-12.553360853740477,-52.28821087761995,5852.9991666666665,97193.4921875,0.5532205104827881,1952.1605555555554,29.813287353515648,23.283502197265648,2015-11-17 14:00:00,0.0689544677734375,-0.645660400390625,0.6493320192771185,"{""type"":""MultiPoint"",""coordinates"":[]}"
20151117T15,-12.553360853740477,-52.28821087761995,6282.9425,97103.0,1.2367963790893555,2706.9394444444442,29.983911132812523,23.579797363281273,2015-11-17 15:00:00,0.3105316162109375,-0.4184722900390625,0.5211035810634141,"{""type"":""MultiPoint"",""coordinates"":[]}"
20151117T16,-12.553360853740477,-52.28821087761995,6721.806111111111,96969.4609375,5.446735024349891,3193.2994444444444,27.98072204589846,23.622903442382835,2015-11-17 16:00:00,0.1343841552734375,-0.0612335205078125,0.14767750411737074,"{""type"":""MultiPoint"",""coordinates"":[]}"
20151117T17,-12.553360853740477,-52.28821087761995,7147.649166666667,96890.3515625,5.72684705247184,3796.2305555555554,28.207742309570335,24.225244140625023,2015-11-17 17:00:00,0.440185546875,0.3958892822265625,0.5920233436778534,"{""type"":""MultiPoint"",""coordinates"":[]}"
20151117T18,-12.553360853740477,-52.28821087761995,7571.706111111111,96840.2109375,7.304930686871103,4217.544444444445,27.43982849121096,23.88416442871096,2015-11-17 18:00:00,0.713623046875,0.208404541015625,0.7434314398430374,"{""type"":""MultiPoint"",""coordinates"":[]}"
20151117T19,-12.553360853740477,-52.28821087761995,7992.8758333333335,96799.88671875,7.608214020649484,4648.718333333333,27.45679626464846,23.474465942382835,2015-11-17 19:00:00,-0.2176513671875,-0.6745166778564453,0.708762912647864,"{""type"":""MultiPoint"",""coordinates"":[]}"
20151117T20,-12.553360853740477,-52.28821087761995,8411.43888888889,96751.97265625,7.6550334691205535,4846.153333333334,26.586358642578148,23.911981201171898,2015-11-17 20:00:00,-0.202056884765625,-0.446441650390625,0.4900378882134463,"{""type"":""MultiPoint"",""coordinates"":[]}"
20151117T21,-12.553360853740477,-52.28821087761995,8826.952777777778,96767.6875,7.6550334691205535,4973.734444444444,26.358453369140648,23.95209655761721,2015-11-17 21:00:00,-0.100494384765625,-0.0599822998046875,0.11703417304053075,"{""type"":""MultiPoint"",""coordinates"":[]}"
20151117T22,-12.553360853740477,-52.28821087761995,9236.797777777778,96843.7734375,7.6550334691205535,4988.752222222222,25.788049316406273,24.270745849609398,2015-11-17 22:00:00,-0.6684417724609375,-0.0348663330078125,0.6693504794561153,"{""type"":""MultiPoint"",""coordinates"":[]}"
20151117T23,-12.553360853740477,-52.28821087761995,9646.870555555555,96925.51171875,7.6550334691205535,4988.752222222222,25.267449951171898,24.30616149902346,2015-11-17 23:00:00,-0.826141357421875,0.0768585205078125,0.829708849306495,"{""type"":""MultiPoint"",""coordinates"":[]}"
20151118T00,-12.553360853740477,-52.28821087761995,10052.23361111111,97003.203125,7.6550334691205535,4988.752222222222,24.773416137695335,24.242608642578148,2015-11-18 00:00:00,-0.7479248046875,-0.1110992431640625,0.7561313082384981,"{""type"":""MultiPoint"",""coordinates"":[]}"
20151118T01,-12.553360853740477,-52.28821087761995,406.89875,97096.0703125,0.0,0.0,24.415582275390648,24.056436157226585,2015-11-18 01:00:00,-0.6876983642578125,-0.3127593994140625,0.755478313470821,"{""type"":""MultiPoint"",""coordinates"":[]}"
20151118T02,-12.553360853740477,-52.28821087761995,814.1197048611111,97104.921875,0.005774199962615967,0.0,24.027429199218773,23.856988525390648,2015-11-18 02:00:00,-0.7930145263671875,0.0251617431640625,0.7934136073627859,"{""type"":""MultiPoint"",""coordinates"":[]}"
20151118T03,-12.553360853740477,-52.28821087761995,1221.22859375,97039.41015625,0.005774199962615967,0.0,23.811456298828148,23.73310241699221,2015-11-18 03:00:00,-0.363433837890625,0.375152587890625,0.5223252039916724,"{""type"":""MultiPoint"",""coordinates"":[]}"
20151118T04,-12.553360853740477,-52.28821087761995,1626.5534722222221,96960.3515625,0.005774199962615967,0.0,23.361505126953148,23.32648620605471,2015-11-18 04:00:00,0.2293243408203125,0.6114406585693359,0.6530308815395901,"{""type"":""MultiPoint"",""coordinates"":[]}"
20151118T05,-12.553360853740477,-52.28821087761995,2038.534861111111,96884.98828125,0.005774199962615967,0.0,23.379052734375023,23.288629150390648,2015-11-18 05:00:00,-0.1060333251953125,0.32006263732910156,0.3371693311468807,"{""type"":""MultiPoint"",""coordinates"":[]}"
20151118T06,-12.553360853740477,-52.28821087761995,2448.991666666667,96845.734375,0.005774199962615967,0.0,23.089273071289085,23.050378417968773,2015-11-18 06:00:00,-0.4299163818359375,0.3033943176269531,0.5261902767433356,"{""type"":""MultiPoint"",""coordinates"":[]}"
20151118T07,-12.553360853740477,-52.28821087761995,2849.135,96849.66796875,0.005774199962615967,0.0,22.76850280761721,22.729730224609398,2015-11-18 07:00:00,-0.700103759765625,0.1323690414428711,0.7125074298352744,"{""type"":""MultiPoint"",""coordinates"":[]}"
20151118T08,-12.553360853740477,-52.28821087761995,3252.409166666667,96873.41796875,0.005774199962615967,0.0,22.627954101562523,22.593774414062523,2015-11-18 08:00:00,-0.6358795166015625,-0.09284019470214844,0.6426212425572078,"{""type"":""MultiPoint"",""coordinates"":[]}"
20151118T09,-12.553360853740477,-52.28821087761995,3664.4991666666665,96877.890625,0.005774199962615967,0.14722222222222223,22.705300903320335,22.66950378417971,2015-11-18 09:00:00,-0.56134033203125,-0.2524433135986328,0.6154921566889473,"{""type"":""MultiPoint"",""coordinates"":[]}"
20151118T10,-12.553360853740477,-52.28821087761995,4079.601111111111,96944.87890625,0.006616115570068359,59.89944444444444,23.932031250000023,23.172891235351585,2015-11-18 10:00:00,-0.318572998046875,-0.3049163818359375,0.44097931356980163,"{""type"":""MultiPoint"",""coordinates"":[]}"
20151118T11,-12.553360853740477,-52.28821087761995,4497.647222222222,96999.3125,0.0074803829193115234,235.3177777777778,25.35547790527346,23.558816528320335,2015-11-18 11:00:00,-0.288177490234375,-0.4297752380371094,0.5174485685627483,"{""type"":""MultiPoint"",""coordinates"":[]}"
20151118T12,-12.553360853740477,-52.28821087761995,4920.958888888889,97027.16796875,0.0074803829193115234,531.6511111111112,26.755487060546898,23.38697204589846,2015-11-18 12:00:00,-0.4051971435546875,-0.732670783996582,0.8372521739995926,"{""type"":""MultiPoint"",""coordinates"":[]}"
20151118T13,-12.553360853740477,-52.28821087761995,5346.325555555555,97059.75390625,0.0074803829193115234,903.4238888888889,27.748468017578148,23.212121582031273,2015-11-18 13:00:00,-0.4105682373046875,-0.9375505447387695,1.0235073528917327,"{""type"":""MultiPoint"",""coordinates"":[]}"
20151118T14,-12.553360853740477,-52.28821087761995,5777.670555555555,97039.9453125,0.02352893352508545,1411.9805555555556,28.83252868652346,23.059411621093773,2015-11-18 14:00:00,-0.2452392578125,-0.8550758361816406,0.8895487503190355,"{""type"":""MultiPoint"",""coordinates"":[]}"
20151118T15,-12.553360853740477,-52.28821087761995,6211.679444444444,97000.58203125,0.04298985004425049,2023.4577777777777,29.695947265625023,23.043145751953148,2015-11-18 15:00:00,0.239593505859375,-0.470855712890625,0.5283087642768431,"{""type"":""MultiPoint"",""coordinates"":[]}"
20151118T16,-12.553360853740477,-52.28821087761995,6646.4025,96911.07421875,0.06161630153656006,2725.7383333333332,30.51007995605471,23.297814941406273,2015-11-18 16:00:00,0.557342529296875,-0.070587158203125,0.5617946616569358,"{""type"":""MultiPoint"",""coordinates"":[]}"
20151118T17,-12.553360853740477,-52.28821087761995,7084.439166666667,96761.859375,0.08468329906463623,3458.978888888889,31.05994567871096,23.344659423828148,2015-11-18 17:00:00,0.61639404296875,0.418426513671875,0.7449982305690135,"{""type"":""MultiPoint"",""coordinates"":[]}"
20151118T18,-12.553360853740477,-52.28821087761995,7517.251944444444,96625.875,0.09550154209136963,4186.496666666667,31.53840026855471,22.73670349121096,2015-11-18 18:00:00,0.7403106689453125,0.447113037109375,0.8648525622945367,"{""type"":""MultiPoint"",""coordinates"":[]}"
20151118T19,-12.553360853740477,-52.28821087761995,7944.718611111111,96528.12109375,0.12947618961334229,4828.7733333333335,31.243554687500023,23.010171508789085,2015-11-18 19:00:00,0.33056640625,0.6505584716796875,0.7297263007561471,"{""type"":""MultiPoint"",""coordinates"":[]}"
20151118T20,-12.553360853740477,-52.28821087761995,8372.921944444444,96542.265625,0.20262598991394043,5230.0055555555555,30.264093017578148,23.274133300781273,2015-11-18 20:00:00,0.3838653564453125,-0.07452392578125,0.39103251449558013,"{""type"":""MultiPoint"",""coordinates"":[]}"
20151118T21,-12.553360853740477,-52.28821087761995,8796.039166666667,96650.32421875,1.634061336517334,5401.658888888889,27.458398437500023,24.620950317382835,2015-11-18 21:00:00,0.2858123779296875,-0.8104400634765625,0.8593612813396454,"{""type"":""MultiPoint"",""coordinates"":[]}"
20151118T22,-12.553360853740477,-52.28821087761995,9212.355,96765.0234375,2.18828022480011,5414.821111111111,26.18964538574221,23.925454711914085,2015-11-18 22:00:00,0.31536865234375,-1.4652252197265625,1.4987802812299962,"{""type"":""MultiPoint"",""coordinates"":[]}"
20151118T23,-12.553360853740477,-52.28821087761995,9630.66861111111,96835.80078125,2.2687315940856934,5414.821111111111,25.76722106933596,23.728417968750023,2015-11-18 23:00:00,0.4913330078125,-1.1118927001953125,1.2156123976472522,"{""type"":""MultiPoint"",""coordinates"":[]}"
20151119T00,-12.553360853740477,-52.28821087761995,10045.600555555555,96918.09765625,2.410903573036194,5414.821111111111,25.516107177734398,23.66932067871096,2015-11-19 00:00:00,0.1710357666015625,-0.9890289306640625,1.0037088517829675,"{""type"":""MultiPoint"",""coordinates"":[]}"
20151119T01,-12.553360853740477,-52.28821087761995,411.5895486111111,96973.04296875,0.5590245127677917,0.0,25.093057250976585,23.596002197265648,2015-11-19 01:00:00,-0.1610870361328125,-1.090118408203125,1.1019560685950094,"{""type"":""MultiPoint"",""coordinates"":[]}"
20151119T02,-12.553360853740477,-52.28821087761995,829.2100347222222,97003.37890625,0.5773678421974182,0.0,24.824700927734398,23.572427368164085,2015-11-19 02:00:00,-0.0584869384765625,-0.97802734375,0.9797745695286452,"{""type"":""MultiPoint"",""coordinates"":[]}"
20151119T03,-12.553360853740477,-52.28821087761995,1241.1150520833332,96986.703125,0.7538944482803345,0.0,24.435647583007835,23.477822875976585,2015-11-19 03:00:00,-0.8243865966796875,-0.4708099365234375,0.9493551796426462,"{""type"":""MultiPoint"",""coordinates"":[]}"
20151119T04,-12.553360853740477,-52.28821087761995,1655.6797222222222,96911.0625,0.7557570934295654,0.0,24.179803466796898,23.382852172851585,2015-11-19 04:00:00,-1.0732879638671875,-0.582366943359375,1.2211053640451812,"{""type"":""MultiPoint"",""coordinates"":[]}"
20151119T05,-12.553360853740477,-52.28821087761995,2067.310138888889,96824.19140625,0.7594600319862366,0.0,23.84455261230471,23.292718505859398,2015-11-19 05:00:00,-1.159515380859375,-0.7791595458984375,1.3969844367114905,"{""type"":""MultiPoint"",""coordinates"":[]}"
20151119T06,-12.553360853740477,-52.28821087761995,2481.9090277777777,96774.328125,0.7594600319862366,0.0,23.672647094726585,23.168664550781273,2015-11-19 06:00:00,-1.053009033203125,-0.5121612548828125,1.1709556673975823,"{""type"":""MultiPoint"",""coordinates"":[]}"
20151119T07,-12.553360853740477,-52.28821087761995,2900.317777777778,96775.61328125,1.5116423368404242,0.0,23.154534912109398,23.105401611328148,2015-11-19 07:00:00,0.44207763671875,0.19415283203125,0.48283326218539446,"{""type"":""MultiPoint"",""coordinates"":[]}"
20151119T08,-12.553360853740477,-52.28821087761995,3322.02,96795.2890625,1.8070727586696478,0.0,23.05085144042971,23.04914245605471,2015-11-19 08:00:00,0.5297698974609375,0.046295166015625,0.531788855329055,"{""type"":""MultiPoint"",""coordinates"":[]}"
20151119T09,-12.553360853740477,-52.28821087761995,3741.4347222222223,96852.1640625,2.2098809480617376,0.03111111111111111,22.964501953125023,22.964166259765648,2015-11-19 09:00:00,0.3338165283203125,0.328155517578125,0.4681020383386438,"{""type"":""MultiPoint"",""coordinates"":[]}"
20151119T10,-12.553360853740477,-52.28821087761995,4161.803055555555,96974.73828125,2.912023663515839,23.891666666666666,23.096170043945335,23.095422363281273,2015-11-19 10:00:00,0.2754364013671875,0.6811065673828125,0.7346913415374542,"{""type"":""MultiPoint"",""coordinates"":[]}"
20151119T11,-12.553360853740477,-52.28821087761995,4589.13,97044.09375,3.750497102732453,68.01555555555555,23.355325317382835,23.352929687500023,2015-11-19 11:00:00,0.2245330810546875,0.28155517578125,0.36012278669520686,"{""type"":""MultiPoint"",""coordinates"":[]}"
20151119T12,-12.553360853740477,-52.28821087761995,5019.359444444444,97103.72265625,4.523122310633454,176.76666666666668,23.822793579101585,23.812860107421898,2015-11-19 12:00:00,0.21575927734375,0.3524322509765625,0.41323184447511296,"{""type"":""MultiPoint"",""coordinates"":[]}"
20151119T13,-12.553360853740477,-52.28821087761995,5444.101388888889,97138.19140625,5.87273538112143,403.0805555555556,23.992822265625023,23.95783386230471,2015-11-19 13:00:00,0.360809326171875,0.2543182373046875,0.4414307824318166,"{""type"":""MultiPoint"",""coordinates"":[]}"
20151119T14,-12.553360853740477,-52.28821087761995,5871.856111111111,97114.48046875,6.714040040964875,678.6611111111112,26.464883422851585,24.878747558593773,2015-11-19 14:00:00,0.094879150390625,0.1975250244140625,0.21913052833556265,"{""type"":""MultiPoint"",""coordinates"":[]}"
20151119T15,-12.553360853740477,-52.28821087761995,6304.3825,97048.69921875,7.307493686671052,1035.4377777777777,25.712564086914085,25.104913330078148,2015-11-19 15:00:00,0.0951080322265625,0.1580657958984375,0.18447312440302882,"{""type"":""MultiPoint"",""coordinates"":[]}"
20151119T16,-12.553360853740477,-52.28821087761995,6732.606666666667,96936.52734375,7.939258217806611,1448.168888888889,26.52399597167971,25.269830322265648,2015-11-19 16:00:00,0.286407470703125,0.1683502197265625,0.3322213655930986,"{""type"":""MultiPoint"",""coordinates"":[]}"
20151119T17,-12.553360853740477,-52.28821087761995,7166.406388888889,96844.46875,8.27657580375174,1870.658888888889,27.050103759765648,25.45929870605471,2015-11-19 17:00:00,0.83349609375,-0.02740478515625,0.8339464974121356,"{""type"":""MultiPoint"",""coordinates"":[]}"
20151119T18,-12.553360853740477,-52.28821087761995,7591.279444444444,96729.5625,10.63599586486319,2312.8855555555556,26.47632751464846,24.636437988281273,2015-11-19 18:00:00,1.075103759765625,-0.6190948486328125,1.2406153819237724,"{""type"":""MultiPoint"",""coordinates"":[]}"
20151119T19,-12.553360853740477,-52.28821087761995,8019.848333333333,96669.9375,10.703632235522065,2657.1244444444446,27.079797363281273,23.36792907714846,2015-11-19 19:00:00,0.363250732421875,-0.3169403076171875,0.4820811686816921,"{""type"":""MultiPoint"",""coordinates"":[]}"
20151119T20,-12.553360853740477,-52.28821087761995,8439.764166666666,96683.10546875,11.028030514712128,2915.007222222222,26.69336853027346,23.223077392578148,2015-11-19 20:00:00,0.62335205078125,-0.3321533203125,0.7063240102161389,"{""type"":""MultiPoint"",""coordinates"":[]}"
20151119T21,-12.553360853740477,-52.28821087761995,8858.234722222222,96727.8984375,11.068889498705659,3021.1722222222224,25.987649536132835,23.74164733886721,2015-11-19 21:00:00,0.395416259765625,-0.0336456298828125,0.39684511701323405,"{""type"":""MultiPoint"",""coordinates"":[]}"
20151119T22,-12.553360853740477,-52.28821087761995,9273.183611111112,96837.0703125,11.110329627985749,3034.277777777778,25.67341003417971,23.718743896484398,2015-11-19 22:00:00,0.002777099609375,-0.2323150634765625,0.23233166163990576,"{""type"":""MultiPoint"",""coordinates"":[]}"
20151119T23,-12.553360853740477,-52.28821087761995,9689.753055555555,96880.94921875,11.374065279955659,3034.277777777778,25.189599609375023,23.546426391601585,2015-11-19 23:00:00,-0.8190155029296875,-0.3174591064453125,0.8783886829326897,"{""type"":""MultiPoint"",""coordinates"":[]}"
20151120T00,-12.553360853740477,-52.28821087761995,10105.974722222221,96910.41796875,11.86970770358542,3034.277777777778,24.67981872558596,23.364831542968773,2015-11-20 00:00:00,-0.2089996337890625,-1.23797607421875,1.2554941685495915,"{""type"":""MultiPoint"",""coordinates"":[]}"
20151120T01,-12.553360853740477,-52.28821087761995,408.13170138888887,96939.63671875,0.5771368741989136,0.0,24.186761474609398,23.096643066406273,2015-11-20 01:00:00,0.4124603271484375,-1.50537109375,1.560854141606277,"{""type"":""MultiPoint"",""coordinates"":[]}"
20151120T02,-12.553360853740477,-52.28821087761995,810.8227951388889,96947.60546875,0.6771236658096313,0.0,23.554742431640648,22.971459960937523,2015-11-20 02:00:00,0.642425537109375,-1.325775146484375,1.4732244600759026,"{""type"":""MultiPoint"",""coordinates"":[]}"
20151120T03,-12.553360853740477,-52.28821087761995,1210.739045138889,96958.6171875,0.6801560521125793,0.0,23.247003173828148,22.894097900390648,2015-11-20 03:00:00,0.78759765625,-1.0917816162109375,1.346215868880864,"{""type"":""MultiPoint"",""coordinates"":[]}"
20151120T04,-12.553360853740477,-52.28821087761995,1605.734861111111,96889.0625,0.6801560521125793,0.0,22.920373535156273,22.721734619140648,2015-11-20 04:00:00,0.8439483642578125,-0.9731292724609375,1.2881107958765778,"{""type"":""MultiPoint"",""coordinates"":[]}"
20151120T05,-12.553360853740477,-52.28821087761995,1999.5930555555556,96849.37109375,0.6801560521125793,0.0,22.72382507324221,22.60950622558596,2015-11-20 05:00:00,0.88812255859375,-0.8469085693359375,1.2271983555634978,"{""type"":""MultiPoint"",""coordinates"":[]}"
20151120T06,-12.553360853740477,-52.28821087761995,2393.3925,96792.83203125,0.6801560521125793,0.0,22.556787109375023,22.484002685546898,2015-11-20 06:00:00,0.960662841796875,-0.7552490234375,1.2219959832227538,"{""type"":""MultiPoint"",""coordinates"":[]}"
20151120T07,-12.553360853740477,-52.28821087761995,2789.8894444444445,96791.26953125,0.6801560521125793,0.0,22.894937133789085,22.53467712402346,2015-11-20 07:00:00,0.5558624267578125,-1.0680389404296875,1.2040308201019,"{""type"":""MultiPoint"",""coordinates"":[]}"
20151120T08,-12.553360853740477,-52.28821087761995,3189.518888888889,96871.55859375,0.6809011101722717,0.0,22.850442504882835,22.479348754882835,2015-11-20 08:00:00,0.4770965576171875,-0.991729736328125,1.1005221466229667,"{""type"":""MultiPoint"",""coordinates"":[]}"
20151120T09,-12.553360853740477,-52.28821087761995,3591.260277777778,96941.6953125,0.6809011101722717,0.14722222222222223,22.762109375000023,22.437890625000023,2015-11-20 09:00:00,0.54571533203125,-0.826263427734375,0.9902103188844965,"{""type"":""MultiPoint"",""coordinates"":[]}"
20151120T10,-12.553360853740477,-52.28821087761995,3992.8263888888887,97031.05859375,0.6809011101722717,69.42722222222223,23.586145019531273,22.535134887695335,2015-11-20 10:00:00,0.885345458984375,-1.0711212158203125,1.3896536405610709,"{""type"":""MultiPoint"",""coordinates"":[]}"
20151120T11,-12.553360853740477,-52.28821087761995,4405.341111111111,97109.41015625,0.6809011101722717,263.0933333333333,24.831338500976585,22.597406005859398,2015-11-20 11:00:00,0.764923095703125,-0.733551025390625,1.0598134030062507,"{""type"":""MultiPoint"",""coordinates"":[]}"
20151120T12,-12.553360853740477,-52.28821087761995,4826.3525,97179.2578125,0.6809011101722717,501.49055555555555,25.571954345703148,22.67987976074221,2015-11-20 12:00:00,0.7423858642578125,-0.6092529296875,0.9603780004678476,"{""type"":""MultiPoint"",""coordinates"":[]}"
20151120T13,-12.553360853740477,-52.28821087761995,5251.961666666667,97232.40234375,0.6808936595916748,827.4955555555556,26.410058593750023,22.695962524414085,2015-11-20 13:00:00,0.756256103515625,-0.5817718505859375,0.9541392876508241,"{""type"":""MultiPoint"",""coordinates"":[]}"
20151120T14,-12.553360853740477,-52.28821087761995,5678.552777777778,97224.796875,0.6808936595916748,1167.566111111111,26.91193542480471,22.638787841796898,2015-11-20 14:00:00,0.922027587890625,-0.83135986328125,1.241488660885158,"{""type"":""MultiPoint"",""coordinates"":[]}"
20151120T15,-12.553360853740477,-52.28821087761995,6109.851388888889,97149.875,0.6885826587677002,1530.1883333333333,27.345849609375023,22.534814453125023,2015-11-20 15:00:00,1.1704559326171875,-1.114501953125,1.61619358175876,"{""type"":""MultiPoint"",""coordinates"":[]}"
20151120T16,-12.553360853740477,-52.28821087761995,6540.404444444444,97057.8046875,0.7611364126205444,2223.0472222222224,28.826104736328148,23.08619079589846,2015-11-20 16:00:00,1.09466552734375,-1.0560760498046875,1.5210487302272215,"{""type"":""MultiPoint"",""coordinates"":[]}"
20151120T17,-12.553360853740477,-52.28821087761995,6964.408888888889,96883.9375,0.896647572517395,3132.9861111111113,30.03626403808596,22.826440429687523,2015-11-20 17:00:00,1.0850372314453125,-1.230804443359375,1.6407880336642175,"{""type"":""MultiPoint"",""coordinates"":[]}"
20151120T18,-12.553360853740477,-52.28821087761995,7390.759722222222,96673.28515625,0.9194314479827881,3916.7677777777776,30.515283203125023,21.929925537109398,2015-11-20 18:00:00,0.807830810546875,-1.657623291015625,1.8439917552381553,"{""type"":""MultiPoint"",""coordinates"":[]}"
20151120T19,-12.553360853740477,-52.28821087761995,7808.916666666667,96683.9765625,0.9428262710571289,4527.8388888888885,29.12543640136721,22.478906250000023,2015-11-20 19:00:00,1.1583709716796875,-1.700408935546875,2.0574775469292,"{""type"":""MultiPoint"",""coordinates"":[]}"
20151120T20,-12.553360853740477,-52.28821087761995,8225.589166666667,96756.4296875,1.2865960597991943,4887.122222222222,27.862466430664085,21.710107421875023,2015-11-20 20:00:00,1.622802734375,-1.0574951171875,1.9369524097329756,"{""type"":""MultiPoint"",""coordinates"":[]}"
20151120T21,-12.553360853740477,-52.28821087761995,8648.185555555556,96805.15625,1.321345567703247,5030.336666666667,26.415628051757835,22.598657226562523,2015-11-20 21:00:00,0.6954193115234375,-0.1032562255859375,0.7030432895362745,"{""type"":""MultiPoint"",""coordinates"":[]}"
20151120T22,-12.553360853740477,-52.28821087761995,9065.957222222221,96833.33203125,1.321345567703247,5042.88,25.96546325683596,22.49262390136721,2015-11-20 22:00:00,0.6146697998046875,-0.5684967041015625,0.8372618857718738,"{""type"":""MultiPoint"",""coordinates"":[]}"
20151120T23,-12.553360853740477,-52.28821087761995,9472.04,96972.68359375,1.321345567703247,5042.88,25.240579223632835,22.533013916015648,2015-11-20 23:00:00,0.7483673095703125,-0.9132232666015625,1.1806906303922025,"{""type"":""MultiPoint"",""coordinates"":[]}"
20151121T00,-12.553360853740477,-52.28821087761995,9875.707222222221,97072.68359375,1.321345567703247,5042.88,24.678750610351585,22.570611572265648,2015-11-21 00:00:00,1.0706329345703125,-0.566619873046875,1.2113269422902704,"{""type"":""MultiPoint"",""coordinates"":[]}"
20151121T01,-12.553360853740477,-52.28821087761995,401.7814583333333,97109.65234375,0.0,0.0,24.235925292968773,22.631036376953148,2015-11-21 01:00:00,1.066986083984375,0.00469970703125,1.0669964342313856,"{""type"":""MultiPoint"",""coordinates"":[]}"
20151121T02,-12.553360853740477,-52.28821087761995,801.9178819444444,97114.59375,0.0,0.0,23.774148559570335,22.805032348632835,2015-11-21 02:00:00,0.6950531005859375,-0.092041015625,0.7011207893019624,"{""type"":""MultiPoint"",""coordinates"":[]}"
20151121T03,-12.553360853740477,-52.28821087761995,1200.7169965277778,97075.2734375,0.0,0.0,23.497888183593773,22.64844665527346,2015-11-21 03:00:00,0.082122802734375,-0.9732666015625,0.9767251570661868,"{""type"":""MultiPoint"",""coordinates"":[]}"
20151121T04,-12.553360853740477,-52.28821087761995,1600.4463888888888,96985.02734375,0.0,0.0,23.214959716796898,22.569146728515648,2015-11-21 04:00:00,-0.1454010009765625,-1.3109283447265625,1.318967238445486,"{""type"":""MultiPoint"",""coordinates"":[]}"
20151121T05,-12.553360853740477,-52.28821087761995,1996.362361111111,96920.4921875,0.0,0.0,23.04987487792971,22.465844726562523,2015-11-21 05:00:00,0.070587158203125,-1.1766204833984375,1.178735894446235,"{""type"":""MultiPoint"",""coordinates"":[]}"
20151121T06,-12.553360853740477,-52.28821087761995,2387.8058333333333,96914.1015625,0.0,0.0,22.807977294921898,22.392495727539085,2015-11-21 06:00:00,0.7723236083984375,-0.463470458984375,0.9007156168518287,"{""type"":""MultiPoint"",""coordinates"":[]}"
20151121T07,-12.553360853740477,-52.28821087761995,2782.6455555555553,96898.9609375,4.351138045421976E-4,0.0,22.54602966308596,22.289971923828148,2015-11-21 07:00:00,1.1216583251953125,0.0882568359375,1.1251251786222065,"{""type"":""MultiPoint"",""coordinates"":[]}"
20151121T08,-12.553360853740477,-52.28821087761995,3179.173333333333,96977.71484375,4.351138045421976E-4,0.0,22.251138305664085,22.181756591796898,2015-11-21 08:00:00,0.7965545654296875,0.1785736083984375,0.8163257372662684,"{""type"":""MultiPoint"",""coordinates"":[]}"
20151121T09,-12.553360853740477,-52.28821087761995,3576.586111111111,97018.828125,4.351138045421976E-4,0.14722222222222223,22.077554321289085,22.029275512695335,2015-11-21 09:00:00,0.4772491455078125,-0.12469482421875,0.4932702566290432,"{""type"":""MultiPoint"",""coordinates"":[]}"
20151121T10,-12.553360853740477,-52.28821087761995,3982.726111111111,97108.79296875,4.351138045421976E-4,57.23777777777778,23.438134765625023,22.713250732421898,2015-11-21 10:00:00,0.1029510498046875,-0.318572998046875,0.33479497269293257,"{""type"":""MultiPoint"",""coordinates"":[]}"
20151121T11,-12.553360853740477,-52.28821087761995,4391.829166666666,97157.96484375,7.480381896129984E-4,272.31555555555553,25.10798034667971,22.981652832031273,2015-11-21 11:00:00,0.0193328857421875,-0.58087158203125,0.5811932168243257,"{""type"":""MultiPoint"",""coordinates"":[]}"
20151121T12,-12.553360853740477,-52.28821087761995,4797.099166666667,97202.1640625,7.480381896129984E-4,756.39,27.050683593750023,22.547631835937523,2015-11-21 12:00:00,0.0762176513671875,-0.6927642822265625,0.6969443888208114,"{""type"":""MultiPoint"",""coordinates"":[]}"
20151121T13,-12.553360853740477,-52.28821087761995,5204.085555555555,97237.4765625,0.035423040287696494,1475.0144444444445,28.88520202636721,21.895486450195335,2015-11-21 13:00:00,-0.0123748779296875,-0.9342708587646484,0.9343528108485618,"{""type"":""MultiPoint"",""coordinates"":[]}"
20151121T14,-12.553360853740477,-52.28821087761995,5614.52,97202.0,0.07334947582648965,2361.4694444444444,30.195291137695335,21.448831176757835,2015-11-21 14:00:00,-0.137176513671875,-1.2012176513671875,1.2090249136635987,"{""type"":""MultiPoint"",""coordinates"":[]}"
20151121T15,-12.553360853740477,-52.28821087761995,6031.222777777778,97126.0390625,0.09199778395441172,3235.8705555555557,30.815332031250023,21.234002685546898,2015-11-21 15:00:00,-0.26025390625,-1.4037065505981445,1.4276288649052054,"{""type"":""MultiPoint"",""coordinates"":[]}"
20151121T16,-12.553360853740477,-52.28821087761995,6466.551666666666,97042.4296875,0.10630475037487486,4088.945,31.281182861328148,21.094140625000023,2015-11-21 16:00:00,-0.3014678955078125,-1.4084644317626953,1.4403662546597382,"{""type"":""MultiPoint"",""coordinates"":[]}"
20151121T17,-12.553360853740477,-52.28821087761995,6893.333888888889,96946.140625,0.11143074982555845,4877.553333333333,31.639855957031273,21.33490905761721,2015-11-21 17:00:00,-0.2993621826171875,-1.1999034881591797,1.2366835073202411,"{""type"":""MultiPoint"",""coordinates"":[]}"
20151121T18,-12.553360853740477,-52.28821087761995,7320.181666666666,96852.29296875,0.12580156317198998,5621.7,31.540765380859398,21.233148193359398,2015-11-21 18:00:00,-0.17529296875,-0.9621105194091797,0.9779490152615268,"{""type"":""MultiPoint"",""coordinates"":[]}"
20151121T19,-12.553360853740477,-52.28821087761995,7752.449722222223,96790.91796875,0.13635230334330117,6172.81,31.483422851562523,21.415689086914085,2015-11-21 19:00:00,-0.528076171875,-1.116973876953125,1.2355140974905343,"{""type"":""MultiPoint"",""coordinates"":[]}"
20151121T20,-12.553360853740477,-52.28821087761995,8182.251388888889,96773.03125,0.14293193726189202,6531.098888888889,30.349755859375023,22.34699401855471,2015-11-21 20:00:00,-0.3926239013671875,-0.5436782836914062,0.6706262775066484,"{""type"":""MultiPoint"",""coordinates"":[]}"
20151121T21,-12.553360853740477,-52.28821087761995,8605.3825,96736.9609375,0.1429617395842797,6676.791111111111,29.18543395996096,23.647546386718773,2015-11-21 21:00:00,-0.08013916015625,-0.4111003875732422,0.41883864871023907,"{""type"":""MultiPoint"",""coordinates"":[]}"
20151121T22,-12.553360853740477,-52.28821087761995,9026.829722222223,96814.66015625,0.1429617395842797,6694.551111111111,27.962548828125023,25.046685791015648,2015-11-21 22:00:00,0.3832244873046875,-0.2566804885864258,0.4612438410330341,"{""type"":""MultiPoint"",""coordinates"":[]}"
20151121T23,-12.553360853740477,-52.28821087761995,9441.57,96898.40234375,0.1429617395842797,6694.551111111111,27.462152099609398,24.34937438964846,2015-11-21 23:00:00,0.2325897216796875,-0.3251628875732422,0.39978604538678364,"{""type"":""MultiPoint"",""coordinates"":[]}"
20151122T00,-12.553360853740477,-52.28821087761995,9861.15361111111,96999.7734375,0.1429617395842797,6694.551111111111,26.56507263183596,24.470437622070335,2015-11-22 00:00:00,0.3855133056640625,-0.4902820587158203,0.6236962449323036,"{""type"":""MultiPoint"",""coordinates"":[]}"
20151122T01,-12.553360853740477,-52.28821087761995,414.71074652777776,97093.42578125,0.0,0.0,26.123986816406273,24.384011840820335,2015-11-22 01:00:00,0.5350799560546875,0.19266128540039062,0.5687081239648482,"{""type"":""MultiPoint"",""coordinates"":[]}"
20151122T02,-12.553360853740477,-52.28821087761995,830.9902951388889,97097.5390625,0.0,0.0,25.74854431152346,24.31006774902346,2015-11-22 02:00:00,0.3324127197265625,0.5092945098876953,0.6081768772633155,"{""type"":""MultiPoint"",""coordinates"":[]}"
20151122T03,-12.553360853740477,-52.28821087761995,1240.5004166666668,97074.58984375,0.0,0.0,25.896875000000023,24.061318969726585,2015-11-22 03:00:00,0.1827850341796875,0.24519729614257812,0.30583015344419634,"{""type"":""MultiPoint"",""coordinates"":[]}"
20151122T04,-12.553360853740477,-52.28821087761995,1647.5984722222222,96995.6171875,6.146728992462158E-4,0.0,25.348870849609398,24.051126098632835,2015-11-22 04:00:00,0.1337738037109375,-0.018945693969726562,0.1351087335418661,"{""type"":""MultiPoint"",""coordinates"":[]}"
20151122T05,-12.553360853740477,-52.28821087761995,2059.7722222222224,96928.46875,0.002466142177581787,0.0,24.747048950195335,24.023355102539085,2015-11-22 05:00:00,-0.029388427734375,0.3533477783203125,0.35456781033900875,"{""type"":""MultiPoint"",""coordinates"":[]}"
20151122T06,-12.553360853740477,-52.28821087761995,2468.990277777778,96887.5390625,0.004932284355163574,0.0,24.14252624511721,23.721917724609398,2015-11-22 06:00:00,-0.42266845703125,0.5610828399658203,0.7024689159480922,"{""type"":""MultiPoint"",""coordinates"":[]}"
20151122T07,-12.553360853740477,-52.28821087761995,2874.1394444444445,96869.93359375,0.004932284355163574,0.0,23.863824462890648,23.18598327636721,2015-11-22 07:00:00,-0.9417572021484375,0.5746383666992188,1.103229749545034,"{""type"":""MultiPoint"",""coordinates"":[]}"
20151122T08,-12.553360853740477,-52.28821087761995,3272.9997222222223,96966.16796875,0.004932284355163574,0.0,23.567773437500023,23.006509399414085,2015-11-22 08:00:00,-0.9162750244140625,0.5357265472412109,1.061396652427348,"{""type"":""MultiPoint"",""coordinates"":[]}"
20151122T09,-12.553360853740477,-52.28821087761995,3672.676388888889,97010.671875,0.004932284355163574,0.15555555555555556,23.40888366699221,22.874673461914085,2015-11-22 09:00:00,-0.85870361328125,0.32596397399902344,0.9184902872690112,"{""type"":""MultiPoint"",""coordinates"":[]}"
20151122T10,-12.553360853740477,-52.28821087761995,4077.244166666667,97117.27734375,0.004932284355163574,73.47888888888889,24.975976562500023,23.950189208984398,2015-11-22 10:00:00,-0.179901123046875,-0.0453643798828125,0.18553258753027455,"{""type"":""MultiPoint"",""coordinates"":[]}"
20151122T11,-12.553360853740477,-52.28821087761995,4484.944444444444,97176.3515625,0.004932284355163574,346.50444444444446,27.884301757812523,23.845010375976585,2015-11-22 11:00:00,-0.195709228515625,-0.353912353515625,0.4044206425210635,"{""type"":""MultiPoint"",""coordinates"":[]}"
20151122T12,-12.553360853740477,-52.28821087761995,4898.543611111111,97234.1875,0.06814301013946533,842.4022222222222,29.478082275390648,23.429101562500023,2015-11-22 12:00:00,-0.3513336181640625,-0.9223175048828125,0.9869675228017931,"{""type"":""MultiPoint"",""coordinates"":[]}"
20151122T13,-12.553360853740477,-52.28821087761995,5318.142777777778,97235.79296875,0.1628398895263672,1560.965,30.529458618164085,23.14161071777346,2015-11-22 13:00:00,-0.3477325439453125,-1.122833251953125,1.1754456320095408,"{""type"":""MultiPoint"",""coordinates"":[]}"
20151122T14,-12.553360853740477,-52.28821087761995,5742.5888888888885,97187.55078125,0.22092461585998535,2438.5494444444444,31.74933776855471,22.786248779296898,2015-11-22 14:00:00,-0.344573974609375,-1.18402099609375,1.2331410881034408,"{""type"":""MultiPoint"",""coordinates"":[]}"
20151122T15,-12.553360853740477,-52.28821087761995,6175.171388888889,97141.17578125,0.3015100955963135,3317.1566666666668,31.92017517089846,22.62189636230471,2015-11-22 15:00:00,-0.4012908935546875,-1.4952850341796875,1.5481962778316154,"{""type"":""MultiPoint"",""coordinates"":[]}"
20151122T16,-12.553360853740477,-52.28821087761995,6615.654166666666,97114.33203125,3.8394033908843994,3998.572222222222,29.95423278808596,23.768518066406273,2015-11-22 16:00:00,0.388031005859375,-1.6562652587890625,1.7011121858889373,"{""type"":""MultiPoint"",""coordinates"":[]}"
20151122T17,-12.553360853740477,-52.28821087761995,7043.948888888889,96993.60546875,5.2413493394851685,4731.147777777778,29.475640869140648,24.121362304687523,2015-11-22 17:00:00,0.76727294921875,-0.968658447265625,1.2357212331516725,"{""type"":""MultiPoint"",""coordinates"":[]}"
20151122T18,-12.553360853740477,-52.28821087761995,7477.631388888889,96893.265625,5.456060171127319,5307.745555555555,29.222146606445335,23.94513854980471,2015-11-22 18:00:00,0.144927978515625,-0.206146240234375,0.25199283981771015,"{""type"":""MultiPoint"",""coordinates"":[]}"
20151122T19,-12.553360853740477,-52.28821087761995,7913.89,96841.70703125,6.1477720737457275,5845.217777777778,30.114862060546898,23.36860046386721,2015-11-22 19:00:00,-0.391815185546875,0.42523193359375,0.578222566986979,"{""type"":""MultiPoint"",""coordinates"":[]}"
20151122T20,-12.553360853740477,-52.28821087761995,8343.884166666667,96875.33203125,7.0233941078186035,6136.221111111111,27.204614257812523,25.404870605468773,2015-11-22 20:00:00,0.182525634765625,-0.196624755859375,0.2682851131974213,"{""type"":""MultiPoint"",""coordinates"":[]}"
20151122T21,-12.553360853740477,-52.28821087761995,8764.196944444444,96851.0,7.044345140457153,6260.57,26.76319274902346,24.81946716308596,2015-11-22 21:00:00,0.096832275390625,-0.3638763427734375,0.3765401471124932,"{""type"":""MultiPoint"",""coordinates"":[]}"
20151122T22,-12.553360853740477,-52.28821087761995,9185.366666666667,96915.10546875,7.044345140457153,6274.5888888888885,26.492959594726585,24.68128356933596,2015-11-22 22:00:00,0.2174530029296875,-0.036376953125,0.22047469515070686,"{""type"":""MultiPoint"",""coordinates"":[]}"
20151122T23,-12.553360853740477,-52.28821087761995,9601.411944444444,97010.66015625,7.045829296107087,6274.5888888888885,26.02088317871096,24.685845947265648,2015-11-22 23:00:00,-0.6992034912109375,-0.5187835693359375,0.8706445393698274,"{""type"":""MultiPoint"",""coordinates"":[]}"
20151123T00,-12.553360853740477,-52.28821087761995,10013.138888888889,97085.5703125,7.045829296107087,6274.5888888888885,25.44568786621096,24.572930908203148,2015-11-23 00:00:00,-0.7647705078125,-0.3921051025390625,0.8594302421121552,"{""type"":""MultiPoint"",""coordinates"":[]}"
20151123T01,-12.553360853740477,-52.28821087761995,408.9035763888889,97117.56640625,0.0,0.0,24.932519531250023,24.45661315917971,2015-11-23 01:00:00,-0.6783599853515625,0.1352996826171875,0.6917212399821794,"{""type"":""MultiPoint"",""coordinates"":[]}"
20151123T02,-12.553360853740477,-52.28821087761995,820.9711111111111,97140.296875,0.0,0.0,25.018045043945335,24.384561157226585,2015-11-23 02:00:00,-0.2169342041015625,-0.08148193359375,0.23173207462790874,"{""type"":""MultiPoint"",""coordinates"":[]}"
20151123T03,-12.553360853740477,-52.28821087761995,1232.2574479166667,97102.45703125,0.0,0.0,24.08228454589846,24.03431091308596,2015-11-23 03:00:00,0.3402557373046875,-0.490264892578125,0.596769328688562,"{""type"":""MultiPoint"",""coordinates"":[]}"
20151123T04,-12.553360853740477,-52.28821087761995,1646.898888888889,97012.5859375,0.0,0.0,24.005914306640648,23.94996032714846,2015-11-23 04:00:00,0.2471771240234375,-0.3314361572265625,0.41345671715139476,"{""type"":""MultiPoint"",""coordinates"":[]}"
20151123T05,-12.553360853740477,-52.28821087761995,2063.20625,96925.0625,0.0,0.0,24.012551879882835,23.932305908203148,2015-11-23 05:00:00,0.2307281494140625,-0.0926971435546875,0.2486528490792661,"{""type"":""MultiPoint"",""coordinates"":[]}"
20151123T06,-12.553360853740477,-52.28821087761995,2478.2458333333334,96879.87109375,0.0,0.0,23.90711364746096,23.809930419921898,2015-11-23 06:00:00,0.1272735595703125,-0.1026153564453125,0.16348844101066112,"{""type"":""MultiPoint"",""coordinates"":[]}"
20151123T07,-12.553360853740477,-52.28821087761995,2879.507777777778,96818.81640625,0.0,0.0,23.785012817382835,23.57770690917971,2015-11-23 07:00:00,0.3912811279296875,-0.4782562255859375,0.6179238936840326,"{""type"":""MultiPoint"",""coordinates"":[]}"
20151123T08,-12.553360853740477,-52.28821087761995,3285.3483333333334,96908.234375,0.0,0.0,23.885919189453148,23.78827819824221,2015-11-23 08:00:00,-0.126434326171875,-0.3299560546875,0.3533505863296063,"{""type"":""MultiPoint"",""coordinates"":[]}"
20151123T09,-12.553360853740477,-52.28821087761995,3696.678888888889,96936.875,0.0,0.14722222222222223,23.517510986328148,23.391091918945335,2015-11-23 09:00:00,-0.45623779296875,-0.251556396484375,0.5209928448119034,"{""type"":""MultiPoint"",""coordinates"":[]}"
20151123T10,-12.553360853740477,-52.28821087761995,4109.238055555556,96995.7421875,0.0,65.01611111111112,24.553918457031273,24.15863952636721,2015-11-23 10:00:00,-0.1653900146484375,-0.1990814208984375,0.2588189890490093,"{""type"":""MultiPoint"",""coordinates"":[]}"
20151123T11,-12.553360853740477,-52.28821087761995,4530.284166666666,97053.91796875,0.0,303.615,26.40314636230471,24.846551513671898,2015-11-23 11:00:00,-0.0962677001953125,-0.223388671875,0.24324877969472117,"{""type"":""MultiPoint"",""coordinates"":[]}"
20151123T12,-12.553360853740477,-52.28821087761995,4954.485,97093.48046875,0.015012919902801514,759.0238888888889,28.48945007324221,24.27912292480471,2015-11-23 12:00:00,-0.09820556640625,-0.35931396484375,0.3724927631577666,"{""type"":""MultiPoint"",""coordinates"":[]}"
20151123T13,-12.553360853740477,-52.28821087761995,5381.729444444444,97100.2265625,0.2078711986541748,1471.2777777777778,29.92139587402346,23.88819274902346,2015-11-23 13:00:00,-0.1086578369140625,-0.807464599609375,0.8147426619155101,"{""type"":""MultiPoint"",""coordinates"":[]}"
20151123T14,-12.553360853740477,-52.28821087761995,5805.950555555555,97040.140625,0.4254579544067383,2326.588333333333,31.151666259765648,23.305032348632835,2015-11-23 14:00:00,-0.01153564453125,-1.002532958984375,1.002599324229135,"{""type"":""MultiPoint"",""coordinates"":[]}"
20151123T15,-12.553360853740477,-52.28821087761995,6241.355555555556,96934.56640625,0.6833523511886597,3126.871111111111,31.303063964843773,23.277551269531273,2015-11-23 15:00:00,0.433746337890625,-0.950103759765625,1.0444295284768161,"{""type"":""MultiPoint"",""coordinates"":[]}"
20151123T16,-12.553360853740477,-52.28821087761995,6680.006388888889,96821.9765625,2.1124184131622314,3826.3744444444446,29.754266357421898,24.632363891601585,2015-11-23 16:00:00,0.7192840576171875,-0.422515869140625,0.8341997453954918,"{""type"":""MultiPoint"",""coordinates"":[]}"
20151123T17,-12.553360853740477,-52.28821087761995,7120.001388888889,96784.9609375,7.487967610359192,4476.488888888889,27.45874938964846,24.348535156250023,2015-11-23 17:00:00,0.209381103515625,-0.5783233642578125,0.6150596395114016,"{""type"":""MultiPoint"",""coordinates"":[]}"
20151123T18,-12.553360853740477,-52.28821087761995,7548.283888888889,96762.2421875,12.955829501152039,4744.071111111111,25.505090332031273,23.91230163574221,2015-11-23 18:00:00,-1.0980987548828125,-0.45684814453125,1.1893406167439289,"{""type"":""MultiPoint"",""coordinates"":[]}"
20151123T19,-12.553360853740477,-52.28821087761995,7982.509722222222,96691.65625,14.105424284934998,5126.175555555556,27.81849060058596,23.62580261230471,2015-11-23 19:00:00,0.033111572265625,-0.314910888671875,0.31664687590755064,"{""type"":""MultiPoint"",""coordinates"":[]}"
20151123T20,-12.553360853740477,-52.28821087761995,8404.390277777778,96677.12890625,14.27866518497467,5367.582222222222,26.874749755859398,24.015969848632835,2015-11-23 20:00:00,0.0789642333984375,-1.221954345703125,1.224503071918954,"{""type"":""MultiPoint"",""coordinates"":[]}"
20151123T21,-12.553360853740477,-52.28821087761995,8827.84638888889,96670.32421875,14.280766248703003,5470.785555555555,26.521768188476585,23.671121215820335,2015-11-23 21:00:00,-0.178192138671875,-1.01239013671875,1.0279524440410004,"{""type"":""MultiPoint"",""coordinates"":[]}"
20151123T22,-12.553360853740477,-52.28821087761995,9245.7025,96764.0234375,14.280766248703003,5486.598888888889,26.030969238281273,23.514443969726585,2015-11-23 22:00:00,-0.6354522705078125,-1.028411865234375,1.208896419321515,"{""type"":""MultiPoint"",""coordinates"":[]}"
20151123T23,-12.553360853740477,-52.28821087761995,9662.705833333333,96901.31640625,14.280766248703003,5486.598888888889,25.605889892578148,23.39374694824221,2015-11-23 23:00:00,-0.643768310546875,-1.047088623046875,1.2291591525016516,"{""type"":""MultiPoint"",""coordinates"":[]}"
20151124T00,-12.553360853740477,-52.28821087761995,10073.20611111111,96987.76171875,14.280766248703003,5486.598888888889,25.188623046875023,23.384744262695335,2015-11-24 00:00:00,-0.5771484375,-0.86297607421875,1.0381849659779787,"{""type"":""MultiPoint"",""coordinates"":[]}"
20151124T01,-12.553360853740477,-52.28821087761995,409.4188541666667,97043.015625,0.0,0.0,24.830117797851585,23.428262329101585,2015-11-24 01:00:00,-0.2119293212890625,-0.908294677734375,0.9326914059980583,"{""type"":""MultiPoint"",""coordinates"":[]}"
20151124T02,-12.553360853740477,-52.28821087761995,816.4555555555555,97012.22265625,0.0,0.0,24.415765380859398,23.439004516601585,2015-11-24 02:00:00,0.380035400390625,-1.2251739501953125,1.2827619084566118,"{""type"":""MultiPoint"",""coordinates"":[]}"
20151124T03,-12.553360853740477,-52.28821087761995,1220.6190104166667,96953.18359375,0.0,0.0,24.207421875000023,23.482843017578148,2015-11-24 03:00:00,0.2081451416015625,-1.4214324951171875,1.43659136087734,"{""type"":""MultiPoint"",""coordinates"":[]}"
20151124T04,-12.553360853740477,-52.28821087761995,1624.1372222222221,96862.30859375,0.0,0.0,24.02478942871096,23.540933227539085,2015-11-24 04:00:00,0.0265960693359375,-1.399749755859375,1.400002403545259,"{""type"":""MultiPoint"",""coordinates"":[]}"
20151124T05,-12.553360853740477,-52.28821087761995,2021.435,96753.23828125,0.0,0.0,23.754602050781273,23.49353942871096,2015-11-24 05:00:00,0.2510833740234375,-1.3009796142578125,1.3249871008524574,"{""type"":""MultiPoint"",""coordinates"":[]}"
20151124T06,-12.553360853740477,-52.28821087761995,2415.474722222222,96732.01171875,0.0,0.0,23.561090087890648,23.42261657714846,2015-11-24 06:00:00,0.1109619140625,-1.1266326904296875,1.132083815588426,"{""type"":""MultiPoint"",""coordinates"":[]}"
20151124T07,-12.553360853740477,-52.28821087761995,2807.0894444444443,96724.0625,0.0,0.0,23.290811157226585,23.16413269042971,2015-11-24 07:00:00,-0.1742401123046875,-0.4654693603515625,0.4970124165069147,"{""type"":""MultiPoint"",""coordinates"":[]}"
20151124T08,-12.553360853740477,-52.28821087761995,3202.2166666666667,96798.02734375,0.0,0.0,22.92554626464846,22.849160766601585,2015-11-24 08:00:00,-0.58148193359375,0.08734130859375,0.588004883723592,"{""type"":""MultiPoint"",""coordinates"":[]}"
20151124T09,-12.553360853740477,-52.28821087761995,3596.4041666666667,96808.83984375,0.0,0.14722222222222223,22.520837402343773,22.489739990234398,2015-11-24 09:00:00,-0.7091217041015625,-0.719573974609375,1.0102674379405867,"{""type"":""MultiPoint"",""coordinates"":[]}"
20151124T10,-12.553360853740477,-52.28821087761995,3990.8219444444444,96860.0703125,0.0,77.06,24.092095947265648,23.54541931152346,2015-11-24 10:00:00,-0.07550048828125,-0.6831207275390625,0.6872803300867887,"{""type"":""MultiPoint"",""coordinates"":[]}"
20151124T11,-12.553360853740477,-52.28821087761995,4391.215277777777,96958.7734375,0.0,344.5661111111111,26.076104736328148,23.993310546875023,2015-11-24 11:00:00,0.2145233154296875,-0.6368408203125,0.6720018476754681,"{""type"":""MultiPoint"",""coordinates"":[]}"
20151124T12,-12.553360853740477,-52.28821087761995,4799.938888888889,97061.8828125,0.0,797.8422222222222,27.623284912109398,23.945703125000023,2015-11-24 12:00:00,0.3229522705078125,-0.16046142578125,0.3606189653774506,"{""type"":""MultiPoint"",""coordinates"":[]}"
20151124T13,-12.553360853740477,-52.28821087761995,5217.723055555555,97128.7421875,0.003084540367126465,1408.6172222222222,29.370278930664085,23.36292419433596,2015-11-24 13:00:00,0.444427490234375,0.0742950439453125,0.4505946600114802,"{""type"":""MultiPoint"",""coordinates"":[]}"
20151124T14,-12.553360853740477,-52.28821087761995,5643.400555555556,97084.78515625,0.1484006643295288,2080.0777777777776,29.85920104980471,22.879205322265648,2015-11-24 14:00:00,0.414276123046875,-0.163482666015625,0.44536646507603816,"{""type"":""MultiPoint"",""coordinates"":[]}"
20151124T15,-12.553360853740477,-52.28821087761995,6070.191944444445,97009.70703125,0.22467970848083496,2933.8688888888887,31.014871215820335,22.597650146484398,2015-11-24 15:00:00,0.295654296875,-0.511688232421875,0.5909621903808004,"{""type"":""MultiPoint"",""coordinates"":[]}"
20151124T16,-12.553360853740477,-52.28821087761995,6499.070833333333,96876.01171875,0.24966895580291748,3828.447222222222,31.85108337402346,22.512506103515648,2015-11-24 16:00:00,0.1593170166015625,-0.839935302734375,0.8549112378243187,"{""type"":""MultiPoint"",""coordinates"":[]}"
20151124T17,-12.553360853740477,-52.28821087761995,6932.537777777778,96723.625,0.25381147861480713,4661.737777777777,32.29079589843752,22.653543090820335,2015-11-24 17:00:00,0.1235809326171875,-0.8946990966796875,0.9031936229325264,"{""type"":""MultiPoint"",""coordinates"":[]}"
20151124T18,-12.553360853740477,-52.28821087761995,7362.784166666666,96594.546875,0.2617090940475464,5456.403333333334,32.3614440917969,22.834405517578148,2015-11-24 18:00:00,0.1793975830078125,-0.5930938720703125,0.6196320148898063,"{""type"":""MultiPoint"",""coordinates"":[]}"
20151124T19,-12.553360853740477,-52.28821087761995,7798.4766666666665,96556.86328125,0.48426687716940364,6031.496666666667,30.74732360839846,23.336724853515648,2015-11-24 19:00:00,0.260040283203125,-0.443389892578125,0.5140190130032183,"{""type"":""MultiPoint"",""coordinates"":[]}"
20151124T20,-12.553360853740477,-52.28821087761995,8228.005833333333,96564.26171875,0.4859507083843084,6380.331111111111,30.086953735351585,23.390130615234398,2015-11-24 20:00:00,1.097076416015625,-0.089324951171875,1.1007068680986534,"{""type"":""MultiPoint"",""coordinates"":[]}"
20151124T21,-12.553360853740477,-52.28821087761995,8653.709722222222,96597.0,0.4859507083843084,6532.1177777777775,28.971047973632835,24.303399658203148,2015-11-24 21:00:00,1.0762481689453125,-0.00579833984375,1.0762637882522488,"{""type"":""MultiPoint"",""coordinates"":[]}"
20151124T22,-12.553360853740477,-52.28821087761995,9075.562222222223,96743.69140625,0.4859507083843084,6549.256666666667,28.060906982421898,24.36792907714846,2015-11-24 22:00:00,1.145050048828125,0.3438568115234375,1.1955656072137388,"{""type"":""MultiPoint"",""coordinates"":[]}"
20151124T23,-12.553360853740477,-52.28821087761995,9497.465555555556,96897.6015625,0.5053520202586981,6549.256666666667,27.280419921875023,24.444024658203148,2015-11-24 23:00:00,0.931732177734375,0.876495361328125,1.279206382666754,"{""type"":""MultiPoint"",""coordinates"":[]}"
20151125T00,-12.553360853740477,-52.28821087761995,9919.636944444444,97013.25,1.011440157885346,6549.256666666667,26.33710632324221,24.259118652343773,2015-11-25 00:00:00,-0.5711212158203125,1.1639251708984375,1.2964957564955732,"{""type"":""MultiPoint"",""coordinates"":[]}"
20151125T01,-12.553360853740477,-52.28821087761995,417.26081597222225,97140.9296875,2.5440100580453873,0.0,24.81665954589846,23.648461914062523,2015-11-25 01:00:00,-1.7240142822265625,0.5225677490234375,1.8014722583599758,"{""type"":""MultiPoint"",""coordinates"":[]}"
20151125T02,-12.553360853740477,-52.28821087761995,828.5202604166667,97213.48046875,4.980895668268204,0.0,23.51661071777346,22.979455566406273,2015-11-25 02:00:00,-1.641265869140625,-0.47397804260253906,1.7083351070780186,"{""type"":""MultiPoint"",""coordinates"":[]}"
20151125T03,-12.553360853740477,-52.28821087761995,1235.2996354166667,97194.1953125,6.456457078456879,0.0,22.848733520507835,22.73127136230471,2015-11-25 03:00:00,-0.895416259765625,-1.9297981262207031,2.1274141783436527,"{""type"":""MultiPoint"",""coordinates"":[]}"
20151125T04,-12.553360853740477,-52.28821087761995,1651.1091666666666,97142.65234375,6.488204002380371,0.0,22.590142822265648,22.21613464355471,2015-11-25 04:00:00,-0.4133148193359375,-2.3783721923828125,2.4140181079234937,"{""type"":""MultiPoint"",""coordinates"":[]}"
20151125T05,-12.553360853740477,-52.28821087761995,2065.145972222222,97087.0,6.492681801319122,0.0,22.530435180664085,22.155725097656273,2015-11-25 05:00:00,-0.3983917236328125,-1.7005462646484375,1.746589122738624,"{""type"":""MultiPoint"",""coordinates"":[]}"
20151125T06,-12.553360853740477,-52.28821087761995,2472.6511111111113,96910.57421875,6.492987275123596,0.0,22.436456298828148,22.04541931152346,2015-11-25 06:00:00,-0.50823974609375,-1.075286865234375,1.1893483434448497,"{""type"":""MultiPoint"",""coordinates"":[]}"
20151125T07,-12.553360853740477,-52.28821087761995,2887.3161111111112,96934.3125,6.558343768119812,0.0,22.244363403320335,21.909906005859398,2015-11-25 07:00:00,-0.3027191162109375,0.466705322265625,0.5562847482635057,"{""type"":""MultiPoint"",""coordinates"":[]}"
20151125T08,-12.553360853740477,-52.28821087761995,3297.1669444444447,96955.06640625,6.559833884239197,0.0,22.147683715820335,21.964700317382835,2015-11-25 08:00:00,0.2690582275390625,0.4168548583984375,0.4961454451840139,"{""type"":""MultiPoint"",""coordinates"":[]}"
20151125T09,-12.553360853740477,-52.28821087761995,3703.991666666667,96983.47265625,6.559833884239197,0.06277777777777778,22.113061523437523,21.934976196289085,2015-11-25 09:00:00,-0.4559478759765625,-0.3320159912109375,0.5640240101514475,"{""type"":""MultiPoint"",""coordinates"":[]}"
20151125T10,-12.553360853740477,-52.28821087761995,4111.943333333334,97069.20703125,6.5604448318481445,33.37555555555556,22.493447875976585,21.968606567382835,2015-11-25 10:00:00,-0.89825439453125,-1.22900390625,1.522271841318909,"{""type"":""MultiPoint"",""coordinates"":[]}"
20151125T11,-12.553360853740477,-52.28821087761995,4525.062222222222,97163.8203125,6.5619200468063354,187.39,23.443887329101585,21.979592895507835,2015-11-25 11:00:00,-0.906402587890625,-1.7300128936767578,1.9530771269006892,"{""type"":""MultiPoint"",""coordinates"":[]}"
20151125T12,-12.553360853740477,-52.28821087761995,4948.1513888888885,97257.3671875,6.562530994415283,470.5566666666667,24.72181091308596,22.710977172851585,2015-11-25 12:00:00,-0.764068603515625,-1.3909492492675781,1.5869910664261335,"{""type"":""MultiPoint"",""coordinates"":[]}"
20151125T13,-12.553360853740477,-52.28821087761995,5377.681666666666,97337.73828125,6.567105650901794,882.8261111111111,26.065087890625023,23.185891723632835,2015-11-25 13:00:00,-0.408233642578125,-0.7214431762695312,0.8289360430808123,"{""type"":""MultiPoint"",""coordinates"":[]}"
20151125T14,-12.553360853740477,-52.28821087761995,5813.802222222223,97324.98828125,6.737217307090759,1287.0183333333334,27.075601196289085,23.225823974609398,2015-11-25 14:00:00,-0.1892547607421875,-0.4067401885986328,0.4486144731111938,"{""type"":""MultiPoint"",""coordinates"":[]}"
20151125T15,-12.553360853740477,-52.28821087761995,6260.0633333333335,97275.5078125,9.349972009658813,1590.2966666666666,25.79242858886721,23.823449707031273,2015-11-25 15:00:00,-0.2369842529296875,0.023446083068847656,0.23814124999233838,"{""type"":""MultiPoint"",""coordinates"":[]}"
20151125T16,-12.553360853740477,-52.28821087761995,6697.2538888888885,97218.01171875,13.072863221168518,1935.993888888889,25.04096374511721,23.549462890625023,2015-11-25 16:00:00,0.0517578125,0.2866344451904297,0.29126993721359334,"{""type"":""MultiPoint"",""coordinates"":[]}"
20151125T17,-12.553360853740477,-52.28821087761995,7124.046944444444,97126.13671875,14.003187417984009,2316.551111111111,25.654885864257835,23.123712158203148,2015-11-25 17:00:00,0.6987152099609375,0.4892730712890625,0.8529894975434276,"{""type"":""MultiPoint"",""coordinates"":[]}"
20151125T18,-12.553360853740477,-52.28821087761995,7550.533333333334,96966.08203125,14.139235019683838,2602.1,25.520410156250023,23.90839538574221,2015-11-25 18:00:00,0.0966033935546875,-0.0011444091796875,0.09661017192124435,"{""type"":""MultiPoint"",""coordinates"":[]}"
20151125T19,-12.553360853740477,-52.28821087761995,7975.095833333334,96864.09765625,14.139235019683838,2993.322222222222,27.395776367187523,22.652398681640648,2015-11-25 19:00:00,0.48553466796875,0.120849609375,0.5003484204887774,"{""type"":""MultiPoint"",""coordinates"":[]}"
20151125T20,-12.553360853740477,-52.28821087761995,8399.994166666667,96846.23828125,14.139235019683838,3216.7355555555555,27.224420166015648,22.91761169433596,2015-11-25 20:00:00,0.0724945068359375,0.0034942626953125,0.07257867037339305,"{""type"":""MultiPoint"",""coordinates"":[]}"
20151125T21,-12.553360853740477,-52.28821087761995,8829.0775,96849.22265625,14.139235019683838,3322.8777777777777,26.671533203125023,23.776055908203148,2015-11-25 21:00:00,-0.1789703369140625,0.185760498046875,0.2579483361639615,"{""type"":""MultiPoint"",""coordinates"":[]}"
20151125T22,-12.553360853740477,-52.28821087761995,9247.653055555556,96999.3671875,14.139235019683838,3340.008888888889,26.17530212402346,23.916864013671898,2015-11-25 22:00:00,-0.512054443359375,0.3433990478515625,0.6165408818800575,"{""type"":""MultiPoint"",""coordinates"":[]}"
20151125T23,-12.553360853740477,-52.28821087761995,9670.334722222222,97183.30078125,14.140993356704712,3340.008888888889,25.674859619140648,24.044519042968773,2015-11-25 23:00:00,-0.3056793212890625,0.3183441162109375,0.4413420711759358,"{""type"":""MultiPoint"",""coordinates"":[]}"
20151126T00,-12.553360853740477,-52.28821087761995,10099.820555555556,97291.859375,14.140993356704712,3340.008888888889,25.450280761718773,23.849771118164085,2015-11-26 00:00:00,-0.02923583984375,0.0829010009765625,0.08790512097873147,"{""type"":""MultiPoint"",""coordinates"":[]}"
20151126T01,-12.553360853740477,-52.28821087761995,428.72833333333335,97317.015625,0.0,0.0,25.178811645507835,23.763284301757835,2015-11-26 01:00:00,-0.2507171630859375,-0.5300445556640625,0.5863500037136301,"{""type"":""MultiPoint"",""coordinates"":[]}"
20151126T02,-12.553360853740477,-52.28821087761995,848.0718576388889,97304.70703125,0.0,0.0,24.805413818359398,23.503961181640648,2015-11-26 02:00:00,-0.423370361328125,-1.0441436767578125,1.1267113563661415,"{""type"":""MultiPoint"",""coordinates"":[]}"
20151126T03,-12.553360853740477,-52.28821087761995,1260.5494270833333,97253.58984375,0.0,0.0,24.501977539062523,23.241479492187523,2015-11-26 03:00:00,-0.31646728515625,-0.974151611328125,1.0242670083661534,"{""type"":""MultiPoint"",""coordinates"":[]}"
20151126T04,-12.553360853740477,-52.28821087761995,1662.8904166666666,97177.2734375,0.0,0.0,23.967980957031273,23.16675720214846,2015-11-26 04:00:00,-0.09283447265625,-0.852294921875,0.8573359161771286,"{""type"":""MultiPoint"",""coordinates"":[]}"
20151126T05,-12.553360853740477,-52.28821087761995,2065.181666666667,97053.2265625,0.0,0.0,23.48627624511721,22.886163330078148,2015-11-26 05:00:00,-0.16937255859375,-0.9533538818359375,0.968282338791865,"{""type"":""MultiPoint"",""coordinates"":[]}"
20151126T06,-12.553360853740477,-52.28821087761995,2461.8352777777777,96983.265625,0.0,0.0,23.181604003906273,22.654779052734398,2015-11-26 06:00:00,-0.408111572265625,-1.370849609375,1.4303089550655517,"{""type"":""MultiPoint"",""coordinates"":[]}"
20151126T07,-12.553360853740477,-52.28821087761995,2848.4358333333334,96879.73046875,8.597968985668558E-4,0.0,22.820352172851585,22.418756103515648,2015-11-26 07:00:00,-0.4044647216796875,-1.4806671142578125,1.534915898128619,"{""type"":""MultiPoint"",""coordinates"":[]}"
20151126T08,-12.553360853740477,-52.28821087761995,3232.6844444444446,96910.1796875,0.0017195939108205494,0.0,22.674493408203148,22.143395996093773,2015-11-26 08:00:00,-0.047882080078125,-1.489410400390625,1.490179866453835,"{""type"":""MultiPoint"",""coordinates"":[]}"
20151126T09,-12.553360853740477,-52.28821087761995,3617.241388888889,96980.765625,0.0017195939108205494,0.14722222222222223,22.482461547851585,21.950967407226585,2015-11-26 09:00:00,0.125274658203125,-1.214691162109375,1.2211340464070821,"{""type"":""MultiPoint"",""coordinates"":[]}"
20151126T10,-12.553360853740477,-52.28821087761995,3999.557222222222,97088.3203125,0.0017195939108205494,81.19,23.36213073730471,22.415155029296898,2015-11-26 10:00:00,-0.0195770263671875,-0.47344970703125,0.47385428672679325,"{""type"":""MultiPoint"",""coordinates"":[]}"
20151126T11,-12.553360853740477,-52.28821087761995,4386.216944444444,97174.89453125,0.0017195939108205494,382.3172222222222,25.909326171875023,22.799798583984398,2015-11-26 11:00:00,-0.0630340576171875,-0.5370635986328125,0.5407500359649675,"{""type"":""MultiPoint"",""coordinates"":[]}"
20151126T12,-12.553360853740477,-52.28821087761995,4778.469166666667,97275.546875,0.002142786968306609,930.83,27.770410156250023,22.746209716796898,2015-11-26 12:00:00,-0.1306915283203125,-0.4816131591796875,0.4990305708769134,"{""type"":""MultiPoint"",""coordinates"":[]}"
20151126T13,-12.553360853740477,-52.28821087761995,5178.152777777777,97335.046875,0.07693864529301209,1700.285,29.313882446289085,22.081155395507835,2015-11-26 13:00:00,-0.36090087890625,-0.4783935546875,0.5992577388418491,"{""type"":""MultiPoint"",""coordinates"":[]}"
20151126T14,-12.553360853740477,-52.28821087761995,5597.567777777777,97322.91015625,0.1434186858659814,2499.221111111111,30.164086914062523,21.533868408203148,2015-11-26 14:00:00,-0.3621368408203125,-0.3621673583984375,0.5121604113640751,"{""type"":""MultiPoint"",""coordinates"":[]}"
20151126T15,-12.553360853740477,-52.28821087761995,6012.643333333333,97247.68359375,0.1759807028065552,3435.5227777777777,31.103189086914085,21.220849609375023,2015-11-26 15:00:00,-0.3066558837890625,-0.270904541015625,0.4091785690934185,"{""type"":""MultiPoint"",""coordinates"":[]}"
20151126T16,-12.553360853740477,-52.28821087761995,6437.503055555556,97173.25,0.22476710455521243,4362.051111111111,31.492700195312523,21.34089050292971,2015-11-26 16:00:00,-0.116973876953125,0.0138702392578125,0.11779334202964865,"{""type"":""MultiPoint"",""coordinates"":[]}"
20151126T17,-12.553360853740477,-52.28821087761995,6860.9961111111115,97089.47265625,0.2814784147631144,5234.188888888889,31.85602722167971,21.66333923339846,2015-11-26 17:00:00,0.110565185546875,0.31512451171875,0.33395825808174817,"{""type"":""MultiPoint"",""coordinates"":[]}"
20151126T18,-12.553360853740477,-52.28821087761995,7289.136666666666,96976.80859375,0.3112807371508097,5983.008888888889,31.978356933593773,21.678735351562523,2015-11-26 18:00:00,0.0560760498046875,0.4610137939453125,0.4644117155817119,"{""type"":""MultiPoint"",""coordinates"":[]}"
20151126T19,-12.553360853740477,-52.28821087761995,7720.949444444444,96891.92578125,0.334746064254432,6596.1288888888885,32.1428161621094,21.415490722656273,2015-11-26 19:00:00,-0.304443359375,0.453399658203125,0.546129113970539,"{""type"":""MultiPoint"",""coordinates"":[]}"
20151126T20,-12.553360853740477,-52.28821087761995,8159.889444444444,96864.3359375,0.5321417465893319,6951.216666666666,29.586694335937523,22.488671875000023,2015-11-26 20:00:00,-0.5541229248046875,0.678192138671875,0.8757835307599893,"{""type"":""MultiPoint"",""coordinates"":[]}"
20151126T21,-12.553360853740477,-52.28821087761995,8583.329722222223,96868.46484375,0.534674943992286,7107.414444444445,28.324670410156273,23.52326354980471,2015-11-26 21:00:00,-0.143310546875,0.699005126953125,0.7135447290481277,"{""type"":""MultiPoint"",""coordinates"":[]}"
20151126T22,-12.553360853740477,-52.28821087761995,9004.76888888889,96908.71875,0.534674943992286,7126.868888888889,27.539697265625023,23.865197753906273,2015-11-26 22:00:00,-0.33062744140625,0.6128387451171875,0.6963374415666964,"{""type"":""MultiPoint"",""coordinates"":[]}"
20151126T23,-12.553360853740477,-52.28821087761995,9418.864444444445,97008.078125,0.5355328303267015,7126.868888888889,26.60968933105471,24.092828369140648,2015-11-26 23:00:00,-0.7812957763671875,0.402587890625,0.8789198483633722,"{""type"":""MultiPoint"",""coordinates"":[]}"
20151127T00,-12.553360853740477,-52.28821087761995,9829.909444444444,97101.58203125,0.5355358116503339,7126.868888888889,25.95569763183596,24.345330810546898,2015-11-27 00:00:00,-0.5346221923828125,0.119049072265625,0.5477166878921172,"{""type"":""MultiPoint"",""coordinates"":[]}"
20151127T01,-12.553360853740477,-52.28821087761995,408.9811284722222,97165.28125,0.0,0.0,25.433938598632835,24.07001647949221,2015-11-27 01:00:00,-0.6633453369140625,-0.2931060791015625,0.7252159744599691,"{""type"":""MultiPoint"",""coordinates"":[]}"
20151127T02,-12.553360853740477,-52.28821087761995,823.9179340277777,97150.20703125,0.0,0.0,25.170205688476585,23.986322021484398,2015-11-27 02:00:00,-0.812652587890625,-0.01824951171875,0.8128574741510979,"{""type"":""MultiPoint"",""coordinates"":[]}"
20151127T03,-12.553360853740477,-52.28821087761995,1230.8011805555554,97129.24609375,0.0,0.0,24.745202636718773,23.799462890625023,2015-11-27 03:00:00,-0.9828033447265625,-0.0239105224609375,0.9830941600325339,"{""type"":""MultiPoint"",""coordinates"":[]}"
20151127T04,-12.553360853740477,-52.28821087761995,1634.398888888889,97071.5,0.0,0.0,24.478799438476585,23.579263305664085,2015-11-27 04:00:00,-0.4254302978515625,-0.0444488525390625,0.42774599801997976,"{""type"":""MultiPoint"",""coordinates"":[]}"
20151127T05,-12.553360853740477,-52.28821087761995,2037.5479166666667,96964.10546875,0.0,0.0,24.731774902343773,23.455865478515648,2015-11-27 05:00:00,0.2794342041015625,-0.35699462890625,0.453352665691716,"{""type"":""MultiPoint"",""coordinates"":[]}"
20151127T06,-12.553360853740477,-52.28821087761995,2436.131388888889,96908.85546875,0.0,0.0,23.59992370605471,23.023889160156273,2015-11-27 06:00:00,0.3266754150390625,-1.04473876953125,1.0946213607237043,"{""type"":""MultiPoint"",""coordinates"":[]}"
20151127T07,-12.553360853740477,-52.28821087761995,2827.4369444444446,96924.828125,0.0,0.0,23.022668457031273,22.092752075195335,2015-11-27 07:00:00,-0.12615966796875,-0.910797119140625,0.9194931506307413,"{""type"":""MultiPoint"",""coordinates"":[]}"
20151127T08,-12.553360853740477,-52.28821087761995,3215.78,96946.92578125,0.0,0.0,22.621011352539085,21.830407714843773,2015-11-27 08:00:00,0.0053863525390625,-1.021728515625,1.0217427134239525,"{""type"":""MultiPoint"",""coordinates"":[]}"
20151127T09,-12.553360853740477,-52.28821087761995,3604.5955555555556,96995.11328125,0.0,0.11611111111111111,22.365014648437523,21.712121582031273,2015-11-27 09:00:00,0.0837860107421875,-0.793975830078125,0.7983844401942823,"{""type"":""MultiPoint"",""coordinates"":[]}"
20151127T10,-12.553360853740477,-52.28821087761995,3996.5825,97087.9140625,0.0,87.06,23.77185974121096,22.906594848632835,2015-11-27 10:00:00,-0.083740234375,-0.095458984375,0.12698363891102832,"{""type"":""MultiPoint"",""coordinates"":[]}"
20151127T11,-12.553360853740477,-52.28821087761995,4394.481111111111,97192.0859375,0.0,390.15944444444443,25.97834167480471,23.11036071777346,2015-11-27 11:00:00,-0.2806854248046875,-0.167999267578125,0.3271208669659799,"{""type"":""MultiPoint"",""coordinates"":[]}"
20151127T12,-12.553360853740477,-52.28821087761995,4798.254722222222,97244.42578125,0.0,929.8077777777778,28.267572021484398,22.779840087890648,2015-11-27 12:00:00,-0.3837890625,-0.448089599609375,0.5899816385047241,"{""type"":""MultiPoint"",""coordinates"":[]}"
20151127T13,-12.553360853740477,-52.28821087761995,5216.206944444444,97256.76171875,0.05592703809043087,1652.8294444444443,29.751748657226585,22.62684020996096,2015-11-27 13:00:00,-0.2437286376953125,-0.836181640625,0.8709784067077263,"{""type"":""MultiPoint"",""coordinates"":[]}"
20151127T14,-12.553360853740477,-52.28821087761995,5633.704444444445,97219.93359375,0.0689059495471156,2552.4983333333334,31.169412231445335,22.924707031250023,2015-11-27 14:00:00,-0.2160797119140625,-1.0884857177734375,1.1097259119699872,"{""type"":""MultiPoint"",""coordinates"":[]}"
20151127T15,-12.553360853740477,-52.28821087761995,6061.807777777778,97145.15625,0.10948181147796276,3519.8283333333334,31.955239868164085,23.213113403320335,2015-11-27 15:00:00,-0.20440673828125,-0.98834228515625,1.0092584343381321,"{""type"":""MultiPoint"",""coordinates"":[]}"
20151127T16,-12.553360853740477,-52.28821087761995,6500.521111111111,97032.84765625,0.15026752220137496,4354.37,32.312539672851585,22.194757080078148,2015-11-27 16:00:00,-0.0421905517578125,-0.9758148193359375,0.9767264736318234,"{""type"":""MultiPoint"",""coordinates"":[]}"
20151127T17,-12.553360853740477,-52.28821087761995,6948.088055555556,96925.63671875,0.1815282655570627,5063.26,32.171914672851585,22.180947875976585,2015-11-27 17:00:00,0.2607421875,-0.998016357421875,1.0315149722732642,"{""type"":""MultiPoint"",""coordinates"":[]}"
20151127T18,-12.553360853740477,-52.28821087761995,7390.305,96801.55078125,0.24844419760938763,5709.032222222222,31.892358398437523,22.440057373046898,2015-11-27 18:00:00,0.08551025390625,-0.8983306884765625,0.9023912839682607,"{""type"":""MultiPoint"",""coordinates"":[]}"
20151127T19,-12.553360853740477,-52.28821087761995,7815.275277777778,96799.49609375,1.798127416520856,6182.4366666666665,28.085748291015648,24.599511718750023,2015-11-27 19:00:00,0.2767333984375,-0.556121826171875,0.6211705557699184,"{""type"":""MultiPoint"",""coordinates"":[]}"
20151127T20,-12.553360853740477,-52.28821087761995,8238.824166666667,96823.28515625,1.804788235574506,6411.086666666667,26.98597106933596,24.636270141601585,2015-11-27 20:00:00,0.050048828125,-0.0997467041015625,0.11159879110371428,"{""type"":""MultiPoint"",""coordinates"":[]}"
20151127T21,-12.553360853740477,-52.28821087761995,8661.656944444445,96804.0625,1.804788235574506,6510.748888888889,26.59925231933596,24.985742187500023,2015-11-27 21:00:00,-0.044677734375,-0.01287841796875,0.046496812775295465,"{""type"":""MultiPoint"",""coordinates"":[]}"
20151127T22,-12.553360853740477,-52.28821087761995,9076.166111111112,96838.5546875,1.8047733344133121,6529.375555555555,26.209252929687523,24.845361328125023,2015-11-27 22:00:00,-0.362457275390625,0.3108062744140625,0.477468131605393,"{""type"":""MultiPoint"",""coordinates"":[]}"
20151127T23,-12.553360853740477,-52.28821087761995,9489.257222222222,96961.6640625,1.8047733344133121,6529.375555555555,25.647256469726585,24.86731872558596,2015-11-27 23:00:00,-0.762847900390625,0.082366943359375,0.7672817165088397,"{""type"":""MultiPoint"",""coordinates"":[]}"
20151128T00,-12.553360853740477,-52.28821087761995,9900.175555555556,97063.703125,1.8056450642802702,6529.375555555555,25.24433288574221,24.80103454589846,2015-11-28 00:00:00,-0.823028564453125,-0.72625732421875,1.0976455342628377,"{""type"":""MultiPoint"",""coordinates"":[]}"
20151128T01,-12.553360853740477,-52.28821087761995,410.38149305555555,97136.12109375,0.0,0.0,25.126763916015648,24.61335144042971,2015-11-28 01:00:00,-0.659423828125,-1.08563232421875,1.2702115290327176,"{""type"":""MultiPoint"",""coordinates"":[]}"
20151128T02,-12.553360853740477,-52.28821087761995,818.9166666666666,97147.203125,0.0,0.0,24.947686767578148,24.32868347167971,2015-11-28 02:00:00,-0.6802978515625,-1.0694427490234375,1.2674829230720863,"{""type"":""MultiPoint"",""coordinates"":[]}"
20151128T03,-12.553360853740477,-52.28821087761995,1222.6927604166667,97109.45703125,0.0,0.0,24.655725097656273,24.056253051757835,2015-11-28 03:00:00,-0.3022308349609375,-1.12982177734375,1.1695472312657473,"{""type"":""MultiPoint"",""coordinates"":[]}"
20151128T04,-12.553360853740477,-52.28821087761995,1624.086388888889,97082.94140625,0.0,0.0,24.174310302734398,23.819573974609398,2015-11-28 04:00:00,0.0208587646484375,-0.7655029296875,0.7657870614098964,"{""type"":""MultiPoint"",""coordinates"":[]}"
20151128T05,-12.553360853740477,-52.28821087761995,2028.4072222222221,97059.3125,0.0,0.0,24.006097412109398,23.605767822265648,2015-11-28 05:00:00,-0.48553466796875,-0.2302093505859375,0.5373455674858809,"{""type"":""MultiPoint"",""coordinates"":[]}"
20151128T06,-12.553360853740477,-52.28821087761995,2433.0808333333334,97029.56640625,0.0,0.0,23.477899169921898,23.264825439453148,2015-11-28 06:00:00,-0.8902435302734375,0.1343231201171875,0.900320078523038,"{""type"":""MultiPoint"",""coordinates"":[]}"
20151128T07,-12.553360853740477,-52.28821087761995,2843.2869444444445,96942.04296875,4.276632239452738E-4,0.0,23.334344482421898,23.011819458007835,2015-11-28 07:00:00,-0.743621826171875,0.056549072265625,0.7457688770210896,"{""type"":""MultiPoint"",""coordinates"":[]}"
20151128T08,-12.553360853740477,-52.28821087761995,3253.061111111111,96993.7265625,0.0019028781821361918,0.0,23.232629394531273,22.949334716796898,2015-11-28 08:00:00,-0.78143310546875,0.391571044921875,0.8740512465203305,"{""type"":""MultiPoint"",""coordinates"":[]}"
20151128T09,-12.553360853740477,-52.28821087761995,3664.3625,97084.1171875,0.049497187035285606,0.085,23.277871704101585,22.836541748046898,2015-11-28 09:00:00,-1.041900634765625,0.5516204833984375,1.1789156417783837,"{""type"":""MultiPoint"",""coordinates"":[]}"
20151128T10,-12.553360853740477,-52.28821087761995,4079.2466666666664,97172.97265625,0.08452236642142452,37.961666666666666,23.769860839843773,22.902688598632835,2015-11-28 10:00:00,-1.0617523193359375,0.5953826904296875,1.2172914752344797,"{""type"":""MultiPoint"",""coordinates"":[]}"
20151128T11,-12.553360853740477,-52.28821087761995,4500.471388888889,97255.15234375,0.21040737618704952,137.96555555555557,24.39203796386721,22.892785644531273,2015-11-28 11:00:00,-1.6032562255859375,0.58001708984375,1.7049487820432845,"{""type"":""MultiPoint"",""coordinates"":[]}"
20151128T12,-12.553360853740477,-52.28821087761995,4930.165555555555,97335.00390625,0.6921023129393689,330.6488888888889,24.89289245605471,22.525140380859398,2015-11-28 12:00:00,-1.8366851806640625,0.0091705322265625,1.8367080746630093,"{""type"":""MultiPoint"",""coordinates"":[]}"
20151128T13,-12.553360853740477,-52.28821087761995,5353.680555555556,97393.3515625,1.169222593205177,556.6405555555556,25.083306884765648,22.567788696289085,2015-11-28 13:00:00,-1.8186798095703125,-0.194427490234375,1.8290430007786984,"{""type"":""MultiPoint"",""coordinates"":[]}"
20151128T14,-12.553360853740477,-52.28821087761995,5783.239444444444,97336.203125,1.3573795555998913,782.7233333333334,25.228631591796898,22.717248535156273,2015-11-28 14:00:00,-1.66082763671875,-0.288055419921875,1.6856228415144225,"{""type"":""MultiPoint"",""coordinates"":[]}"
20151128T15,-12.553360853740477,-52.28821087761995,6214.066666666667,97272.14453125,1.5569955109526745,1145.2072222222223,26.240228271484398,22.90387878417971,2015-11-28 15:00:00,-1.567291259765625,-0.4003753662109375,1.617622430237125,"{""type"":""MultiPoint"",""coordinates"":[]}"
20151128T16,-12.553360853740477,-52.28821087761995,6637.081111111111,97167.2109375,1.7877250908782116,1757.99,27.62653503417971,23.354302978515648,2015-11-28 16:00:00,-1.763824462890625,-0.7073822021484375,1.9003858334053574,"{""type"":""MultiPoint"",""coordinates"":[]}"
20151128T17,-12.553360853740477,-52.28821087761995,7067.6802777777775,97099.375,1.9587457179000012,2274.2644444444445,27.950372314453148,23.993432617187523,2015-11-28 17:00:00,-0.9141998291015625,-0.7197418212890625,1.1635246524426643,"{""type"":""MultiPoint"",""coordinates"":[]}"
20151128T18,-12.553360853740477,-52.28821087761995,7503.816944444445,96938.0,2.266871929066383,2800.4733333333334,28.039086914062523,24.30140075683596,2015-11-28 18:00:00,-0.5800628662109375,-1.0783233642578125,1.2244403646814062,"{""type"":""MultiPoint"",""coordinates"":[]}"
20151128T19,-12.553360853740477,-52.28821087761995,7926.469444444445,96972.1953125,3.1096816061904065,3176.7833333333333,26.655908203125023,24.416726684570335,2015-11-28 19:00:00,-0.01226806640625,0.3548583984375,0.35507039920975625,"{""type"":""MultiPoint"",""coordinates"":[]}"
20151128T20,-12.553360853740477,-52.28821087761995,8355.46361111111,96889.69921875,3.280389308827125,3260.7166666666667,25.508721923828148,24.556192016601585,2015-11-28 20:00:00,-0.28266239166259766,-0.1149139404296875,0.3051282375747901,"{""type"":""MultiPoint"",""coordinates"":[]}"
20151128T21,-12.553360853740477,-52.28821087761995,8772.167777777779,96914.53515625,3.535109758274757,3322.9222222222224,25.118447875976585,23.587869262695335,2015-11-28 21:00:00,-0.09289932250976562,-0.249298095703125,0.26604477939620974,"{""type"":""MultiPoint"",""coordinates"":[]}"
20151128T22,-12.553360853740477,-52.28821087761995,9187.711944444445,96964.36328125,3.538745641606056,3332.1944444444443,24.882318115234398,23.608499145507835,2015-11-28 22:00:00,-0.007328033447265625,0.6700897216796875,0.6701297897981893,"{""type"":""MultiPoint"",""coordinates"":[]}"
20151128T23,-12.553360853740477,-52.28821087761995,9601.314166666667,97085.63671875,3.55505347243934,3332.1944444444443,24.521356201171898,23.695703125000023,2015-11-28 23:00:00,-0.41407012939453125,0.4891815185546875,0.6408998596912578,"{""type"":""MultiPoint"",""coordinates"":[]}"
20151129T00,-12.553360853740477,-52.28821087761995,10014.272777777778,97157.9296875,3.723782300937728,3332.1944444444443,24.106195068359398,23.732629394531273,2015-11-29 00:00:00,-0.5526638031005859,0.151214599609375,0.5729774292174403,"{""type"":""MultiPoint"",""coordinates"":[]}"
20151129T01,-12.553360853740477,-52.28821087761995,415.7278993055556,97255.60546875,0.22588111460208893,0.0,24.03547058105471,23.634072875976585,2015-11-29 01:00:00,-0.1931629180908203,0.28472900390625,0.344067607587239,"{""type"":""MultiPoint"",""coordinates"":[]}"
20151129T02,-12.553360853740477,-52.28821087761995,831.3457638888889,97302.125,0.4826001822948456,0.0,23.795755004882835,23.519311523437523,2015-11-29 02:00:00,-0.26691150665283203,0.3239593505859375,0.41975160894956337,"{""type"":""MultiPoint"",""coordinates"":[]}"
20151129T03,-12.553360853740477,-52.28821087761995,1244.8163020833333,97304.01171875,0.7969141006469727,0.0,23.574990844726585,23.390618896484398,2015-11-29 03:00:00,-0.7237186431884766,0.5099945068359375,0.8853604189828008,"{""type"":""MultiPoint"",""coordinates"":[]}"
20151129T04,-12.553360853740477,-52.28821087761995,1658.464861111111,97235.42578125,1.002926379442215,0.0,23.10193786621096,23.098779296875023,2015-11-29 04:00:00,-0.5349092483520508,0.8971710205078125,1.0445303940104307,"{""type"":""MultiPoint"",""coordinates"":[]}"
20151129T05,-12.553360853740477,-52.28821087761995,2068.652361111111,97156.15625,1.1207833886146545,0.0,23.020257568359398,23.01648864746096,2015-11-29 05:00:00,-0.137603759765625,0.999847412109375,1.0092718376153424,"{""type"":""MultiPoint"",""coordinates"":[]}"
20151129T06,-12.553360853740477,-52.28821087761995,2479.096111111111,97089.890625,1.1632516980171204,0.0,22.951638793945335,22.95258483886721,2015-11-29 06:00:00,0.2013397216796875,0.8445892333984375,0.8682561008703679,"{""type"":""MultiPoint"",""coordinates"":[]}"
20151129T07,-12.553360853740477,-52.28821087761995,2889.130277777778,97120.2890625,1.2098997831344604,0.0,22.754632568359398,22.751428222656273,2015-11-29 07:00:00,-0.36767578125,0.36834716796875,0.520447035027001,"{""type"":""MultiPoint"",""coordinates"":[]}"
20151129T08,-12.553360853740477,-52.28821087761995,3299.4330555555557,97143.37109375,1.2105554342269897,0.0,22.56525573730471,22.55878601074221,2015-11-29 08:00:00,-0.936004638671875,-0.06341552734375,0.9381504211604625,"{""type"":""MultiPoint"",""coordinates"":[]}"
20151129T09,-12.553360853740477,-52.28821087761995,3713.3016666666667,97248.078125,1.22050940990448,0.085,22.810052490234398,22.58417663574221,2015-11-29 09:00:00,-1.1821136474609375,-0.100189208984375,1.186351783034997,"{""type"":""MultiPoint"",""coordinates"":[]}"
20151129T10,-12.553360853740477,-52.28821087761995,4122.995,97296.30859375,1.22050940990448,45.492222222222225,23.451028442382835,22.883706665039085,2015-11-29 10:00:00,-0.95263671875,0.2636260986328125,0.9884409126453255,"{""type"":""MultiPoint"",""coordinates"":[]}"
20151129T11,-12.553360853740477,-52.28821087761995,4535.672777777778,97384.296875,1.2207776308059692,205.16666666666666,24.69696960449221,23.27155456542971,2015-11-29 11:00:00,-1.567779541015625,0.0600433349609375,1.5689288993770225,"{""type"":""MultiPoint"",""coordinates"":[]}"
20151129T12,-12.553360853740477,-52.28821087761995,4957.973055555555,97448.234375,1.262761652469635,443.21444444444444,25.850946044921898,23.52485046386721,2015-11-29 12:00:00,-1.6908416748046875,-0.3775634765625,1.7324836934558092,"{""type"":""MultiPoint"",""coordinates"":[]}"
20151129T13,-12.553360853740477,-52.28821087761995,5382.7266666666665,97433.05078125,1.436471939086914,851.8383333333334,26.92676696777346,23.507867431640648,2015-11-29 13:00:00,-1.7617645263671875,-0.6152496337890625,1.8661045946686312,"{""type"":""MultiPoint"",""coordinates"":[]}"
20151129T14,-12.553360853740477,-52.28821087761995,5813.1930555555555,97407.41015625,1.5422850847244263,1506.7333333333333,28.40101013183596,23.81806335449221,2015-11-29 14:00:00,-1.1748046875,-0.6561126708984375,1.345603913001688,"{""type"":""MultiPoint"",""coordinates"":[]}"
20151129T15,-12.553360853740477,-52.28821087761995,6240.740833333333,97328.36328125,1.573711633682251,2427.0694444444443,30.25208435058596,24.03101501464846,2015-11-29 15:00:00,-0.8770904541015625,-0.690673828125,1.1163861346025967,"{""type"":""MultiPoint"",""coordinates"":[]}"
20151129T16,-12.553360853740477,-52.28821087761995,6675.5233333333335,97224.18359375,1.6337484121322632,3299.5066666666667,31.000085449218773,24.165185546875023,2015-11-29 16:00:00,-0.6968841552734375,-0.688018798828125,0.9792943344123198,"{""type"":""MultiPoint"",""coordinates"":[]}"
20151129T17,-12.553360853740477,-52.28821087761995,7121.720833333334,97105.25390625,2.0115524530410767,3971.8244444444445,30.326211547851585,23.829995727539085,2015-11-29 17:00:00,-1.203155517578125,-0.7479095458984375,1.416669293916083,"{""type"":""MultiPoint"",""coordinates"":[]}"
20151129T18,-12.553360853740477,-52.28821087761995,7555.145277777778,96994.65234375,5.7697594165802,4584.051111111111,28.051324462890648,23.829492187500023,2015-11-29 18:00:00,-1.4307098388671875,-0.15478515625,1.4390584031326563,"{""type"":""MultiPoint"",""coordinates"":[]}"
20151129T19,-12.553360853740477,-52.28821087761995,7999.460277777778,96938.57421875,6.4843177794386975,4982.14,28.232141113281273,24.649316406250023,2015-11-29 19:00:00,-0.5787811279296875,-0.39322566986083984,0.6997242467465791,"{""type"":""MultiPoint"",""coordinates"":[]}"
20151129T20,-12.553360853740477,-52.28821087761995,8433.008333333333,96937.63671875,7.19692111005088,5239.743333333333,27.080041503906273,25.280480957031273,2015-11-29 20:00:00,-0.1180877685546875,-0.112274169921875,0.16294235273209817,"{""type"":""MultiPoint"",""coordinates"":[]}"
20151129T21,-12.553360853740477,-52.28821087761995,8860.954166666666,96946.015625,7.45438337315818,5353.606666666667,26.702020263671898,24.521295166015648,2015-11-29 21:00:00,-0.5690460205078125,-0.5926132202148438,0.821586150217483,"{""type"":""MultiPoint"",""coordinates"":[]}"
20151129T22,-12.553360853740477,-52.28821087761995,9276.088333333333,97083.88671875,7.4980914591833425,5372.501111111111,26.14264831542971,23.495202636718773,2015-11-29 22:00:00,-0.90673828125,-0.5062408447265625,1.03848644842081,"{""type"":""MultiPoint"",""coordinates"":[]}"
20151129T23,-12.553360853740477,-52.28821087761995,9694.171388888888,97202.140625,7.504054860930864,5372.501111111111,25.679132080078148,23.649026489257835,2015-11-29 23:00:00,-0.6243438720703125,0.0099639892578125,0.6244233753421476,"{""type"":""MultiPoint"",""coordinates"":[]}"
20151130T00,-12.553360853740477,-52.28821087761995,10106.9625,97270.77734375,7.504084663253252,5372.501111111111,25.106118774414085,23.294396972656273,2015-11-30 00:00:00,0.2000885009765625,0.8361968994140625,0.8598026883028104,"{""type"":""MultiPoint"",""coordinates"":[]}"
20151130T01,-12.553360853740477,-52.28821087761995,414.49762152777777,97326.3203125,0.0,0.0,24.635110473632835,23.296487426757835,2015-11-30 01:00:00,0.2414703369140625,1.1980438232421875,1.2221362141832426,"{""type"":""MultiPoint"",""coordinates"":[]}"
20151130T02,-12.553360853740477,-52.28821087761995,821.6576041666667,97369.96875,0.0,0.0,24.32361755371096,23.199319458007835,2015-11-30 02:00:00,0.061492919921875,1.255645751953125,1.2571506010015057,"{""type"":""MultiPoint"",""coordinates"":[]}"
20151130T03,-12.553360853740477,-52.28821087761995,1227.6152777777777,97356.875,0.0,0.0,24.031396484375023,23.163476562500023,2015-11-30 03:00:00,-0.2119598388671875,1.1885986328125,1.2073498594924126,"{""type"":""MultiPoint"",""coordinates"":[]}"
20151130T04,-12.553360853740477,-52.28821087761995,1630.7527777777777,97277.34765625,0.0,0.0,23.704888916015648,23.111383056640648,2015-11-30 04:00:00,-0.0409088134765625,1.1557769775390625,1.156500736199243,"{""type"":""MultiPoint"",""coordinates"":[]}"
20151130T05,-12.553360853740477,-52.28821087761995,2032.3759722222221,97236.3828125,0.0,0.0,23.42518005371096,23.021096801757835,2015-11-30 05:00:00,0.0952911376953125,1.1688079833984375,1.1726860206292173,"{""type"":""MultiPoint"",""coordinates"":[]}"
20151130T06,-12.553360853740477,-52.28821087761995,2432.3205555555555,97197.72265625,0.0,0.0,23.25879821777346,22.955224609375023,2015-11-30 06:00:00,-0.0514068603515625,1.1875457763671875,1.1886579138922817,"{""type"":""MultiPoint"",""coordinates"":[]}"
20151130T07,-12.553360853740477,-52.28821087761995,2832.3719444444446,97146.62109375,0.0,0.0,23.26361999511721,22.824212646484398,2015-11-30 07:00:00,-0.31640625,1.3269805908203125,1.3641812208987807,"{""type"":""MultiPoint"",""coordinates"":[]}"
20151130T08,-12.553360853740477,-52.28821087761995,3236.3316666666665,97201.59765625,0.0,0.0,23.277429199218773,22.782739257812523,2015-11-30 08:00:00,-0.6222686767578125,1.2099761962890625,1.3606104150931915,"{""type"":""MultiPoint"",""coordinates"":[]}"
20151130T09,-12.553360853740477,-52.28821087761995,3636.228888888889,97228.453125,0.0,0.085,23.165673828125023,22.682031250000023,2015-11-30 09:00:00,-0.8226165771484375,1.1276702880859375,1.3958288976917022,"{""type"":""MultiPoint"",""coordinates"":[]}"
20151130T10,-12.553360853740477,-52.28821087761995,4042.3316666666665,97330.55078125,0.0,71.17055555555555,24.041101074218773,23.24933776855471,2015-11-30 10:00:00,-0.844207763671875,0.899200439453125,1.2333888999648739,"{""type"":""MultiPoint"",""coordinates"":[]}"
20151130T11,-12.553360853740477,-52.28821087761995,4450.187222222222,97428.5,0.0,300.78222222222223,25.676370239257835,23.696282958984398,2015-11-30 11:00:00,-1.3660430908203125,1.143280029296875,1.7813374052567852,"{""type"":""MultiPoint"",""coordinates"":[]}"
20151130T12,-12.553360853740477,-52.28821087761995,4863.313888888889,97443.01953125,3.2782554626464844E-4,738.2227777777778,27.221231079101585,23.65119323730471,2015-11-30 12:00:00,-1.6669769287109375,1.067138671875,1.979292051685574,"{""type"":""MultiPoint"",""coordinates"":[]}"
20151130T13,-12.553360853740477,-52.28821087761995,5275.218611111111,97489.46875,0.024497509002685547,1422.2211111111112,28.89551696777346,23.957421875000023,2015-11-30 13:00:00,-1.4120941162109375,0.566192626953125,1.5213756550745872,"{""type"":""MultiPoint"",""coordinates"":[]}"
20151130T14,-12.553360853740477,-52.28821087761995,5691.644444444444,97433.4921875,0.06902217864990234,2337.5777777777776,30.690957641601585,24.26288757324221,2015-11-30 14:00:00,-1.3708648681640625,0.188720703125,1.3837940564095752,"{""type"":""MultiPoint"",""coordinates"":[]}"
20151130T15,-12.553360853740477,-52.28821087761995,6116.597222222223,97353.015625,0.1287013292312622,3291.2233333333334,32.01331481933596,22.647241210937523,2015-11-30 15:00:00,-1.5507049560546875,-0.4690399169921875,1.6200877459152045,"{""type"":""MultiPoint"",""coordinates"":[]}"
20151130T16,-12.553360853740477,-52.28821087761995,6550.897222222222,97254.59765625,0.18332898616790771,4218.801111111111,32.6468444824219,22.08362731933596,2015-11-30 16:00:00,-1.4585418701171875,-0.7087554931640625,1.6216284210555685,"{""type"":""MultiPoint"",""coordinates"":[]}"
20151130T17,-12.553360853740477,-52.28821087761995,6993.894722222222,97163.6328125,0.2212822437286377,5043.084444444445,32.842507934570335,21.942529296875023,2015-11-30 17:00:00,-1.47259521484375,-0.8670654296875,1.708899975463713,"{""type"":""MultiPoint"",""coordinates"":[]}"
20151130T18,-12.553360853740477,-52.28821087761995,7434.7572222222225,97065.13671875,0.2829164265563122,5679.912222222222,32.03460083007815,21.954797363281273,2015-11-30 18:00:00,-1.4025421142578125,-0.5608196258544922,1.5105108523312063,"{""type"":""MultiPoint"",""coordinates"":[]}"
20151130T19,-12.553360853740477,-52.28821087761995,7868.424166666667,97014.30078125,0.3082334994246594,6317.01,32.35128173828127,22.194726562500023,2015-11-30 19:00:00,-1.163818359375,-0.07087326049804688,1.1659743533508533,"{""type"":""MultiPoint"",""coordinates"":[]}"
20151130T20,-12.553360853740477,-52.28821087761995,8299.3175,96940.3671875,1.2328088283197758,6706.677777777778,29.564859008789085,23.679666137695335,2015-11-30 20:00:00,-0.6141815185546875,0.2484750747680664,0.662539659579061,"{""type"":""MultiPoint"",""coordinates"":[]}"
20151130T21,-12.553360853740477,-52.28821087761995,8725.746666666666,96945.64453125,1.2379050254480717,6875.83,28.033731079101585,25.543069458007835,2015-11-30 21:00:00,0.191558837890625,0.38309383392333984,0.4283172585410145,"{""type"":""MultiPoint"",""coordinates"":[]}"
20151130T22,-12.553360853740477,-52.28821087761995,9149.701666666666,97036.44140625,1.2379050254480717,6898.904444444444,27.59082946777346,25.15064392089846,2015-11-30 22:00:00,0.4768218994140625,1.0330638885498047,1.1377961687343114,"{""type"":""MultiPoint"",""coordinates"":[]}"
20151130T23,-12.553360853740477,-52.28821087761995,9567.29361111111,97137.17578125,1.2379050254480717,6898.904444444444,26.862145996093773,24.871194458007835,2015-11-30 23:00:00,0.347869873046875,1.2097015380859375,1.258726046374322,"{""type"":""MultiPoint"",""coordinates"":[]}"
20151201T00,-12.553360853740477,-52.28821087761995,9986.607222222223,97238.890625,1.2440741061823246,6898.904444444444,26.383203125000023,24.67292175292971,2015-12-01 00:00:00,-0.05767822265625,1.149932861328125,1.1513784620753824,"{""type"":""MultiPoint"",""coordinates"":[]}"
20151201T01,-12.553360853740477,-52.28821087761995,418.00180555555556,97296.421875,0.07677450776100159,0.0,25.918145751953148,24.53211364746096,2015-12-01 01:00:00,-0.8379364013671875,0.9035186767578125,1.2322675894408572,"{""type"":""MultiPoint"",""coordinates"":[]}"
20151201T02,-12.553360853740477,-52.28821087761995,837.96671875,97334.7890625,0.15437602996826172,0.0,25.631494140625023,24.32496032714846,2015-12-01 02:00:00,-1.0734710693359375,1.011993408203125,1.475286682291892,"{""type"":""MultiPoint"",""coordinates"":[]}"
20151201T03,-12.553360853740477,-52.28821087761995,1257.796388888889,97332.8671875,0.15437602996826172,0.0,25.51361999511721,24.10212097167971,2015-12-01 03:00:00,-1.1357269287109375,0.7409210205078125,1.3560382056673468,"{""type"":""MultiPoint"",""coordinates"":[]}"
20151201T04,-12.553360853740477,-52.28821087761995,1676.6141666666667,97293.4609375,0.16013532876968384,0.0,25.284020996093773,23.96979675292971,2015-12-01 04:00:00,-1.0147247314453125,0.4580535888671875,1.1133190786476588,"{""type"":""MultiPoint"",""coordinates"":[]}"
20151201T05,-12.553360853740477,-52.28821087761995,2086.495,97247.96484375,0.18830597400665283,0.0,24.876245117187523,23.831933593750023,2015-12-01 05:00:00,-1.019012451171875,0.4004364013671875,1.09486788572102,"{""type"":""MultiPoint"",""coordinates"":[]}"
20151201T06,-12.553360853740477,-52.28821087761995,2493.458611111111,97187.3046875,0.31169503927230835,0.0,24.465295410156273,23.637368774414085,2015-12-01 06:00:00,-0.642364501953125,1.05816650390625,1.2378806498845767,"{""type"":""MultiPoint"",""coordinates"":[]}"
20151201T07,-12.553360853740477,-52.28821087761995,2895.816388888889,97112.22265625,0.3117024898529053,0.0,23.575967407226585,23.010903930664085,2015-12-01 07:00:00,-1.0274810791015625,1.090576171875,1.4983570183948953,"{""type"":""MultiPoint"",""coordinates"":[]}"
20151201T08,-12.553360853740477,-52.28821087761995,3293.6077777777778,97135.66015625,0.3117024898529053,0.0,23.331933593750023,22.84150085449221,2015-12-01 08:00:00,-1.038604736328125,1.142547607421875,1.5440579113325592,"{""type"":""MultiPoint"",""coordinates"":[]}"
20151201T09,-12.553360853740477,-52.28821087761995,3686.138611111111,97144.34375,0.3117024898529053,0.085,23.083276367187523,22.670007324218773,2015-12-01 09:00:00,-0.994140625,1.1959686279296875,1.5552030546740223,"{""type"":""MultiPoint"",""coordinates"":[]}"
20151201T10,-12.553360853740477,-52.28821087761995,4075.1130555555555,97218.8125,0.3117024898529053,87.10944444444445,23.924783325195335,23.49610290527346,2015-12-01 10:00:00,-0.7077178955078125,0.804595947265625,1.0715592647997942,"{""type"":""MultiPoint"",""coordinates"":[]}"
20151201T11,-12.553360853740477,-52.28821087761995,4465.245833333333,97274.5078125,0.3117024898529053,400.5366666666667,25.845330810546898,24.456597900390648,2015-12-01 11:00:00,-0.8438873291015625,0.88482666015625,1.2227281148077984,"{""type"":""MultiPoint"",""coordinates"":[]}"
20151201T12,-12.553360853740477,-52.28821087761995,4860.652222222222,97346.34375,0.3117024898529053,957.8761111111111,27.882623291015648,24.987222290039085,2015-12-01 12:00:00,-0.80535888671875,0.792633056640625,1.1299867693456966,"{""type"":""MultiPoint"",""coordinates"":[]}"
20151201T13,-12.553360853740477,-52.28821087761995,5264.877222222222,97367.8984375,0.3181546926498413,1728.0205555555556,30.25141296386721,24.609582519531273,2015-12-01 13:00:00,-0.9597015380859375,0.7996826171875,1.2492074809399614,"{""type"":""MultiPoint"",""coordinates"":[]}"
20151201T14,-12.553360853740477,-52.28821087761995,5679.948888888889,97339.41796875,0.33248960971832275,2621.4166666666665,31.901422119140648,23.400598144531273,2015-12-01 14:00:00,-1.35333251953125,0.61004638671875,1.4844748237573462,"{""type"":""MultiPoint"",""coordinates"":[]}"
20151201T15,-12.553360853740477,-52.28821087761995,6105.413888888889,97263.92578125,0.340193510055542,3540.735,32.8245788574219,22.396081542968773,2015-12-01 15:00:00,-1.4297637939453125,0.1642913818359375,1.4391720413565765,"{""type"":""MultiPoint"",""coordinates"":[]}"
20151201T16,-12.553360853740477,-52.28821087761995,6537.334444444445,97174.84765625,0.340193510055542,4417.456666666667,33.38227233886721,21.783746337890648,2015-12-01 16:00:00,-1.4609832763671875,-0.1288604736328125,1.4666550908408815,"{""type"":""MultiPoint"",""coordinates"":[]}"
20151201T17,-12.553360853740477,-52.28821087761995,6975.858055555555,97089.484375,0.340193510055542,5282.463333333333,33.83741149902346,21.363442993164085,2015-12-01 17:00:00,-1.6313323974609375,-0.4324798583984375,1.687686054610271,"{""type"":""MultiPoint"",""coordinates"":[]}"
20151201T18,-12.553360853740477,-52.28821087761995,7418.580555555555,97009.21875,0.340193510055542,6001.702222222222,33.668618774414085,21.174584960937523,2015-12-01 18:00:00,-1.7009735107421875,-0.633941650390625,1.8152666196310094,"{""type"":""MultiPoint"",""coordinates"":[]}"
20151201T19,-12.553360853740477,-52.28821087761995,7854.958888888889,96961.921875,0.340193510055542,6618.648888888889,33.71045837402346,20.165002441406273,2015-12-01 19:00:00,-1.7209320068359375,-0.787933349609375,1.8927350410395578,"{""type"":""MultiPoint"",""coordinates"":[]}"
20151201T20,-12.553360853740477,-52.28821087761995,8288.482222222223,96924.2578125,0.340193510055542,7016.138888888889,32.35848388671877,22.05591735839846,2015-12-01 20:00:00,-1.070465087890625,-0.516387939453125,1.1885083122996354,"{""type"":""MultiPoint"",""coordinates"":[]}"
20151201T21,-12.553360853740477,-52.28821087761995,8718.193055555555,96916.0234375,0.340193510055542,7219.462222222222,31.120263671875023,23.339349365234398,2015-12-01 21:00:00,-1.22186279296875,-0.7945098876953125,1.4574617135578596,"{""type"":""MultiPoint"",""coordinates"":[]}"
20151201T22,-12.553360853740477,-52.28821087761995,9139.28611111111,96976.75390625,0.340193510055542,7247.218888888889,29.870584106445335,22.56434020996096,2015-12-01 22:00:00,-1.4387969970703125,-1.1416778564453125,1.8367267425167284,"{""type"":""MultiPoint"",""coordinates"":[]}"
20151201T23,-12.553360853740477,-52.28821087761995,9555.013888888889,97066.8203125,0.340193510055542,7247.218888888889,28.83686218261721,22.111550903320335,2015-12-01 23:00:00,-1.2859039306640625,-1.084381103515625,1.6820913460805422,"{""type"":""MultiPoint"",""coordinates"":[]}"
20151202T00,-12.553360853740477,-52.28821087761995,9968.441944444445,97170.38671875,0.340193510055542,7247.218888888889,28.156884765625023,22.14240417480471,2015-12-02 00:00:00,-1.04351806640625,-0.966552734375,1.4223762312567052,"{""type"":""MultiPoint"",""coordinates"":[]}"
20151202T01,-12.553360853740477,-52.28821087761995,409.5919097222222,97257.92578125,0.0,0.0,27.203424072265648,23.047204589843773,2015-12-02 01:00:00,-0.68994140625,-0.707855224609375,0.9884726415359285,"{""type"":""MultiPoint"",""coordinates"":[]}"
20151202T02,-12.553360853740477,-52.28821087761995,817.8365277777777,97303.70703125,0.0,0.0,27.722863769531273,21.978128051757835,2015-12-02 02:00:00,-0.0415191650390625,-0.2275238037109375,0.2312810461767979,"{""type"":""MultiPoint"",""coordinates"":[]}"
20151202T03,-12.553360853740477,-52.28821087761995,1222.6566319444444,97313.484375,0.0,0.0,26.24616394042971,22.870889282226585,2015-12-02 03:00:00,0.701934814453125,0.1078643798828125,0.7101740689358115,"{""type"":""MultiPoint"",""coordinates"":[]}"
20151202T04,-12.553360853740477,-52.28821087761995,1630.6220833333334,97275.20703125,0.0,0.0,25.404229736328148,22.720117187500023,2015-12-02 04:00:00,1.10107421875,-0.2952117919921875,1.1399624718942116,"{""type"":""MultiPoint"",""coordinates"":[]}"
20151202T05,-12.553360853740477,-52.28821087761995,2034.0055555555555,97243.14453125,0.0,0.0,25.136437988281273,22.42560729980471,2015-12-02 05:00:00,1.34881591796875,-0.548065185546875,1.4559120262482936,"{""type"":""MultiPoint"",""coordinates"":[]}"
20151202T06,-12.553360853740477,-52.28821087761995,2434.18375,97222.91796875,0.0,0.0,24.50373229980471,22.551324462890648,2015-12-02 06:00:00,1.3608245849609375,-0.1984710693359375,1.3752215517499202,"{""type"":""MultiPoint"",""coordinates"":[]}"
20151202T07,-12.553360853740477,-52.28821087761995,2833.156111111111,97144.83984375,0.0,0.0,24.209954833984398,22.44159851074221,2015-12-02 07:00:00,1.4581298828125,-0.3298492431640625,1.4949726681002231,"{""type"":""MultiPoint"",""coordinates"":[]}"
20151202T08,-12.553360853740477,-52.28821087761995,3223.764722222222,97156.92578125,4.351138045421976E-4,0.0,23.81757507324221,22.626672363281273,2015-12-02 08:00:00,1.459625244140625,-0.1116485595703125,1.463889085343116,"{""type"":""MultiPoint"",""coordinates"":[]}"
20151202T09,-12.553360853740477,-52.28821087761995,3612.038888888889,97183.7578125,4.351138613856165E-4,0.085,23.52778015136721,22.776651000976585,2015-12-02 09:00:00,1.42022705078125,0.3513641357421875,1.4630453279569509,"{""type"":""MultiPoint"",""coordinates"":[]}"
20151202T10,-12.553360853740477,-52.28821087761995,3999.193888888889,97211.2890625,4.351138613856165E-4,89.25777777777778,24.591119384765648,23.782312011718773,2015-12-02 10:00:00,0.7120819091796875,0.382720947265625,0.8084157153698127,"{""type"":""MultiPoint"",""coordinates"":[]}"
20151202T11,-12.553360853740477,-52.28821087761995,4389.243055555556,97254.78125,4.351138613856165E-4,408.4377777777778,28.09333190917971,24.790017700195335,2015-12-02 11:00:00,0.7854156494140625,0.5342254638671875,0.9498813550063109,"{""type"":""MultiPoint"",""coordinates"":[]}"
20151202T12,-12.553360853740477,-52.28821087761995,4788.381666666667,97307.26171875,4.351138613856165E-4,967.565,30.137200927734398,24.33210144042971,2015-12-02 12:00:00,0.761962890625,0.6012725830078125,0.9706266871287295,"{""type"":""MultiPoint"",""coordinates"":[]}"
20151202T13,-12.553360853740477,-52.28821087761995,5196.159166666666,97346.25390625,0.005710124924007687,1741.1627777777778,31.881829833984398,23.251275634765648,2015-12-02 13:00:00,0.5032501220703125,0.7410736083984375,0.8957961701349616,"{""type"":""MultiPoint"",""coordinates"":[]}"
20151202T14,-12.553360853740477,-52.28821087761995,5613.506666666667,97329.37109375,0.013220310165706906,2673.925,33.28278503417971,22.048852539062523,2015-12-02 14:00:00,0.2495574951171875,0.635284423828125,0.6825432166008228,"{""type"":""MultiPoint"",""coordinates"":[]}"
20151202T15,-12.553360853740477,-52.28821087761995,6039.595555555556,97257.796875,0.013220310165706906,3571.76,33.879067993164085,21.196939086914085,2015-12-02 15:00:00,0.1529998779296875,0.100616455078125,0.1831191788944774,"{""type"":""MultiPoint"",""coordinates"":[]}"
20151202T16,-12.553360853740477,-52.28821087761995,6470.765555555556,97152.40234375,0.013220310165706906,4515.067777777777,34.484658813476585,20.694787597656273,2015-12-02 16:00:00,-0.0033721923828125,-0.2171783447265625,0.21720452366292078,"{""type"":""MultiPoint"",""coordinates"":[]}"
20151202T17,-12.553360853740477,-52.28821087761995,6906.218888888889,97060.4609375,0.013220310165706906,5353.072222222222,34.68384704589846,20.307519531250023,2015-12-02 17:00:00,-0.164215087890625,-0.3959808349609375,0.4286810198122689,"{""type"":""MultiPoint"",""coordinates"":[]}"
20151202T18,-12.553360853740477,-52.28821087761995,7339.136666666666,96980.3671875,0.013220310165706906,6084.776666666667,34.49935302734377,19.91040954589846,2015-12-02 18:00:00,-0.1707000732421875,-0.5274658203125,0.5543994107165219,"{""type"":""MultiPoint"",""coordinates"":[]}"
20151202T19,-12.553360853740477,-52.28821087761995,7781.631111111111,96903.38671875,0.01451373088912078,6630.267777777778,33.986306762695335,20.326760864257835,2015-12-02 19:00:00,-0.8988037109375,0.2124786376953125,0.9235774370738368,"{""type"":""MultiPoint"",""coordinates"":[]}"
20151202T20,-12.553360853740477,-52.28821087761995,8209.386111111111,96887.5078125,0.1072287558372409,7013.3788888888885,31.854089355468773,23.939721679687523,2015-12-02 20:00:00,-0.1846771240234375,0.286956787109375,0.3412474729660328,"{""type"":""MultiPoint"",""coordinates"":[]}"
20151202T21,-12.553360853740477,-52.28821087761995,8639.427777777777,96873.375,0.10811090459128536,7195.771111111111,30.675683593750023,25.494805908203148,2015-12-02 21:00:00,0.0358734130859375,0.62030029296875,0.6213367486504813,"{""type"":""MultiPoint"",""coordinates"":[]}"
20151202T22,-12.553360853740477,-52.28821087761995,9060.066944444445,96934.6484375,0.10811090459128536,7224.432222222223,29.578530883789085,25.547174072265648,2015-12-02 22:00:00,0.1106719970703125,1.217620849609375,1.2226401041757904,"{""type"":""MultiPoint"",""coordinates"":[]}"
20151202T23,-12.553360853740477,-52.28821087761995,9480.414722222222,96989.109375,0.10809898373054239,7224.432222222223,28.545098876953148,25.367715454101585,2015-12-02 23:00:00,0.26434326171875,1.308197021484375,1.3346373316510736,"{""type"":""MultiPoint"",""coordinates"":[]}"
20151203T00,-12.553360853740477,-52.28821087761995,9899.860555555555,97086.46875,0.10809898373054239,7224.432222222223,27.893090820312523,25.12952575683596,2015-12-03 00:00:00,0.5192108154296875,1.3434295654296875,1.4402718035599253,"{""type"":""MultiPoint"",""coordinates"":[]}"
20151203T01,-12.553360853740477,-52.28821087761995,412.3084201388889,97135.13671875,0.0,0.0,27.239663696289085,24.801232910156273,2015-12-03 01:00:00,0.4845428466796875,1.4266815185546875,1.5067189272236425,"{""type"":""MultiPoint"",""coordinates"":[]}"
20151203T02,-12.553360853740477,-52.28821087761995,825.3533159722223,97172.81640625,0.0,0.0,26.84949645996096,24.271081542968773,2015-12-03 02:00:00,0.239776611328125,1.495880126953125,1.5149753059219466,"{""type"":""MultiPoint"",""coordinates"":[]}"
20151203T03,-12.553360853740477,-52.28821087761995,1235.8385590277778,97147.30859375,0.0,0.0,26.408959960937523,23.68805847167971,2015-12-03 03:00:00,0.003631591796875,1.602386474609375,1.6023905898594264,"{""type"":""MultiPoint"",""coordinates"":[]}"
20151203T04,-12.553360853740477,-52.28821087761995,1640.161388888889,97105.60546875,0.0,0.0,25.966516113281273,23.012307739257835,2015-12-03 04:00:00,-0.0163726806640625,1.6564788818359375,1.6565597938621368,"{""type"":""MultiPoint"",""coordinates"":[]}"
20151203T05,-12.553360853740477,-52.28821087761995,2047.3645833333333,97043.8125,0.0,0.0,25.714776611328148,22.437722778320335,2015-12-03 05:00:00,0.0190277099609375,1.5987091064453125,1.5988223355887692,"{""type"":""MultiPoint"",""coordinates"":[]}"
20151203T06,-12.553360853740477,-52.28821087761995,2448.384722222222,97007.3359375,0.0,0.0,25.335244750976585,22.093057250976585,2015-12-03 06:00:00,0.098602294921875,1.5620880126953125,1.565196911564245,"{""type"":""MultiPoint"",""coordinates"":[]}"
20151203T07,-12.553360853740477,-52.28821087761995,2839.0594444444446,97027.5390625,0.0,0.0,24.744470214843773,21.20307312011721,2015-12-03 07:00:00,-0.3616943359375,1.6183319091796875,1.6582584119848274,"{""type"":""MultiPoint"",""coordinates"":[]}"
20151203T08,-12.553360853740477,-52.28821087761995,3230.21,97079.29296875,0.0,0.0,24.47236022949221,20.966607666015648,2015-12-03 08:00:00,-0.469512939453125,1.5997467041015625,1.6672228158220863,"{""type"":""MultiPoint"",""coordinates"":[]}"
20151203T09,-12.553360853740477,-52.28821087761995,3618.8819444444443,97139.93359375,0.0,0.05388888888888889,24.242959594726585,20.838983154296898,2015-12-03 09:00:00,-0.5889892578125,1.5989227294921875,1.7039548822387482,"{""type"":""MultiPoint"",""coordinates"":[]}"
20151203T10,-12.553360853740477,-52.28821087761995,4005.117222222222,97203.44140625,0.0,89.24888888888889,24.913964843750023,21.71924743652346,2015-12-03 10:00:00,-0.454193115234375,1.292022705078125,1.3695305970892735,"{""type"":""MultiPoint"",""coordinates"":[]}"
20151203T11,-12.553360853740477,-52.28821087761995,4394.887222222223,97286.7109375,0.0,402.12,27.573602294921898,22.548745727539085,2015-12-03 11:00:00,-0.486175537109375,1.2489776611328125,1.3402655896845146,"{""type"":""MultiPoint"",""coordinates"":[]}"
20151203T12,-12.553360853740477,-52.28821087761995,4793.579166666666,97318.3046875,0.0,948.69,29.844949340820335,22.627908325195335,2015-12-03 12:00:00,-0.774627685546875,1.5606155395507812,1.7422884128361424,"{""type"":""MultiPoint"",""coordinates"":[]}"
20151203T13,-12.553360853740477,-52.28821087761995,5200.4475,97356.8671875,0.0,1702.8494444444445,31.782891845703148,22.488793945312523,2015-12-03 13:00:00,-0.9716033935546875,1.5530853271484375,1.8319626600372492,"{""type"":""MultiPoint"",""coordinates"":[]}"
20151203T14,-12.553360853740477,-52.28821087761995,5616.145833333333,97306.41015625,0.0,2606.326111111111,33.340066528320335,21.335488891601585,2015-12-03 14:00:00,-0.9778594970703125,1.1063385009765625,1.4765480265652289,"{""type"":""MultiPoint"",""coordinates"":[]}"
20151203T15,-12.553360853740477,-52.28821087761995,6038.863055555556,97250.74609375,0.0,3611.538888888889,34.48816833496096,19.638116455078148,2015-12-03 15:00:00,-0.8791351318359375,0.0964202880859375,0.8844068362370151,"{""type"":""MultiPoint"",""coordinates"":[]}"
20151203T16,-12.553360853740477,-52.28821087761995,6467.554722222222,97138.640625,0.0,4486.234444444444,34.75948486328127,19.033471679687523,2015-12-03 16:00:00,-0.7462158203125,-0.384521484375,0.8394610309184165,"{""type"":""MultiPoint"",""coordinates"":[]}"
20151203T17,-12.553360853740477,-52.28821087761995,6895.208055555556,97046.87890625,0.0,5331.358888888889,35.11823425292971,18.76392517089846,2015-12-03 17:00:00,-0.5762786865234375,-0.54864501953125,0.7956811434221777,"{""type"":""MultiPoint"",""coordinates"":[]}"
20151203T18,-12.553360853740477,-52.28821087761995,7324.468055555555,96956.23046875,0.0,6059.2011111111115,34.95607910156252,18.525125122070335,2015-12-03 18:00:00,-0.4491729736328125,-0.6202392578125,0.7658022572269843,"{""type"":""MultiPoint"",""coordinates"":[]}"
20151203T19,-12.553360853740477,-52.28821087761995,7754.248333333333,96851.3984375,0.0,6684.696666666667,35.13152465820315,18.694619750976585,2015-12-03 19:00:00,-0.74603271484375,-0.534088134765625,0.9175047396687172,"{""type"":""MultiPoint"",""coordinates"":[]}"
20151203T20,-12.553360853740477,-52.28821087761995,8188.204722222222,96799.80078125,0.0,7035.7155555555555,32.982095336914085,23.285882568359398,2015-12-03 20:00:00,-0.2822113037109375,-0.2311248779296875,0.36477654686155464,"{""type"":""MultiPoint"",""coordinates"":[]}"
20151203T21,-12.553360853740477,-52.28821087761995,8616.395,96776.3515625,0.0,7239.774444444444,31.58545837402346,25.885339355468773,2015-12-03 21:00:00,-0.09857177734375,-0.2996826171875,0.31547752112164107,"{""type"":""MultiPoint"",""coordinates"":[]}"
20151203T22,-12.553360853740477,-52.28821087761995,9038.309722222222,96824.58203125,0.0,7265.025555555556,30.540139770507835,26.091790771484398,2015-12-03 22:00:00,0.4239044189453125,-0.5354461669921875,0.6829330524641406,"{""type"":""MultiPoint"",""coordinates"":[]}"
20151203T23,-12.553360853740477,-52.28821087761995,9450.572777777777,96907.2109375,0.0,7265.025555555556,29.328286743164085,24.866387939453148,2015-12-03 23:00:00,1.1151275634765625,-0.48779296875,1.217148907565181,"{""type"":""MultiPoint"",""coordinates"":[]}"
20151204T00,-12.553360853740477,-52.28821087761995,9859.343611111111,97020.87890625,0.0,7265.025555555556,28.365960693359398,24.47266540527346,2015-12-04 00:00:00,1.5341949462890625,-0.3125762939453125,1.5657132792294655,"{""type"":""MultiPoint"",""coordinates"":[]}"
20151204T01,-12.553360853740477,-52.28821087761995,401.97828125,97097.01953125,0.0,0.0,27.35834655761721,24.275659179687523,2015-12-04 01:00:00,1.6480560302734375,-0.19683837890625,1.659769269004304,"{""type"":""MultiPoint"",""coordinates"":[]}"
20151204T02,-12.553360853740477,-52.28821087761995,804.3943229166666,97129.37109375,0.0,0.0,26.71674499511721,24.041223144531273,2015-12-04 02:00:00,1.5862922668457031,-0.253082275390625,1.6063541931875969,"{""type"":""MultiPoint"",""coordinates"":[]}"
20151204T03,-12.553360853740477,-52.28821087761995,1205.6090104166667,97126.76171875,0.0,0.0,26.23652038574221,23.785623168945335,2015-12-04 03:00:00,1.5490150451660156,-0.2869873046875,1.575375930755091,"{""type"":""MultiPoint"",""coordinates"":[]}"
20151204T04,-12.553360853740477,-52.28821087761995,1603.5425,97092.56640625,0.0,0.0,25.786645507812523,23.516641235351585,2015-12-04 04:00:00,1.5629920959472656,-0.116546630859375,1.5673313016584265,"{""type"":""MultiPoint"",""coordinates"":[]}"
20151204T05,-12.553360853740477,-52.28821087761995,2003.995138888889,97042.98046875,0.0,0.0,25.467126464843773,23.277459716796898,2015-12-04 05:00:00,1.4526081085205078,0.29083251953125,1.481436421638277,"{""type"":""MultiPoint"",""coordinates"":[]}"
20151204T06,-12.553360853740477,-52.28821087761995,2403.618611111111,97019.11328125,0.0,0.0,25.147073364257835,23.157128906250023,2015-12-04 06:00:00,1.2589130401611328,0.69036865234375,1.4357823368556502,"{""type"":""MultiPoint"",""coordinates"":[]}"
20151204T07,-12.553360853740477,-52.28821087761995,2800.340277777778,97027.28515625,0.0,0.0,24.740563964843773,22.610040283203148,2015-12-04 07:00:00,0.930633544921875,1.0633087158203125,1.4130478477649997,"{""type"":""MultiPoint"",""coordinates"":[]}"
20151204T08,-12.553360853740477,-52.28821087761995,3198.430277777778,97081.37109375,0.0,0.0,24.547753906250023,22.601281738281273,2015-12-04 08:00:00,0.7688007354736328,1.0616035461425781,1.310746604057129,"{""type"":""MultiPoint"",""coordinates"":[]}"
20151204T09,-12.553360853740477,-52.28821087761995,3596.311111111111,97116.1171875,0.0,0.05388888888888889,24.366479492187523,22.626016235351585,2015-12-04 09:00:00,0.7368316650390625,1.0114097595214844,1.2513475153847329,"{""type"":""MultiPoint"",""coordinates"":[]}"
20151204T10,-12.553360853740477,-52.28821087761995,3990.7655555555557,97214.27734375,8.52346317969932E-4,84.95277777777778,25.19513854980471,23.284158325195335,2015-12-04 10:00:00,0.4183197021484375,0.510833740234375,0.660259406118079,"{""type"":""MultiPoint"",""coordinates"":[]}"
20151204T11,-12.553360853740477,-52.28821087761995,4393.018333333333,97289.296875,8.52346317969932E-4,372.9583333333333,27.702310180664085,23.53821716308596,2015-12-04 11:00:00,0.4511871337890625,0.5821065902709961,0.7364902661500115,"{""type"":""MultiPoint"",""coordinates"":[]}"
20151204T12,-12.553360853740477,-52.28821087761995,4808.012222222223,97316.73046875,8.523463748133508E-4,813.9433333333334,29.437722778320335,23.411904907226585,2015-12-04 12:00:00,0.2298126220703125,0.6211929321289062,0.6623401695426152,"{""type"":""MultiPoint"",""coordinates"":[]}"
20151204T13,-12.553360853740477,-52.28821087761995,5228.9719444444445,97292.015625,0.01801848407012585,1499.9316666666666,31.320108032226585,22.832803344726585,2015-12-04 13:00:00,-0.252288818359375,0.2712821960449219,0.370464138291583,"{""type"":""MultiPoint"",""coordinates"":[]}"
20151204T14,-12.553360853740477,-52.28821087761995,5655.025,97244.9921875,0.07130503649932507,2353.766111111111,32.555642700195335,22.038796997070335,2015-12-04 14:00:00,-0.3725128173828125,-0.5254974365234375,0.6441376831914003,"{""type"":""MultiPoint"",""coordinates"":[]}"
20151204T15,-12.553360853740477,-52.28821087761995,6091.177222222223,97153.86328125,0.13621449465972546,3254.826666666667,33.2294860839844,21.55347595214846,2015-12-04 15:00:00,-0.1127777099609375,-1.218780517578125,1.2239872392684639,"{""type"":""MultiPoint"",""coordinates"":[]}"
20151204T16,-12.553360853740477,-52.28821087761995,6532.128333333333,97055.953125,0.1862525939486659,4098.402222222222,33.23047790527346,21.83930358886721,2015-12-04 16:00:00,0.30035400390625,-1.34417724609375,1.3773253052850998,"{""type"":""MultiPoint"",""coordinates"":[]}"
20151204T17,-12.553360853740477,-52.28821087761995,6972.618888888889,96976.23046875,0.6211578845523036,4816.175555555556,31.711968994140648,23.169656372070335,2015-12-04 17:00:00,0.5474395751953125,-0.6564140319824219,0.8547335666004022,"{""type"":""MultiPoint"",""coordinates"":[]}"
20151204T18,-12.553360853740477,-52.28821087761995,7407.080555555555,96871.82421875,0.6930708884738124,5480.205555555555,32.12093505859377,22.73938903808596,2015-12-04 18:00:00,0.1396331787109375,-0.33774280548095703,0.3654690510167286,"{""type"":""MultiPoint"",""coordinates"":[]}"
20151204T19,-12.553360853740477,-52.28821087761995,7831.808888888889,96928.24609375,0.7027566432498134,6041.54,31.621209716796898,21.820535278320335,2015-12-04 19:00:00,1.258056640625,-0.5078277587890625,1.3566854991549746,"{""type"":""MultiPoint"",""coordinates"":[]}"
20151204T20,-12.553360853740477,-52.28821087761995,8254.181111111111,96844.71875,0.7027566432498134,6438.671111111111,31.183984375000023,22.072488403320335,2015-12-04 20:00:00,0.8248443603515625,-0.1012115478515625,0.8310306830811287,"{""type"":""MultiPoint"",""coordinates"":[]}"
20151204T21,-12.553360853740477,-52.28821087761995,8672.584444444445,96825.6328125,0.7027566432498134,6611.937777777778,29.581994628906273,24.669366455078148,2015-12-04 21:00:00,0.137237548828125,-0.1372079849243164,0.19406229910867137,"{""type"":""MultiPoint"",""coordinates"":[]}"
20151204T22,-12.553360853740477,-52.28821087761995,9088.788888888888,96952.3203125,0.7027566432498134,6638.533333333334,28.849084472656273,24.745690917968773,2015-12-04 22:00:00,0.3657989501953125,-0.9551849365234375,1.0228328968728353,"{""type"":""MultiPoint"",""coordinates"":[]}"
20151204T23,-12.553360853740477,-52.28821087761995,9505.593333333334,97070.21875,0.7027566432498134,6638.533333333334,28.00116882324221,24.162866210937523,2015-12-04 23:00:00,0.7769622802734375,-1.2571868896484375,1.4779002877297278,"{""type"":""MultiPoint"",""coordinates"":[]}"
20151205T00,-12.553360853740477,-52.28821087761995,9917.586944444445,97163.94921875,0.7027566432498134,6638.533333333334,27.199853515625023,23.676843261718773,2015-12-05 00:00:00,1.0041656494140625,-1.0888671875,1.481209101874994,"{""type"":""MultiPoint"",""coordinates"":[]}"
20151205T01,-12.553360853740477,-52.28821087761995,408.73692708333334,97248.29296875,0.0,0.0,26.60578308105471,23.524133300781273,2015-12-05 01:00:00,1.3052215576171875,-0.6542205810546875,1.4600026997044115,"{""type"":""MultiPoint"",""coordinates"":[]}"
20151205T02,-12.553360853740477,-52.28821087761995,815.1699826388889,97265.203125,0.0,0.0,26.051263427734398,23.54456481933596,2015-12-05 02:00:00,1.3941802978515625,-0.26708984375,1.4195336162105747,"{""type"":""MultiPoint"",""coordinates"":[]}"
20151205T03,-12.553360853740477,-52.28821087761995,1219.5640277777777,97274.85546875,0.0,0.0,25.63422546386721,23.64936218261721,2015-12-05 03:00:00,1.266082763671875,-0.33380126953125,1.3093467271917272,"{""type"":""MultiPoint"",""coordinates"":[]}"
20151205T04,-12.553360853740477,-52.28821087761995,1623.54375,97216.8671875,0.0,0.0,25.237634277343773,23.761041259765648,2015-12-05 04:00:00,1.267364501953125,-0.1712493896484375,1.2788819860588603,"{""type"":""MultiPoint"",""coordinates"":[]}"
20151205T05,-12.553360853740477,-52.28821087761995,2026.7509722222221,97147.51953125,0.0,0.0,24.921655273437523,23.865823364257835,2015-12-05 05:00:00,1.1775360107421875,-0.1777801513671875,1.1908806988169576,"{""type"":""MultiPoint"",""coordinates"":[]}"
20151205T06,-12.553360853740477,-52.28821087761995,2430.7155555555555,97111.03515625,0.0,0.0,24.677209472656273,23.942361450195335,2015-12-05 06:00:00,1.0408935546875,-0.3827056884765625,1.1090189521294482,"{""type"":""MultiPoint"",""coordinates"":[]}"
20151205T07,-12.553360853740477,-52.28821087761995,2836.1497222222224,97047.91015625,0.0,0.0,24.640618896484398,23.554544067382835,2015-12-05 07:00:00,0.916748046875,-0.7566070556640625,1.1886468012533282,"{""type"":""MultiPoint"",""coordinates"":[]}"
20151205T08,-12.553360853740477,-52.28821087761995,3238.198611111111,97130.625,7.897615432739258E-4,0.0,24.453973388671898,23.551553344726585,2015-12-05 08:00:00,1.23095703125,-0.444366455078125,1.3087080496361718,"{""type"":""MultiPoint"",""coordinates"":[]}"
20151205T09,-12.553360853740477,-52.28821087761995,3646.0,97197.80859375,1.0678023099899292,0.03111111111111111,24.041116333007835,23.209619140625023,2015-12-05 09:00:00,1.463775634765625,0.181427001953125,1.4749762255613503,"{""type"":""MultiPoint"",""coordinates"":[]}"
20151205T10,-12.553360853740477,-52.28821087761995,4058.0416666666665,97343.6171875,3.270357847213745,39.33611111111111,23.715295410156273,22.972680664062523,2015-12-05 10:00:00,1.7100067138671875,0.2914276123046875,1.7346622191897962,"{""type"":""MultiPoint"",""coordinates"":[]}"
20151205T11,-12.553360853740477,-52.28821087761995,4476.646111111111,97437.36328125,3.7626922130584717,151.50166666666667,24.127770996093773,23.17023620605471,2015-12-05 11:00:00,1.141204833984375,0.032257080078125,1.1416606292258973,"{""type"":""MultiPoint"",""coordinates"":[]}"
20151205T12,-12.553360853740477,-52.28821087761995,4902.4077777777775,97468.19921875,3.805994987487793,323.8066666666667,24.843423461914085,23.23676452636721,2015-12-05 12:00:00,0.579620361328125,-0.3460540771484375,0.6750653209706472,"{""type"":""MultiPoint"",""coordinates"":[]}"
20151205T13,-12.553360853740477,-52.28821087761995,5323.381666666667,97496.56640625,3.9871633052825928,826.6294444444444,26.87330017089846,23.619241333007835,2015-12-05 13:00:00,0.1433563232421875,-0.7088623046875,0.7232128334179314,"{""type"":""MultiPoint"",""coordinates"":[]}"
20151205T14,-12.553360853740477,-52.28821087761995,5759.326944444444,97471.90625,4.474759101867676,1304.8838888888888,27.18689880371096,23.961328125000023,2015-12-05 14:00:00,0.161712646484375,-0.6950531005859375,0.7136173993584418,"{""type"":""MultiPoint"",""coordinates"":[]}"
20151205T15,-12.553360853740477,-52.28821087761995,6197.313888888889,97417.46484375,4.755467176437378,1836.3233333333333,27.88019714355471,24.187005615234398,2015-12-05 15:00:00,0.1223297119140625,-0.6882781982421875,0.6990646869871839,"{""type"":""MultiPoint"",""coordinates"":[]}"
20151205T16,-12.553360853740477,-52.28821087761995,6634.873611111111,97309.1640625,5.184993147850037,2453.6355555555556,28.655633544921898,24.513024902343773,2015-12-05 16:00:00,-0.2096099853515625,-0.5513916015625,0.5898890100965952,"{""type"":""MultiPoint"",""coordinates"":[]}"
20151205T17,-12.553360853740477,-52.28821087761995,7074.590277777777,97154.87890625,7.815241813659668,2995.9733333333334,27.91584167480471,25.20032653808596,2015-12-05 17:00:00,-0.1756591796875,-0.5024948120117188,0.5323130502882472,"{""type"":""MultiPoint"",""coordinates"":[]}"
20151205T18,-12.553360853740477,-52.28821087761995,7507.5,97063.59765625,11.368274688720703,3503.4444444444443,27.221673583984398,24.311624145507835,2015-12-05 18:00:00,0.4440460205078125,-0.39264774322509766,0.5927470949642747,"{""type"":""MultiPoint"",""coordinates"":[]}"
20151205T19,-12.553360853740477,-52.28821087761995,7933.999722222222,97084.62890625,12.233257293701172,3856.4577777777777,26.450402832031273,24.203271484375023,2015-12-05 19:00:00,0.6570587158203125,0.2309112548828125,0.6964525566519182,"{""type"":""MultiPoint"",""coordinates"":[]}"
20151205T20,-12.553360853740477,-52.28821087761995,8350.183611111112,97029.1328125,12.392789125442505,4039.108888888889,25.851419067382835,23.797326660156273,2015-12-05 20:00:00,0.5983428955078125,-0.4106884002685547,0.7257266584050897,"{""type"":""MultiPoint"",""coordinates"":[]}"
20151205T21,-12.553360853740477,-52.28821087761995,8762.685833333333,96977.49609375,12.403935194015503,4144.508888888889,25.33197937011721,23.93830261230471,2015-12-05 21:00:00,0.344451904296875,0.008197784423828125,0.34454944208807403,"{""type"":""MultiPoint"",""coordinates"":[]}"
20151205T22,-12.553360853740477,-52.28821087761995,9170.891666666666,97084.44921875,12.403935194015503,4162.841111111111,25.05872497558596,23.595025634765648,2015-12-05 22:00:00,0.5776519775390625,-0.300262451171875,0.6510294515139328,"{""type"":""MultiPoint"",""coordinates"":[]}"
20151205T23,-12.553360853740477,-52.28821087761995,9577.020555555555,97177.72265625,12.403935194015503,4162.841111111111,24.627908325195335,23.612207031250023,2015-12-05 23:00:00,0.5891876220703125,-0.2587890625,0.643516769688637,"{""type"":""MultiPoint"",""coordinates"":[]}"
20151206T00,-12.553360853740477,-52.28821087761995,9983.365555555556,97309.62109375,12.403935194015503,4162.841111111111,24.252725219726585,23.620416259765648,2015-12-06 00:00:00,0.426177978515625,-0.5491485595703125,0.6951199967270497,"{""type"":""MultiPoint"",""coordinates"":[]}"
20151206T01,-12.553360853740477,-52.28821087761995,406.87847222222223,97421.30078125,0.0,0.0,23.995828247070335,23.57489929199221,2015-12-06 01:00:00,0.465667724609375,-0.644500732421875,0.7951274261621253,"{""type"":""MultiPoint"",""coordinates"":[]}"
20151206T02,-12.553360853740477,-52.28821087761995,813.2713541666667,97426.21484375,0.0,0.0,23.819741821289085,23.465570068359398,2015-12-06 02:00:00,0.8359832763671875,-0.428619384765625,0.9394586820943646,"{""type"":""MultiPoint"",""coordinates"":[]}"
20151206T03,-12.553360853740477,-52.28821087761995,1215.6723784722221,97450.8046875,0.0,0.0,23.636636352539085,23.345147705078148,2015-12-06 03:00:00,1.1221771240234375,-0.1526031494140625,1.1325057257659248,"{""type"":""MultiPoint"",""coordinates"":[]}"
20151206T04,-12.553360853740477,-52.28821087761995,1623.88625,97395.27734375,0.0,0.0,23.563333129882835,23.200952148437523,2015-12-06 04:00:00,1.1104736328125,-0.003204345703125,1.1104782559794568,"{""type"":""MultiPoint"",""coordinates"":[]}"
20151206T05,-12.553360853740477,-52.28821087761995,2036.495138888889,97338.75390625,6.92903995513916E-4,0.0,23.555841064453148,22.999063110351585,2015-12-06 05:00:00,1.0655975341796875,-0.220245361328125,1.0881204547458827,"{""type"":""MultiPoint"",""coordinates"":[]}"
20151206T06,-12.553360853740477,-52.28821087761995,2450.7541666666666,97301.6171875,0.012949109077453613,0.0,23.53876647949221,22.796411132812523,2015-12-06 06:00:00,0.898773193359375,-0.5161285400390625,1.0364274807936456,"{""type"":""MultiPoint"",""coordinates"":[]}"
20151206T07,-12.553360853740477,-52.28821087761995,2858.1691666666666,97219.52734375,0.012949109077453613,0.0,23.35755310058596,22.843347167968773,2015-12-06 07:00:00,0.5743865966796875,-0.5993804931640625,0.8301668133760038,"{""type"":""MultiPoint"",""coordinates"":[]}"
20151206T08,-12.553360853740477,-52.28821087761995,3252.6266666666666,97272.1796875,0.01383125771781124,0.0,22.966958618164085,22.666787719726585,2015-12-06 08:00:00,0.661407470703125,-0.6424560546875,0.9220681235714274,"{""type"":""MultiPoint"",""coordinates"":[]}"
20151206T09,-12.553360853740477,-52.28821087761995,3654.5802777777776,97294.2734375,0.013846158879005088,0.03111111111111111,22.807397460937523,22.564736938476585,2015-12-06 09:00:00,0.466949462890625,-0.6157989501953125,0.7728196089356766,"{""type"":""MultiPoint"",""coordinates"":[]}"
20151206T10,-12.553360853740477,-52.28821087761995,4058.005833333333,97337.703125,0.013846158879005088,64.93277777777777,23.789773559570335,22.937768554687523,2015-12-06 10:00:00,0.244049072265625,-0.3366241455078125,0.41578331497617504,"{""type"":""MultiPoint"",""coordinates"":[]}"
20151206T11,-12.553360853740477,-52.28821087761995,4456.226944444445,97415.390625,0.013846158879005088,335.97444444444443,25.49976501464846,23.060906982421898,2015-12-06 11:00:00,0.4921875,-0.321136474609375,0.5876879873545041,"{""type"":""MultiPoint"",""coordinates"":[]}"
20151206T12,-12.553360853740477,-52.28821087761995,4860.640833333333,97436.5625,0.10960102071067013,810.1983333333334,27.024468994140648,23.07129821777346,2015-12-06 12:00:00,1.0206146240234375,-0.438262939453125,1.110733368036,"{""type"":""MultiPoint"",""coordinates"":[]}"
20151206T13,-12.553360853740477,-52.28821087761995,5271.924722222222,97449.0859375,0.2675235270430676,1435.6827777777778,28.297097778320335,23.34497985839846,2015-12-06 13:00:00,0.8523101806640625,-0.579803466796875,1.030827194137447,"{""type"":""MultiPoint"",""coordinates"":[]}"
20151206T14,-12.553360853740477,-52.28821087761995,5690.120277777778,97405.703125,0.4179954527785412,2218.7122222222224,29.458947753906273,23.53925476074221,2015-12-06 14:00:00,0.5849456787109375,-0.7409515380859375,0.9440183413655244,"{""type"":""MultiPoint"",""coordinates"":[]}"
20151206T15,-12.553360853740477,-52.28821087761995,6109.668888888889,97323.41015625,0.5763649939467541,3092.518888888889,30.395959472656273,23.408135986328148,2015-12-06 15:00:00,0.877838134765625,-0.8468780517578125,1.2197549858057148,"{""type"":""MultiPoint"",""coordinates"":[]}"
20151206T16,-12.553360853740477,-52.28821087761995,6540.913333333333,97220.3359375,0.74930787076255,3825.688888888889,30.354272460937523,22.885049438476585,2015-12-06 16:00:00,1.31158447265625,-0.6224212646484375,1.4517789293138035,"{""type"":""MultiPoint"",""coordinates"":[]}"
20151206T17,-12.553360853740477,-52.28821087761995,6971.9591666666665,97110.94921875,4.002469777958595,4580.894444444444,29.04749450683596,24.08228454589846,2015-12-06 17:00:00,1.5171661376953125,-0.24658203125,1.5370737742557081,"{""type"":""MultiPoint"",""coordinates"":[]}"
20151206T18,-12.553360853740477,-52.28821087761995,7401.203333333333,96973.17578125,6.684172153370582,5120.272222222222,27.95374450683596,24.730279541015648,2015-12-06 18:00:00,0.5179290771484375,0.2739105224609375,0.5858988848518624,"{""type"":""MultiPoint"",""coordinates"":[]}"
20151206T19,-12.553360853740477,-52.28821087761995,7824.325277777778,97104.46484375,9.366500377552711,5519.001111111111,27.615197753906273,23.447198486328148,2015-12-06 19:00:00,0.17236328125,-0.6532745361328125,0.6756306093441948,"{""type"":""MultiPoint"",""coordinates"":[]}"
20151206T20,-12.553360853740477,-52.28821087761995,8243.568611111112,97086.59765625,9.64647531503715,5765.861111111111,26.757745361328148,23.99158630371096,2015-12-06 20:00:00,0.08258056640625,-0.44366455078125,0.45128459265512866,"{""type"":""MultiPoint"",""coordinates"":[]}"
20151206T21,-12.553360853740477,-52.28821087761995,8663.026944444444,97031.5859375,9.647083282459334,5876.464444444445,26.00690612792971,24.16327819824221,2015-12-06 21:00:00,-0.1298065185546875,-0.1014862060546875,0.16477008915049757,"{""type"":""MultiPoint"",""coordinates"":[]}"
20151206T22,-12.553360853740477,-52.28821087761995,9070.491944444444,97103.19140625,9.64707732197212,5898.572222222222,25.532876586914085,24.093240356445335,2015-12-06 22:00:00,0.075469970703125,0.1309356689453125,0.15112864017150096,"{""type"":""MultiPoint"",""coordinates"":[]}"
20151206T23,-12.553360853740477,-52.28821087761995,9478.093055555555,97208.01171875,9.647079199453401,5898.572222222222,25.129434204101585,24.075006103515648,2015-12-06 23:00:00,0.1961517333984375,-0.0579376220703125,0.20452938802620532,"{""type"":""MultiPoint"",""coordinates"":[]}"
20151207T00,-12.553360853740477,-52.28821087761995,9877.828611111112,97329.91015625,9.647079199453401,5898.572222222222,24.27314147949221,23.90192565917971,2015-12-07 00:00:00,0.138519287109375,-0.4668292999267578,0.4869468021985526,"{""type"":""MultiPoint"",""coordinates"":[]}"
20151207T01,-12.553360853740477,-52.28821087761995,397.6557638888889,97391.9765625,0.0,0.0,23.989739990234398,23.750634765625023,2015-12-07 01:00:00,-0.1062164306640625,-0.5131473541259766,0.5240249394728308,"{""type"":""MultiPoint"",""coordinates"":[]}"
20151207T02,-12.553360853740477,-52.28821087761995,795.0883680555555,97419.18359375,0.0,0.0,23.770043945312523,23.66211853027346,2015-12-07 02:00:00,0.0330352783203125,-0.5021209716796875,0.5032065180562092,"{""type"":""MultiPoint"",""coordinates"":[]}"
20151207T03,-12.553360853740477,-52.28821087761995,1194.7941493055555,97390.046875,0.0,0.0,23.196710205078148,23.15851745605471,2015-12-07 03:00:00,0.70159912109375,-0.3203277587890625,0.7712659721330549,"{""type"":""MultiPoint"",""coordinates"":[]}"
20151207T04,-12.553360853740477,-52.28821087761995,1596.0958333333333,97308.68359375,0.0,0.0,22.962609863281273,22.919458007812523,2015-12-07 04:00:00,0.88458251953125,-0.122802734375,0.8930659244592367,"{""type"":""MultiPoint"",""coordinates"":[]}"
20151207T05,-12.553360853740477,-52.28821087761995,1986.5202777777777,97200.22265625,0.0,0.0,22.57105407714846,22.537881469726585,2015-12-07 05:00:00,0.8962554931640625,-0.0458831787109375,0.8974292034001216,"{""type"":""MultiPoint"",""coordinates"":[]}"
20151207T06,-12.553360853740477,-52.28821087761995,2373.1930555555555,97142.89453125,0.0,0.0,22.190698242187523,22.17035827636721,2015-12-07 06:00:00,0.951324462890625,0.21066665649414062,0.9743709118464879,"{""type"":""MultiPoint"",""coordinates"":[]}"
20151207T07,-12.553360853740477,-52.28821087761995,2754.3777777777777,97078.97265625,0.0,0.0,21.81891784667971,21.78040466308596,2015-12-07 07:00:00,1.0538787841796875,0.17769813537597656,1.068754938730182,"{""type"":""MultiPoint"",""coordinates"":[]}"
20151207T08,-12.553360853740477,-52.28821087761995,3133.2925,97100.609375,0.0,0.0,21.469079589843773,21.436257934570335,2015-12-07 08:00:00,0.9989013671875,0.21759033203125,1.022325532285351,"{""type"":""MultiPoint"",""coordinates"":[]}"
20151207T09,-12.553360853740477,-52.28821087761995,3517.0183333333334,97139.36328125,0.0,0.0,21.369165039062523,21.33423767089846,2015-12-07 09:00:00,0.8166351318359375,0.2083892822265625,0.842804266419909,"{""type"":""MultiPoint"",""coordinates"":[]}"
20151207T10,-12.553360853740477,-52.28821087761995,3903.1111111111113,97219.82421875,0.0,78.05722222222222,23.075311279296898,22.65918884277346,2015-12-07 10:00:00,0.2318115234375,0.0960693359375,0.25093006935376805,"{""type"":""MultiPoint"",""coordinates"":[]}"
20151207T11,-12.553360853740477,-52.28821087761995,4293.586666666667,97312.375,0.0,372.2894444444444,25.710107421875023,23.796472167968773,2015-12-07 11:00:00,0.2281341552734375,0.0880889892578125,0.2445503278075658,"{""type"":""MultiPoint"",""coordinates"":[]}"
20151207T12,-12.553360853740477,-52.28821087761995,4682.385,97348.375,0.0,924.7822222222222,27.636621093750023,22.694177246093773,2015-12-07 12:00:00,0.313873291015625,0.031497955322265625,0.3154497804761681,"{""type"":""MultiPoint"",""coordinates"":[]}"
20151207T13,-12.553360853740477,-52.28821087761995,5081.488333333334,97389.13671875,0.012889504432678223,1686.0066666666667,29.382669067382835,22.018792724609398,2015-12-07 13:00:00,0.0928802490234375,-0.04334831237792969,0.10249788702539353,"{""type"":""MultiPoint"",""coordinates"":[]}"
20151207T14,-12.553360853740477,-52.28821087761995,5491.741388888889,97341.19140625,0.05692243576049805,2553.4822222222224,30.387109375000023,21.274102783203148,2015-12-07 14:00:00,0.0152740478515625,-0.2844676971435547,0.2848774600699904,"{""type"":""MultiPoint"",""coordinates"":[]}"
20151207T15,-12.553360853740477,-52.28821087761995,5906.482777777778,97283.58203125,0.09414553642272949,3526.306666666667,31.251992797851585,20.791726684570335,2015-12-07 15:00:00,0.1346588134765625,-0.43744659423828125,0.4577035272505414,"{""type"":""MultiPoint"",""coordinates"":[]}"
20151207T16,-12.553360853740477,-52.28821087761995,6326.120277777778,97199.48828125,0.09867548942565918,4385.553333333333,31.578225708007835,20.64344177246096,2015-12-07 16:00:00,0.2913055419921875,-0.5230083465576172,0.5986623834552283,"{""type"":""MultiPoint"",""coordinates"":[]}"
20151207T17,-12.553360853740477,-52.28821087761995,6749.213611111111,97091.19140625,0.09867548942565918,5147.883333333333,31.62299499511721,20.78302917480471,2015-12-07 17:00:00,0.241180419921875,-0.44373130798339844,0.5050400663693422,"{""type"":""MultiPoint"",""coordinates"":[]}"
20151207T18,-12.553360853740477,-52.28821087761995,7175.165,96988.1953125,0.09867548942565918,5890.522222222222,31.983697509765648,21.304742431640648,2015-12-07 18:00:00,0.07440185546875,-0.16344642639160156,0.17958388122929628,"{""type"":""MultiPoint"",""coordinates"":[]}"
20151207T19,-12.553360853740477,-52.28821087761995,7601.421666666667,96943.875,0.11870265007019043,6481.546666666667,31.93274841308596,21.988763427734398,2015-12-07 19:00:00,-0.4438323974609375,0.113525390625,0.45812139368565014,"{""type"":""MultiPoint"",""coordinates"":[]}"
20151207T20,-12.553360853740477,-52.28821087761995,8026.9783333333335,96918.9140625,0.3396570682525635,6869.6611111111115,29.77869567871096,22.786004638671898,2015-12-07 20:00:00,-0.6224822998046875,-0.11073493957519531,0.6322550438018308,"{""type"":""MultiPoint"",""coordinates"":[]}"
20151207T21,-12.553360853740477,-52.28821087761995,8452.124444444444,96905.3359375,0.34353137016296387,7052.081111111111,28.556802368164085,24.560815429687523,2015-12-07 21:00:00,0.0043792724609375,0.1786670684814453,0.17872073015473217,"{""type"":""MultiPoint"",""coordinates"":[]}"
20151207T22,-12.553360853740477,-52.28821087761995,8873.8875,96965.1953125,0.34353137016296387,7074.948888888889,27.920022583007835,24.701882934570335,2015-12-07 22:00:00,-0.315277099609375,-0.011829376220703125,0.3154989440233845,"{""type"":""MultiPoint"",""coordinates"":[]}"
20151207T23,-12.553360853740477,-52.28821087761995,9293.261388888888,97064.0234375,0.34353137016296387,7074.948888888889,27.580682373046898,24.693643188476585,2015-12-07 23:00:00,-0.28912353515625,0.005344390869140625,0.2891729259370757,"{""type"":""MultiPoint"",""coordinates"":[]}"
20151208T00,-12.553360853740477,-52.28821087761995,9709.248055555556,97197.55078125,0.3444135188033215,7074.948888888889,26.516213989257835,24.99762878417971,2015-12-08 00:00:00,0.3483123779296875,0.4961700439453125,0.6062229170261768,"{""type"":""MultiPoint"",""coordinates"":[]}"
20151208T01,-12.553360853740477,-52.28821087761995,410.43895833333335,97250.3984375,0.0,0.0,25.921594238281273,24.817422485351585,2015-12-08 01:00:00,0.4529571533203125,0.5194549560546875,0.6892050740627338,"{""type"":""MultiPoint"",""coordinates"":[]}"
20151208T02,-12.553360853740477,-52.28821087761995,816.7911805555556,97280.51171875,0.0,0.0,25.430383300781273,24.56000671386721,2015-12-08 02:00:00,0.5225372314453125,0.3340606689453125,0.6201948796811545,"{""type"":""MultiPoint"",""coordinates"":[]}"
20151208T03,-12.553360853740477,-52.28821087761995,1219.6541319444445,97267.546875,0.0,0.0,24.994470214843773,24.355004882812523,2015-12-08 03:00:00,0.5858154296875,0.0112152099609375,0.5859227752822194,"{""type"":""MultiPoint"",""coordinates"":[]}"
20151208T04,-12.553360853740477,-52.28821087761995,1618.0009722222221,97184.4453125,0.0,0.0,24.186334228515648,23.89222106933596,2015-12-08 04:00:00,0.921875,-0.03424072265625,0.9225106734954465,"{""type"":""MultiPoint"",""coordinates"":[]}"
20151208T05,-12.553360853740477,-52.28821087761995,2014.3879166666666,97094.8515625,0.0,0.0,23.738305664062523,23.602288818359398,2015-12-08 05:00:00,1.13433837890625,-0.0437469482421875,1.1351816389195888,"{""type"":""MultiPoint"",""coordinates"":[]}"
20151208T06,-12.553360853740477,-52.28821087761995,2410.5266666666666,97055.234375,0.0,0.0,23.454522705078148,23.369607543945335,2015-12-08 06:00:00,0.9246063232421875,-0.27573394775390625,0.9648450978905321,"{""type"":""MultiPoint"",""coordinates"":[]}"
20151208T07,-12.553360853740477,-52.28821087761995,2804.3725,97062.05078125,0.0,0.0,23.42151794433596,23.272134399414085,2015-12-08 07:00:00,0.813232421875,-0.12237358093261719,0.8223881475914824,"{""type"":""MultiPoint"",""coordinates"":[]}"
20151208T08,-12.553360853740477,-52.28821087761995,3199.7391666666667,97101.34375,0.0,0.0,23.696572875976585,23.503076171875023,2015-12-08 08:00:00,0.1644134521484375,-0.5589809417724609,0.5826589710218095,"{""type"":""MultiPoint"",""coordinates"":[]}"
20151208T09,-12.553360853740477,-52.28821087761995,3599.9113888888887,97146.26171875,0.0,0.0,23.119622802734398,22.960427856445335,2015-12-08 09:00:00,-0.4113922119140625,-1.1260700225830078,1.1988649831334806,"{""type"":""MultiPoint"",""coordinates"":[]}"
20151208T10,-12.553360853740477,-52.28821087761995,3999.87,97260.91015625,0.0,75.08222222222223,24.778771972656273,23.91761169433596,2015-12-08 10:00:00,-0.3934326171875,-0.9055891036987305,0.9873605466114574,"{""type"":""MultiPoint"",""coordinates"":[]}"
20151208T11,-12.553360853740477,-52.28821087761995,4406.610555555556,97311.00390625,0.0,304.3861111111111,26.376336669921898,23.77497253417971,2015-12-08 11:00:00,-0.3010711669921875,-1.0788888931274414,1.1201094104183722,"{""type"":""MultiPoint"",""coordinates"":[]}"
20151208T12,-12.553360853740477,-52.28821087761995,4812.978888888889,97349.96484375,0.01774728298187256,827.5922222222222,28.30396423339846,23.23475036621096,2015-12-08 12:00:00,-0.110809326171875,-1.0950002670288086,1.100592700121088,"{""type"":""MultiPoint"",""coordinates"":[]}"
20151208T13,-12.553360853740477,-52.28821087761995,5225.3741666666665,97370.765625,0.07194280624389648,1566.3505555555555,29.79102478027346,22.834436035156273,2015-12-08 13:00:00,-0.062652587890625,-0.8266735076904297,0.8290442901839391,"{""type"":""MultiPoint"",""coordinates"":[]}"
20151208T14,-12.553360853740477,-52.28821087761995,5645.795833333334,97362.56640625,0.118255615234375,2365.443333333333,30.704690551757835,22.920693969726585,2015-12-08 14:00:00,-0.2379608154296875,-0.8551483154296875,0.887639561456222,"{""type"":""MultiPoint"",""coordinates"":[]}"
20151208T15,-12.553360853740477,-52.28821087761995,6073.9158333333335,97280.140625,0.4087686538696289,3281.008888888889,31.091424560546898,22.641290283203148,2015-12-08 15:00:00,-0.737274169921875,-1.0119476318359375,1.2520428152472869,"{""type"":""MultiPoint"",""coordinates"":[]}"
20151208T16,-12.553360853740477,-52.28821087761995,6509.575277777778,97227.40234375,3.0468106269836426,3933.81,29.145623779296898,24.907495117187523,2015-12-08 16:00:00,-0.59881591796875,-0.7435073852539062,0.9546642004075869,"{""type"":""MultiPoint"",""coordinates"":[]}"
20151208T17,-12.553360853740477,-52.28821087761995,6937.0825,97104.41796875,4.09485399723053,4744.317777777777,30.032998657226585,24.587136840820335,2015-12-08 17:00:00,-0.5106048583984375,-0.5539846420288086,0.7534031490668696,"{""type"":""MultiPoint"",""coordinates"":[]}"
20151208T18,-12.553360853740477,-52.28821087761995,7368.275277777778,97036.84375,4.248514771461487,5401.154444444444,30.176675415039085,24.111749267578148,2015-12-08 18:00:00,0.0485687255859375,-0.8022804260253906,0.8037492165399133,"{""type"":""MultiPoint"",""coordinates"":[]}"
20151208T19,-12.553360853740477,-52.28821087761995,7796.580833333333,97048.89453125,8.146077394485474,5880.216666666666,27.569604492187523,25.287774658203148,2015-12-08 19:00:00,-0.5384979248046875,-0.6527471542358398,0.8462026130791267,"{""type"":""MultiPoint"",""coordinates"":[]}"
20151208T20,-12.553360853740477,-52.28821087761995,8222.405833333334,97073.9921875,11.619612574577332,6135.873333333333,25.812478637695335,24.319421386718773,2015-12-08 20:00:00,-0.798919677734375,-0.6570119857788086,1.0343777844328497,"{""type"":""MultiPoint"",""coordinates"":[]}"
20151208T21,-12.553360853740477,-52.28821087761995,8648.770833333334,97057.76171875,11.799603700637817,6208.807777777778,25.243951416015648,24.086892700195335,2015-12-08 21:00:00,-0.420684814453125,-0.5130157470703125,0.6634462072041494,"{""type"":""MultiPoint"",""coordinates"":[]}"
20151208T22,-12.553360853740477,-52.28821087761995,9068.8125,97121.1328125,11.799603700637817,6222.913333333333,25.22120056152346,23.76703796386721,2015-12-08 22:00:00,-0.61444091796875,-0.1669158935546875,0.6367091621733112,"{""type"":""MultiPoint"",""coordinates"":[]}"
20151208T23,-12.553360853740477,-52.28821087761995,9485.603888888889,97206.328125,11.799603700637817,6222.913333333333,25.178384399414085,23.56195983886721,2015-12-08 23:00:00,-0.8740692138671875,-0.22381591796875,0.9022696690937789,"{""type"":""MultiPoint"",""coordinates"":[]}"
20151209T00,-12.553360853740477,-52.28821087761995,9900.516666666666,97276.40234375,11.799603700637817,6222.913333333333,24.910745239257835,23.551812744140648,2015-12-09 00:00:00,-1.0571746826171875,-0.14959716796875,1.0677067117102064,"{""type"":""MultiPoint"",""coordinates"":[]}"
20151209T01,-12.553360853740477,-52.28821087761995,411.02413194444443,97334.046875,0.0,0.0,24.481362915039085,23.820245361328148,2015-12-09 01:00:00,-0.4072113037109375,0.3013916015625,0.5066141957765989,"{""type"":""MultiPoint"",""coordinates"":[]}"
20151209T02,-12.553360853740477,-52.28821087761995,817.6663368055556,97379.3125,0.0,0.0,23.987832641601585,23.479943847656273,2015-12-09 02:00:00,0.112548828125,0.812774658203125,0.820530245469061,"{""type"":""MultiPoint"",""coordinates"":[]}"
20151209T03,-12.553360853740477,-52.28821087761995,1222.728576388889,97367.21484375,0.0,0.0,23.740945434570335,23.303002929687523,2015-12-09 03:00:00,0.214111328125,0.931610107421875,0.9558980348771771,"{""type"":""MultiPoint"",""coordinates"":[]}"
20151209T04,-12.553360853740477,-52.28821087761995,1627.2658333333334,97312.71875,0.0,0.0,23.420220947265648,23.149804687500023,2015-12-09 04:00:00,0.28692626953125,0.55303955078125,0.6230404712981704,"{""type"":""MultiPoint"",""coordinates"":[]}"
20151209T05,-12.553360853740477,-52.28821087761995,2027.6347222222223,97286.54296875,0.0,0.0,23.565591430664085,23.164102172851585,2015-12-09 05:00:00,-0.0645599365234375,0.195037841796875,0.20544523634461112,"{""type"":""MultiPoint"",""coordinates"":[]}"
20151209T06,-12.553360853740477,-52.28821087761995,2425.656111111111,97256.92578125,0.0,0.0,23.22272644042971,23.04938659667971,2015-12-09 06:00:00,-0.33953857421875,0.064727783203125,0.3456531922330421,"{""type"":""MultiPoint"",""coordinates"":[]}"
20151209T07,-12.553360853740477,-52.28821087761995,2819.9211111111113,97273.99609375,8.642673492431641E-4,0.0,22.484277343750023,22.349572753906273,2015-12-09 07:00:00,-0.3576202392578125,0.5368890762329102,0.6450907809797336,"{""type"":""MultiPoint"",""coordinates"":[]}"
20151209T08,-12.553360853740477,-52.28821087761995,3221.2527777777777,97303.16796875,8.642673492431641E-4,0.0,22.478631591796898,22.333978271484398,2015-12-09 08:00:00,0.002197265625,0.5640106201171875,0.5640149001411232,"{""type"":""MultiPoint"",""coordinates"":[]}"
20151209T09,-12.553360853740477,-52.28821087761995,3621.5602777777776,97334.375,0.001716613667213096,0.0,22.310327148437523,22.212518310546898,2015-12-09 09:00:00,0.075408935546875,0.67291259765625,0.677124709078612,"{""type"":""MultiPoint"",""coordinates"":[]}"
20151209T10,-12.553360853740477,-52.28821087761995,4026.911666666667,97423.80859375,0.001716613667213096,70.505,23.66327819824221,23.408441162109398,2015-12-09 10:00:00,-0.161102294921875,0.272369384765625,0.31644751727055764,"{""type"":""MultiPoint"",""coordinates"":[]}"
20151209T11,-12.553360853740477,-52.28821087761995,4437.541944444444,97475.84765625,0.06376504887839474,299.6477777777778,25.51355895996096,24.403115844726585,2015-12-09 11:00:00,-0.574462890625,0.07259654998779297,0.5790318400359007,"{""type"":""MultiPoint"",""coordinates"":[]}"
20151209T12,-12.553360853740477,-52.28821087761995,4855.804166666667,97587.4921875,0.851917266743385,662.435,26.21625671386721,23.589410400390648,2015-12-09 12:00:00,-1.1187286376953125,-0.2763786315917969,1.1523623183704699,"{""type"":""MultiPoint"",""coordinates"":[]}"
20151209T13,-12.553360853740477,-52.28821087761995,5276.315,97608.95703125,1.4732360838820568,1130.2205555555556,26.712976074218773,23.754388427734398,2015-12-09 13:00:00,-1.1571683883666992,-0.0029392242431640625,1.157172121196469,"{""type"":""MultiPoint"",""coordinates"":[]}"
20151209T14,-12.553360853740477,-52.28821087761995,5696.731944444445,97547.015625,1.5547603367735974,1834.6161111111112,28.329522705078148,24.391275024414085,2015-12-09 14:00:00,-1.365386962890625,-0.11777210235595703,1.3704567948406936,"{""type"":""MultiPoint"",""coordinates"":[]}"
20151209T15,-12.553360853740477,-52.28821087761995,6128.989722222223,97469.16796875,1.658189296620094,2526.8844444444444,29.27179870605471,23.829614257812523,2015-12-09 15:00:00,-0.83465576171875,-0.13789749145507812,0.845970424258384,"{""type"":""MultiPoint"",""coordinates"":[]}"
20151209T16,-12.553360853740477,-52.28821087761995,6560.2172222222225,97357.0390625,1.7672061919142834,3191.3166666666666,29.891809082031273,23.483422851562523,2015-12-09 16:00:00,-0.575469970703125,-0.1781148910522461,0.6024040185752491,"{""type"":""MultiPoint"",""coordinates"":[]}"
20151209T17,-12.553360853740477,-52.28821087761995,6994.648055555555,97249.65234375,1.7944008110930554,3739.62,30.021478271484398,23.378350830078148,2015-12-09 17:00:00,-0.51904296875,-0.2678413391113281,0.584075839549765,"{""type"":""MultiPoint"",""coordinates"":[]}"
20151209T18,-12.553360853740477,-52.28821087761995,7432.225833333333,97141.62890625,2.0661979912688366,4190.0055555555555,27.960900878906273,23.121728515625023,2015-12-09 18:00:00,-0.471405029296875,-0.99749755859375,1.1032787866386624,"{""type"":""MultiPoint"",""coordinates"":[]}"
20151209T19,-12.553360853740477,-52.28821087761995,7869.829166666666,97060.2109375,2.1392673253899375,4751.56,30.784204101562523,22.836145019531273,2015-12-09 19:00:00,-0.4361572265625,-0.1797161102294922,0.471731922344366,"{""type"":""MultiPoint"",""coordinates"":[]}"
20151209T20,-12.553360853740477,-52.28821087761995,8295.780277777778,96995.8125,2.238109707775493,5121.593333333333,29.518960571289085,24.142938232421898,2015-12-09 20:00:00,-0.1007232666015625,-0.05598640441894531,0.11523738071759153,"{""type"":""MultiPoint"",""coordinates"":[]}"
20151209T21,-12.553360853740477,-52.28821087761995,8724.021944444445,97013.69921875,2.238109707775493,5295.577777777778,28.646157836914085,25.394570922851585,2015-12-09 21:00:00,-0.2293834686279297,-0.19553756713867188,0.3014161837763378,"{""type"":""MultiPoint"",""coordinates"":[]}"
20151209T22,-12.553360853740477,-52.28821087761995,9143.591666666667,97051.1953125,2.238109707775493,5328.537777777778,27.947656250000023,25.228509521484398,2015-12-09 22:00:00,-0.6898880004882812,-0.30137062072753906,0.7528410883150712,"{""type"":""MultiPoint"",""coordinates"":[]}"
20151209T23,-12.553360853740477,-52.28821087761995,9556.863611111112,97133.734375,2.238109707775493,5328.537777777778,27.086602783203148,25.414407348632835,2015-12-09 23:00:00,-0.6785602569580078,0.07354927062988281,0.6825346273509538,"{""type"":""MultiPoint"",""coordinates"":[]}"
20151210T00,-12.553360853740477,-52.28821087761995,9971.249444444444,97260.765625,2.238109707775493,5328.537777777778,26.395471191406273,25.190591430664085,2015-12-10 00:00:00,-0.765380859375,0.08223152160644531,0.7697856084932511,"{""type"":""MultiPoint"",""coordinates"":[]}"
20151210T01,-12.553360853740477,-52.28821087761995,408.95739583333335,97320.28125,0.0,0.0,26.551873779296898,25.00446472167971,2015-12-10 01:00:00,-0.264617919921875,-0.24939346313476562,0.3636203280870468,"{""type"":""MultiPoint"",""coordinates"":[]}"
20151210T02,-12.553360853740477,-52.28821087761995,819.5727604166667,97367.78515625,0.0,0.0,25.699578857421898,24.805108642578148,2015-12-10 02:00:00,0.5959320068359375,-0.05726337432861328,0.5986769168850647,"{""type"":""MultiPoint"",""coordinates"":[]}"
20151210T03,-12.553360853740477,-52.28821087761995,1230.126736111111,97369.046875,0.0,0.0,24.988488769531273,24.49494323730471,2015-12-10 03:00:00,1.3383636474609375,0.156158447265625,1.3474430279226486,"{""type"":""MultiPoint"",""coordinates"":[]}"
20151210T04,-12.553360853740477,-52.28821087761995,1634.1430555555555,97343.77734375,0.0,0.0,24.592202758789085,24.27674255371096,2015-12-10 04:00:00,1.3243560791015625,-0.03855323791503906,1.3249171205803771,"{""type"":""MultiPoint"",""coordinates"":[]}"
20151210T05,-12.553360853740477,-52.28821087761995,2042.3041666666666,97308.90234375,0.014137476682662964,0.0,24.414086914062523,24.197076416015648,2015-12-10 05:00:00,1.0812225341796875,-0.5943241119384766,1.2338003559933852,"{""type"":""MultiPoint"",""coordinates"":[]}"
20151210T06,-12.553360853740477,-52.28821087761995,2455.195,97313.21484375,1.0941997170448303,0.0,24.014947509765648,23.799050903320335,2015-12-10 06:00:00,0.37823486328125,-1.158090591430664,1.2182920133373654,"{""type"":""MultiPoint"",""coordinates"":[]}"
20151210T07,-12.553360853740477,-52.28821087761995,2859.174722222222,97188.29296875,1.0950565338134766,0.0,23.949182128906273,23.879495239257835,2015-12-10 07:00:00,1.1330413818359375,0.11779308319091797,1.1391479198946524,"{""type"":""MultiPoint"",""coordinates"":[]}"
20151210T08,-12.553360853740477,-52.28821087761995,3266.860833333333,97190.390625,1.0950565338134766,0.0,23.85950622558596,23.794091796875023,2015-12-10 08:00:00,0.9812164306640625,0.2649250030517578,1.0163517801662458,"{""type"":""MultiPoint"",""coordinates"":[]}"
20151210T09,-12.553360853740477,-52.28821087761995,3681.3433333333332,97254.26171875,1.0950565338134766,0.0,23.812722778320335,23.749124145507835,2015-12-10 09:00:00,0.7042694091796875,0.3883094787597656,0.804226119944501,"{""type"":""MultiPoint"",""coordinates"":[]}"
20151210T10,-12.553360853740477,-52.28821087761995,4101.954722222222,97368.9453125,1.096549630062782,62.03777777777778,24.665307617187523,24.054666137695335,2015-12-10 10:00:00,1.1349029541015625,0.539031982421875,1.2564076541083748,"{""type"":""MultiPoint"",""coordinates"":[]}"
20151210T11,-12.553360853740477,-52.28821087761995,4524.663888888889,97464.73828125,1.1021673678328625,277.79055555555556,26.29096374511721,24.183831787109398,2015-12-10 11:00:00,0.9808349609375,0.517425537109375,1.1089483338055892,"{""type"":""MultiPoint"",""coordinates"":[]}"
20151210T12,-12.553360853740477,-52.28821087761995,4938.629166666667,97500.51171875,1.2281045317195094,756.2472222222223,28.09497985839846,24.317285156250023,2015-12-10 12:00:00,0.8120269775390625,0.6132917404174805,1.0176023639494591,"{""type"":""MultiPoint"",""coordinates"":[]}"
20151210T13,-12.553360853740477,-52.28821087761995,5356.397777777778,97530.4453125,1.3812810182116664,1414.4866666666667,29.757852172851585,24.25275573730471,2015-12-10 13:00:00,0.7136688232421875,0.7327718734741211,1.022877220306847,"{""type"":""MultiPoint"",""coordinates"":[]}"
20151210T14,-12.553360853740477,-52.28821087761995,5777.5325,97504.3203125,1.487734913780514,2273.5116666666668,30.866921997070335,24.474267578125023,2015-12-10 14:00:00,0.6683502197265625,0.6728229522705078,0.9483579183570654,"{""type"":""MultiPoint"",""coordinates"":[]}"
20151210T15,-12.553360853740477,-52.28821087761995,6211.272777777778,97427.2578125,1.5646994113467372,3187.148888888889,32.05446777343752,23.015863037109398,2015-12-10 15:00:00,0.7357330322265625,0.30905914306640625,0.7980104313993855,"{""type"":""MultiPoint"",""coordinates"":[]}"
20151210T16,-12.553360853740477,-52.28821087761995,6653.9675,97345.734375,1.639354228927914,4036.5588888888888,32.39539489746096,22.740014648437523,2015-12-10 16:00:00,0.486541748046875,-0.07788848876953125,0.4927367342458954,"{""type"":""MultiPoint"",""coordinates"":[]}"
20151210T17,-12.553360853740477,-52.28821087761995,7087.021111111111,97237.765625,1.665371656372372,4914.314444444444,32.857278442382835,22.29432067871096,2015-12-10 17:00:00,0.3684844970703125,-0.23226356506347656,0.4355768453868467,"{""type"":""MultiPoint"",""coordinates"":[]}"
20151210T18,-12.553360853740477,-52.28821087761995,7527.7891666666665,97133.35546875,1.7575800418399012,5499.595555555556,31.57514343261721,22.62659606933596,2015-12-10 18:00:00,-0.2611846923828125,-0.07257461547851562,0.2710802802620633,"{""type"":""MultiPoint"",""coordinates"":[]}"
20151210T19,-12.553360853740477,-52.28821087761995,7962.161388888889,96965.1953125,1.8469572066805995,6140.2011111111115,32.72284851074221,21.504846191406273,2015-12-10 19:00:00,-0.04815673828125,-0.7828912734985352,0.784370969351905,"{""type"":""MultiPoint"",""coordinates"":[]}"
20151210T20,-12.553360853740477,-52.28821087761995,8397.560277777779,96894.87109375,1.8470466136477626,6475.33,30.911889648437523,23.746728515625023,2015-12-10 20:00:00,0.365753173828125,0.12084102630615234,0.3851985693172689,"{""type"":""MultiPoint"",""coordinates"":[]}"
20151210T21,-12.553360853740477,-52.28821087761995,8827.380277777778,96967.09765625,1.8470466136477626,6610.535555555555,29.644342041015648,24.999551391601585,2015-12-10 21:00:00,0.5271453857421875,0.7923212051391602,0.9516591563277531,"{""type"":""MultiPoint"",""coordinates"":[]}"
20151210T22,-12.553360853740477,-52.28821087761995,9250.476111111111,97109.00390625,1.8470466136477626,6637.55,28.67084655761721,24.720117187500023,2015-12-10 22:00:00,1.0240631103515625,0.8476829528808594,1.3293876946127228,"{""type"":""MultiPoint"",""coordinates"":[]}"
20151210T23,-12.553360853740477,-52.28821087761995,9672.818333333333,97185.63671875,1.8470466136477626,6637.55,27.639810180664085,24.44721374511721,2015-12-10 23:00:00,0.9915771484375,1.040618896484375,1.4373979716918353,"{""type"":""MultiPoint"",""coordinates"":[]}"
20151211T00,-12.553360853740477,-52.28821087761995,10088.469166666666,97305.34375,1.8470466136477626,6637.55,26.773706054687523,24.115274047851585,2015-12-11 00:00:00,1.0014190673828125,1.062713623046875,1.4602055996082461,"{""type"":""MultiPoint"",""coordinates"":[]}"
20151211T01,-12.553360853740477,-52.28821087761995,409.53756944444444,97402.61328125,0.0,0.0,26.07392272949221,23.853295898437523,2015-12-11 01:00:00,0.91998291015625,0.954620361328125,1.3257709414683228,"{""type"":""MultiPoint"",""coordinates"":[]}"
20151211T02,-12.553360853740477,-52.28821087761995,823.4424479166667,97422.73046875,0.0,0.0,25.662088012695335,23.666009521484398,2015-12-11 02:00:00,0.783416748046875,0.7674713134765625,1.0967014261547128,"{""type"":""MultiPoint"",""coordinates"":[]}"
20151211T03,-12.553360853740477,-52.28821087761995,1239.75765625,97415.265625,0.0,0.0,25.341210937500023,23.618569946289085,2015-12-11 03:00:00,0.667938232421875,0.5231781005859375,0.8484437560991112,"{""type"":""MultiPoint"",""coordinates"":[]}"
20151211T04,-12.553360853740477,-52.28821087761995,1652.2125,97351.3828125,0.02751871943473816,0.0,25.001092529296898,23.467736816406273,2015-12-11 04:00:00,-0.1292724609375,0.97198486328125,0.9805436979577747,"{""type"":""MultiPoint"",""coordinates"":[]}"
20151211T05,-12.553360853740477,-52.28821087761995,2061.2120833333333,97279.48046875,0.1025758683681488,0.0,24.658975219726585,23.158242797851585,2015-12-11 05:00:00,-0.443878173828125,1.2957305908203125,1.3696516335143574,"{""type"":""MultiPoint"",""coordinates"":[]}"
20151211T06,-12.553360853740477,-52.28821087761995,2470.6705555555554,97241.48046875,0.10299310088157654,0.0,24.549798583984398,22.773355102539085,2015-12-11 06:00:00,-0.2442169189453125,1.3555755615234375,1.3773986374680078,"{""type"":""MultiPoint"",""coordinates"":[]}"
20151211T07,-12.553360853740477,-52.28821087761995,2878.438888888889,97258.73828125,0.10298937559127808,0.0,24.48627624511721,22.642007446289085,2015-12-11 07:00:00,-0.5062713623046875,1.3954315185546875,1.484432489292014,"{""type"":""MultiPoint"",""coordinates"":[]}"
20151211T08,-12.553360853740477,-52.28821087761995,3282.9616666666666,97280.41015625,0.10298937559127808,0.0,24.291131591796898,22.43610534667971,2015-12-11 08:00:00,-0.4951019287109375,1.3302764892578125,1.419422931224299,"{""type"":""MultiPoint"",""coordinates"":[]}"
20151211T09,-12.553360853740477,-52.28821087761995,3685.696111111111,97295.59765625,0.10298937559127808,0.0,24.060266113281273,22.30823669433596,2015-12-11 09:00:00,-0.5155029296875,1.3160314559936523,1.4133938105429669,"{""type"":""MultiPoint"",""coordinates"":[]}"
20151211T10,-12.553360853740477,-52.28821087761995,4087.407777777778,97338.53515625,0.10298937559127808,61.38166666666667,24.55469665527346,22.617913818359398,2015-12-11 10:00:00,-0.5050201416015625,0.9582347869873047,1.0831709239154583,"{""type"":""MultiPoint"",""coordinates"":[]}"
20151211T11,-12.553360853740477,-52.28821087761995,4492.086111111111,97405.5859375,0.10298937559127808,283.6322222222222,26.075433349609398,22.603860473632835,2015-12-11 11:00:00,-0.841094970703125,0.9502687454223633,1.269035633175319,"{""type"":""MultiPoint"",""coordinates"":[]}"
20151211T12,-12.553360853740477,-52.28821087761995,4901.8197222222225,97431.39453125,0.10298192501068115,683.0344444444445,27.527124023437523,22.731805419921898,2015-12-11 12:00:00,-0.93560791015625,0.7290096282958984,1.1860932508428963,"{""type"":""MultiPoint"",""coordinates"":[]}"
20151211T13,-12.553360853740477,-52.28821087761995,5315.612222222222,97468.11328125,0.10298192501068115,1266.2022222222222,29.145318603515648,22.884255981445335,2015-12-11 13:00:00,-0.9622802734375,0.45612335205078125,1.0649093092526662,"{""type"":""MultiPoint"",""coordinates"":[]}"
20151211T14,-12.553360853740477,-52.28821087761995,5736.966111111111,97444.5859375,0.10421872138977051,1974.5955555555556,30.428979492187523,22.820184326171898,2015-12-11 14:00:00,-0.9154510498046875,0.19244003295898438,0.935459133727262,"{""type"":""MultiPoint"",""coordinates"":[]}"
20151211T15,-12.553360853740477,-52.28821087761995,6163.332777777778,97366.484375,0.13874471187591553,2770.403333333333,31.264672851562523,22.664086914062523,2015-12-11 15:00:00,-0.72918701171875,0.031645774841308594,0.7298733815701373,"{""type"":""MultiPoint"",""coordinates"":[]}"
20151211T16,-12.553360853740477,-52.28821087761995,6596.956111111111,97284.66015625,0.1477450132369995,3462.117777777778,31.552606201171898,22.638391113281273,2015-12-11 16:00:00,-0.48516845703125,0.32494163513183594,0.5839310729360402,"{""type"":""MultiPoint"",""coordinates"":[]}"
20151211T17,-12.553360853740477,-52.28821087761995,7032.5263888888885,97177.95703125,0.14987587928771973,4147.167777777778,31.854364013671898,22.726159667968773,2015-12-11 17:00:00,-0.358734130859375,0.6392936706542969,0.7330665549471451,"{""type"":""MultiPoint"",""coordinates"":[]}"
20151211T18,-12.553360853740477,-52.28821087761995,7470.9,97072.56640625,0.16427040100097656,4622.815555555556,31.39454040527346,22.861352539062523,2015-12-11 18:00:00,-0.4771881103515625,0.8894615173339844,1.0093811388563632,"{""type"":""MultiPoint"",""coordinates"":[]}"
20151211T19,-12.553360853740477,-52.28821087761995,7907.701388888889,97008.46875,0.20653009414672852,5073.068888888889,31.16956481933596,22.68702087402346,2015-12-11 19:00:00,-0.78045654296875,0.45314979553222656,0.9024727988441708,"{""type"":""MultiPoint"",""coordinates"":[]}"
20151211T20,-12.553360853740477,-52.28821087761995,8341.942777777778,96952.3671875,0.3820657730102539,5342.991111111111,29.209497070312523,24.438394165039085,2015-12-11 20:00:00,-0.5123291015625,0.24731731414794922,0.5688997821982302,"{""type"":""MultiPoint"",""coordinates"":[]}"
20151211T21,-12.553360853740477,-52.28821087761995,8772.627777777778,96955.76953125,0.3820657730102539,5477.787777777778,28.608789062500023,24.953347778320335,2015-12-11 21:00:00,-0.2348480224609375,0.30381107330322266,0.38399838790738317,"{""type"":""MultiPoint"",""coordinates"":[]}"
20151211T22,-12.553360853740477,-52.28821087761995,9199.611111111111,96988.5859375,0.3820657730102539,5502.408888888889,27.943719482421898,25.091104125976585,2015-12-11 22:00:00,-0.034393310546875,0.5820484161376953,0.5830636830902551,"{""type"":""MultiPoint"",""coordinates"":[]}"
20151211T23,-12.553360853740477,-52.28821087761995,9626.195555555556,97057.6015625,0.3820657730102539,5502.408888888889,27.30805358886721,25.26801452636721,2015-12-11 23:00:00,-0.0157318115234375,0.6861953735351562,0.68637568470544,"{""type"":""MultiPoint"",""coordinates"":[]}"
20151212T00,-12.553360853740477,-52.28821087761995,10041.701944444445,97164.2265625,0.3820657730102539,5502.408888888889,26.669473266601585,24.95166931152346,2015-12-12 00:00:00,-0.2131195068359375,0.8037090301513672,0.8314854955685304,"{""type"":""MultiPoint"",""coordinates"":[]}"
20151212T01,-12.553360853740477,-52.28821087761995,414.22631944444447,97245.50390625,0.0,0.0,26.166406250000023,24.724084472656273,2015-12-12 01:00:00,-0.371917724609375,0.9374465942382812,1.008528091293231,"{""type"":""MultiPoint"",""coordinates"":[]}"
20151212T02,-12.553360853740477,-52.28821087761995,825.5876388888889,97266.1640625,0.0,0.0,25.82032165527346,24.336541748046898,2015-12-12 02:00:00,-0.56536865234375,1.0840110778808594,1.2225881277116226,"{""type"":""MultiPoint"",""coordinates"":[]}"
20151212T03,-12.553360853740477,-52.28821087761995,1229.0465277777778,97266.5234375,0.0,0.0,25.314736938476585,24.02826843261721,2015-12-12 03:00:00,-0.7648162841796875,0.9837017059326172,1.246038921864468,"{""type"":""MultiPoint"",""coordinates"":[]}"
20151212T04,-12.553360853740477,-52.28821087761995,1628.9277777777777,97227.77734375,0.0,0.0,24.825708007812523,23.70411071777346,2015-12-12 04:00:00,-0.9759063720703125,0.771636962890625,1.2441128765295,"{""type"":""MultiPoint"",""coordinates"":[]}"
20151212T05,-12.553360853740477,-52.28821087761995,2030.1995833333333,97159.77734375,0.0,0.0,24.476159667968773,23.415078735351585,2015-12-12 05:00:00,-0.8775177001953125,0.7445793151855469,1.1508412882575287,"{""type"":""MultiPoint"",""coordinates"":[]}"
20151212T06,-12.553360853740477,-52.28821087761995,2429.1277777777777,97094.07421875,0.0,0.0,24.208276367187523,23.139443969726585,2015-12-12 06:00:00,-0.3450775146484375,0.9716119766235352,1.0310714447768572,"{""type"":""MultiPoint"",""coordinates"":[]}"
20151212T07,-12.553360853740477,-52.28821087761995,2825.1222222222223,97047.265625,0.0,0.0,24.148400878906273,22.946496582031273,2015-12-12 07:00:00,0.344451904296875,0.6866331100463867,0.7681875696636317,"{""type"":""MultiPoint"",""coordinates"":[]}"
20151212T08,-12.553360853740477,-52.28821087761995,3227.028888888889,97092.59375,0.0,0.0,23.405923461914085,22.911538696289085,2015-12-12 08:00:00,0.4797821044921875,0.4991168975830078,0.6923211286995645,"{""type"":""MultiPoint"",""coordinates"":[]}"
20151212T09,-12.553360853740477,-52.28821087761995,3624.816388888889,97141.96484375,0.0,0.0,23.081842041015648,22.87091979980471,2015-12-12 09:00:00,0.4622650146484375,0.21268463134765625,0.5088454541208053,"{""type"":""MultiPoint"",""coordinates"":[]}"
20151212T10,-12.553360853740477,-52.28821087761995,4032.7708333333335,97232.6640625,0.0,71.35222222222222,24.827416992187523,23.628762817382835,2015-12-12 10:00:00,0.083404541015625,0.0055866241455078125,0.08359143395928942,"{""type"":""MultiPoint"",""coordinates"":[]}"
20151212T11,-12.553360853740477,-52.28821087761995,4441.546666666667,97308.09375,8.672474791637796E-4,339.22555555555556,27.625634765625023,24.182839965820335,2015-12-12 11:00:00,0.0123138427734375,-0.11865806579589844,0.11929529455210168,"{""type"":""MultiPoint"",""coordinates"":[]}"
20151212T12,-12.553360853740477,-52.28821087761995,4853.723055555555,97365.40625,0.01924037923117794,860.7927777777778,29.61506042480471,23.64429626464846,2015-12-12 12:00:00,-0.525177001953125,-0.7067317962646484,0.880500264186178,"{""type"":""MultiPoint"",""coordinates"":[]}"
20151212T13,-12.553360853740477,-52.28821087761995,5277.150277777778,97466.0,1.2602090834548108,1501.5194444444444,28.715203857421898,22.815042114257835,2015-12-12 13:00:00,-0.6114044189453125,-1.733820915222168,1.8384641224586602,"{""type"":""MultiPoint"",""coordinates"":[]}"
20151212T14,-12.553360853740477,-52.28821087761995,5698.794722222222,97414.453125,1.7956823109557263,2229.0744444444445,29.214959716796898,23.293389892578148,2015-12-12 14:00:00,-0.4142303466796875,-1.6036205291748047,1.6562564963499025,"{""type"":""MultiPoint"",""coordinates"":[]}"
20151212T15,-12.553360853740477,-52.28821087761995,6126.083333333333,97338.17578125,1.960921287434303,2915.7255555555557,29.996987915039085,23.357873535156273,2015-12-12 15:00:00,-0.0166015625,-1.512472152709961,1.5125632630077146,"{""type"":""MultiPoint"",""coordinates"":[]}"
20151212T16,-12.553360853740477,-52.28821087761995,6551.276111111111,97240.87890625,1.978921890156471,3685.092222222222,31.050942993164085,23.292138671875023,2015-12-12 16:00:00,-0.156494140625,-1.4229450225830078,1.4315246953314196,"{""type"":""MultiPoint"",""coordinates"":[]}"
20151212T17,-12.553360853740477,-52.28821087761995,6974.796666666667,97133.48828125,1.987326145069801,4509.024444444444,31.81348571777346,22.789392089843773,2015-12-12 17:00:00,-0.131927490234375,-1.4540252685546875,1.4599980631066167,"{""type"":""MultiPoint"",""coordinates"":[]}"
20151212T18,-12.553360853740477,-52.28821087761995,7403.086944444444,97045.28515625,1.9922733305861584,5296.417777777778,32.24811706542971,22.465676879882835,2015-12-12 18:00:00,-0.236358642578125,-1.207122802734375,1.2300450677933172,"{""type"":""MultiPoint"",""coordinates"":[]}"
20151212T19,-12.553360853740477,-52.28821087761995,7839.508333333333,96978.078125,2.746137976544105,5882.607777777778,31.430780029296898,22.851785278320335,2015-12-12 19:00:00,-0.1688690185546875,-0.87762451171875,0.8937234074349836,"{""type"":""MultiPoint"",""coordinates"":[]}"
20151212T20,-12.553360853740477,-52.28821087761995,8277.827222222222,96881.12109375,3.0992954968382946,6218.8711111111115,29.717095947265648,26.066583251953148,2015-12-12 20:00:00,-0.1175537109375,-0.0203399658203125,0.11930041561012597,"{""type"":""MultiPoint"",""coordinates"":[]}"
20151212T21,-12.553360853740477,-52.28821087761995,8701.423055555555,96839.19921875,3.0992954968382946,6416.521111111111,29.008477783203148,26.416604614257835,2015-12-12 21:00:00,-0.0889129638671875,-0.002166748046875,0.08893936103180879,"{""type"":""MultiPoint"",""coordinates"":[]}"
20151212T22,-12.553360853740477,-52.28821087761995,9121.675833333333,96889.0625,3.100162842258669,6451.785555555555,28.07611999511721,26.800942993164085,2015-12-12 22:00:00,-0.1296234130859375,0.1171875,0.17474306674743234,"{""type"":""MultiPoint"",""coordinates"":[]}"
20151212T23,-12.553360853740477,-52.28821087761995,9544.060833333333,97007.91796875,3.100145160772172,6451.785555555555,27.498162841796898,26.812890625000023,2015-12-12 23:00:00,-0.0687408447265625,0.5578460693359375,0.5620654239563905,"{""type"":""MultiPoint"",""coordinates"":[]}"
20151213T00,-12.553360853740477,-52.28821087761995,9958.460555555555,97164.74609375,3.1001332398545856,6451.785555555555,26.85291442871096,26.44391784667971,2015-12-13 00:00:00,-0.704742431640625,0.48614501953125,0.8561535346944381,"{""type"":""MultiPoint"",""coordinates"":[]}"
20151213T01,-12.553360853740477,-52.28821087761995,415.35696180555556,97269.453125,0.0,0.0,26.491693115234398,26.23304138183596,2015-12-13 01:00:00,-0.962860107421875,0.07366943359375,0.9656742576617069,"{""type"":""MultiPoint"",""coordinates"":[]}"
20151213T02,-12.553360853740477,-52.28821087761995,830.0560243055555,97311.4765625,0.0,0.0,26.071984863281273,25.939141845703148,2015-12-13 02:00:00,-0.74053955078125,-0.3786582946777344,0.8317336895903312,"{""type"":""MultiPoint"",""coordinates"":[]}"
20151213T03,-12.553360853740477,-52.28821087761995,1243.7710763888888,97315.6015625,0.2845451235771179,0.0,25.55927429199221,25.35944519042971,2015-12-13 03:00:00,-0.430145263671875,-1.2031116485595703,1.2776942461947123,"{""type"":""MultiPoint"",""coordinates"":[]}"
20151213T04,-12.553360853740477,-52.28821087761995,1658.973611111111,97292.9765625,1.588478684425354,0.0,24.898522949218773,24.375268554687523,2015-12-13 04:00:00,-0.8570098876953125,-1.5355987548828125,1.7585589224149347,"{""type"":""MultiPoint"",""coordinates"":[]}"
20151213T05,-12.553360853740477,-52.28821087761995,2067.0393055555555,97282.94140625,3.466479480266571,0.0,23.66352233886721,23.17475280761721,2015-12-13 05:00:00,-0.7804718017578125,-1.6359882354736328,1.8126206828642382,"{""type"":""MultiPoint"",""coordinates"":[]}"
20151213T06,-12.553360853740477,-52.28821087761995,2472.01,97200.26171875,3.580443561077118,0.0,23.309716796875023,22.81977233886721,2015-12-13 06:00:00,0.2015533447265625,-0.9957427978515625,1.0159367451981065,"{""type"":""MultiPoint"",""coordinates"":[]}"
20151213T07,-12.553360853740477,-52.28821087761995,2879.536666666667,97155.8984375,4.02938574552536,0.0,23.643609619140648,23.067987060546898,2015-12-13 07:00:00,0.50439453125,-0.5435447692871094,0.7415219210342229,"{""type"":""MultiPoint"",""coordinates"":[]}"
20151213T08,-12.553360853740477,-52.28821087761995,3277.398611111111,97177.31640625,4.03023809184333,0.0,23.322183227539085,22.87690124511721,2015-12-13 08:00:00,0.3060455322265625,-1.468587875366211,1.5001380654688026,"{""type"":""MultiPoint"",""coordinates"":[]}"
20151213T09,-12.553360853740477,-52.28821087761995,3681.7766666666666,97224.140625,4.030245542423927,0.0,23.149316406250023,22.786157226562523,2015-12-13 09:00:00,-0.2404937744140625,-1.2171039581298828,1.2406366512510218,"{""type"":""MultiPoint"",""coordinates"":[]}"
20151213T10,-12.553360853740477,-52.28821087761995,4085.5916666666667,97262.61328125,4.030245542423927,45.974444444444444,23.51355895996096,22.997964477539085,2015-12-13 10:00:00,-0.376922607421875,-1.2336978912353516,1.289992689446052,"{""type"":""MultiPoint"",""coordinates"":[]}"
20151213T11,-12.553360853740477,-52.28821087761995,4490.806111111111,97319.375,4.030245542423927,257.65555555555557,24.645257568359398,23.221109008789085,2015-12-13 11:00:00,-0.0867919921875,-1.165517807006836,1.1687448859173242,"{""type"":""MultiPoint"",""coordinates"":[]}"
20151213T12,-12.553360853740477,-52.28821087761995,4903.155833333333,97380.3359375,4.030245542423927,645.0255555555556,25.929055786132835,23.48462829589846,2015-12-13 12:00:00,0.2738189697265625,-0.6774406433105469,0.7306864261713938,"{""type"":""MultiPoint"",""coordinates"":[]}"
20151213T13,-12.553360853740477,-52.28821087761995,5319.4,97400.09765625,4.032093286411964,1223.8577777777778,27.899377441406273,23.464654541015648,2015-12-13 13:00:00,0.313507080078125,-0.5413246154785156,0.625554976466557,"{""type"":""MultiPoint"",""coordinates"":[]}"
20151213T14,-12.553360853740477,-52.28821087761995,5751.131111111111,97351.234375,4.249054193394386,1868.463888888889,28.99921569824221,23.60212097167971,2015-12-13 14:00:00,0.0943603515625,-0.524444580078125,0.5328658306931675,"{""type"":""MultiPoint"",""coordinates"":[]}"
20151213T15,-12.553360853740477,-52.28821087761995,6179.981111111111,97280.953125,4.787269234554969,2674.1711111111113,29.71692810058596,23.958795166015648,2015-12-13 15:00:00,0.0144805908203125,-0.8093070983886719,0.8094366355761251,"{""type"":""MultiPoint"",""coordinates"":[]}"
20151213T16,-12.553360853740477,-52.28821087761995,6610.248055555556,97223.53125,7.92895555485984,3367.1444444444446,28.61835632324221,23.949563598632835,2015-12-13 16:00:00,-0.542144775390625,-1.2579498291015625,1.3698024419674546,"{""type"":""MultiPoint"",""coordinates"":[]}"
20151213T17,-12.553360853740477,-52.28821087761995,7036.13,97193.8984375,12.108537554638588,3872.39,26.862695312500023,23.535974121093773,2015-12-13 17:00:00,0.0995330810546875,-1.05853271484375,1.063201929371236,"{""type"":""MultiPoint"",""coordinates"":[]}"
20151213T18,-12.553360853740477,-52.28821087761995,7456.901944444445,97138.7421875,12.135869264511712,4246.114444444444,27.065820312500023,23.52539978027346,2015-12-13 18:00:00,0.6372833251953125,-0.782928466796875,1.009508306401141,"{""type"":""MultiPoint"",""coordinates"":[]}"
20151213T19,-12.553360853740477,-52.28821087761995,7890.955555555555,97063.453125,13.517083169290345,4715.766666666666,28.370584106445335,23.668481445312523,2015-12-13 19:00:00,-0.1168975830078125,0.6042251586914062,0.6154291895163273,"{""type"":""MultiPoint"",""coordinates"":[]}"
20151213T20,-12.553360853740477,-52.28821087761995,8313.681111111111,96996.07421875,14.435954891951042,5024.241111111111,26.764978027343773,24.649392700195335,2015-12-13 20:00:00,-0.07501220703125,0.051422119140625,0.09094539867751278,"{""type"":""MultiPoint"",""coordinates"":[]}"
20151213T21,-12.553360853740477,-52.28821087761995,8728.690277777778,96959.9609375,14.43593179300251,5193.126666666667,26.550531005859398,24.524957275390648,2015-12-13 21:00:00,0.176116943359375,-0.06209564208984375,0.18674326361290594,"{""type"":""MultiPoint"",""coordinates"":[]}"
20151213T22,-12.553360853740477,-52.28821087761995,9141.159166666666,97032.49609375,14.45320137526096,5222.761111111111,26.021966552734398,24.722817993164085,2015-12-13 22:00:00,-0.3791351318359375,0.26415443420410156,0.46208334021250186,"{""type"":""MultiPoint"",""coordinates"":[]}"
20151213T23,-12.553360853740477,-52.28821087761995,9546.051111111112,97111.671875,14.45321413171996,5222.761111111111,25.305825805664085,24.67994079589846,2015-12-13 23:00:00,-0.5882415771484375,0.528594970703125,0.7908481498610961,"{""type"":""MultiPoint"",""coordinates"":[]}"
20151214T00,-12.553360853740477,-52.28821087761995,9952.016111111112,97182.19921875,14.453196469276008,5222.761111111111,24.869729614257835,24.583184814453148,2015-12-14 00:00:00,-0.5048980712890625,0.6578283309936523,0.8292527813937735,"{""type"":""MultiPoint"",""coordinates"":[]}"
20151214T01,-12.553360853740477,-52.28821087761995,405.60788194444444,97293.73828125,0.0,0.0,24.597512817382835,24.380212402343773,2015-12-14 01:00:00,-0.988800048828125,0.26841163635253906,1.024583009371105,"{""type"":""MultiPoint"",""coordinates"":[]}"
20151214T02,-12.553360853740477,-52.28821087761995,810.8567534722222,97364.81640625,0.0,0.0,24.453454589843773,24.22120056152346,2015-12-14 02:00:00,-1.0979461669921875,-0.2184295654296875,1.1194629340298135,"{""type"":""MultiPoint"",""coordinates"":[]}"
20151214T03,-12.553360853740477,-52.28821087761995,1214.5434722222221,97361.18359375,0.04314631223678589,0.0,24.30304870605471,23.96289978027346,2015-12-14 03:00:00,-1.350860595703125,0.008636474609375,1.3508882032637195,"{""type"":""MultiPoint"",""coordinates"":[]}"
20151214T04,-12.553360853740477,-52.28821087761995,1620.2722222222221,97271.30078125,0.053629279136657715,0.0,24.151239013671898,23.400201416015648,2015-12-14 04:00:00,-1.2335052490234375,0.8070640563964844,1.4740717725048262,"{""type"":""MultiPoint"",""coordinates"":[]}"
20151214T05,-12.553360853740477,-52.28821087761995,2022.9611111111112,97176.8203125,0.053629279136657715,0.0,23.86872253417971,22.87476501464846,2015-12-14 05:00:00,-1.1177825927734375,0.7930717468261719,1.3705475987068907,"{""type"":""MultiPoint"",""coordinates"":[]}"
20151214T06,-12.553360853740477,-52.28821087761995,2424.6725,97132.3515625,0.053629279136657715,0.0,23.594140625000023,22.494775390625023,2015-12-14 06:00:00,-1.031585693359375,0.8028945922851562,1.3072141251778493,"{""type"":""MultiPoint"",""coordinates"":[]}"
20151214T07,-12.553360853740477,-52.28821087761995,2819.2569444444443,97122.03515625,0.053629279136657715,0.0,23.505181884765648,22.845391845703148,2015-12-14 07:00:00,-0.9096527099609375,-0.5613231658935547,1.0689021233527607,"{""type"":""MultiPoint"",""coordinates"":[]}"
20151214T08,-12.553360853740477,-52.28821087761995,3216.4625,97147.6328125,0.05406439294119991,0.0,23.25379333496096,22.732019042968773,2015-12-14 08:00:00,-1.0570526123046875,-0.2273693084716797,1.0812294056374225,"{""type"":""MultiPoint"",""coordinates"":[]}"
20151214T09,-12.553360853740477,-52.28821087761995,3609.9133333333334,97155.7109375,0.05406439294119991,0.0,22.959939575195335,22.602639770507835,2015-12-14 09:00:00,-1.090576171875,0.05804443359375,1.0921197475243953,"{""type"":""MultiPoint"",""coordinates"":[]}"
20151214T10,-12.553360853740477,-52.28821087761995,4002.0138888888887,97248.36328125,0.05406439294119991,71.70222222222222,23.894464111328148,23.162393188476585,2015-12-14 10:00:00,-0.4160308837890625,-0.020845413208007812,0.41655279079382124,"{""type"":""MultiPoint"",""coordinates"":[]}"
20151214T11,-12.553360853740477,-52.28821087761995,4401.895555555556,97342.29296875,0.05406439294119991,334.455,25.85059509277346,23.88025817871096,2015-12-14 11:00:00,-0.42254638671875,-0.06417274475097656,0.4273916121052745,"{""type"":""MultiPoint"",""coordinates"":[]}"
20151214T12,-12.553360853740477,-52.28821087761995,4807.296944444444,97404.55078125,0.05406439294119991,826.0416666666666,27.981958007812523,23.762384033203148,2015-12-14 12:00:00,-0.8228302001953125,-0.0383758544921875,0.8237246169451679,"{""type"":""MultiPoint"",""coordinates"":[]}"
20151214T13,-12.553360853740477,-52.28821087761995,5224.983333333334,97408.8203125,0.4644572733809582,1502.056111111111,29.029458618164085,23.512322998046898,2015-12-14 13:00:00,-1.285614013671875,-0.10819816589355469,1.2901589961133617,"{""type"":""MultiPoint"",""coordinates"":[]}"
20151214T14,-12.553360853740477,-52.28821087761995,5642.0969444444445,97379.51953125,0.7456272839476696,2334.143888888889,30.108178710937523,23.26557312011721,2015-12-14 14:00:00,-1.354827880859375,-0.17972946166992188,1.3666972108503275,"{""type"":""MultiPoint"",""coordinates"":[]}"
20151214T15,-12.553360853740477,-52.28821087761995,6070.896388888889,97317.0703125,0.9233981369902722,3219.797777777778,30.762780761718773,23.306237792968773,2015-12-14 15:00:00,-1.2514801025390625,-0.3820362091064453,1.308493069190512,"{""type"":""MultiPoint"",""coordinates"":[]}"
20151214T16,-12.553360853740477,-52.28821087761995,6499.121944444444,97221.7890625,1.0832130907942883,4099.716666666666,31.219567871093773,23.376565551757835,2015-12-14 16:00:00,-1.3002777099609375,-0.6058177947998047,1.434481552170455,"{""type"":""MultiPoint"",""coordinates"":[]}"
20151214T17,-12.553360853740477,-52.28821087761995,6931.747222222222,97090.703125,1.1680752037932507,4867.365555555555,31.206445312500023,23.193292236328148,2015-12-14 17:00:00,-1.1678619384765625,-0.5655460357666016,1.2975915481820743,"{""type"":""MultiPoint"",""coordinates"":[]}"
20151214T18,-12.553360853740477,-52.28821087761995,7362.706388888889,96995.6796875,1.2156248091628186,5549.223333333333,31.253564453125023,22.965737915039085,2015-12-14 18:00:00,-0.969696044921875,-0.4058837890625,1.0512145688492236,"{""type"":""MultiPoint"",""coordinates"":[]}"
20151214T19,-12.553360853740477,-52.28821087761995,7791.764722222222,96944.37109375,1.5396654604842297,6155.267777777778,30.978906250000023,22.82233581542971,2015-12-14 19:00:00,-1.159332275390625,-0.485809326171875,1.2570051814364074,"{""type"":""MultiPoint"",""coordinates"":[]}"
20151214T20,-12.553360853740477,-52.28821087761995,8219.810833333333,96869.35546875,3.6422491072585217,6549.1288888888885,28.743692016601585,23.833108520507835,2015-12-14 20:00:00,-0.6403961181640625,-0.07232666015625,0.6444674808933012,"{""type"":""MultiPoint"",""coordinates"":[]}"
20151214T21,-12.553360853740477,-52.28821087761995,8644.448611111111,96809.82421875,3.6793529986312024,6748.721111111111,27.514093017578148,24.413781738281273,2015-12-14 21:00:00,-0.4034423828125,-0.332763671875,0.5229698055998648,"{""type"":""MultiPoint"",""coordinates"":[]}"
20151214T22,-12.553360853740477,-52.28821087761995,9073.90138888889,96924.4140625,3.6793529986312024,6772.546666666667,27.185906982421898,24.112390136718773,2015-12-14 22:00:00,-0.8576812744140625,0.0353240966796875,0.8584083878240976,"{""type"":""MultiPoint"",""coordinates"":[]}"
20151214T23,-12.553360853740477,-52.28821087761995,9490.8025,97042.49609375,3.6793529986312024,6772.546666666667,26.494897460937523,23.936639404296898,2015-12-14 23:00:00,-1.0793304443359375,0.4739227294921875,1.1787947071478295,"{""type"":""MultiPoint"",""coordinates"":[]}"
20151215T00,-12.553360853740477,-52.28821087761995,9902.365555555556,97117.546875,3.6793529986312024,6772.546666666667,25.944879150390648,23.824380493164085,2015-12-15 00:00:00,-0.785247802734375,0.8502388000488281,1.157376398933223,"{""type"":""MultiPoint"",""coordinates"":[]}"
20151215T01,-12.553360853740477,-52.28821087761995,405.2163541666667,97212.40625,0.0,0.0,25.43323669433596,23.773950195312523,2015-12-15 01:00:00,-0.808013916015625,0.7956695556640625,1.1340090521179944,"{""type"":""MultiPoint"",""coordinates"":[]}"
20151215T02,-12.553360853740477,-52.28821087761995,809.4452256944444,97246.58203125,0.0,0.0,25.032006835937523,23.665460205078148,2015-12-15 02:00:00,-0.9658355712890625,0.67852783203125,1.1803551879024796,"{""type"":""MultiPoint"",""coordinates"":[]}"
20151215T03,-12.553360853740477,-52.28821087761995,1210.8326909722223,97216.0859375,0.0,0.0,24.63483581542971,23.461572265625023,2015-12-15 03:00:00,-0.772705078125,0.9210205078125,1.2022278958547576,"{""type"":""MultiPoint"",""coordinates"":[]}"
20151215T04,-12.553360853740477,-52.28821087761995,1610.345,97179.84375,0.0,0.0,24.28626403808596,23.26703796386721,2015-12-15 04:00:00,-0.32183837890625,1.1891670227050781,1.2319489234648744,"{""type"":""MultiPoint"",""coordinates"":[]}"
20151215T05,-12.553360853740477,-52.28821087761995,2009.9394444444445,97125.8359375,0.0,0.0,23.945108032226585,23.090600585937523,2015-12-15 05:00:00,-0.131317138671875,1.2095489501953125,1.21665642390428,"{""type"":""MultiPoint"",""coordinates"":[]}"
20151215T06,-12.553360853740477,-52.28821087761995,2408.079166666667,97085.10546875,0.0,0.0,23.710961914062523,22.867715454101585,2015-12-15 06:00:00,-0.1624298095703125,1.222930908203125,1.2336707215766969,"{""type"":""MultiPoint"",""coordinates"":[]}"
20151215T07,-12.553360853740477,-52.28821087761995,2808.197222222222,97030.24609375,0.0,0.0,23.409951782226585,22.92475280761721,2015-12-15 07:00:00,0.1931304931640625,1.025618553161621,1.0436440025119347,"{""type"":""MultiPoint"",""coordinates"":[]}"
20151215T08,-12.553360853740477,-52.28821087761995,3211.166388888889,97076.9921875,0.0,0.0,23.228479003906273,22.715921020507835,2015-12-15 08:00:00,0.3455352783203125,0.9435348510742188,1.0048147310601812,"{""type"":""MultiPoint"",""coordinates"":[]}"
20151215T09,-12.553360853740477,-52.28821087761995,3614.3841666666667,97121.453125,0.0,0.0,23.107766723632835,22.547937011718773,2015-12-15 09:00:00,0.3399810791015625,0.9793462753295898,1.036680404536038,"{""type"":""MultiPoint"",""coordinates"":[]}"
20151215T10,-12.553360853740477,-52.28821087761995,4017.360277777778,97193.64453125,0.0,66.19777777777777,23.983728027343773,22.812112426757835,2015-12-15 10:00:00,0.190643310546875,0.746159553527832,0.7701291782403299,"{""type"":""MultiPoint"",""coordinates"":[]}"
20151215T11,-12.553360853740477,-52.28821087761995,4419.162777777778,97269.5859375,0.0,330.0083333333333,26.303155517578148,23.420404052734398,2015-12-15 11:00:00,0.1703338623046875,0.8683319091796875,0.8848807428954895,"{""type"":""MultiPoint"",""coordinates"":[]}"
20151215T12,-12.553360853740477,-52.28821087761995,4825.716111111111,97324.0390625,0.0,812.055,28.505899047851585,23.298379516601585,2015-12-15 12:00:00,0.0445556640625,1.35504150390625,1.3557738323586874,"{""type"":""MultiPoint"",""coordinates"":[]}"
20151215T13,-12.553360853740477,-52.28821087761995,5238.234166666667,97364.140625,0.11961162090301514,1496.6722222222222,29.761010742187523,23.140344238281273,2015-12-15 13:00:00,-0.3739166259765625,1.4967193603515625,1.5427191859936424,"{""type"":""MultiPoint"",""coordinates"":[]}"
20151215T14,-12.553360853740477,-52.28821087761995,5657.791666666667,97356.6796875,0.29730796813964844,2311.846666666667,30.483941650390648,23.168908691406273,2015-12-15 14:00:00,-0.6313018798828125,1.3103294372558594,1.4544776717718393,"{""type"":""MultiPoint"",""coordinates"":[]}"
20151215T15,-12.553360853740477,-52.28821087761995,6080.046666666667,97289.69140625,0.3985762596130371,3193.5833333333335,31.294473266601585,23.330407714843773,2015-12-15 15:00:00,-0.620880126953125,1.2410087585449219,1.3876580525585318,"{""type"":""MultiPoint"",""coordinates"":[]}"
20151215T16,-12.553360853740477,-52.28821087761995,6508.012777777778,97215.73046875,0.891268253326416,4129.954444444445,31.518395996093773,23.73053894042971,2015-12-15 16:00:00,-0.5230865478515625,1.1875677108764648,1.297665829271786,"{""type"":""MultiPoint"",""coordinates"":[]}"
20151215T17,-12.553360853740477,-52.28821087761995,6939.2125,97138.79296875,2.7022361755371094,4964.9077777777775,29.888711547851585,23.929910278320335,2015-12-15 17:00:00,-0.833953857421875,1.3824005126953125,1.6144690191543125,"{""type"":""MultiPoint"",""coordinates"":[]}"
20151215T18,-12.553360853740477,-52.28821087761995,7364.2475,97129.39453125,6.269186735153198,5597.741111111111,27.698281860351585,23.453820800781273,2015-12-15 18:00:00,-0.31378173828125,1.099761962890625,1.1436500139027863,"{""type"":""MultiPoint"",""coordinates"":[]}"
20151215T19,-12.553360853740477,-52.28821087761995,7799.645555555556,96973.26953125,8.883953094482422,6131.597777777778,28.01612243652346,23.722024536132835,2015-12-15 19:00:00,-0.005096435546875,1.10247802734375,1.1024898069510891,"{""type"":""MultiPoint"",""coordinates"":[]}"
20151215T20,-12.553360853740477,-52.28821087761995,8222.005277777778,96916.171875,8.945673704147339,6453.265555555556,28.01319274902346,24.093301391601585,2015-12-15 20:00:00,0.367706298828125,0.4474639892578125,0.5791648676157715,"{""type"":""MultiPoint"",""coordinates"":[]}"
20151215T21,-12.553360853740477,-52.28821087761995,8642.682777777778,96960.296875,8.990049362182617,6565.714444444445,27.364923095703148,24.515496826171898,2015-12-15 21:00:00,0.07611083984375,-0.2972564697265625,0.3068456757655544,"{""type"":""MultiPoint"",""coordinates"":[]}"
20151215T22,-12.553360853740477,-52.28821087761995,9056.295833333334,97030.17578125,9.047389030456543,6587.82,26.818017578125023,24.384454345703148,2015-12-15 22:00:00,-1.13922119140625,0.01470947265625,1.1393161508268461,"{""type"":""MultiPoint"",""coordinates"":[]}"
20151215T23,-12.553360853740477,-52.28821087761995,9472.28388888889,97149.02734375,9.048241376774513,6587.82,26.04303894042971,23.934045410156273,2015-12-15 23:00:00,-1.571502685546875,-0.060760498046875,1.5726768672565719,"{""type"":""MultiPoint"",""coordinates"":[]}"
20151216T00,-12.553360853740477,-52.28821087761995,9884.673611111111,97270.2578125,9.04909372320617,6587.82,25.538995361328148,23.42090759277346,2015-12-16 00:00:00,-1.244293212890625,0.3980865478515625,1.3064220218696747,"{""type"":""MultiPoint"",""coordinates"":[]}"
20151216T01,-12.553360853740477,-52.28821087761995,411.08380208333335,97270.12109375,0.0,0.0,25.045434570312523,23.107049560546898,2015-12-16 01:00:00,-0.8327178955078125,0.6508026123046875,1.0568647660328,"{""type"":""MultiPoint"",""coordinates"":[]}"
20151216T02,-12.553360853740477,-52.28821087761995,821.0326909722222,97282.9609375,0.0,0.0,24.665322875976585,23.00293884277346,2015-12-16 02:00:00,-0.2625885009765625,0.7376708984375,0.7830140964546594,"{""type"":""MultiPoint"",""coordinates"":[]}"
20151216T03,-12.553360853740477,-52.28821087761995,1224.2042534722223,97259.0234375,0.0,0.0,24.21210632324221,22.97986755371096,2015-12-16 03:00:00,0.454498291015625,0.672515869140625,0.811693470949529,"{""type"":""MultiPoint"",""coordinates"":[]}"
20151216T04,-12.553360853740477,-52.28821087761995,1621.9069097222223,97188.65625,0.0,0.0,23.83277282714846,22.880471801757835,2015-12-16 04:00:00,0.994293212890625,0.526214599609375,1.1249536870655683,"{""type"":""MultiPoint"",""coordinates"":[]}"
20151216T05,-12.553360853740477,-52.28821087761995,2014.9015277777778,97126.85546875,0.0,0.0,23.381890869140648,22.819665527343773,2015-12-16 05:00:00,1.0954742431640625,0.385650634765625,1.1613742848586777,"{""type"":""MultiPoint"",""coordinates"":[]}"
20151216T06,-12.553360853740477,-52.28821087761995,2406.6555555555556,97065.34765625,0.0,0.0,23.06733093261721,22.69642028808596,2015-12-16 06:00:00,1.0453643798828125,0.3242645263671875,1.0945017906736898,"{""type"":""MultiPoint"",""coordinates"":[]}"
20151216T07,-12.553360853740477,-52.28821087761995,2788.8055555555557,97082.30078125,0.0,0.0,22.593164062500023,21.56611022949221,2015-12-16 07:00:00,0.2896881103515625,1.142913818359375,1.179055213921666,"{""type"":""MultiPoint"",""coordinates"":[]}"
20151216T08,-12.553360853740477,-52.28821087761995,3168.384722222222,97090.86328125,0.0,0.0,22.028436279296898,21.392480468750023,2015-12-16 08:00:00,0.727783203125,0.7385711669921875,1.0368971788287817,"{""type"":""MultiPoint"",""coordinates"":[]}"
20151216T09,-12.553360853740477,-52.28821087761995,3547.1269444444442,97115.70703125,0.0,0.0,21.65058288574221,21.14301452636721,2015-12-16 09:00:00,1.129119873046875,0.3078155517578125,1.1703256391335524,"{""type"":""MultiPoint"",""coordinates"":[]}"
20151216T10,-12.553360853740477,-52.28821087761995,3925.2944444444443,97186.9921875,0.0,69.88777777777777,22.766900634765648,22.034875488281273,2015-12-16 10:00:00,0.74224853515625,0.1865081787109375,0.765322277650187,"{""type"":""MultiPoint"",""coordinates"":[]}"
20151216T11,-12.553360853740477,-52.28821087761995,4308.474166666667,97249.00390625,0.0,353.8822222222222,25.04548034667971,22.906732177734398,2015-12-16 11:00:00,0.706146240234375,0.5038299560546875,0.867460164627294,"{""type"":""MultiPoint"",""coordinates"":[]}"
20151216T12,-12.553360853740477,-52.28821087761995,4697.232222222222,97288.0859375,0.0,870.6683333333333,26.888345336914085,22.92170104980471,2015-12-16 12:00:00,0.5260772705078125,0.7470855712890625,0.9137254212143028,"{""type"":""MultiPoint"",""coordinates"":[]}"
20151216T13,-12.553360853740477,-52.28821087761995,5090.477777777778,97360.140625,8.583068797918258E-4,1626.5644444444445,29.406411743164085,22.48743591308596,2015-12-16 13:00:00,0.2738494873046875,0.918792724609375,0.9587354236139181,"{""type"":""MultiPoint"",""coordinates"":[]}"
20151216T14,-12.553360853740477,-52.28821087761995,5494.563611111111,97333.80078125,0.014805793757233232,2537.4205555555554,31.113519287109398,22.259088134765648,2015-12-16 14:00:00,-0.07470703125,0.584625244140625,0.589379178971122,"{""type"":""MultiPoint"",""coordinates"":[]}"
20151216T15,-12.553360853740477,-52.28821087761995,5906.230833333333,97255.40625,0.04031658172110042,3556.5133333333333,32.47132263183596,21.148767089843773,2015-12-16 15:00:00,-0.2590789794921875,-0.0890045166015625,0.27394109145980844,"{""type"":""MultiPoint"",""coordinates"":[]}"
20151216T16,-12.553360853740477,-52.28821087761995,6328.886111111111,97159.97265625,0.06949305533865413,4561.173333333333,33.25093994140627,20.82593688964846,2015-12-16 16:00:00,-0.3479461669921875,-0.566131591796875,0.6645084757586006,"{""type"":""MultiPoint"",""coordinates"":[]}"
20151216T17,-12.553360853740477,-52.28821087761995,6758.757777777778,97069.8828125,0.11014342307547054,5437.881111111111,33.32924804687502,20.717401123046898,2015-12-16 17:00:00,-0.2615203857421875,-0.8360595703125,0.8760071445312901,"{""type"":""MultiPoint"",""coordinates"":[]}"
20151216T18,-12.553360853740477,-52.28821087761995,7186.468611111111,96985.4140625,0.16590356826284847,6198.816666666667,32.90740356445315,20.432244873046898,2015-12-16 18:00:00,-0.2259979248046875,-0.737396240234375,0.771251111589356,"{""type"":""MultiPoint"",""coordinates"":[]}"
20151216T19,-12.553360853740477,-52.28821087761995,7616.361666666667,96971.08984375,0.3272533416698309,6757.8133333333335,31.088357543945335,21.89045104980471,2015-12-16 19:00:00,0.2006378173828125,-0.0411376953125,0.20481172754450097,"{""type"":""MultiPoint"",""coordinates"":[]}"
20151216T20,-12.553360853740477,-52.28821087761995,8036.802777777778,96907.89453125,0.6952226161907049,7138.357777777778,28.535501098632835,24.091714477539085,2015-12-16 20:00:00,-0.42645263671875,0.2981414794921875,0.5203366152387939,"{""type"":""MultiPoint"",""coordinates"":[]}"
20151216T21,-12.553360853740477,-52.28821087761995,8454.547777777778,96912.75390625,0.7410287857005926,7329.264444444444,27.850564575195335,24.067544555664085,2015-12-16 21:00:00,-0.3795623779296875,0.0532379150390625,0.38327780308458426,"{""type"":""MultiPoint"",""coordinates"":[]}"
20151216T22,-12.553360853740477,-52.28821087761995,8863.695,96928.16015625,0.7410287857005926,7372.823333333334,27.036553955078148,24.48059997558596,2015-12-16 22:00:00,-0.2489013671875,-0.28106689453125,0.37543373555029325,"{""type"":""MultiPoint"",""coordinates"":[]}"
20151216T23,-12.553360853740477,-52.28821087761995,9271.504722222222,97019.8671875,0.7418833595238539,7372.823333333334,26.321313476562523,24.64454040527346,2015-12-16 23:00:00,-0.598602294921875,-0.0555877685546875,0.6011777669696584,"{""type"":""MultiPoint"",""coordinates"":[]}"
20151217T00,-12.553360853740477,-52.28821087761995,9673.449444444444,97101.98046875,0.7418744951905865,7372.823333333334,25.67945251464846,24.590142822265648,2015-12-17 00:00:00,-0.7804412841796875,0.0465850830078125,0.7818303959369222,"{""type"":""MultiPoint"",""coordinates"":[]}"
20151217T01,-12.553360853740477,-52.28821087761995,402.7996527777778,97194.265625,0.0,0.0,25.100915527343773,24.49128112792971,2015-12-17 01:00:00,-0.6265716552734375,0.19952392578125,0.6575726850708271,"{""type"":""MultiPoint"",""coordinates"":[]}"
20151217T02,-12.553360853740477,-52.28821087761995,804.1356423611111,97269.45703125,0.0,0.0,24.67432556152346,24.186380004882835,2015-12-17 02:00:00,-0.8203125,0.2275390625,0.8512852768723472,"{""type"":""MultiPoint"",""coordinates"":[]}"
20151217T03,-12.553360853740477,-52.28821087761995,1210.5727777777777,97273.37109375,0.0,0.0,24.677178955078148,24.114007568359398,2015-12-17 03:00:00,-0.4637908935546875,0.2763824462890625,0.5398974435584799,"{""type"":""MultiPoint"",""coordinates"":[]}"
20151217T04,-12.553360853740477,-52.28821087761995,1612.1947916666666,97243.21484375,0.0,0.0,24.877603149414085,24.127847290039085,2015-12-17 04:00:00,0.200439453125,-0.3405303955078125,0.3951416513527222,"{""type"":""MultiPoint"",""coordinates"":[]}"
20151217T05,-12.553360853740477,-52.28821087761995,2012.0394444444444,97187.80078125,0.0,0.0,24.050210571289085,23.634194946289085,2015-12-17 05:00:00,0.4315948486328125,-1.315765380859375,1.3847428103566368,"{""type"":""MultiPoint"",""coordinates"":[]}"
20151217T06,-12.553360853740477,-52.28821087761995,2408.531388888889,97152.2578125,0.0,0.0,23.829202270507835,23.349038696289085,2015-12-17 06:00:00,0.339080810546875,-1.305694580078125,1.349004867495487,"{""type"":""MultiPoint"",""coordinates"":[]}"
20151217T07,-12.553360853740477,-52.28821087761995,2804.206388888889,97062.25390625,0.0,0.0,23.819390869140648,23.328698730468773,2015-12-17 07:00:00,0.4619598388671875,-1.36126708984375,1.4375169503758451,"{""type"":""MultiPoint"",""coordinates"":[]}"
20151217T08,-12.553360853740477,-52.28821087761995,3195.9616666666666,97082.82421875,0.0,0.0,23.52680358886721,23.094522094726585,2015-12-17 08:00:00,0.5218048095703125,-1.316986083984375,1.4165918977246796,"{""type"":""MultiPoint"",""coordinates"":[]}"
20151217T09,-12.553360853740477,-52.28821087761995,3586.599166666667,97105.06640625,0.0,0.0,23.351342773437523,22.906732177734398,2015-12-17 09:00:00,0.4594573974609375,-1.28521728515625,1.364875294723287,"{""type"":""MultiPoint"",""coordinates"":[]}"
20151217T10,-12.553360853740477,-52.28821087761995,3973.0830555555553,97196.65625,0.0,70.68666666666667,23.97480163574221,23.371118164062523,2015-12-17 10:00:00,0.290313720703125,-0.64263916015625,0.7051717142617268,"{""type"":""MultiPoint"",""coordinates"":[]}"
20151217T11,-12.553360853740477,-52.28821087761995,4362.059444444444,97273.6328125,0.0,354.9972222222222,26.903543090820335,23.762353515625023,2015-12-17 11:00:00,0.4508056640625,-0.570098876953125,0.7268001625302831,"{""type"":""MultiPoint"",""coordinates"":[]}"
20151217T12,-12.553360853740477,-52.28821087761995,4761.158611111111,97335.44140625,0.0,832.2294444444444,28.592919921875023,23.11676940917971,2015-12-17 12:00:00,0.67474365234375,-0.749267578125,1.0083059555549032,"{""type"":""MultiPoint"",""coordinates"":[]}"
20151217T13,-12.553360853740477,-52.28821087761995,5165.809722222222,97337.171875,0.002384185791015625,1556.8011111111111,30.292687988281273,22.472528076171898,2015-12-17 13:00:00,0.620269775390625,-0.990753173828125,1.1688996730744856,"{""type"":""MultiPoint"",""coordinates"":[]}"
20151217T14,-12.553360853740477,-52.28821087761995,5576.518055555555,97334.05859375,0.024557113647460938,2459.1494444444443,31.624475097656273,21.696817016601585,2015-12-17 14:00:00,0.335968017578125,-1.1861724853515625,1.2328340009265149,"{""type"":""MultiPoint"",""coordinates"":[]}"
20151217T15,-12.553360853740477,-52.28821087761995,5992.7875,97268.44140625,0.029712915420532227,3459.595,32.725930786132835,21.21729431152346,2015-12-17 15:00:00,-0.0272369384765625,-1.3825225830078125,1.3827908530736561,"{""type"":""MultiPoint"",""coordinates"":[]}"
20151217T16,-12.553360853740477,-52.28821087761995,6419.370555555555,97153.015625,0.03822147846221924,4447.743333333333,33.38147888183596,20.82599792480471,2015-12-17 16:00:00,-0.4970855712890625,-1.588592529296875,1.664548073598842,"{""type"":""MultiPoint"",""coordinates"":[]}"
20151217T17,-12.553360853740477,-52.28821087761995,6848.950555555555,97050.6796875,0.04556775093078613,5290.968888888889,33.4199157714844,19.977212524414085,2015-12-17 17:00:00,-0.7130279541015625,-1.6750030517578125,1.820451616145907,"{""type"":""MultiPoint"",""coordinates"":[]}"
20151217T18,-12.553360853740477,-52.28821087761995,7282.190555555556,96915.38671875,0.16683340072631836,5945.591111111111,32.47124633789065,20.184625244140648,2015-12-17 18:00:00,-0.70611572265625,-1.2783050537109375,1.4603640724577145,"{""type"":""MultiPoint"",""coordinates"":[]}"
20151217T19,-12.553360853740477,-52.28821087761995,7713.815833333333,96864.72265625,0.21693110466003418,6512.38,31.945535278320335,20.11133728027346,2015-12-17 19:00:00,-0.5231170654296875,-0.8020172119140625,0.9575401152694201,"{""type"":""MultiPoint"",""coordinates"":[]}"
20151217T20,-12.553360853740477,-52.28821087761995,8140.201944444444,96894.1953125,1.017063856124878,6861.3422222222225,29.745080566406273,21.388772583007835,2015-12-17 20:00:00,-1.3115997314453125,-0.7379302978515625,1.5049368691126919,"{""type"":""MultiPoint"",""coordinates"":[]}"
20151217T21,-12.553360853740477,-52.28821087761995,8558.747777777779,96920.55859375,1.0310113430023193,7051.946666666667,27.468865966796898,23.765313720703148,2015-12-17 21:00:00,0.136993408203125,0.360870361328125,0.3859982015193847,"{""type"":""MultiPoint"",""coordinates"":[]}"
20151217T22,-12.553360853740477,-52.28821087761995,8970.028333333334,96943.4296875,1.0310113430023193,7089.7011111111115,26.930581665039085,23.20923767089846,2015-12-17 22:00:00,0.0608978271484375,0.5283203125,0.5318184821454578,"{""type"":""MultiPoint"",""coordinates"":[]}"
20151217T23,-12.553360853740477,-52.28821087761995,9379.379166666668,97028.7265625,1.0310113430023193,7089.7011111111115,26.154641723632835,23.535028076171898,2015-12-17 23:00:00,-0.5353851318359375,-0.437957763671875,0.6916966402632401,"{""type"":""MultiPoint"",""coordinates"":[]}"
20151218T00,-12.553360853740477,-52.28821087761995,9790.21,97120.90625,1.0310113430023193,7089.7011111111115,25.812829589843773,23.243310546875023,2015-12-18 00:00:00,-0.6643218994140625,-0.95611572265625,1.1642512019111644,"{""type"":""MultiPoint"",""coordinates"":[]}"
20151218T01,-12.553360853740477,-52.28821087761995,403.1346875,97162.1484375,0.0,0.0,25.573175048828148,22.641198730468773,2015-12-18 01:00:00,-0.9558563232421875,-1.1776275634765625,1.5167293723475583,"{""type"":""MultiPoint"",""coordinates"":[]}"
20151218T02,-12.553360853740477,-52.28821087761995,809.9193576388889,97225.73046875,0.0,0.0,25.322106933593773,22.192544555664085,2015-12-18 02:00:00,-0.8817596435546875,-1.3909454345703125,1.6468847169591698,"{""type"":""MultiPoint"",""coordinates"":[]}"
20151218T03,-12.553360853740477,-52.28821087761995,1209.8601215277777,97267.19140625,0.0,0.0,24.972451782226585,21.830194091796898,2015-12-18 03:00:00,-0.761077880859375,-1.43304443359375,1.622607743537368,"{""type"":""MultiPoint"",""coordinates"":[]}"
20151218T04,-12.553360853740477,-52.28821087761995,1614.2120833333333,97219.046875,0.0,0.0,24.705346679687523,21.67713317871096,2015-12-18 04:00:00,-0.4997711181640625,-1.3523712158203125,1.4417624894309977,"{""type"":""MultiPoint"",""coordinates"":[]}"
20151218T05,-12.553360853740477,-52.28821087761995,2014.3438888888888,97157.390625,0.0,0.0,24.355249023437523,21.61206970214846,2015-12-18 05:00:00,-0.137359619140625,-1.37286376953125,1.379718302648048,"{""type"":""MultiPoint"",""coordinates"":[]}"
20151218T06,-12.553360853740477,-52.28821087761995,2410.2180555555556,97137.19140625,0.0,0.0,24.025262451171898,21.56812438964846,2015-12-18 06:00:00,0.3011627197265625,-1.3386688232421875,1.3721272543294674,"{""type"":""MultiPoint"",""coordinates"":[]}"
20151218T07,-12.553360853740477,-52.28821087761995,2803.347777777778,97086.0234375,0.0,0.0,23.776956176757835,21.527200317382835,2015-12-18 07:00:00,-0.1870574951171875,-1.3312225341796875,1.3443005400531929,"{""type"":""MultiPoint"",""coordinates"":[]}"
20151218T08,-12.553360853740477,-52.28821087761995,3192.971666666667,97123.8046875,0.0,0.0,23.479760742187523,21.56989440917971,2015-12-18 08:00:00,-0.05633544921875,-1.329620361328125,1.3308132807035749,"{""type"":""MultiPoint"",""coordinates"":[]}"
20151218T09,-12.553360853740477,-52.28821087761995,3584.4577777777777,97163.88671875,8.583068797918258E-4,0.0,23.29316101074221,21.66712341308596,2015-12-18 09:00:00,0.23046875,-1.2497711181640625,1.2708436931911073,"{""type"":""MultiPoint"",""coordinates"":[]}"
20151218T10,-12.553360853740477,-52.28821087761995,3973.839722222222,97260.859375,8.583068797918258E-4,64.44111111111111,23.726312255859398,22.50733337402346,2015-12-18 10:00:00,0.2054595947265625,-0.512176513671875,0.5518500033725465,"{""type"":""MultiPoint"",""coordinates"":[]}"
20151218T11,-12.553360853740477,-52.28821087761995,4365.635555555556,97334.3359375,8.583068797918258E-4,347.77944444444444,26.386163330078148,23.152673339843773,2015-12-18 11:00:00,0.373748779296875,-0.653900146484375,0.7531756445864346,"{""type"":""MultiPoint"",""coordinates"":[]}"
20151218T12,-12.553360853740477,-52.28821087761995,4763.469444444445,97398.02734375,8.583068797918258E-4,866.3055555555555,28.252114868164085,22.94873962402346,2015-12-18 12:00:00,0.6804656982421875,-0.9376220703125,1.1585200530078563,"{""type"":""MultiPoint"",""coordinates"":[]}"
20151218T13,-12.553360853740477,-52.28821087761995,5167.749722222222,97396.7421875,0.01799464225271663,1591.1566666666668,29.880670166015648,22.579919433593773,2015-12-18 13:00:00,0.7427825927734375,-0.8812255859375,1.1525122617300523,"{""type"":""MultiPoint"",""coordinates"":[]}"
20151218T14,-12.553360853740477,-52.28821087761995,5582.067222222222,97382.91015625,0.05092620849111995,2471.2594444444444,31.057641601562523,22.245172119140648,2015-12-18 14:00:00,0.491119384765625,-0.92376708984375,1.0462045146007337,"{""type"":""MultiPoint"",""coordinates"":[]}"
20151218T15,-12.553360853740477,-52.28821087761995,6000.985,97322.0625,0.11047124862173519,3463.5805555555557,32.31560668945315,21.516015625000023,2015-12-18 15:00:00,0.0888824462890625,-1.164703369140625,1.1680899055063574,"{""type"":""MultiPoint"",""coordinates"":[]}"
20151218T16,-12.553360853740477,-52.28821087761995,6435.033888888889,97280.31640625,0.2315729856441351,4198.02,31.54499206542971,21.955712890625023,2015-12-18 16:00:00,-0.5116119384765625,-1.18475341796875,1.2904989101042983,"{""type"":""MultiPoint"",""coordinates"":[]}"
20151218T17,-12.553360853740477,-52.28821087761995,6870.658888888889,97178.89453125,0.41978955268362483,5034.21,31.338647460937523,22.205682373046898,2015-12-18 17:00:00,-1.02581787109375,-1.264739990234375,1.628456185334245,"{""type"":""MultiPoint"",""coordinates"":[]}"
20151218T18,-12.553360853740477,-52.28821087761995,7296.372222222222,97067.14453125,2.348327636713776,5799.2011111111115,30.130044555664085,23.16455993652346,2015-12-18 18:00:00,-1.443878173828125,-1.1312408447265625,1.8342546250820544,"{""type"":""MultiPoint"",""coordinates"":[]}"
20151218T19,-12.553360853740477,-52.28821087761995,7725.170833333334,97093.28515625,3.181719779963288,6314.683333333333,28.926477050781273,21.94226989746096,2015-12-18 19:00:00,-1.71380615234375,-1.00701904296875,1.9877673105051774,"{""type"":""MultiPoint"",""coordinates"":[]}"
20151218T20,-12.553360853740477,-52.28821087761995,8147.6875,96997.43359375,3.1906753778407904,6668.203333333333,28.501092529296898,22.268594360351585,2015-12-18 20:00:00,-0.592193603515625,-0.2847137451171875,0.657080802263676,"{""type"":""MultiPoint"",""coordinates"":[]}"
20151218T21,-12.553360853740477,-52.28821087761995,8568.05388888889,96996.48046875,3.190690279001984,6839.471111111111,27.835931396484398,23.802468872070335,2015-12-18 21:00:00,-0.011871337890625,0.2283782958984375,0.22868662991261135,"{""type"":""MultiPoint"",""coordinates"":[]}"
20151218T22,-12.553360853740477,-52.28821087761995,8981.050277777778,97038.9765625,3.190690279001984,6878.65,27.039910888671898,24.354608154296898,2015-12-18 22:00:00,-0.3365478515625,0.881988525390625,0.9440170630407396,"{""type"":""MultiPoint"",""coordinates"":[]}"
20151218T23,-12.553360853740477,-52.28821087761995,9387.37638888889,97068.9140625,3.190690279001984,6878.65,26.079995727539085,24.220086669921898,2015-12-18 23:00:00,-0.3233795166015625,1.138275146484375,1.183319323285767,"{""type"":""MultiPoint"",""coordinates"":[]}"
20151219T00,-12.553360853740477,-52.28821087761995,9783.909722222223,97175.39453125,3.190690279001984,6878.65,25.359658813476585,24.088586425781273,2015-12-19 00:00:00,-0.302520751953125,1.1669158935546875,1.2054922264340069,"{""type"":""MultiPoint"",""coordinates"":[]}"
20151219T01,-12.553360853740477,-52.28821087761995,393.95180555555555,97242.1953125,0.0,0.0,24.823571777343773,23.98298034667971,2015-12-19 01:00:00,-0.462310791015625,1.00531005859375,1.1065168690079976,"{""type"":""MultiPoint"",""coordinates"":[]}"
20151219T02,-12.553360853740477,-52.28821087761995,787.9242534722222,97291.90234375,0.0,0.0,24.42170104980471,23.891580200195335,2015-12-19 02:00:00,-0.496368408203125,0.8537750244140625,0.9875795608331195,"{""type"":""MultiPoint"",""coordinates"":[]}"
20151219T03,-12.553360853740477,-52.28821087761995,1180.5474305555556,97294.6796875,0.0,0.0,24.107781982421898,23.765603637695335,2015-12-19 03:00:00,-0.1758270263671875,0.9782562255859375,0.9939317814109639,"{""type"":""MultiPoint"",""coordinates"":[]}"
20151219T04,-12.553360853740477,-52.28821087761995,1573.7155555555555,97270.328125,0.0,0.0,23.73584899902346,23.572320556640648,2015-12-19 04:00:00,0.0027313232421875,1.0461883544921875,1.046191919870214,"{""type"":""MultiPoint"",""coordinates"":[]}"
20151219T05,-12.553360853740477,-52.28821087761995,1964.0965277777777,97251.54296875,0.0,0.0,23.407861328125023,23.25916442871096,2015-12-19 05:00:00,0.100341796875,1.0949554443359375,1.099543496766278,"{""type"":""MultiPoint"",""coordinates"":[]}"
20151219T06,-12.553360853740477,-52.28821087761995,2361.3519444444446,97235.7578125,0.0,0.0,23.142388916015648,22.965753173828148,2015-12-19 06:00:00,0.0524444580078125,0.879425048828125,0.8809874219772285,"{""type"":""MultiPoint"",""coordinates"":[]}"
20151219T07,-12.553360853740477,-52.28821087761995,2758.467222222222,97270.99609375,0.0,0.0,23.449182128906273,23.030236816406273,2015-12-19 07:00:00,0.242767333984375,1.26080322265625,1.283962906282836,"{""type"":""MultiPoint"",""coordinates"":[]}"
20151219T08,-12.553360853740477,-52.28821087761995,3153.8775,97265.56640625,0.0,0.0,23.177545166015648,22.808770751953148,2015-12-19 08:00:00,0.0590972900390625,1.1885986328125,1.19006688871412,"{""type"":""MultiPoint"",""coordinates"":[]}"
20151219T09,-12.553360853740477,-52.28821087761995,3549.454166666667,97268.69140625,0.0,0.0,23.057946777343773,22.652993774414085,2015-12-19 09:00:00,-0.16864013671875,1.220855712890625,1.2324480384219836,"{""type"":""MultiPoint"",""coordinates"":[]}"
20151219T10,-12.553360853740477,-52.28821087761995,3944.0119444444445,97306.1328125,0.0,64.36944444444444,23.867395019531273,23.001458740234398,2015-12-19 10:00:00,-0.1492156982421875,0.81500244140625,0.8285495181943271,"{""type"":""MultiPoint"",""coordinates"":[]}"
20151219T11,-12.553360853740477,-52.28821087761995,4340.764444444444,97329.55859375,0.0,347.0316666666667,27.069680786132835,23.636270141601585,2015-12-19 11:00:00,-0.0831298828125,1.0604400634765625,1.0636934265297477,"{""type"":""MultiPoint"",""coordinates"":[]}"
20151219T12,-12.553360853740477,-52.28821087761995,4745.340833333334,97345.98046875,0.0,869.7938888888889,29.037988281250023,23.000161743164085,2015-12-19 12:00:00,0.084075927734375,1.4463348388671875,1.4487764588594643,"{""type"":""MultiPoint"",""coordinates"":[]}"
20151219T13,-12.553360853740477,-52.28821087761995,5156.088333333333,97373.4453125,0.032320618629455566,1604.8083333333334,30.398477172851585,22.667657470703148,2015-12-19 13:00:00,0.088470458984375,1.3480682373046875,1.350968169329934,"{""type"":""MultiPoint"",""coordinates"":[]}"
20151219T14,-12.553360853740477,-52.28821087761995,5571.931388888889,97373.625,0.06756186485290527,2450.8216666666667,31.274026489257835,22.608850097656273,2015-12-19 14:00:00,0.047821044921875,0.967987060546875,0.9691675818575441,"{""type"":""MultiPoint"",""coordinates"":[]}"
20151219T15,-12.553360853740477,-52.28821087761995,5995.685277777778,97340.0390625,0.09354948997497559,3381.298888888889,32.189492797851585,22.85749206542971,2015-12-19 15:00:00,0.12713623046875,0.7318267822265625,0.742788031865005,"{""type"":""MultiPoint"",""coordinates"":[]}"
20151219T16,-12.553360853740477,-52.28821087761995,6432.664444444445,97263.91015625,0.18264353275299072,4273.44,32.45479736328127,22.146386718750023,2015-12-19 16:00:00,-0.2755279541015625,0.408782958984375,0.492969736441715,"{""type"":""MultiPoint"",""coordinates"":[]}"
20151219T17,-12.553360853740477,-52.28821087761995,6872.783333333334,97200.1015625,0.3258734941482544,5088.996666666667,31.98969421386721,22.755593872070335,2015-12-19 17:00:00,-0.7593231201171875,0.105377197265625,0.7666002572710625,"{""type"":""MultiPoint"",""coordinates"":[]}"
20151219T18,-12.553360853740477,-52.28821087761995,7308.538611111111,97108.47265625,2.5338679552078247,5702.354444444444,29.472253417968773,24.656533813476585,2015-12-19 18:00:00,-0.365234375,0.186767578125,0.410217353265703,"{""type"":""MultiPoint"",""coordinates"":[]}"
20151219T19,-12.553360853740477,-52.28821087761995,7730.702777777778,97054.3984375,5.669921636581421,6115.746666666667,26.941308593750023,24.936029052734398,2015-12-19 19:00:00,0.267181396484375,-0.07843017578125,0.27845500731791223,"{""type"":""MultiPoint"",""coordinates"":[]}"
20151219T20,-12.553360853740477,-52.28821087761995,8153.369722222223,97018.16796875,5.871608853340149,6415.623333333333,26.741799926757835,24.888513183593773,2015-12-19 20:00:00,-0.2118682861328125,-0.5091552734375,0.5514773459880928,"{""type"":""MultiPoint"",""coordinates"":[]}"
20151219T21,-12.553360853740477,-52.28821087761995,8575.184444444445,96957.06640625,5.871608853340149,6564.351111111111,26.424829101562523,24.125695800781273,2015-12-19 21:00:00,-0.162933349609375,-0.8716335296630859,0.8867312368738685,"{""type"":""MultiPoint"",""coordinates"":[]}"
20151219T22,-12.553360853740477,-52.28821087761995,8983.071666666667,97113.71875,5.871608853340149,6599.012222222223,26.098199462890648,23.967645263671898,2015-12-19 22:00:00,-0.2971343994140625,-1.1419181823730469,1.1799432132731298,"{""type"":""MultiPoint"",""coordinates"":[]}"
20151219T23,-12.553360853740477,-52.28821087761995,9391.483333333334,97197.31640625,5.872547626495361,6599.012222222223,25.605218505859398,23.92072448730471,2015-12-19 23:00:00,-0.735809326171875,-0.8773574829101562,1.1450639795661872,"{""type"":""MultiPoint"",""coordinates"":[]}"
20151220T00,-12.553360853740477,-52.28821087761995,9799.795,97234.6328125,5.873769521713257,6599.012222222223,25.15412292480471,23.856774902343773,2015-12-20 00:00:00,-0.733367919921875,-0.645599365234375,0.9770501759692619,"{""type"":""MultiPoint"",""coordinates"":[]}"
20151220T01,-12.553360853740477,-52.28821087761995,407.0020486111111,97321.76953125,0.0,0.0,24.633233642578148,24.013589477539085,2015-12-20 01:00:00,-0.5308074951171875,-0.03277587890625,0.5318184418677677,"{""type"":""MultiPoint"",""coordinates"":[]}"
20151220T02,-12.553360853740477,-52.28821087761995,815.2277256944444,97390.8671875,0.0,0.0,24.404809570312523,23.797204589843773,2015-12-20 02:00:00,-0.180450439453125,0.9845428466796875,1.0009430443571545,"{""type"":""MultiPoint"",""coordinates"":[]}"
20151220T03,-12.553360853740477,-52.28821087761995,1221.5098784722222,97459.32421875,0.0,0.0,24.12513122558596,23.752908325195335,2015-12-20 03:00:00,0.146209716796875,0.8589630126953125,0.8713178171393203,"{""type"":""MultiPoint"",""coordinates"":[]}"
20151220T04,-12.553360853740477,-52.28821087761995,1635.6585069444445,97385.16796875,0.0,0.0,24.103997802734398,23.772988891601585,2015-12-20 04:00:00,0.8370513916015625,0.4596710205078125,0.9549620302801605,"{""type"":""MultiPoint"",""coordinates"":[]}"
20151220T05,-12.553360853740477,-52.28821087761995,2049.300277777778,97323.84765625,3.2782554626464844E-4,0.0,24.04664001464846,23.750711059570335,2015-12-20 05:00:00,1.1090240478515625,0.4295940399169922,1.1893213938398934,"{""type"":""MultiPoint"",""coordinates"":[]}"
20151220T06,-12.553360853740477,-52.28821087761995,2454.8469444444445,97279.98046875,3.2782554626464844E-4,0.0,23.881066894531273,23.647546386718773,2015-12-20 06:00:00,1.0509033203125,0.3583984375,1.1103365384631267,"{""type"":""MultiPoint"",""coordinates"":[]}"
20151220T07,-12.553360853740477,-52.28821087761995,2853.783611111111,97247.16796875,3.2782554626464844E-4,0.0,23.60981140136721,23.30286560058596,2015-12-20 07:00:00,0.990447998046875,0.2686767578125,1.0262428742864427,"{""type"":""MultiPoint"",""coordinates"":[]}"
20151220T08,-12.553360853740477,-52.28821087761995,3253.636111111111,97278.6875,3.2782554626464844E-4,0.0,23.319543457031273,23.16706237792971,2015-12-20 08:00:00,0.850433349609375,0.33551025390625,0.9142231743967432,"{""type"":""MultiPoint"",""coordinates"":[]}"
20151220T09,-12.553360853740477,-52.28821087761995,3653.5841666666665,97308.19140625,3.2782554626464844E-4,0.0,23.182046508789085,23.04944763183596,2015-12-20 09:00:00,0.627410888671875,0.6310882568359375,0.8898970789592773,"{""type"":""MultiPoint"",""coordinates"":[]}"
20151220T10,-12.553360853740477,-52.28821087761995,4055.9127777777776,97362.12890625,3.2782554626464844E-4,57.83777777777778,23.911294555664085,23.294046020507835,2015-12-20 10:00:00,0.54315185546875,0.7252998352050781,0.90613122065607,"{""type"":""MultiPoint"",""coordinates"":[]}"
20151220T11,-12.553360853740477,-52.28821087761995,4456.747222222222,97414.8828125,3.2782554626464844E-4,313.34,25.739648437500023,23.757897949218773,2015-12-20 11:00:00,0.467529296875,0.5449085235595703,0.7179895141882663,"{""type"":""MultiPoint"",""coordinates"":[]}"
20151220T12,-12.553360853740477,-52.28821087761995,4864.011666666666,97399.83203125,0.11636316776275635,766.3944444444444,27.284020996093773,23.863519287109398,2015-12-20 12:00:00,0.57159423828125,0.6071586608886719,0.8338834527249283,"{""type"":""MultiPoint"",""coordinates"":[]}"
20151220T13,-12.553360853740477,-52.28821087761995,5279.66,97412.08984375,0.2975165843963623,1424.9072222222221,29.013955688476585,24.18396911621096,2015-12-20 13:00:00,0.295257568359375,0.4236927032470703,0.5164228291412968,"{""type"":""MultiPoint"",""coordinates"":[]}"
20151220T14,-12.553360853740477,-52.28821087761995,5698.178611111111,97388.1328125,0.44886767864227295,2263.788888888889,30.475427246093773,24.201409912109398,2015-12-20 14:00:00,0.059173583984375,0.0813446044921875,0.10059054489138775,"{""type"":""MultiPoint"",""coordinates"":[]}"
20151220T15,-12.553360853740477,-52.28821087761995,6134.0425,97301.76171875,0.5724877119064331,3078.301111111111,30.895837402343773,23.142877197265648,2015-12-20 15:00:00,0.0308380126953125,0.056640625,0.06449142134723719,"{""type"":""MultiPoint"",""coordinates"":[]}"
20151220T16,-12.553360853740477,-52.28821087761995,6564.6530555555555,97243.16015625,0.6518661975860596,3879.73,31.347985839843773,22.986184692382835,2015-12-20 16:00:00,0.1279144287109375,-0.2695770263671875,0.29838544571982867,"{""type"":""MultiPoint"",""coordinates"":[]}"
20151220T17,-12.553360853740477,-52.28821087761995,6996.360555555556,97144.59765625,0.8258521556854248,4648.543333333333,31.464837646484398,22.60401306152346,2015-12-20 17:00:00,-0.3315277099609375,0.0251922607421875,0.33248349203117716,"{""type"":""MultiPoint"",""coordinates"":[]}"
20151220T18,-12.553360853740477,-52.28821087761995,7432.588611111111,97077.28515625,2.53412127494812,5240.276666666667,30.194009399414085,24.015252685546898,2015-12-20 18:00:00,0.3129425048828125,0.3302459716796875,0.45496748584156,"{""type"":""MultiPoint"",""coordinates"":[]}"
20151220T19,-12.553360853740477,-52.28821087761995,7866.825277777778,97111.5859375,5.545973777770996,5550.3533333333335,27.70588073730471,25.049645996093773,2015-12-20 19:00:00,0.42315673828125,0.044525146484375,0.42549278938929314,"{""type"":""MultiPoint"",""coordinates"":[]}"
20151220T20,-12.553360853740477,-52.28821087761995,8289.239722222223,97060.05078125,6.988167762756348,5743.341111111111,25.95923767089846,23.18616638183596,2015-12-20 20:00:00,0.5505828857421875,0.0220489501953125,0.5510242011716999,"{""type"":""MultiPoint"",""coordinates"":[]}"
20151220T21,-12.553360853740477,-52.28821087761995,8708.107777777777,96974.46875,7.1724653244018555,5860.004444444445,25.212152099609398,24.38105163574221,2015-12-20 21:00:00,-0.4034271240234375,0.1615447998046875,0.43456894360015946,"{""type"":""MultiPoint"",""coordinates"":[]}"
20151220T22,-12.553360853740477,-52.28821087761995,9117.749722222223,97086.34765625,7.175654172897339,5888.107777777778,25.110498046875023,23.95337829589846,2015-12-20 22:00:00,-0.4159088134765625,0.445953369140625,0.6097987771186136,"{""type"":""MultiPoint"",""coordinates"":[]}"
20151220T23,-12.553360853740477,-52.28821087761995,9520.25111111111,97126.87890625,7.175654172897339,5888.107777777778,24.650796508789085,24.08381042480471,2015-12-20 23:00:00,-0.2263641357421875,0.171630859375,0.28407371198354225,"{""type"":""MultiPoint"",""coordinates"":[]}"
20151221T00,-12.553360853740477,-52.28821087761995,9920.478333333333,97272.953125,7.175654172897339,5888.107777777778,24.37183532714846,23.81177673339846,2015-12-21 00:00:00,-0.2249298095703125,-0.0934600830078125,0.2435738211490805,"{""type"":""MultiPoint"",""coordinates"":[]}"
20151221T01,-12.553360853740477,-52.28821087761995,395.70786458333333,97338.62109375,0.0,0.0,23.880059814453148,23.614038085937523,2015-12-21 01:00:00,-0.324859619140625,-0.0482940673828125,0.32842973235163647,"{""type"":""MultiPoint"",""coordinates"":[]}"
20151221T02,-12.553360853740477,-52.28821087761995,794.7016145833334,97379.66015625,0.0,0.0,23.82837829589846,23.562295532226585,2015-12-21 02:00:00,-0.12725830078125,0.0966033935546875,0.15977137028896302,"{""type"":""MultiPoint"",""coordinates"":[]}"
20151221T03,-12.553360853740477,-52.28821087761995,1192.8813020833334,97374.97265625,0.0,0.0,23.61249694824221,23.481179809570335,2015-12-21 03:00:00,0.137451171875,0.0712890625,0.15483848062397054,"{""type"":""MultiPoint"",""coordinates"":[]}"
20151221T04,-12.553360853740477,-52.28821087761995,1591.0411284722222,97292.6171875,0.0,0.0,23.422631835937523,23.324395751953148,2015-12-21 04:00:00,0.2267303466796875,-0.0597686767578125,0.23447589391421703,"{""type"":""MultiPoint"",""coordinates"":[]}"
20151221T05,-12.553360853740477,-52.28821087761995,1987.2443055555555,97220.515625,0.0,0.0,23.268060302734398,23.169641113281273,2015-12-21 05:00:00,0.0794677734375,-0.272369384765625,0.28372558709555773,"{""type"":""MultiPoint"",""coordinates"":[]}"
20151221T06,-12.553360853740477,-52.28821087761995,2392.256388888889,97158.01171875,0.0,0.0,23.177209472656273,23.07831726074221,2015-12-21 06:00:00,0.1135406494140625,-0.204986572265625,0.23433090679331514,"{""type"":""MultiPoint"",""coordinates"":[]}"
20151221T07,-12.553360853740477,-52.28821087761995,2792.1119444444444,97133.328125,0.0,0.0,22.534997558593773,22.32325134277346,2015-12-21 07:00:00,-0.525390625,-0.077850341796875,0.5311270888928382,"{""type"":""MultiPoint"",""coordinates"":[]}"
20151221T08,-12.553360853740477,-52.28821087761995,3194.281111111111,97116.30859375,0.0,0.0,22.767572021484398,22.44635925292971,2015-12-21 08:00:00,-0.2478790283203125,0.08270263671875,0.26131157418158085,"{""type"":""MultiPoint"",""coordinates"":[]}"
20151221T09,-12.553360853740477,-52.28821087761995,3592.6027777777776,97130.9765625,0.0,0.0,22.610009765625023,22.386987304687523,2015-12-21 09:00:00,-0.2512054443359375,-0.1008148193359375,0.2706802598302165,"{""type"":""MultiPoint"",""coordinates"":[]}"
20151221T10,-12.553360853740477,-52.28821087761995,3989.8258333333333,97187.21875,0.0,55.614444444444445,23.156030273437523,22.894158935546898,2015-12-21 10:00:00,-0.16741943359375,-0.1715240478515625,0.2396868075974086,"{""type"":""MultiPoint"",""coordinates"":[]}"
20151221T11,-12.553360853740477,-52.28821087761995,4388.336666666667,97292.69140625,0.0,314.7111111111111,25.32233581542971,24.050775146484398,2015-12-21 11:00:00,-0.158538818359375,-0.27764892578125,0.3197240730915784,"{""type"":""MultiPoint"",""coordinates"":[]}"
20151221T12,-12.553360853740477,-52.28821087761995,4793.058333333333,97341.5703125,0.06527006615897335,804.7622222222222,27.76654968261721,23.935037231445335,2015-12-21 12:00:00,-0.15887451171875,-0.307403564453125,0.3460318799075568,"{""type"":""MultiPoint"",""coordinates"":[]}"
20151221T13,-12.553360853740477,-52.28821087761995,5202.752777777778,97400.16015625,1.1160254477431408,1499.6694444444445,28.48951110839846,23.901162719726585,2015-12-21 13:00:00,-0.4552459716796875,-0.3969745635986328,0.6040179623776993,"{""type"":""MultiPoint"",""coordinates"":[]}"
20151221T14,-12.553360853740477,-52.28821087761995,5626.772222222222,97313.01171875,1.6046345232894055,2275.8616666666667,29.50153503417971,23.41413269042971,2015-12-21 14:00:00,-0.4229888916015625,-0.6953907012939453,0.813933553715783,"{""type"":""MultiPoint"",""coordinates"":[]}"
20151221T15,-12.553360853740477,-52.28821087761995,6055.456111111111,97322.9921875,2.8389304875986454,2943.58,29.209634399414085,23.329095458984398,2015-12-21 15:00:00,-1.275115966796875,-0.3607025146484375,1.3251517018266383,"{""type"":""MultiPoint"",""coordinates"":[]}"
20151221T16,-12.553360853740477,-52.28821087761995,6485.153888888889,97241.578125,6.028081223234949,3394.0577777777776,27.47193298339846,23.51423034667971,2015-12-21 16:00:00,-1.656646728515625,0.216156005859375,1.6706890201263074,"{""type"":""MultiPoint"",""coordinates"":[]}"
20151221T17,-12.553360853740477,-52.28821087761995,6904.935555555556,97130.9453125,6.114921124833472,3847.8244444444445,27.295281982421898,23.617456054687523,2015-12-21 17:00:00,-1.9463653564453125,-0.0261077880859375,1.9465404484287576,"{""type"":""MultiPoint"",""coordinates"":[]}"
20151221T18,-12.553360853740477,-52.28821087761995,7323.2075,97060.36328125,6.222418101685889,4215.1033333333335,27.291909790039085,23.810159301757835,2015-12-21 18:00:00,-0.926116943359375,-0.1086883544921875,0.932472922491335,"{""type"":""MultiPoint"",""coordinates"":[]}"
20151221T19,-12.553360853740477,-52.28821087761995,7740.5725,97065.39453125,8.43790997424776,4562.335555555555,26.112634277343773,23.466790771484398,2015-12-21 19:00:00,-1.2640228271484375,-0.0914459228515625,1.2673263448530148,"{""type"":""MultiPoint"",""coordinates"":[]}"
20151221T20,-12.553360853740477,-52.28821087761995,8156.783611111111,96950.67578125,8.505787784201857,4781.734444444444,25.84058532714846,24.02759704589846,2015-12-21 20:00:00,-0.5176849365234375,-0.0469818115234375,0.5198124509063815,"{""type"":""MultiPoint"",""coordinates"":[]}"
20151221T21,-12.553360853740477,-52.28821087761995,8570.23138888889,96894.1015625,8.51259240056379,4892.841111111111,25.443444824218773,23.865960693359398,2015-12-21 21:00:00,-0.68438720703125,-0.10369873046875,0.6921988701586167,"{""type"":""MultiPoint"",""coordinates"":[]}"
20151221T22,-12.553360853740477,-52.28821087761995,8976.925277777778,96932.51953125,8.512587060465648,4926.804444444444,25.041040039062523,23.874307250976585,2015-12-21 22:00:00,-0.3320465087890625,0.2064056396484375,0.3909708071936901,"{""type"":""MultiPoint"",""coordinates"":[]}"
20151221T23,-12.553360853740477,-52.28821087761995,9380.069166666666,97021.671875,8.512581099239469,4926.804444444444,24.413537597656273,23.878625488281273,2015-12-21 23:00:00,-0.31085205078125,0.33880615234375,0.45980279070584723,"{""type"":""MultiPoint"",""coordinates"":[]}"
20151222T00,-12.553360853740477,-52.28821087761995,9780.429166666667,97163.390625,8.512591224643984,4926.804444444444,23.857507324218773,23.71943054199221,2015-12-22 00:00:00,-0.428253173828125,0.3289222717285156,0.5399913348683567,"{""type"":""MultiPoint"",""coordinates"":[]}"
20151222T01,-12.553360853740477,-52.28821087761995,400.16192708333335,97235.5546875,0.0,0.0,23.46631774902346,23.409692382812523,2015-12-22 01:00:00,-0.37158203125,0.3400421142578125,0.5036882422856416,"{""type"":""MultiPoint"",""coordinates"":[]}"
20151222T02,-12.553360853740477,-52.28821087761995,801.1822569444445,97281.46484375,0.0,0.0,23.309472656250023,23.24952087402346,2015-12-22 02:00:00,-0.5245361328125,0.2534360885620117,0.5825530066968194,"{""type"":""MultiPoint"",""coordinates"":[]}"
20151222T03,-12.553360853740477,-52.28821087761995,1204.8483159722223,97313.36328125,0.0,0.0,23.294107055664085,23.217858886718773,2015-12-22 03:00:00,-0.2787322998046875,0.24887561798095703,0.3736720061495288,"{""type"":""MultiPoint"",""coordinates"":[]}"
20151222T04,-12.553360853740477,-52.28821087761995,1612.4575868055556,97279.58984375,0.0,0.0,23.364465332031273,23.119653320312523,2015-12-22 04:00:00,-0.069305419921875,-0.1383657455444336,0.1547524499664363,"{""type"":""MultiPoint"",""coordinates"":[]}"
20151222T05,-12.553360853740477,-52.28821087761995,2025.7058333333334,97223.765625,0.0,0.0,23.004739379882835,22.957391357421898,2015-12-22 05:00:00,-0.407623291015625,-0.33820629119873047,0.5296604976631818,"{""type"":""MultiPoint"",""coordinates"":[]}"
20151222T06,-12.553360853740477,-52.28821087761995,2436.1883333333335,97167.98046875,0.0,0.0,22.886224365234398,22.847772216796898,2015-12-22 06:00:00,-0.3778076171875,-0.3276519775390625,0.5000944050778361,"{""type"":""MultiPoint"",""coordinates"":[]}"
20151222T07,-12.553360853740477,-52.28821087761995,2834.0408333333335,97099.25,0.0,0.0,22.679864501953148,22.55420837402346,2015-12-22 07:00:00,-0.8261871337890625,-0.5142602920532227,0.9731643376230205,"{""type"":""MultiPoint"",""coordinates"":[]}"
20151222T08,-12.553360853740477,-52.28821087761995,3235.84,97123.88671875,0.0,0.0,22.623406982421898,22.485650634765648,2015-12-22 08:00:00,-0.750091552734375,-0.4374246597290039,0.8683188760026471,"{""type"":""MultiPoint"",""coordinates"":[]}"
20151222T09,-12.553360853740477,-52.28821087761995,3639.7033333333334,97180.09765625,0.0,0.0,22.560891723632835,22.411340332031273,2015-12-22 09:00:00,-0.7205390930175781,-0.31880664825439453,0.787917675609448,"{""type"":""MultiPoint"",""coordinates"":[]}"
20151222T10,-12.553360853740477,-52.28821087761995,4046.3091666666664,97263.62890625,0.0,46.75111111111111,23.64582214355471,23.292993164062523,2015-12-22 10:00:00,-0.21498680114746094,-0.19766521453857422,0.2920459924501593,"{""type"":""MultiPoint"",""coordinates"":[]}"
20151222T11,-12.553360853740477,-52.28821087761995,4456.9,97372.34765625,0.0,237.68944444444443,25.255822753906273,24.14887390136721,2015-12-22 11:00:00,-0.17490386962890625,-0.3002605438232422,0.3474877807753743,"{""type"":""MultiPoint"",""coordinates"":[]}"
20151222T12,-12.553360853740477,-52.28821087761995,4873.843055555555,97387.7109375,0.012353062629699707,576.9011111111112,26.761941528320335,23.928460693359398,2015-12-22 12:00:00,-0.37613868713378906,-0.3152313232421875,0.4907658292014135,"{""type"":""MultiPoint"",""coordinates"":[]}"
20151222T13,-12.553360853740477,-52.28821087761995,5293.7797222222225,97417.63671875,0.31632184982299805,1191.7533333333333,28.330804443359398,23.925469970703148,2015-12-22 13:00:00,-0.5441503524780273,-0.5692138671875,0.7874668454611345,"{""type"":""MultiPoint"",""coordinates"":[]}"
20151222T14,-12.553360853740477,-52.28821087761995,5714.972222222223,97323.8828125,0.7393062114715576,1978.9133333333334,29.262322998046898,24.321588134765648,2015-12-22 14:00:00,-0.2709016799926758,-0.47126007080078125,0.5435749944156846,"{""type"":""MultiPoint"",""coordinates"":[]}"
20151222T15,-12.553360853740477,-52.28821087761995,6146.094444444445,97261.97265625,1.375347375869751,2683.94,29.541665649414085,23.687768554687523,2015-12-22 15:00:00,-0.8907546997070312,-0.618988037109375,1.084707391481537,"{""type"":""MultiPoint"",""coordinates"":[]}"
20151222T16,-12.553360853740477,-52.28821087761995,6572.349722222222,97198.00390625,14.516457915306091,3229.1922222222224,26.913323974609398,23.215112304687523,2015-12-22 16:00:00,-1.1356735229492188,-1.1840057373046875,1.6406169378311033,"{""type"":""MultiPoint"",""coordinates"":[]}"
20151222T17,-12.553360853740477,-52.28821087761995,6990.348888888889,97160.98046875,18.524080514907837,3649.887777777778,25.760339355468773,23.878625488281273,2015-12-22 17:00:00,-1.0751657485961914,-1.082387924194336,1.525629380090765,"{""type"":""MultiPoint"",""coordinates"":[]}"
20151222T18,-12.553360853740477,-52.28821087761995,7412.488055555556,96987.0390625,18.89076828956604,3848.866666666667,24.744256591796898,23.889443969726585,2015-12-22 18:00:00,-0.16476821899414062,-0.08435821533203125,0.18510773750577375,"{""type"":""MultiPoint"",""coordinates"":[]}"
20151222T19,-12.553360853740477,-52.28821087761995,7843.408333333334,96951.9375,19.042062759297096,4190.45,26.89063415527346,24.648461914062523,2015-12-22 19:00:00,1.1234111785888672,0.3536701202392578,1.1777670525738435,"{""type"":""MultiPoint"",""coordinates"":[]}"
20151222T20,-12.553360853740477,-52.28821087761995,8265.16888888889,96875.74609375,19.136118888752662,4433.72,26.493127441406273,24.985955810546898,2015-12-22 20:00:00,0.18582916259765625,0.001056671142578125,0.18583216682170425,"{""type"":""MultiPoint"",""coordinates"":[]}"
20151222T21,-12.553360853740477,-52.28821087761995,8682.622222222222,96936.52734375,20.024496316807472,4561.746666666667,25.644036865234398,24.067727661132835,2015-12-22 21:00:00,-0.21988677978515625,0.0048122406005859375,0.2199394316258086,"{""type"":""MultiPoint"",""coordinates"":[]}"
20151222T22,-12.553360853740477,-52.28821087761995,9097.371666666666,97020.23828125,20.11956572522422,4588.041111111111,25.089807128906273,24.237756347656273,2015-12-22 22:00:00,-0.22647857666015625,0.09345722198486328,0.24500366941566057,"{""type"":""MultiPoint"",""coordinates"":[]}"
20151222T23,-12.553360853740477,-52.28821087761995,9506.294166666667,97072.98828125,20.135420560734474,4588.041111111111,24.571557617187523,24.074273681640648,2015-12-22 23:00:00,-0.03337669372558594,0.5759963989257812,0.5769626116651921,"{""type"":""MultiPoint"",""coordinates"":[]}"
20151223T00,-12.553360853740477,-52.28821087761995,9914.730833333333,97126.6640625,20.135420560734474,4588.041111111111,24.08478698730471,23.934594726562523,2015-12-23 00:00:00,-0.3081169128417969,0.34694862365722656,0.46401441727257065,"{""type"":""MultiPoint"",""coordinates"":[]}"
20151223T01,-12.553360853740477,-52.28821087761995,408.8447743055556,97224.40234375,0.0,0.0,23.783990478515648,23.716180419921898,2015-12-23 01:00:00,-0.5523395538330078,-0.28558349609375,0.6218013476742995,"{""type"":""MultiPoint"",""coordinates"":[]}"
20151223T02,-12.553360853740477,-52.28821087761995,816.2658506944445,97285.51171875,0.0,0.0,23.535256958007835,23.493707275390648,2015-12-23 02:00:00,-0.4659872055053711,0.10040283203125,0.47668103001336265,"{""type"":""MultiPoint"",""coordinates"":[]}"
20151223T03,-12.553360853740477,-52.28821087761995,1220.5898090277778,97302.0703125,0.0,0.0,23.654519653320335,23.558190917968773,2015-12-23 03:00:00,0.04370307922363281,0.17436504364013672,0.1797585257428807,"{""type"":""MultiPoint"",""coordinates"":[]}"
20151223T04,-12.553360853740477,-52.28821087761995,1628.011875,97249.98828125,0.0,0.0,22.99012145996096,22.94989929199221,2015-12-23 04:00:00,0.5912685394287109,-0.23469066619873047,0.636143218559284,"{""type"":""MultiPoint"",""coordinates"":[]}"
20151223T05,-12.553360853740477,-52.28821087761995,2042.9727777777778,97189.89453125,0.0,0.0,23.14142761230471,23.063500976562523,2015-12-23 05:00:00,0.8060941696166992,-0.1838531494140625,0.826794890429002,"{""type"":""MultiPoint"",""coordinates"":[]}"
20151223T06,-12.553360853740477,-52.28821087761995,2456.765,97148.6953125,0.0,0.0,23.081170654296898,23.023522949218773,2015-12-23 06:00:00,0.7447938919067383,-0.1181488037109375,0.7541068102330808,"{""type"":""MultiPoint"",""coordinates"":[]}"
20151223T07,-12.553360853740477,-52.28821087761995,2875.066388888889,97088.6953125,0.0012814998626708984,0.0,23.205789184570335,23.127969360351585,2015-12-23 07:00:00,0.8041133880615234,0.423797607421875,0.9089569587809359,"{""type"":""MultiPoint"",""coordinates"":[]}"
20151223T08,-12.553360853740477,-52.28821087761995,3290.369722222222,97121.0390625,0.0021383166313171387,0.0,23.109582519531273,23.03955993652346,2015-12-23 08:00:00,0.43262290954589844,0.706695556640625,0.8286019500577835,"{""type"":""MultiPoint"",""coordinates"":[]}"
20151223T09,-12.553360853740477,-52.28821087761995,3704.0866666666666,97205.55859375,0.0030100345611572266,0.0,23.042596435546898,22.968041992187523,2015-12-23 09:00:00,-0.03957653045654297,0.89154052734375,0.8924185193390765,"{""type"":""MultiPoint"",""coordinates"":[]}"
20151223T10,-12.553360853740477,-52.28821087761995,4125.268333333333,97285.6953125,0.003859400749206543,33.43944444444445,23.389993286132835,23.133172607421898,2015-12-23 10:00:00,-0.066253662109375,1.1784210205078125,1.1802820210939322,"{""type"":""MultiPoint"",""coordinates"":[]}"
20151223T11,-12.553360853740477,-52.28821087761995,4539.553888888889,97338.66796875,0.0038743019104003906,228.25666666666666,24.731851196289085,23.250543212890648,2015-12-23 11:00:00,-0.23268890380859375,0.7718048095703125,0.8061183474102989,"{""type"":""MultiPoint"",""coordinates"":[]}"
20151223T12,-12.553360853740477,-52.28821087761995,4962.8805555555555,97412.3125,0.007584691047668457,643.0466666666666,26.47852478027346,24.293786621093773,2015-12-23 12:00:00,-0.014041900634765625,0.2263336181640625,0.22676878463464117,"{""type"":""MultiPoint"",""coordinates"":[]}"
20151223T13,-12.553360853740477,-52.28821087761995,5384.202777777778,97404.21484375,0.12925267219543457,1258.0938888888888,28.496606445312523,24.326135253906273,2015-12-23 13:00:00,-0.15794944763183594,-0.0877838134765625,0.1807042498550878,"{""type"":""MultiPoint"",""coordinates"":[]}"
20151223T14,-12.553360853740477,-52.28821087761995,5809.468888888889,97359.375,0.28896331787109375,2073.7855555555557,30.049172973632835,24.63489685058596,2015-12-23 14:00:00,-0.2422618865966797,-0.14739990234375,0.28357988805331297,"{""type"":""MultiPoint"",""coordinates"":[]}"
20151223T15,-12.553360853740477,-52.28821087761995,6235.238888888889,97213.28515625,1.607269048690796,2937.193333333333,30.592218017578148,23.51593933105471,2015-12-23 15:00:00,-0.9933795928955078,-0.4627532958984375,1.095875735859733,"{""type"":""MultiPoint"",""coordinates"":[]}"
20151223T16,-12.553360853740477,-52.28821087761995,6663.699166666666,97155.43359375,3.100275993347168,3832.798888888889,30.850671386718773,23.405664062500023,2015-12-23 16:00:00,-0.8011245727539062,-0.1214599609375,0.8102796450492064,"{""type"":""MultiPoint"",""coordinates"":[]}"
20151223T17,-12.553360853740477,-52.28821087761995,7104.038888888889,97074.55859375,3.3197104930877686,4433.26,30.205850219726585,23.723138427734398,2015-12-23 17:00:00,-0.6136207580566406,0.15887451171875,0.6338545142159023,"{""type"":""MultiPoint"",""coordinates"":[]}"
20151223T18,-12.553360853740477,-52.28821087761995,7542.555833333333,96945.79296875,3.733724355697632,4942.001111111111,29.483392333984398,24.23987731933596,2015-12-23 18:00:00,-0.3077554702758789,0.305816650390625,0.4338631732941494,"{""type"":""MultiPoint"",""coordinates"":[]}"
20151223T19,-12.553360853740477,-52.28821087761995,7971.916111111111,96915.48828125,9.915024042129517,5426.0633333333335,27.15570983886721,24.311746215820335,2015-12-23 19:00:00,-0.27734375,0.1431121826171875,0.31209077602120466,"{""type"":""MultiPoint"",""coordinates"":[]}"
20151223T20,-12.553360853740477,-52.28821087761995,8400.298333333334,96968.76171875,11.464506387710571,5661.662222222222,26.001306152343773,24.19355163574221,2015-12-23 20:00:00,-0.4186697006225586,0.033660888671875,0.4200206824021446,"{""type"":""MultiPoint"",""coordinates"":[]}"
20151223T21,-12.553360853740477,-52.28821087761995,8823.13388888889,96985.98828125,11.57340407371521,5746.363333333334,25.524835205078148,24.266641235351585,2015-12-23 21:00:00,-0.835536003112793,0.625762939453125,1.0438868084666635,"{""type"":""MultiPoint"",""coordinates"":[]}"
20151223T22,-12.553360853740477,-52.28821087761995,9239.9975,96971.99609375,11.574238538742065,5761.31,25.211053466796898,23.828897094726585,2015-12-23 22:00:00,-0.19044017791748047,1.0269622802734375,1.0444706728624122,"{""type"":""MultiPoint"",""coordinates"":[]}"
20151223T23,-12.553360853740477,-52.28821087761995,9651.122222222222,97048.3125,11.575120687382423,5761.31,24.95038757324221,23.60761413574221,2015-12-23 23:00:00,-0.09757041931152344,0.7537994384765625,0.7600878766117819,"{""type"":""MultiPoint"",""coordinates"":[]}"
20151224T00,-12.553360853740477,-52.28821087761995,10055.382222222222,97154.8203125,11.575120687382423,5761.31,24.32325134277346,23.715798950195335,2015-12-24 00:00:00,-0.38159942626953125,0.268280029296875,0.46646789412430895,"{""type"":""MultiPoint"",""coordinates"":[]}"
20151224T01,-12.553360853740477,-52.28821087761995,406.69352430555557,97260.140625,0.007398426532745361,0.0,23.784112548828148,23.422875976562523,2015-12-24 01:00:00,-0.27974510192871094,-0.587371826171875,0.6505866462152357,"{""type"":""MultiPoint"",""coordinates"":[]}"
20151224T02,-12.553360853740477,-52.28821087761995,809.2282986111111,97330.41796875,0.08506327867507935,0.0,23.494546508789085,23.155252075195335,2015-12-24 02:00:00,-0.77557373046875,-0.677459716796875,1.0297894344358536,"{""type"":""MultiPoint"",""coordinates"":[]}"
20151224T03,-12.553360853740477,-52.28821087761995,1215.4669791666668,97301.94921875,0.10848790407180786,0.0,23.42408142089846,23.080316162109398,2015-12-24 03:00:00,-0.5440101623535156,-0.151519775390625,0.5647170079591405,"{""type"":""MultiPoint"",""coordinates"":[]}"
20151224T04,-12.553360853740477,-52.28821087761995,1615.747361111111,97250.8046875,0.10848790407180786,0.0,23.125161743164085,22.854516601562523,2015-12-24 04:00:00,-0.100128173828125,0.5236663818359375,0.5331530086750867,"{""type"":""MultiPoint"",""coordinates"":[]}"
20151224T05,-12.553360853740477,-52.28821087761995,2017.336388888889,97211.25,0.10848790407180786,0.0,22.668130493164085,22.564492797851585,2015-12-24 05:00:00,0.00506591796875,0.8912811279296875,0.8912955247999857,"{""type"":""MultiPoint"",""coordinates"":[]}"
20151224T06,-12.553360853740477,-52.28821087761995,2412.5508333333332,97179.46484375,0.10849535465240479,0.0,22.488748168945335,22.340859985351585,2015-12-24 06:00:00,-0.0825347900390625,1.0499114990234375,1.0531505815164486,"{""type"":""MultiPoint"",""coordinates"":[]}"
20151224T07,-12.553360853740477,-52.28821087761995,2806.9738888888887,97156.203125,0.10849535465240479,0.0,21.995095825195335,21.732904052734398,2015-12-24 07:00:00,-0.18548583984375,1.1284637451171875,1.1436063224844684,"{""type"":""MultiPoint"",""coordinates"":[]}"
20151224T08,-12.553360853740477,-52.28821087761995,3196.4380555555554,97172.0625,0.10849535465240479,0.0,21.768212890625023,21.501077270507835,2015-12-24 08:00:00,0.1872100830078125,1.17913818359375,1.1939072288869685,"{""type"":""MultiPoint"",""coordinates"":[]}"
20151224T09,-12.553360853740477,-52.28821087761995,3582.6647222222223,97198.57421875,0.10849535465240479,0.0,21.585977172851585,21.302148437500023,2015-12-24 09:00:00,0.62371826171875,1.069732666015625,1.2382860924448582,"{""type"":""MultiPoint"",""coordinates"":[]}"
20151224T10,-12.553360853740477,-52.28821087761995,3968.0344444444445,97243.453125,0.10849535465240479,52.70611111111111,22.246209716796898,22.036050415039085,2015-12-24 10:00:00,0.42193603515625,0.40313720703125,0.5835662991094783,"{""type"":""MultiPoint"",""coordinates"":[]}"
20151224T11,-12.553360853740477,-52.28821087761995,4353.295,97314.6328125,0.10849535465240479,321.16833333333335,24.867089843750023,23.939141845703148,2015-12-24 11:00:00,0.2805023193359375,0.1679229736328125,0.32692457268692193,"{""type"":""MultiPoint"",""coordinates"":[]}"
20151224T12,-12.553360853740477,-52.28821087761995,4747.016388888889,97368.79296875,0.10849535465240479,836.1522222222222,27.272134399414085,24.503869628906273,2015-12-24 12:00:00,0.084197998046875,0.0876312255859375,0.12152585968753743,"{""type"":""MultiPoint"",""coordinates"":[]}"
20151224T13,-12.553360853740477,-52.28821087761995,5153.177222222223,97383.9296875,0.13498961925506592,1570.9655555555555,29.753381347656273,23.68128356933596,2015-12-24 13:00:00,-0.2454376220703125,-0.0966339111328125,0.26377592594540133,"{""type"":""MultiPoint"",""coordinates"":[]}"
20151224T14,-12.553360853740477,-52.28821087761995,5568.573611111111,97358.47265625,0.15085935592651367,2445.968888888889,30.864556884765648,22.980065917968773,2015-12-24 14:00:00,-0.7435760498046875,-0.185760498046875,0.7664282774518214,"{""type"":""MultiPoint"",""coordinates"":[]}"
20151224T15,-12.553360853740477,-52.28821087761995,5989.289722222222,97295.73828125,0.16458332538604736,3395.2355555555555,32.011270141601585,22.525430297851585,2015-12-24 15:00:00,-0.934967041015625,-0.3171844482421875,0.9873040777755424,"{""type"":""MultiPoint"",""coordinates"":[]}"
20151224T16,-12.553360853740477,-52.28821087761995,6416.238333333334,97224.01953125,0.18349289894104004,4407.713333333333,32.99578247070315,21.955911254882835,2015-12-24 16:00:00,-1.2255096435546875,-0.489166259765625,1.3195292782422936,"{""type"":""MultiPoint"",""coordinates"":[]}"
20151224T17,-12.553360853740477,-52.28821087761995,6846.649722222222,97113.5546875,0.22137165069580078,5297.891111111111,33.13137207031252,21.207513427734398,2015-12-24 17:00:00,-1.491180419921875,-0.587554931640625,1.6027600701457467,"{""type"":""MultiPoint"",""coordinates"":[]}"
20151224T18,-12.553360853740477,-52.28821087761995,7291.514722222222,97037.1796875,0.3158152103424072,5980.885555555556,31.979119873046898,20.52857360839846,2015-12-24 18:00:00,-1.9840545654296875,-0.2270965576171875,1.9970091049076273,"{""type"":""MultiPoint"",""coordinates"":[]}"
20151224T19,-12.553360853740477,-52.28821087761995,7728.119166666666,96987.21484375,0.318932533161842,6427.423333333333,30.586480712890648,22.239678955078148,2015-12-24 19:00:00,-1.129669189453125,-0.474822998046875,1.2254017125309982,"{""type"":""MultiPoint"",""coordinates"":[]}"
20151224T20,-12.553360853740477,-52.28821087761995,8164.6866666666665,96937.71875,0.3361880778243176,6718.043333333333,29.620599365234398,22.880593872070335,2015-12-24 20:00:00,-1.008148193359375,-0.98699951171875,1.4108617281317197,"{""type"":""MultiPoint"",""coordinates"":[]}"
20151224T21,-12.553360853740477,-52.28821087761995,8585.058055555555,96942.00390625,0.3362774847914807,6924.82,28.80182800292971,23.356423950195335,2015-12-24 21:00:00,-0.7775421142578125,-0.935546875,1.216478398808123,"{""type"":""MultiPoint"",""coordinates"":[]}"
20151224T22,-12.553360853740477,-52.28821087761995,8999.125277777777,97010.08203125,0.3362774847914807,6972.82,27.946817016601585,23.613198852539085,2015-12-24 22:00:00,-0.1805267333984375,-1.0081024169921875,1.0241388502625026,"{""type"":""MultiPoint"",""coordinates"":[]}"
20151224T23,-12.553360853740477,-52.28821087761995,9408.449444444444,97113.79296875,0.3362774847914807,6972.82,27.151177978515648,23.68659362792971,2015-12-24 23:00:00,0.5427093505859375,-0.872894287109375,1.027851096064792,"{""type"":""MultiPoint"",""coordinates"":[]}"
20151225T00,-12.553360853740477,-52.28821087761995,9821.189444444444,97250.25390625,0.3362774847914807,6972.82,26.580178833007835,23.669580078125023,2015-12-25 00:00:00,1.0492782592773438,-0.6083831787109375,1.2128952788804634,"{""type"":""MultiPoint"",""coordinates"":[]}"
20151225T01,-12.553360853740477,-52.28821087761995,410.18244791666666,97364.41796875,0.012796372175216675,0.0,26.01270446777346,23.701074218750023,2015-12-25 01:00:00,0.827056884765625,-0.832489013671875,1.1734824449145338,"{""type"":""MultiPoint"",""coordinates"":[]}"
20151225T02,-12.553360853740477,-52.28821087761995,821.1276041666666,97449.125,0.4859045147895813,0.0,25.182519531250023,23.596109008789085,2015-12-25 02:00:00,-0.2658233642578125,-0.8674774169921875,0.9072921965810018,"{""type"":""MultiPoint"",""coordinates"":[]}"
20151225T03,-12.553360853740477,-52.28821087761995,1228.3526215277777,97491.73046875,1.4528632164001465,0.0,24.271020507812523,22.81385192871096,2015-12-25 03:00:00,0.471221923828125,-1.4897613525390625,1.5625104764497728,"{""type"":""MultiPoint"",""coordinates"":[]}"
20151225T04,-12.553360853740477,-52.28821087761995,1629.82125,97438.55078125,1.4750435948371887,0.0,23.746804809570335,22.77356872558596,2015-12-25 04:00:00,0.8383331298828125,-1.52960205078125,1.7442720173222175,"{""type"":""MultiPoint"",""coordinates"":[]}"
20151225T05,-12.553360853740477,-52.28821087761995,2025.405,97374.15234375,1.4750510454177856,0.0,23.341104125976585,22.690637207031273,2015-12-25 05:00:00,0.6242218017578125,-1.4776153564453125,1.6040573553937458,"{""type"":""MultiPoint"",""coordinates"":[]}"
20151225T06,-12.553360853740477,-52.28821087761995,2417.5833333333335,97340.28125,1.4750510454177856,0.0,22.995629882812523,22.553826904296898,2015-12-25 06:00:00,0.833526611328125,-1.2881011962890625,1.5342657213382112,"{""type"":""MultiPoint"",""coordinates"":[]}"
20151225T07,-12.553360853740477,-52.28821087761995,2805.423333333333,97244.58984375,1.4750510454177856,0.0,22.837457275390648,22.002038574218773,2015-12-25 07:00:00,0.83160400390625,-1.1048736572265625,1.3828633402278425,"{""type"":""MultiPoint"",""coordinates"":[]}"
20151225T08,-12.553360853740477,-52.28821087761995,3189.197222222222,97258.453125,1.4750510454177856,0.0,22.58625183105471,21.810464477539085,2015-12-25 08:00:00,1.0821685791015625,-0.8445892333984375,1.3727417116002758,"{""type"":""MultiPoint"",""coordinates"":[]}"
20151225T09,-12.553360853740477,-52.28821087761995,3571.2508333333335,97277.41015625,1.4759033917357556,0.0,22.346536254882835,21.666238403320335,2015-12-25 09:00:00,1.2496185302734375,-0.4771728515625,1.3376249106049998,"{""type"":""MultiPoint"",""coordinates"":[]}"
20151225T10,-12.553360853740477,-52.28821087761995,3949.115277777778,97365.33984375,1.4759033917357556,61.28666666666667,22.832330322265648,22.160684204101585,2015-12-25 10:00:00,0.9104766845703125,-0.145263671875,0.9219920430853815,"{""type"":""MultiPoint"",""coordinates"":[]}"
20151225T11,-12.553360853740477,-52.28821087761995,4328.375555555555,97423.83984375,1.4759033917357556,334.89666666666665,24.706353759765648,22.886132812500023,2015-12-25 11:00:00,1.0521392822265625,-0.06695556640625,1.0542675737577287,"{""type"":""MultiPoint"",""coordinates"":[]}"
20151225T12,-12.553360853740477,-52.28821087761995,4713.572777777777,97494.8828125,1.4759033917357556,848.21,26.806909179687523,23.353173828125023,2015-12-25 12:00:00,1.0030975341796875,0.0040283203125,1.0031056227745458,"{""type"":""MultiPoint"",""coordinates"":[]}"
20151225T13,-12.553360853740477,-52.28821087761995,5107.378333333333,97487.3671875,1.4758884905745617,1587.2383333333332,28.918801879882835,23.26545104980471,2015-12-25 13:00:00,0.98468017578125,-0.1611480712890625,0.9977794092166756,"{""type"":""MultiPoint"",""coordinates"":[]}"
20151225T14,-12.553360853740477,-52.28821087761995,5509.9775,97463.90625,1.486229896443092,2499.8277777777776,30.60700378417971,22.681054687500023,2015-12-25 14:00:00,0.814361572265625,-0.5528564453125,0.9842941732564071,"{""type"":""MultiPoint"",""coordinates"":[]}"
20151225T15,-12.553360853740477,-52.28821087761995,5922.558888888889,97378.890625,1.489657163517677,3504.2277777777776,31.86475524902346,22.050866699218773,2015-12-25 15:00:00,0.47406005859375,-0.947845458984375,1.0597848617862071,"{""type"":""MultiPoint"",""coordinates"":[]}"
20151225T16,-12.553360853740477,-52.28821087761995,6347.12,97312.578125,1.5396058558394543,4517.084444444445,32.38318786621096,21.636514282226585,2015-12-25 16:00:00,-0.0977020263671875,-1.221038818359375,1.2249414197816617,"{""type"":""MultiPoint"",""coordinates"":[]}"
20151225T17,-12.553360853740477,-52.28821087761995,6777.295555555555,97218.578125,1.5499770640303723,5324.003333333333,32.235513305664085,21.515374755859398,2015-12-25 17:00:00,-0.1089935302734375,-1.0670928955078125,1.0726447861639536,"{""type"":""MultiPoint"",""coordinates"":[]}"
20151225T18,-12.553360853740477,-52.28821087761995,7209.487222222222,97125.03515625,1.5592157839705578,6028.561111111111,32.19106445312502,21.720605468750023,2015-12-25 18:00:00,-0.2686920166015625,-0.8644256591796875,0.9052221385017335,"{""type"":""MultiPoint"",""coordinates"":[]}"
20151225T19,-12.553360853740477,-52.28821087761995,7640.520555555556,97067.80078125,1.690852641957008,6612.918888888889,31.714822387695335,21.40296325683596,2015-12-25 19:00:00,-0.7843017578125,-0.969696044921875,1.247172669218222,"{""type"":""MultiPoint"",""coordinates"":[]}"
20151225T20,-12.553360853740477,-52.28821087761995,8068.463055555556,97099.55859375,2.439337968723976,7017.49,28.752984619140648,22.557489013671898,2015-12-25 20:00:00,-0.6024017333984375,-0.915924072265625,1.0962685595040516,"{""type"":""MultiPoint"",""coordinates"":[]}"
20151225T21,-12.553360853740477,-52.28821087761995,8492.795277777777,97046.35546875,2.4531364439894787,7213.475555555556,27.813073730468773,23.672601318359398,2015-12-25 21:00:00,-0.1843109130859375,-0.2283172607421875,0.2934267953602534,"{""type"":""MultiPoint"",""coordinates"":[]}"
20151225T22,-12.553360853740477,-52.28821087761995,8910.294166666667,97057.41015625,2.4531364439894787,7259.14,27.236047363281273,24.010003662109398,2015-12-25 22:00:00,0.0724334716796875,-0.498809814453125,0.5040415050512538,"{""type"":""MultiPoint"",""coordinates"":[]}"
20151225T23,-12.553360853740477,-52.28821087761995,9321.632222222222,97105.56640625,2.4531364439894787,7259.14,26.636529541015648,23.449182128906273,2015-12-25 23:00:00,0.209075927734375,-1.3652496337890625,1.381165922733094,"{""type"":""MultiPoint"",""coordinates"":[]}"
20151226T00,-12.553360853740477,-52.28821087761995,9724.6925,97208.47265625,2.4531364439894787,7259.14,26.011254882812523,22.87610778808596,2015-12-26 00:00:00,0.0295867919921875,-1.4782257080078125,1.4785217692261374,"{""type"":""MultiPoint"",""coordinates"":[]}"
20151226T01,-12.553360853740477,-52.28821087761995,403.8361458333333,97293.26953125,0.0,0.0,25.66523132324221,22.645196533203148,2015-12-26 01:00:00,0.1450347900390625,-1.3079833984375,1.315999871166326,"{""type"":""MultiPoint"",""coordinates"":[]}"
20151226T02,-12.553360853740477,-52.28821087761995,806.0858506944444,97362.87109375,0.0,0.0,25.338189697265648,22.547753906250023,2015-12-26 02:00:00,0.1137847900390625,-1.3027801513671875,1.3077396916972985,"{""type"":""MultiPoint"",""coordinates"":[]}"
20151226T03,-12.553360853740477,-52.28821087761995,1204.5580208333333,97390.23046875,0.0,0.0,24.82361755371096,22.39924011230471,2015-12-26 03:00:00,-0.069671630859375,-1.5518951416015625,1.553458292543813,"{""type"":""MultiPoint"",""coordinates"":[]}"
20151226T04,-12.553360853740477,-52.28821087761995,1602.5683333333334,97356.12890625,0.0,0.0,24.353997802734398,22.205926513671898,2015-12-26 04:00:00,0.0719451904296875,-1.5459747314453125,1.5476478865340688,"{""type"":""MultiPoint"",""coordinates"":[]}"
20151226T05,-12.553360853740477,-52.28821087761995,2000.2194444444444,97312.4296875,0.0,0.0,24.083306884765648,22.07550964355471,2015-12-26 05:00:00,0.0961456298828125,-1.5213470458984375,1.5243821096462216,"{""type"":""MultiPoint"",""coordinates"":[]}"
20151226T06,-12.553360853740477,-52.28821087761995,2399.6516666666666,97274.3671875,0.0,0.0,23.866616821289085,22.065148925781273,2015-12-26 06:00:00,0.17657470703125,-1.3620452880859375,1.3734431163904373,"{""type"":""MultiPoint"",""coordinates"":[]}"
20151226T07,-12.553360853740477,-52.28821087761995,2793.045833333333,97209.01953125,0.0,0.0,23.49219665527346,22.91272888183596,2015-12-26 07:00:00,0.997467041015625,-0.6006011962890625,1.1643291179457462,"{""type"":""MultiPoint"",""coordinates"":[]}"
20151226T08,-12.553360853740477,-52.28821087761995,3185.291388888889,97210.21484375,8.52346317969932E-4,0.0,23.217568969726585,22.905053710937523,2015-12-26 08:00:00,0.9678497314453125,-0.615997314453125,1.1472514083984493,"{""type"":""MultiPoint"",""coordinates"":[]}"
20151226T09,-12.553360853740477,-52.28821087761995,3581.431666666667,97216.375,8.52346317969932E-4,0.0,23.095559692382835,22.923608398437523,2015-12-26 09:00:00,0.9036407470703125,-0.630767822265625,1.102013904345817,"{""type"":""MultiPoint"",""coordinates"":[]}"
20151226T10,-12.553360853740477,-52.28821087761995,3975.3825,97270.125,8.52346317969932E-4,53.05388888888889,23.770440673828148,23.213067626953148,2015-12-26 10:00:00,0.6924896240234375,-0.349578857421875,0.7757236988364513,"{""type"":""MultiPoint"",""coordinates"":[]}"
20151226T11,-12.553360853740477,-52.28821087761995,4372.0675,97325.19921875,0.001716613667213096,304.20666666666665,26.04425964355471,23.742150878906273,2015-12-26 11:00:00,1.0117645263671875,-0.3151092529296875,1.0596986826909454,"{""type"":""MultiPoint"",""coordinates"":[]}"
20151226T12,-12.553360853740477,-52.28821087761995,4770.829722222222,97363.7265625,0.0023424624373546976,806.5533333333333,27.849877929687523,23.36133728027346,2015-12-26 12:00:00,1.186920166015625,-0.354522705078125,1.2387355766710142,"{""type"":""MultiPoint"",""coordinates"":[]}"
20151226T13,-12.553360853740477,-52.28821087761995,5171.270555555556,97401.02734375,0.017094612019263877,1526.1627777777778,29.358972167968773,22.751382446289085,2015-12-26 13:00:00,1.1257171630859375,-0.5165557861328125,1.238575395950339,"{""type"":""MultiPoint"",""coordinates"":[]}"
20151226T14,-12.553360853740477,-52.28821087761995,5578.928055555555,97393.9296875,0.02692937840720333,2402.883333333333,30.72455749511721,22.23023376464846,2015-12-26 14:00:00,0.799285888671875,-0.594482421875,0.9961261374687216,"{""type"":""MultiPoint"",""coordinates"":[]}"
20151226T15,-12.553360853740477,-52.28821087761995,5998.406944444445,97308.76953125,0.06936788548728146,3377.2277777777776,31.805657958984398,21.980142211914085,2015-12-26 15:00:00,0.3388671875,-0.864776611328125,0.9288000636651115,"{""type"":""MultiPoint"",""coordinates"":[]}"
20151226T16,-12.553360853740477,-52.28821087761995,6429.931111111111,97208.69140625,0.12217760075827755,4237.248888888889,31.950540161132835,21.420129394531273,2015-12-26 16:00:00,-0.267303466796875,-0.91632080078125,0.9545129403554565,"{""type"":""MultiPoint"",""coordinates"":[]}"
20151226T17,-12.553360853740477,-52.28821087761995,6862.971111111111,97094.07421875,0.18628239621421017,5069.745555555555,32.105630493164085,21.42481384277346,2015-12-26 17:00:00,-0.5406951904296875,-0.766815185546875,0.938273317183796,"{""type"":""MultiPoint"",""coordinates"":[]}"
20151226T18,-12.553360853740477,-52.28821087761995,7299.018611111111,96987.12109375,0.22284984578391231,5756.158888888889,31.866006469726585,20.949502563476585,2015-12-26 18:00:00,-0.791656494140625,-0.5804290771484375,0.9816404221070015,"{""type"":""MultiPoint"",""coordinates"":[]}"
20151226T19,-12.553360853740477,-52.28821087761995,7720.370277777778,96998.56640625,0.2349793909957043,6345.555555555556,30.15821228027346,22.022882080078148,2015-12-26 19:00:00,-1.09405517578125,-0.7511444091796875,1.3270925555874555,"{""type"":""MultiPoint"",""coordinates"":[]}"
20151226T20,-12.553360853740477,-52.28821087761995,8141.656388888889,96922.26171875,0.4543244837691418,6707.648888888889,28.85358581542971,22.639428710937523,2015-12-26 20:00:00,-0.316497802734375,-0.4335479736328125,0.5367818035075381,"{""type"":""MultiPoint"",""coordinates"":[]}"
20151226T21,-12.553360853740477,-52.28821087761995,8557.107777777777,96918.234375,0.918138027088844,6879.781111111111,26.94226989746096,23.909204101562523,2015-12-26 21:00:00,-0.3049468994140625,-0.1454925537109375,0.3378767447569903,"{""type"":""MultiPoint"",""coordinates"":[]}"
20151226T22,-12.553360853740477,-52.28821087761995,8972.105277777779,97021.4140625,0.9198367594649426,6906.462222222222,26.677606201171898,23.806741333007835,2015-12-26 22:00:00,-0.5566864013671875,-0.2888641357421875,0.627170023506569,"{""type"":""MultiPoint"",""coordinates"":[]}"
20151226T23,-12.553360853740477,-52.28821087761995,9384.3125,97054.03125,0.9198367594649426,6906.462222222222,26.180688476562523,23.401528930664085,2015-12-26 23:00:00,-0.9611358642578125,-0.7821502685546875,1.239169557470963,"{""type"":""MultiPoint"",""coordinates"":[]}"
20151227T00,-12.553360853740477,-52.28821087761995,9787.819722222222,97203.41796875,0.9198367594649426,6906.462222222222,25.659173583984398,22.860742187500023,2015-12-27 00:00:00,-1.1670379638671875,-0.83551025390625,1.4352891672028174,"{""type"":""MultiPoint"",""coordinates"":[]}"
20151227T01,-12.553360853740477,-52.28821087761995,401.73045138888887,97301.8984375,0.0,0.0,25.219644165039085,22.577935791015648,2015-12-27 01:00:00,-1.2995452880859375,-0.8189239501953125,1.5360515590271886,"{""type"":""MultiPoint"",""coordinates"":[]}"
20151227T02,-12.553360853740477,-52.28821087761995,800.8531423611112,97367.04296875,0.0,0.0,24.827005004882835,22.450311279296898,2015-12-27 02:00:00,-1.169830322265625,-0.9944305419921875,1.535381088114274,"{""type"":""MultiPoint"",""coordinates"":[]}"
20151227T03,-12.553360853740477,-52.28821087761995,1201.7267881944445,97303.96875,0.0,0.0,24.521661376953148,22.419732666015648,2015-12-27 03:00:00,-0.9694671630859375,-1.0034027099609375,1.3952360297307582,"{""type"":""MultiPoint"",""coordinates"":[]}"
20151227T04,-12.553360853740477,-52.28821087761995,1599.0848611111112,97239.3125,0.0,0.0,24.20295104980471,22.43036804199221,2015-12-27 04:00:00,-0.6623992919921875,-1.1445770263671875,1.322433133023861,"{""type"":""MultiPoint"",""coordinates"":[]}"
20151227T05,-12.553360853740477,-52.28821087761995,1994.3443055555556,97182.09375,0.0,0.0,23.897195434570335,22.430215454101585,2015-12-27 05:00:00,-0.3059539794921875,-1.2307586669921875,1.268217147787985,"{""type"":""MultiPoint"",""coordinates"":[]}"
20151227T06,-12.553360853740477,-52.28821087761995,2389.5205555555553,97136.82421875,0.0,0.0,23.640710449218773,22.421441650390648,2015-12-27 06:00:00,0.049713134765625,-1.2096881866455078,1.2107092568729794,"{""type"":""MultiPoint"",""coordinates"":[]}"
20151227T07,-12.553360853740477,-52.28821087761995,2778.9991666666665,97098.70703125,0.0,0.0,23.280252075195335,22.31415710449221,2015-12-27 07:00:00,0.126220703125,-0.95330810546875,0.9616277917415796,"{""type"":""MultiPoint"",""coordinates"":[]}"
20151227T08,-12.553360853740477,-52.28821087761995,3169.1819444444445,97132.46484375,0.0,0.0,22.805841064453148,22.172021484375023,2015-12-27 08:00:00,0.35076904296875,-0.897979736328125,0.9640573262836302,"{""type"":""MultiPoint"",""coordinates"":[]}"
20151227T09,-12.553360853740477,-52.28821087761995,3559.2680555555557,97143.3984375,0.0,0.0,22.45673522949221,21.963952636718773,2015-12-27 09:00:00,0.25714111328125,-0.9189910888671875,0.9542883073562306,"{""type"":""MultiPoint"",""coordinates"":[]}"
20151227T10,-12.553360853740477,-52.28821087761995,3949.0066666666667,97218.265625,0.0,55.67333333333333,23.438775634765648,22.794061279296898,2015-12-27 10:00:00,0.0308990478515625,-0.35498046875,0.35632272500095036,"{""type"":""MultiPoint"",""coordinates"":[]}"
20151227T11,-12.553360853740477,-52.28821087761995,4343.2375,97272.53125,0.0,320.5444444444444,25.914910888671898,23.473855590820335,2015-12-27 11:00:00,-0.0387725830078125,-0.484832763671875,0.4863806348147569,"{""type"":""MultiPoint"",""coordinates"":[]}"
20151227T12,-12.553360853740477,-52.28821087761995,4748.026111111111,97317.640625,0.02740323543548584,798.2733333333333,27.784020996093773,23.15552673339846,2015-12-27 12:00:00,-0.2798004150390625,-0.5612640380859375,0.6271408077175048,"{""type"":""MultiPoint"",""coordinates"":[]}"
20151227T13,-12.553360853740477,-52.28821087761995,5155.468055555555,97339.92578125,0.10939240445395626,1483.6733333333334,29.030999755859398,22.798944091796898,2015-12-27 13:00:00,-0.574462890625,-0.4521484375,0.7310580156450801,"{""type"":""MultiPoint"",""coordinates"":[]}"
20151227T14,-12.553360853740477,-52.28821087761995,5570.641111111111,97312.37890625,0.15828311433097042,2348.3977777777777,30.445458984375023,23.048516845703148,2015-12-27 14:00:00,-0.605438232421875,-0.353729248046875,0.7011988549633634,"{""type"":""MultiPoint"",""coordinates"":[]}"
20151227T15,-12.553360853740477,-52.28821087761995,5990.336111111111,97246.90234375,0.2671509980132214,3330.152222222222,31.443521118164085,21.995401000976585,2015-12-27 15:00:00,-0.66119384765625,-0.5868682861328125,0.884076744093487,"{""type"":""MultiPoint"",""coordinates"":[]}"
20151227T16,-12.553360853740477,-52.28821087761995,6432.461944444444,97158.34765625,0.3634572028090588,3919.011111111111,30.442727661132835,22.285852050781273,2015-12-27 16:00:00,-0.6554718017578125,-0.515350341796875,0.8338040883143887,"{""type"":""MultiPoint"",""coordinates"":[]}"
20151227T17,-12.553360853740477,-52.28821087761995,6860.103611111111,97046.80078125,0.9443938731124035,4675.446666666667,30.264993286132835,22.687234497070335,2015-12-27 17:00:00,-0.7938995361328125,-0.360137939453125,0.8717659140534445,"{""type"":""MultiPoint"",""coordinates"":[]}"
20151227T18,-12.553360853740477,-52.28821087761995,7288.8052777777775,96917.32421875,2.017456293003761,5412.9,30.88160095214846,22.519281005859398,2015-12-27 18:00:00,-0.540496826171875,0.0157470703125,0.5407261685227532,"{""type"":""MultiPoint"",""coordinates"":[]}"
20151227T19,-12.553360853740477,-52.28821087761995,7708.03,96926.01953125,2.6909142731597058,5883.672222222222,28.29633483886721,23.79206237792971,2015-12-27 19:00:00,-0.4762725830078125,-0.583282470703125,0.7530298891508063,"{""type"":""MultiPoint"",""coordinates"":[]}"
20151227T20,-12.553360853740477,-52.28821087761995,8130.976111111111,96795.359375,2.709555625813209,6196.424444444445,28.037835693359398,24.580865478515648,2015-12-27 20:00:00,-0.3865203857421875,-0.3284149169921875,0.5072024904288965,"{""type"":""MultiPoint"",""coordinates"":[]}"
20151227T21,-12.553360853740477,-52.28821087761995,8547.3075,96788.890625,2.70986855019828,6376.836666666667,27.852822875976585,25.03150329589846,2015-12-27 21:00:00,0.19482421875,0.008819580078125,0.1950237452319648,"{""type"":""MultiPoint"",""coordinates"":[]}"
20151227T22,-12.553360853740477,-52.28821087761995,8967.24138888889,96856.51953125,2.7148008345534436,6416.071111111111,26.99530944824221,25.173364257812523,2015-12-27 22:00:00,-0.2256011962890625,-0.4419403076171875,0.4961926392680875,"{""type"":""MultiPoint"",""coordinates"":[]}"
20151227T23,-12.553360853740477,-52.28821087761995,9375.051666666666,96957.84375,2.7148008345534436,6416.071111111111,26.330422973632835,24.768029785156273,2015-12-27 23:00:00,-0.751190185546875,-0.8908233642578125,1.1652694800643995,"{""type"":""MultiPoint"",""coordinates"":[]}"
20151228T00,-12.553360853740477,-52.28821087761995,9781.586666666666,97108.328125,2.7148008345534436,6416.071111111111,25.829019165039085,24.322503662109398,2015-12-28 00:00:00,-0.6769866943359375,-1.13958740234375,1.3255076129123047,"{""type"":""MultiPoint"",""coordinates"":[]}"
20151228T01,-12.553360853740477,-52.28821087761995,403.2217708333333,97229.25390625,0.0,0.0,25.419030761718773,23.943276977539085,2015-12-28 01:00:00,-0.55291748046875,-1.23736572265625,1.3552828752007953,"{""type"":""MultiPoint"",""coordinates"":[]}"
20151228T02,-12.553360853740477,-52.28821087761995,808.4994444444444,97258.01171875,0.0,0.0,25.098062133789085,23.673318481445335,2015-12-28 02:00:00,-0.2630157470703125,-1.2107038497924805,1.238943539919914,"{""type"":""MultiPoint"",""coordinates"":[]}"
20151228T03,-12.553360853740477,-52.28821087761995,1209.9932118055556,97256.55859375,0.0,0.0,24.791177368164085,23.479699707031273,2015-12-28 03:00:00,-0.02276611328125,-1.1287975311279297,1.129027086563668,"{""type"":""MultiPoint"",""coordinates"":[]}"
20151228T04,-12.553360853740477,-52.28821087761995,1608.1159722222221,97232.125,0.0,0.0,24.450128173828148,23.328973388671898,2015-12-28 04:00:00,0.36004638671875,-1.1220569610595703,1.1784079193774395,"{""type"":""MultiPoint"",""coordinates"":[]}"
20151228T05,-12.553360853740477,-52.28821087761995,2008.7827777777777,97172.33203125,0.0,0.0,24.105767822265648,23.220605468750023,2015-12-28 05:00:00,0.6563568115234375,-0.8796844482421875,1.0975650288308092,"{""type"":""MultiPoint"",""coordinates"":[]}"
20151228T06,-12.553360853740477,-52.28821087761995,2408.191388888889,97131.37109375,0.0,0.0,23.886712646484398,23.133767700195335,2015-12-28 06:00:00,0.95806884765625,-0.39324951171875,1.0356355996760684,"{""type"":""MultiPoint"",""coordinates"":[]}"
20151228T07,-12.553360853740477,-52.28821087761995,2806.6019444444446,97050.19921875,0.0,0.0,23.653253173828148,22.788354492187523,2015-12-28 07:00:00,0.691741943359375,-0.6657085418701172,0.9600389465648997,"{""type"":""MultiPoint"",""coordinates"":[]}"
20151228T08,-12.553360853740477,-52.28821087761995,3200.605,97100.37109375,0.0,0.0,23.132775878906273,22.571038818359398,2015-12-28 08:00:00,0.6507415771484375,-0.5147151947021484,0.8296965299957005,"{""type"":""MultiPoint"",""coordinates"":[]}"
20151228T09,-12.553360853740477,-52.28821087761995,3598.918888888889,97102.79296875,0.0,0.0,23.735375976562523,22.628900146484398,2015-12-28 09:00:00,0.0764617919921875,-0.26158618927001953,0.27253208994807754,"{""type"":""MultiPoint"",""coordinates"":[]}"
20151228T10,-12.553360853740477,-52.28821087761995,4000.4977777777776,97162.0625,0.0,48.373333333333335,23.73298034667971,23.287988281250023,2015-12-28 10:00:00,-0.0718994140625,0.02294921875,0.07547312358559287,"{""type"":""MultiPoint"",""coordinates"":[]}"
20151228T11,-12.553360853740477,-52.28821087761995,4402.744166666666,97208.65234375,0.0012367963790893555,299.21166666666664,26.512170410156273,24.165155029296898,2015-12-28 11:00:00,-0.1194000244140625,-0.00958251953125,0.11978393260636215,"{""type"":""MultiPoint"",""coordinates"":[]}"
20151228T12,-12.553360853740477,-52.28821087761995,4806.893888888889,97300.609375,0.07711350917816162,800.6255555555556,28.432122802734398,23.058877563476585,2015-12-28 12:00:00,-0.7271728515625,-0.26788330078125,0.7749463329076377,"{""type"":""MultiPoint"",""coordinates"":[]}"
20151228T13,-12.553360853740477,-52.28821087761995,5220.811944444445,97380.7734375,1.1844664811064831,1367.7072222222223,27.641015625000023,23.259027099609398,2015-12-28 13:00:00,-1.6338043212890625,-0.2654266357421875,1.655224413553712,"{""type"":""MultiPoint"",""coordinates"":[]}"
20151228T14,-12.553360853740477,-52.28821087761995,5636.2525,97453.671875,7.683965563671791,1973.56,26.03412780761721,22.503884887695335,2015-12-28 14:00:00,-1.940521240234375,-0.69805908203125,2.0622582684540434,"{""type"":""MultiPoint"",""coordinates"":[]}"
20151228T15,-12.553360853740477,-52.28821087761995,6055.639166666667,97403.76953125,7.784354686634742,2604.0466666666666,27.18872985839846,23.135339355468773,2015-12-28 15:00:00,-1.035186767578125,-0.6245574951171875,1.2090011201301274,"{""type"":""MultiPoint"",""coordinates"":[]}"
20151228T16,-12.553360853740477,-52.28821087761995,6478.083611111111,97303.48828125,7.848936319248878,3188.8144444444442,28.365350341796898,23.45118103027346,2015-12-28 16:00:00,-0.5999298095703125,-0.5238494873046875,0.7964509161024648,"{""type"":""MultiPoint"",""coordinates"":[]}"
20151228T17,-12.553360853740477,-52.28821087761995,6904.520277777778,97179.66796875,7.889676093952858,3879.641111111111,29.55372009277346,23.46479187011721,2015-12-28 17:00:00,-0.5980072021484375,-0.3740997314453125,0.705381615077156,"{""type"":""MultiPoint"",""coordinates"":[]}"
20151228T18,-12.553360853740477,-52.28821087761995,7330.836111111111,97028.95703125,7.905709743397438,4613.347777777778,30.19049987792971,22.685449218750023,2015-12-28 18:00:00,-0.31689453125,-0.4545745849609375,0.5541301266206032,"{""type"":""MultiPoint"",""coordinates"":[]}"
20151228T19,-12.553360853740477,-52.28821087761995,7760.913333333333,96952.67578125,9.055542945759498,5202.606666666667,29.844049072265648,23.094720458984398,2015-12-28 19:00:00,-0.825714111328125,-0.49884033203125,0.9646996789195293,"{""type"":""MultiPoint"",""coordinates"":[]}"
20151228T20,-12.553360853740477,-52.28821087761995,8184.700277777778,96950.7578125,9.635168313877784,5589.435555555556,28.464334106445335,24.440484619140648,2015-12-28 20:00:00,-0.996826171875,-0.7039642333984375,1.220339321188667,"{""type"":""MultiPoint"",""coordinates"":[]}"
20151228T21,-12.553360853740477,-52.28821087761995,8601.520833333334,96933.171875,9.635794162647926,5802.04,27.79364929199221,24.945123291015648,2015-12-28 21:00:00,-0.5508270263671875,-0.4953460693359375,0.7407956137714921,"{""type"":""MultiPoint"",""coordinates"":[]}"
20151228T22,-12.553360853740477,-52.28821087761995,9015.408055555556,96962.75390625,9.635794162647926,5845.733333333334,27.001092529296898,24.801782226562523,2015-12-28 22:00:00,-0.9020233154296875,-0.61383056640625,1.091070128742137,"{""type"":""MultiPoint"",""coordinates"":[]}"
20151228T23,-12.553360853740477,-52.28821087761995,9427.291111111112,97043.78515625,9.635794162647926,5845.733333333334,26.295571899414085,24.56464538574221,2015-12-28 23:00:00,-1.2291259765625,-0.8154144287109375,1.4750089344850437,"{""type"":""MultiPoint"",""coordinates"":[]}"
20151229T00,-12.553360853740477,-52.28821087761995,9837.08888888889,97186.79296875,9.635794162647926,5845.733333333334,25.86261901855471,24.251336669921898,2015-12-29 00:00:00,-1.414642333984375,-0.8770599365234375,1.664466000059856,"{""type"":""MultiPoint"",""coordinates"":[]}"
20151229T01,-12.553360853740477,-52.28821087761995,408.29119791666665,97294.35546875,7.450580596923828E-6,0.0,25.52887878417971,23.826989746093773,2015-12-29 01:00:00,-1.3033294677734375,-1.0500946044921875,1.673728287372295,"{""type"":""MultiPoint"",""coordinates"":[]}"
20151229T02,-12.553360853740477,-52.28821087761995,817.1811805555556,97371.9921875,7.450580596923828E-6,0.0,25.21680603027346,23.465722656250023,2015-12-29 02:00:00,-0.6488494873046875,-1.1645355224609375,1.3330973858833137,"{""type"":""MultiPoint"",""coordinates"":[]}"
20151229T03,-12.553360853740477,-52.28821087761995,1223.27578125,97374.52734375,7.450580596923828E-6,0.0,24.801492309570335,23.281976318359398,2015-12-29 03:00:00,-0.0108642578125,-1.2864990234375,1.2865448959921522,"{""type"":""MultiPoint"",""coordinates"":[]}"
20151229T04,-12.553360853740477,-52.28821087761995,1623.6130555555555,97336.4375,7.450580596923828E-6,0.0,24.31220397949221,23.103494262695335,2015-12-29 04:00:00,0.1049652099609375,-1.3697052001953125,1.3737212347285839,"{""type"":""MultiPoint"",""coordinates"":[]}"
20151229T05,-12.553360853740477,-52.28821087761995,2023.3677777777777,97333.56640625,7.450580596923828E-6,0.0,24.03601989746096,22.916253662109398,2015-12-29 05:00:00,0.4591064453125,-1.269073486328125,1.3495652047339177,"{""type"":""MultiPoint"",""coordinates"":[]}"
20151229T06,-12.553360853740477,-52.28821087761995,2421.9206944444445,97311.484375,7.450580596923828E-6,0.0,23.763360595703148,22.783425903320335,2015-12-29 06:00:00,0.84954833984375,-0.926361083984375,1.256931676604571,"{""type"":""MultiPoint"",""coordinates"":[]}"
20151229T07,-12.553360853740477,-52.28821087761995,2820.86,97247.52734375,7.450580596923828E-6,0.0,23.72980651855471,22.753381347656273,2015-12-29 07:00:00,1.14208984375,-0.4642486572265625,1.2328406332261952,"{""type"":""MultiPoint"",""coordinates"":[]}"
20151229T08,-12.553360853740477,-52.28821087761995,3223.5819444444446,97251.65234375,7.450580596923828E-6,0.0,23.514733886718773,22.770364379882835,2015-12-29 08:00:00,0.959503173828125,0.064788818359375,0.9616880635479724,"{""type"":""MultiPoint"",""coordinates"":[]}"
20151229T09,-12.553360853740477,-52.28821087761995,3619.6725,97312.453125,7.450580596923828E-6,0.0,23.085565185546898,22.657128906250023,2015-12-29 09:00:00,0.576385498046875,0.4701385498046875,0.7438081058789281,"{""type"":""MultiPoint"",""coordinates"":[]}"
20151229T10,-12.553360853740477,-52.28821087761995,4021.0019444444442,97402.51953125,0.0,44.961666666666666,23.833428955078148,23.306253051757835,2015-12-29 10:00:00,0.113250732421875,0.2423095703125,0.2674689818635415,"{""type"":""MultiPoint"",""coordinates"":[]}"
20151229T11,-12.553360853740477,-52.28821087761995,4424.8625,97499.0625,0.030368566513061523,266.8488888888889,26.18842468261721,24.050820922851585,2015-12-29 11:00:00,-0.0373992919921875,0.0146636962890625,0.040171271206855846,"{""type"":""MultiPoint"",""coordinates"":[]}"
20151229T12,-12.553360853740477,-52.28821087761995,4842.741666666667,97584.25390625,0.22189319133758545,624.3072222222222,27.18995056152346,23.908868408203148,2015-12-29 12:00:00,-0.4423370361328125,-0.2785797119140625,0.5227510970097367,"{""type"":""MultiPoint"",""coordinates"":[]}"
20151229T13,-12.553360853740477,-52.28821087761995,5262.684722222222,97649.8203125,0.8603364228179089,1132.4177777777777,27.91925964355471,23.749841308593773,2015-12-29 13:00:00,-0.987335205078125,-0.4853057861328125,1.1001602216225828,"{""type"":""MultiPoint"",""coordinates"":[]}"
20151229T14,-12.553360853740477,-52.28821087761995,5688.481666666667,97650.41796875,4.36169207085868,1697.3738888888888,27.572854614257835,24.039941406250023,2015-12-29 14:00:00,-1.310882568359375,-0.52337646484375,1.4115013397020963,"{""type"":""MultiPoint"",""coordinates"":[]}"
20151229T15,-12.553360853740477,-52.28821087761995,6104.151111111111,97593.65625,4.92963492860099,2441.6,28.817193603515648,23.69214782714846,2015-12-29 15:00:00,-0.8910980224609375,-0.13970947265625,0.9019836042765306,"{""type"":""MultiPoint"",""coordinates"":[]}"
20151229T16,-12.553360853740477,-52.28821087761995,6524.120555555555,97546.45703125,9.619879722492897,2942.9655555555555,26.60932312011721,23.440026855468773,2015-12-29 16:00:00,-0.7697715759277344,-0.9738006591796875,1.2413041540754874,"{""type"":""MultiPoint"",""coordinates"":[]}"
20151229T17,-12.553360853740477,-52.28821087761995,6943.655,97459.07421875,15.060487389462196,3393.0,26.117456054687523,22.948754882812523,2015-12-29 17:00:00,-0.31795501708984375,-1.423675537109375,1.4587485828120863,"{""type"":""MultiPoint"",""coordinates"":[]}"
20151229T18,-12.553360853740477,-52.28821087761995,7360.1930555555555,97360.265625,15.550273656742775,3985.7644444444445,26.331689453125023,23.486840820312523,2015-12-29 18:00:00,-0.0795145034790039,-1.3806095123291016,1.3828973865754148,"{""type"":""MultiPoint"",""coordinates"":[]}"
20151229T19,-12.553360853740477,-52.28821087761995,7785.679722222222,97252.45703125,16.137632727520668,4575.1211111111115,27.806604003906273,23.002587890625023,2015-12-29 19:00:00,-0.6855735778808594,-1.022552490234375,1.2311071139315557,"{""type"":""MultiPoint"",""coordinates"":[]}"
20151229T20,-12.553360853740477,-52.28821087761995,8207.130277777778,97198.7890625,16.41017496575614,4848.475555555556,26.829370117187523,23.028848266601585,2015-12-29 20:00:00,-0.8055171966552734,-0.6453170776367188,1.032129877872434,"{""type"":""MultiPoint"",""coordinates"":[]}"
20151229T21,-12.553360853740477,-52.28821087761995,8623.30361111111,97222.30078125,16.418907046215736,5010.1177777777775,26.387734985351585,24.050210571289085,2015-12-29 21:00:00,-0.08072566986083984,0.0323638916015625,0.08697157727717139,"{""type"":""MultiPoint"",""coordinates"":[]}"
20151229T22,-12.553360853740477,-52.28821087761995,9035.671944444444,97272.72265625,16.418907046215736,5051.635555555556,25.853021240234398,24.17023620605471,2015-12-29 22:00:00,-0.6195154190063477,0.12714195251464844,0.6324274112306073,"{""type"":""MultiPoint"",""coordinates"":[]}"
20151229T23,-12.553360853740477,-52.28821087761995,9444.687222222223,97369.69140625,16.418907046215736,5051.635555555556,25.400750732421898,24.004998779296898,2015-12-29 23:00:00,-0.96441650390625,-0.12247085571289062,0.9721616653138518,"{""type"":""MultiPoint"",""coordinates"":[]}"
