system:index,PAR_MJ_m2_h,datetime_utc,lat,lon,ssrd_J_m2,ssrd_MJ_m2_h,swdown_Wm2,.geo
20151001T00,9.486770371875,2015-10-01 00:00:00,-10,-60,2.10817119375E7,21.0817119375,5856.03109375,"{""type"":""MultiPoint"",""coordinates"":[]}"
20151001T01,0.0,2015-10-01 01:00:00,-10,-60,0.0,0.0,0.0,"{""type"":""MultiPoint"",""coordinates"":[]}"
20151001T02,0.0,2015-10-01 02:00:00,-10,-60,0.0,0.0,0.0,"{""type"":""MultiPoint"",""coordinates"":[]}"
20151001T03,0.0,2015-10-01 03:00:00,-10,-60,0.0,0.0,0.0,"{""type"":""MultiPoint"",""coordinates"":[]}"
20151001T04,0.0,2015-10-01 04:00:00,-10,-60,0.0,0.0,0.0,"{""type"":""MultiPoint"",""coordinates"":[]}"
20151001T05,0.0,2015-10-01 05:00:00,-10,-60,0.0,0.0,0.0,"{""type"":""MultiPoint"",""coordinates"":[]}"
20151001T06,0.0,2015-10-01 06:00:00,-10,-60,0.0,0.0,0.0,"{""type"":""MultiPoint"",""coordinates"":[]}"
20151001T07,0.0,2015-10-01 07:00:00,-10,-60,0.0,0.0,0.0,"{""type"":""MultiPoint"",""coordinates"":[]}"
20151001T08,0.0,2015-10-01 08:00:00,-10,-60,0.0,0.0,0.0,"{""type"":""MultiPoint"",""coordinates"":[]}"
20151001T09,0.0,2015-10-01 09:00:00,-10,-60,0.0,0.0,0.0,"{""type"":""MultiPoint"",""coordinates"":[]}"
20151001T10,0.0031896,2015-10-01 10:00:00,-10,-60,7088.0,0.007088,1.968888888888889,"{""type"":""MultiPoint"",""coordinates"":[]}"
20151001T11,0.1334349,2015-10-01 11:00:00,-10,-60,296522.0,0.296522,82.36722222222222,"{""type"":""MultiPoint"",""coordinates"":[]}"
20151001T12,0.5025285,2015-10-01 12:00:00,-10,-60,1116730.0,1.11673,310.2027777777778,"{""type"":""MultiPoint"",""coordinates"":[]}"
20151001T13,1.1587428000000002,2015-10-01 13:00:00,-10,-60,2574984.0,2.574984,715.2733333333333,"{""type"":""MultiPoint"",""coordinates"":[]}"
20151001T14,2.0581092,2015-10-01 14:00:00,-10,-60,4573576.0,4.573576,1270.4377777777777,"{""type"":""MultiPoint"",""coordinates"":[]}"
20151001T15,3.1696824304687503,2015-10-01 15:00:00,-10,-60,7043738.734375,7.043738734375,1956.5940928819443,"{""type"":""MultiPoint"",""coordinates"":[]}"
20151001T16,4.397123698242187,2015-10-01 16:00:00,-10,-60,9771385.99609375,9.77138599609375,2714.2738878038194,"{""type"":""MultiPoint"",""coordinates"":[]}"
20151001T17,5.55306975,2015-10-01 17:00:00,-10,-60,1.2340155E7,12.340155,3427.820833333333,"{""type"":""MultiPoint"",""coordinates"":[]}"
20151001T18,6.595096471875,2015-10-01 18:00:00,-10,-60,1.46557699375E7,14.6557699375,4071.047204861111,"{""type"":""MultiPoint"",""coordinates"":[]}"
20151001T19,7.525216546875001,2015-10-01 19:00:00,-10,-60,1.67227034375E7,16.7227034375,4645.195399305556,"{""type"":""MultiPoint"",""coordinates"":[]}"
20151001T20,8.130273609375,2015-10-01 20:00:00,-10,-60,1.80672746875E7,18.0672746875,5018.687413194444,"{""type"":""MultiPoint"",""coordinates"":[]}"
20151001T21,8.441794209375,2015-10-01 21:00:00,-10,-60,1.87595426875E7,18.7595426875,5210.984079861111,"{""type"":""MultiPoint"",""coordinates"":[]}"
20151001T22,8.509315809375,2015-10-01 22:00:00,-10,-60,1.89095906875E7,18.9095906875,5252.6640798611115,"{""type"":""MultiPoint"",""coordinates"":[]}"
20151001T23,8.509315809375,2015-10-01 23:00:00,-10,-60,1.89095906875E7,18.9095906875,5252.6640798611115,"{""type"":""MultiPoint"",""coordinates"":[]}"
20151002T00,8.509315809375,2015-10-02 00:00:00,-10,-60,1.89095906875E7,18.9095906875,5252.6640798611115,"{""type"":""MultiPoint"",""coordinates"":[]}"
20151002T01,0.0,2015-10-02 01:00:00,-10,-60,0.0,0.0,0.0,"{""type"":""MultiPoint"",""coordinates"":[]}"
20151002T02,0.0,2015-10-02 02:00:00,-10,-60,0.0,0.0,0.0,"{""type"":""MultiPoint"",""coordinates"":[]}"
20151002T03,0.0,2015-10-02 03:00:00,-10,-60,0.0,0.0,0.0,"{""type"":""MultiPoint"",""coordinates"":[]}"
20151002T04,0.0,2015-10-02 04:00:00,-10,-60,0.0,0.0,0.0,"{""type"":""MultiPoint"",""coordinates"":[]}"
20151002T05,0.0,2015-10-02 05:00:00,-10,-60,0.0,0.0,0.0,"{""type"":""MultiPoint"",""coordinates"":[]}"
20151002T06,0.0,2015-10-02 06:00:00,-10,-60,0.0,0.0,0.0,"{""type"":""MultiPoint"",""coordinates"":[]}"
20151002T07,0.0,2015-10-02 07:00:00,-10,-60,0.0,0.0,0.0,"{""type"":""MultiPoint"",""coordinates"":[]}"
20151002T08,0.0,2015-10-02 08:00:00,-10,-60,0.0,0.0,0.0,"{""type"":""MultiPoint"",""coordinates"":[]}"
20151002T09,0.0,2015-10-02 09:00:00,-10,-60,0.0,0.0,0.0,"{""type"":""MultiPoint"",""coordinates"":[]}"
20151002T10,0.0032904,2015-10-02 10:00:00,-10,-60,7312.0,0.007312,2.031111111111111,"{""type"":""MultiPoint"",""coordinates"":[]}"
20151002T11,0.1603035,2015-10-02 11:00:00,-10,-60,356230.0,0.35623,98.95277777777778,"{""type"":""MultiPoint"",""coordinates"":[]}"
20151002T12,0.6229917,2015-10-02 12:00:00,-10,-60,1384426.0,1.384426,384.5627777777778,"{""type"":""MultiPoint"",""coordinates"":[]}"
20151002T13,1.2812553,2015-10-02 13:00:00,-10,-60,2847234.0,2.847234,790.8983333333333,"{""type"":""MultiPoint"",""coordinates"":[]}"
20151002T14,2.1970484999999997,2015-10-02 14:00:00,-10,-60,4882330.0,4.88233,1356.2027777777778,"{""type"":""MultiPoint"",""coordinates"":[]}"
20151002T15,3.38990085,2015-10-02 15:00:00,-10,-60,7533113.0,7.533113,2092.531388888889,"{""type"":""MultiPoint"",""coordinates"":[]}"
20151002T16,4.731335746875,2015-10-02 16:00:00,-10,-60,1.05140794375E7,10.5140794375,2920.577621527778,"{""type"":""MultiPoint"",""coordinates"":[]}"
20151002T17,6.1151452312500005,2015-10-02 17:00:00,-10,-60,1.3589211625E7,13.589211625,3774.7810069444445,"{""type"":""MultiPoint"",""coordinates"":[]}"
20151002T18,7.24013409375,2015-10-02 18:00:00,-10,-60,1.6089186875E7,16.089186875,4469.218576388889,"{""type"":""MultiPoint"",""coordinates"":[]}"
20151002T19,7.96755245625,2015-10-02 19:00:00,-10,-60,1.7705672125E7,17.705672125,4918.242256944444,"{""type"":""MultiPoint"",""coordinates"":[]}"
20151002T20,8.450274375000001,2015-10-02 20:00:00,-10,-60,1.87783875E7,18.7783875,5216.21875,"{""type"":""MultiPoint"",""coordinates"":[]}"
20151002T21,8.629208775,2015-10-02 21:00:00,-10,-60,1.91760195E7,19.1760195,5326.672083333333,"{""type"":""MultiPoint"",""coordinates"":[]}"
20151002T22,8.653976775,2015-10-02 22:00:00,-10,-60,1.92310595E7,19.2310595,5341.960972222222,"{""type"":""MultiPoint"",""coordinates"":[]}"
20151002T23,8.653976775,2015-10-02 23:00:00,-10,-60,1.92310595E7,19.2310595,5341.960972222222,"{""type"":""MultiPoint"",""coordinates"":[]}"
20151003T00,8.653976775,2015-10-03 00:00:00,-10,-60,1.92310595E7,19.2310595,5341.960972222222,"{""type"":""MultiPoint"",""coordinates"":[]}"
20151003T01,0.0,2015-10-03 01:00:00,-10,-60,0.0,0.0,0.0,"{""type"":""MultiPoint"",""coordinates"":[]}"
20151003T02,0.0,2015-10-03 02:00:00,-10,-60,0.0,0.0,0.0,"{""type"":""MultiPoint"",""coordinates"":[]}"
20151003T03,0.0,2015-10-03 03:00:00,-10,-60,0.0,0.0,0.0,"{""type"":""MultiPoint"",""coordinates"":[]}"
20151003T04,0.0,2015-10-03 04:00:00,-10,-60,0.0,0.0,0.0,"{""type"":""MultiPoint"",""coordinates"":[]}"
20151003T05,0.0,2015-10-03 05:00:00,-10,-60,0.0,0.0,0.0,"{""type"":""MultiPoint"",""coordinates"":[]}"
20151003T06,0.0,2015-10-03 06:00:00,-10,-60,0.0,0.0,0.0,"{""type"":""MultiPoint"",""coordinates"":[]}"
20151003T07,0.0,2015-10-03 07:00:00,-10,-60,0.0,0.0,0.0,"{""type"":""MultiPoint"",""coordinates"":[]}"
20151003T08,0.0,2015-10-03 08:00:00,-10,-60,0.0,0.0,0.0,"{""type"":""MultiPoint"",""coordinates"":[]}"
20151003T09,0.0,2015-10-03 09:00:00,-10,-60,0.0,0.0,0.0,"{""type"":""MultiPoint"",""coordinates"":[]}"
20151003T10,0.0034173000000000003,2015-10-03 10:00:00,-10,-60,7594.0,0.007594,2.1094444444444442,"{""type"":""MultiPoint"",""coordinates"":[]}"
20151003T11,0.1445976,2015-10-03 11:00:00,-10,-60,321328.0,0.321328,89.25777777777778,"{""type"":""MultiPoint"",""coordinates"":[]}"
20151003T12,0.5596092,2015-10-03 12:00:00,-10,-60,1243576.0,1.243576,345.4377777777778,"{""type"":""MultiPoint"",""coordinates"":[]}"
20151003T13,1.3164021000000001,2015-10-03 13:00:00,-10,-60,2925338.0,2.925338,812.5938888888888,"{""type"":""MultiPoint"",""coordinates"":[]}"
20151003T14,2.5054308,2015-10-03 14:00:00,-10,-60,5567624.0,5.567624,1546.5622222222223,"{""type"":""MultiPoint"",""coordinates"":[]}"
20151003T15,3.887809875,2015-10-03 15:00:00,-10,-60,8639577.5,8.6395775,2399.882638888889,"{""type"":""MultiPoint"",""coordinates"":[]}"
20151003T16,5.270366025,2015-10-03 16:00:00,-10,-60,1.17119245E7,11.7119245,3253.312361111111,"{""type"":""MultiPoint"",""coordinates"":[]}"
20151003T17,6.4995408,2015-10-03 17:00:00,-10,-60,1.4443424E7,14.443424,4012.0622222222223,"{""type"":""MultiPoint"",""coordinates"":[]}"
20151003T18,7.663827740625,2015-10-03 18:00:00,-10,-60,1.70307283125E7,17.0307283125,4730.757864583334,"{""type"":""MultiPoint"",""coordinates"":[]}"
20151003T19,8.642257171875,2015-10-03 19:00:00,-10,-60,1.92050159375E7,19.2050159375,5334.726649305556,"{""type"":""MultiPoint"",""coordinates"":[]}"
20151003T20,9.380217571875,2015-10-03 20:00:00,-10,-60,2.08449279375E7,20.8449279375,5790.257760416666,"{""type"":""MultiPoint"",""coordinates"":[]}"
20151003T21,9.695016871875,2015-10-03 21:00:00,-10,-60,2.15444819375E7,21.5444819375,5984.578315972222,"{""type"":""MultiPoint"",""coordinates"":[]}"
20151003T22,9.765107071875,2015-10-03 22:00:00,-10,-60,2.17002379375E7,21.7002379375,6027.843871527778,"{""type"":""MultiPoint"",""coordinates"":[]}"
20151003T23,9.765107071875,2015-10-03 23:00:00,-10,-60,2.17002379375E7,21.7002379375,6027.843871527778,"{""type"":""MultiPoint"",""coordinates"":[]}"
20151004T00,9.765107071875,2015-10-04 00:00:00,-10,-60,2.17002379375E7,21.7002379375,6027.843871527778,"{""type"":""MultiPoint"",""coordinates"":[]}"
20151004T01,0.0,2015-10-04 01:00:00,-10,-60,0.0,0.0,0.0,"{""type"":""MultiPoint"",""coordinates"":[]}"
20151004T02,0.0,2015-10-04 02:00:00,-10,-60,0.0,0.0,0.0,"{""type"":""MultiPoint"",""coordinates"":[]}"
20151004T03,0.0,2015-10-04 03:00:00,-10,-60,0.0,0.0,0.0,"{""type"":""MultiPoint"",""coordinates"":[]}"
20151004T04,0.0,2015-10-04 04:00:00,-10,-60,0.0,0.0,0.0,"{""type"":""MultiPoint"",""coordinates"":[]}"
20151004T05,0.0,2015-10-04 05:00:00,-10,-60,0.0,0.0,0.0,"{""type"":""MultiPoint"",""coordinates"":[]}"
20151004T06,0.0,2015-10-04 06:00:00,-10,-60,0.0,0.0,0.0,"{""type"":""MultiPoint"",""coordinates"":[]}"
20151004T07,0.0,2015-10-04 07:00:00,-10,-60,0.0,0.0,0.0,"{""type"":""MultiPoint"",""coordinates"":[]}"
20151004T08,0.0,2015-10-04 08:00:00,-10,-60,0.0,0.0,0.0,"{""type"":""MultiPoint"",""coordinates"":[]}"
20151004T09,0.0,2015-10-04 09:00:00,-10,-60,0.0,0.0,0.0,"{""type"":""MultiPoint"",""coordinates"":[]}"
20151004T10,0.0047718000000000005,2015-10-04 10:00:00,-10,-60,10604.0,0.010604,2.9455555555555555,"{""type"":""MultiPoint"",""coordinates"":[]}"
20151004T11,0.19691909999999999,2015-10-04 11:00:00,-10,-60,437598.0,0.437598,121.555,"{""type"":""MultiPoint"",""coordinates"":[]}"
20151004T12,0.7923447,2015-10-04 12:00:00,-10,-60,1760766.0,1.760766,489.1016666666667,"{""type"":""MultiPoint"",""coordinates"":[]}"
20151004T13,1.7713188,2015-10-04 13:00:00,-10,-60,3936264.0,3.936264,1093.4066666666668,"{""type"":""MultiPoint"",""coordinates"":[]}"
20151004T14,3.0744441,2015-10-04 14:00:00,-10,-60,6832098.0,6.832098,1897.805,"{""type"":""MultiPoint"",""coordinates"":[]}"
20151004T15,4.395592124890137,2015-10-04 15:00:00,-10,-60,9767982.49975586,9.76798249975586,2713.3284721544055,"{""type"":""MultiPoint"",""coordinates"":[]}"
20151004T16,5.6037448265625,2015-10-04 16:00:00,-10,-60,1.245276628125E7,12.45276628125,3459.1017447916665,"{""type"":""MultiPoint"",""coordinates"":[]}"
20151004T17,7.103511093164062,2015-10-04 17:00:00,-10,-60,1.578558020703125E7,15.78558020703125,4384.883390842014,"{""type"":""MultiPoint"",""coordinates"":[]}"
20151004T18,8.52674461875,2015-10-04 18:00:00,-10,-60,1.8948321375E7,18.948321375,5263.422604166667,"{""type"":""MultiPoint"",""coordinates"":[]}"
20151004T19,9.663680503125,2015-10-04 19:00:00,-10,-60,2.14748455625E7,21.4748455625,5965.234878472223,"{""type"":""MultiPoint"",""coordinates"":[]}"
20151004T20,10.420460803125,2015-10-04 20:00:00,-10,-60,2.31565795625E7,23.1565795625,6432.383211805555,"{""type"":""MultiPoint"",""coordinates"":[]}"
20151004T21,10.826485903124999,2015-10-04 21:00:00,-10,-60,2.40588575625E7,24.0588575625,6683.015989583333,"{""type"":""MultiPoint"",""coordinates"":[]}"
20151004T22,10.912877803125001,2015-10-04 22:00:00,-10,-60,2.42508395625E7,24.2508395625,6736.344322916667,"{""type"":""MultiPoint"",""coordinates"":[]}"
20151004T23,10.912877803125001,2015-10-04 23:00:00,-10,-60,2.42508395625E7,24.2508395625,6736.344322916667,"{""type"":""MultiPoint"",""coordinates"":[]}"
20151005T00,10.912877803125001,2015-10-05 00:00:00,-10,-60,2.42508395625E7,24.2508395625,6736.344322916667,"{""type"":""MultiPoint"",""coordinates"":[]}"
20151005T01,0.0,2015-10-05 01:00:00,-10,-60,0.0,0.0,0.0,"{""type"":""MultiPoint"",""coordinates"":[]}"
20151005T02,0.0,2015-10-05 02:00:00,-10,-60,0.0,0.0,0.0,"{""type"":""MultiPoint"",""coordinates"":[]}"
20151005T03,0.0,2015-10-05 03:00:00,-10,-60,0.0,0.0,0.0,"{""type"":""MultiPoint"",""coordinates"":[]}"
20151005T04,0.0,2015-10-05 04:00:00,-10,-60,0.0,0.0,0.0,"{""type"":""MultiPoint"",""coordinates"":[]}"
20151005T05,0.0,2015-10-05 05:00:00,-10,-60,0.0,0.0,0.0,"{""type"":""MultiPoint"",""coordinates"":[]}"
20151005T06,0.0,2015-10-05 06:00:00,-10,-60,0.0,0.0,0.0,"{""type"":""MultiPoint"",""coordinates"":[]}"
20151005T07,0.0,2015-10-05 07:00:00,-10,-60,0.0,0.0,0.0,"{""type"":""MultiPoint"",""coordinates"":[]}"
20151005T08,0.0,2015-10-05 08:00:00,-10,-60,0.0,0.0,0.0,"{""type"":""MultiPoint"",""coordinates"":[]}"
20151005T09,0.0,2015-10-05 09:00:00,-10,-60,0.0,0.0,0.0,"{""type"":""MultiPoint"",""coordinates"":[]}"
20151005T10,0.0051768000000000005,2015-10-05 10:00:00,-10,-60,11504.0,0.011504,3.1955555555555555,"{""type"":""MultiPoint"",""coordinates"":[]}"
20151005T11,0.1953117,2015-10-05 11:00:00,-10,-60,434026.0,0.434026,120.56277777777778,"{""type"":""MultiPoint"",""coordinates"":[]}"
20151005T12,0.6738696,2015-10-05 12:00:00,-10,-60,1497488.0,1.497488,415.9688888888889,"{""type"":""MultiPoint"",""coordinates"":[]}"
20151005T13,1.4998293,2015-10-05 13:00:00,-10,-60,3332954.0,3.332954,925.8205555555555,"{""type"":""MultiPoint"",""coordinates"":[]}"
20151005T14,2.631285,2015-10-05 14:00:00,-10,-60,5847300.0,5.8473,1624.25,"{""type"":""MultiPoint"",""coordinates"":[]}"
20151005T15,4.042532700000001,2015-10-05 15:00:00,-10,-60,8983406.0,8.983406,2495.3905555555557,"{""type"":""MultiPoint"",""coordinates"":[]}"
20151005T16,5.5728252,2015-10-05 16:00:00,-10,-60,1.2384056E7,12.384056,3440.0155555555557,"{""type"":""MultiPoint"",""coordinates"":[]}"
20151005T17,6.8991507,2015-10-05 17:00:00,-10,-60,1.5331446E7,15.331446,4258.735,"{""type"":""MultiPoint"",""coordinates"":[]}"
20151005T18,8.171761359375001,2015-10-05 18:00:00,-10,-60,1.81594696875E7,18.1594696875,5044.297135416667,"{""type"":""MultiPoint"",""coordinates"":[]}"
20151005T19,9.084555759375,2015-10-05 19:00:00,-10,-60,2.01879016875E7,20.1879016875,5607.75046875,"{""type"":""MultiPoint"",""coordinates"":[]}"
20151005T20,9.768360459375,2015-10-05 20:00:00,-10,-60,2.17074676875E7,21.7074676875,6029.852135416667,"{""type"":""MultiPoint"",""coordinates"":[]}"
20151005T21,10.151655159375,2015-10-05 21:00:00,-10,-60,2.25592336875E7,22.5592336875,6266.453802083333,"{""type"":""MultiPoint"",""coordinates"":[]}"
20151005T22,10.218150759375,2015-10-05 22:00:00,-10,-60,2.27070016875E7,22.7070016875,6307.50046875,"{""type"":""MultiPoint"",""coordinates"":[]}"
20151005T23,10.218150759375,2015-10-05 23:00:00,-10,-60,2.27070016875E7,22.7070016875,6307.50046875,"{""type"":""MultiPoint"",""coordinates"":[]}"
20151006T00,10.218150759375,2015-10-06 00:00:00,-10,-60,2.27070016875E7,22.7070016875,6307.50046875,"{""type"":""MultiPoint"",""coordinates"":[]}"
20151006T01,0.0,2015-10-06 01:00:00,-10,-60,0.0,0.0,0.0,"{""type"":""MultiPoint"",""coordinates"":[]}"
20151006T02,0.0,2015-10-06 02:00:00,-10,-60,0.0,0.0,0.0,"{""type"":""MultiPoint"",""coordinates"":[]}"
20151006T03,0.0,2015-10-06 03:00:00,-10,-60,0.0,0.0,0.0,"{""type"":""MultiPoint"",""coordinates"":[]}"
20151006T04,0.0,2015-10-06 04:00:00,-10,-60,0.0,0.0,0.0,"{""type"":""MultiPoint"",""coordinates"":[]}"
20151006T05,0.0,2015-10-06 05:00:00,-10,-60,0.0,0.0,0.0,"{""type"":""MultiPoint"",""coordinates"":[]}"
20151006T06,0.0,2015-10-06 06:00:00,-10,-60,0.0,0.0,0.0,"{""type"":""MultiPoint"",""coordinates"":[]}"
20151006T07,0.0,2015-10-06 07:00:00,-10,-60,0.0,0.0,0.0,"{""type"":""MultiPoint"",""coordinates"":[]}"
20151006T08,0.0,2015-10-06 08:00:00,-10,-60,0.0,0.0,0.0,"{""type"":""MultiPoint"",""coordinates"":[]}"
20151006T09,0.0,2015-10-06 09:00:00,-10,-60,0.0,0.0,0.0,"{""type"":""MultiPoint"",""coordinates"":[]}"
20151006T10,0.0045306,2015-10-06 10:00:00,-10,-60,10068.0,0.010068,2.796666666666667,"{""type"":""MultiPoint"",""coordinates"":[]}"
20151006T11,0.1864521,2015-10-06 11:00:00,-10,-60,414338.0,0.414338,115.09388888888888,"{""type"":""MultiPoint"",""coordinates"":[]}"
20151006T12,0.7378469999999999,2015-10-06 12:00:00,-10,-60,1639660.0,1.63966,455.4611111111111,"{""type"":""MultiPoint"",""coordinates"":[]}"
20151006T13,1.5481377,2015-10-06 13:00:00,-10,-60,3440306.0,3.440306,955.6405555555556,"{""type"":""MultiPoint"",""coordinates"":[]}"
20151006T14,2.4891174,2015-10-06 14:00:00,-10,-60,5531372.0,5.531372,1536.4922222222222,"{""type"":""MultiPoint"",""coordinates"":[]}"
20151006T15,3.7001691,2015-10-06 15:00:00,-10,-60,8222598.0,8.222598,2284.055,"{""type"":""MultiPoint"",""coordinates"":[]}"
20151006T16,5.12888265,2015-10-06 16:00:00,-10,-60,1.1397517E7,11.397517,3165.9769444444446,"{""type"":""MultiPoint"",""coordinates"":[]}"
20151006T17,6.465572043750001,2015-10-06 17:00:00,-10,-60,1.4367937875E7,14.367937875,3991.0938541666665,"{""type"":""MultiPoint"",""coordinates"":[]}"
20151006T18,7.55568039375,2015-10-06 18:00:00,-10,-60,1.6790400875E7,16.790400875,4664.000243055556,"{""type"":""MultiPoint"",""coordinates"":[]}"
20151006T19,8.3400759,2015-10-06 19:00:00,-10,-60,1.8533502E7,18.533502,5148.195,"{""type"":""MultiPoint"",""coordinates"":[]}"
20151006T20,8.8328592,2015-10-06 20:00:00,-10,-60,1.9628576E7,19.628576,5452.3822222222225,"{""type"":""MultiPoint"",""coordinates"":[]}"
20151006T21,9.0504963,2015-10-06 21:00:00,-10,-60,2.0112214E7,20.112214,5586.726111111111,"{""type"":""MultiPoint"",""coordinates"":[]}"
20151006T22,9.118359,2015-10-06 22:00:00,-10,-60,2.026302E7,20.26302,5628.616666666667,"{""type"":""MultiPoint"",""coordinates"":[]}"
20151006T23,9.118359,2015-10-06 23:00:00,-10,-60,2.026302E7,20.26302,5628.616666666667,"{""type"":""MultiPoint"",""coordinates"":[]}"
20151007T00,9.118359,2015-10-07 00:00:00,-10,-60,2.026302E7,20.26302,5628.616666666667,"{""type"":""MultiPoint"",""coordinates"":[]}"
20151007T01,0.0,2015-10-07 01:00:00,-10,-60,0.0,0.0,0.0,"{""type"":""MultiPoint"",""coordinates"":[]}"
20151007T02,0.0,2015-10-07 02:00:00,-10,-60,0.0,0.0,0.0,"{""type"":""MultiPoint"",""coordinates"":[]}"
20151007T03,0.0,2015-10-07 03:00:00,-10,-60,0.0,0.0,0.0,"{""type"":""MultiPoint"",""coordinates"":[]}"
20151007T04,0.0,2015-10-07 04:00:00,-10,-60,0.0,0.0,0.0,"{""type"":""MultiPoint"",""coordinates"":[]}"
20151007T05,0.0,2015-10-07 05:00:00,-10,-60,0.0,0.0,0.0,"{""type"":""MultiPoint"",""coordinates"":[]}"
20151007T06,0.0,2015-10-07 06:00:00,-10,-60,0.0,0.0,0.0,"{""type"":""MultiPoint"",""coordinates"":[]}"
20151007T07,0.0,2015-10-07 07:00:00,-10,-60,0.0,0.0,0.0,"{""type"":""MultiPoint"",""coordinates"":[]}"
20151007T08,0.0,2015-10-07 08:00:00,-10,-60,0.0,0.0,0.0,"{""type"":""MultiPoint"",""coordinates"":[]}"
20151007T09,0.0,2015-10-07 09:00:00,-10,-60,0.0,0.0,0.0,"{""type"":""MultiPoint"",""coordinates"":[]}"
20151007T10,0.0021006,2015-10-07 10:00:00,-10,-60,4668.0,0.004668,1.2966666666666666,"{""type"":""MultiPoint"",""coordinates"":[]}"
20151007T11,0.0338301,2015-10-07 11:00:00,-10,-60,75178.0,0.075178,20.88277777777778,"{""type"":""MultiPoint"",""coordinates"":[]}"
20151007T12,0.136953,2015-10-07 12:00:00,-10,-60,304340.0,0.30434,84.53888888888889,"{""type"":""MultiPoint"",""coordinates"":[]}"
20151007T13,0.2761461,2015-10-07 13:00:00,-10,-60,613658.0,0.613658,170.46055555555554,"{""type"":""MultiPoint"",""coordinates"":[]}"
20151007T14,0.46524329999999997,2015-10-07 14:00:00,-10,-60,1033874.0,1.033874,287.1872222222222,"{""type"":""MultiPoint"",""coordinates"":[]}"
20151007T15,0.7059897,2015-10-07 15:00:00,-10,-60,1568866.0,1.568866,435.7961111111111,"{""type"":""MultiPoint"",""coordinates"":[]}"
20151007T16,1.010612925,2015-10-07 16:00:00,-10,-60,2245806.5,2.2458065,623.8351388888889,"{""type"":""MultiPoint"",""coordinates"":[]}"
20151007T17,1.538391628125,2015-10-07 17:00:00,-10,-60,3418648.0625,3.4186480625,949.6244618055556,"{""type"":""MultiPoint"",""coordinates"":[]}"
20151007T18,1.950819525,2015-10-07 18:00:00,-10,-60,4335154.5,4.3351545,1204.2095833333333,"{""type"":""MultiPoint"",""coordinates"":[]}"
20151007T19,2.442540825,2015-10-07 19:00:00,-10,-60,5427868.5,5.4278685,1507.74125,"{""type"":""MultiPoint"",""coordinates"":[]}"
20151007T20,2.814519825,2015-10-07 20:00:00,-10,-60,6254488.5,6.2544885,1737.3579166666666,"{""type"":""MultiPoint"",""coordinates"":[]}"
20151007T21,3.043471725,2015-10-07 21:00:00,-10,-60,6763270.5,6.7632705,1878.68625,"{""type"":""MultiPoint"",""coordinates"":[]}"
20151007T22,3.0960074250000003,2015-10-07 22:00:00,-10,-60,6880016.5,6.8800165,1911.1156944444444,"{""type"":""MultiPoint"",""coordinates"":[]}"
20151007T23,3.0960074250000003,2015-10-07 23:00:00,-10,-60,6880016.5,6.8800165,1911.1156944444444,"{""type"":""MultiPoint"",""coordinates"":[]}"
20151008T00,3.0960074250000003,2015-10-08 00:00:00,-10,-60,6880016.5,6.8800165,1911.1156944444444,"{""type"":""MultiPoint"",""coordinates"":[]}"
20151008T01,0.0,2015-10-08 01:00:00,-10,-60,0.0,0.0,0.0,"{""type"":""MultiPoint"",""coordinates"":[]}"
20151008T02,0.0,2015-10-08 02:00:00,-10,-60,0.0,0.0,0.0,"{""type"":""MultiPoint"",""coordinates"":[]}"
20151008T03,0.0,2015-10-08 03:00:00,-10,-60,0.0,0.0,0.0,"{""type"":""MultiPoint"",""coordinates"":[]}"
20151008T04,0.0,2015-10-08 04:00:00,-10,-60,0.0,0.0,0.0,"{""type"":""MultiPoint"",""coordinates"":[]}"
20151008T05,0.0,2015-10-08 05:00:00,-10,-60,0.0,0.0,0.0,"{""type"":""MultiPoint"",""coordinates"":[]}"
20151008T06,0.0,2015-10-08 06:00:00,-10,-60,0.0,0.0,0.0,"{""type"":""MultiPoint"",""coordinates"":[]}"
20151008T07,0.0,2015-10-08 07:00:00,-10,-60,0.0,0.0,0.0,"{""type"":""MultiPoint"",""coordinates"":[]}"
20151008T08,0.0,2015-10-08 08:00:00,-10,-60,0.0,0.0,0.0,"{""type"":""MultiPoint"",""coordinates"":[]}"
20151008T09,0.0,2015-10-08 09:00:00,-10,-60,0.0,0.0,0.0,"{""type"":""MultiPoint"",""coordinates"":[]}"
20151008T10,0.0061262999999999995,2015-10-08 10:00:00,-10,-60,13614.0,0.013614,3.7816666666666667,"{""type"":""MultiPoint"",""coordinates"":[]}"
20151008T11,0.20947410000000002,2015-10-08 11:00:00,-10,-60,465498.0,0.465498,129.305,"{""type"":""MultiPoint"",""coordinates"":[]}"
20151008T12,0.7790049,2015-10-08 12:00:00,-10,-60,1731122.0,1.731122,480.8672222222222,"{""type"":""MultiPoint"",""coordinates"":[]}"
20151008T13,1.6659801,2015-10-08 13:00:00,-10,-60,3702178.0,3.702178,1028.3827777777778,"{""type"":""MultiPoint"",""coordinates"":[]}"
20151008T14,2.9738898000000002,2015-10-08 14:00:00,-10,-60,6608644.0,6.608644,1835.7344444444445,"{""type"":""MultiPoint"",""coordinates"":[]}"
20151008T15,4.3961103,2015-10-08 15:00:00,-10,-60,9769134.0,9.769134,2713.6483333333335,"{""type"":""MultiPoint"",""coordinates"":[]}"
20151008T16,5.7767562,2015-10-08 16:00:00,-10,-60,1.2837236E7,12.837236,3565.898888888889,"{""type"":""MultiPoint"",""coordinates"":[]}"
20151008T17,7.156755673242188,2015-10-08 17:00:00,-10,-60,1.590390149609375E7,15.90390149609375,4417.750415581597,"{""type"":""MultiPoint"",""coordinates"":[]}"
20151008T18,8.468980498828124,2015-10-08 18:00:00,-10,-60,1.88199566640625E7,18.8199566640625,5227.765740017361,"{""type"":""MultiPoint"",""coordinates"":[]}"
20151008T19,9.506312398828126,2015-10-08 19:00:00,-10,-60,2.11251386640625E7,21.1251386640625,5868.094073350694,"{""type"":""MultiPoint"",""coordinates"":[]}"
20151008T20,10.192193398828124,2015-10-08 20:00:00,-10,-60,2.26493186640625E7,22.6493186640625,6291.477406684028,"{""type"":""MultiPoint"",""coordinates"":[]}"
20151008T21,10.499246398828124,2015-10-08 21:00:00,-10,-60,2.33316586640625E7,23.3316586640625,6481.0162955729165,"{""type"":""MultiPoint"",""coordinates"":[]}"
20151008T22,10.563995998828124,2015-10-08 22:00:00,-10,-60,2.34755466640625E7,23.4755466640625,6520.985184461805,"{""type"":""MultiPoint"",""coordinates"":[]}"
20151008T23,10.563995998828124,2015-10-08 23:00:00,-10,-60,2.34755466640625E7,23.4755466640625,6520.985184461805,"{""type"":""MultiPoint"",""coordinates"":[]}"
20151009T00,10.563995998828124,2015-10-09 00:00:00,-10,-60,2.34755466640625E7,23.4755466640625,6520.985184461805,"{""type"":""MultiPoint"",""coordinates"":[]}"
20151009T01,0.0,2015-10-09 01:00:00,-10,-60,0.0,0.0,0.0,"{""type"":""MultiPoint"",""coordinates"":[]}"
20151009T02,0.0,2015-10-09 02:00:00,-10,-60,0.0,0.0,0.0,"{""type"":""MultiPoint"",""coordinates"":[]}"
20151009T03,0.0,2015-10-09 03:00:00,-10,-60,0.0,0.0,0.0,"{""type"":""MultiPoint"",""coordinates"":[]}"
20151009T04,0.0,2015-10-09 04:00:00,-10,-60,0.0,0.0,0.0,"{""type"":""MultiPoint"",""coordinates"":[]}"
20151009T05,0.0,2015-10-09 05:00:00,-10,-60,0.0,0.0,0.0,"{""type"":""MultiPoint"",""coordinates"":[]}"
20151009T06,0.0,2015-10-09 06:00:00,-10,-60,0.0,0.0,0.0,"{""type"":""MultiPoint"",""coordinates"":[]}"
20151009T07,0.0,2015-10-09 07:00:00,-10,-60,0.0,0.0,0.0,"{""type"":""MultiPoint"",""coordinates"":[]}"
20151009T08,0.0,2015-10-09 08:00:00,-10,-60,0.0,0.0,0.0,"{""type"":""MultiPoint"",""coordinates"":[]}"
20151009T09,0.0,2015-10-09 09:00:00,-10,-60,0.0,0.0,0.0,"{""type"":""MultiPoint"",""coordinates"":[]}"
20151009T10,0.0067464000000000005,2015-10-09 10:00:00,-10,-60,14992.0,0.014992,4.164444444444444,"{""type"":""MultiPoint"",""coordinates"":[]}"
20151009T11,0.2306601,2015-10-09 11:00:00,-10,-60,512578.0,0.512578,142.3827777777778,"{""type"":""MultiPoint"",""coordinates"":[]}"
20151009T12,0.8352117,2015-10-09 12:00:00,-10,-60,1856026.0,1.856026,515.5627777777778,"{""type"":""MultiPoint"",""coordinates"":[]}"
20151009T13,1.7862651,2015-10-09 13:00:00,-10,-60,3969478.0,3.969478,1102.6327777777778,"{""type"":""MultiPoint"",""coordinates"":[]}"
20151009T14,3.0477771000000002,2015-10-09 14:00:00,-10,-60,6772838.0,6.772838,1881.3438888888888,"{""type"":""MultiPoint"",""coordinates"":[]}"
20151009T15,4.4495829,2015-10-09 15:00:00,-10,-60,9887962.0,9.887962,2746.656111111111,"{""type"":""MultiPoint"",""coordinates"":[]}"
20151009T16,5.912683874890137,2015-10-09 16:00:00,-10,-60,1.313929749975586E7,13.139297499755859,3649.8048610432943,"{""type"":""MultiPoint"",""coordinates"":[]}"
20151009T17,7.187484336328125,2015-10-09 17:00:00,-10,-60,1.59721874140625E7,15.9721874140625,4436.718726128473,"{""type"":""MultiPoint"",""coordinates"":[]}"
20151009T18,8.329939836328125,2015-10-09 18:00:00,-10,-60,1.85109774140625E7,18.5109774140625,5141.9381705729165,"{""type"":""MultiPoint"",""coordinates"":[]}"
20151009T19,9.131358336328125,2015-10-09 19:00:00,-10,-60,2.02919074140625E7,20.2919074140625,5636.640948350694,"{""type"":""MultiPoint"",""coordinates"":[]}"
20151009T20,9.692587536328125,2015-10-09 20:00:00,-10,-60,2.15390834140625E7,21.5390834140625,5983.078726128472,"{""type"":""MultiPoint"",""coordinates"":[]}"
20151009T21,10.026990636328124,2015-10-09 21:00:00,-10,-60,2.22822014140625E7,22.2822014140625,6189.500392795139,"{""type"":""MultiPoint"",""coordinates"":[]}"
20151009T22,10.092993036328126,2015-10-09 22:00:00,-10,-60,2.24288734140625E7,22.4288734140625,6230.2426150173615,"{""type"":""MultiPoint"",""coordinates"":[]}"
20151009T23,10.092993036328126,2015-10-09 23:00:00,-10,-60,2.24288734140625E7,22.4288734140625,6230.2426150173615,"{""type"":""MultiPoint"",""coordinates"":[]}"
20151010T00,10.092993036328126,2015-10-10 00:00:00,-10,-60,2.24288734140625E7,22.4288734140625,6230.2426150173615,"{""type"":""MultiPoint"",""coordinates"":[]}"
20151010T01,0.0,2015-10-10 01:00:00,-10,-60,0.0,0.0,0.0,"{""type"":""MultiPoint"",""coordinates"":[]}"
20151010T02,0.0,2015-10-10 02:00:00,-10,-60,0.0,0.0,0.0,"{""type"":""MultiPoint"",""coordinates"":[]}"
20151010T03,0.0,2015-10-10 03:00:00,-10,-60,0.0,0.0,0.0,"{""type"":""MultiPoint"",""coordinates"":[]}"
20151010T04,0.0,2015-10-10 04:00:00,-10,-60,0.0,0.0,0.0,"{""type"":""MultiPoint"",""coordinates"":[]}"
20151010T05,0.0,2015-10-10 05:00:00,-10,-60,0.0,0.0,0.0,"{""type"":""MultiPoint"",""coordinates"":[]}"
20151010T06,0.0,2015-10-10 06:00:00,-10,-60,0.0,0.0,0.0,"{""type"":""MultiPoint"",""coordinates"":[]}"
20151010T07,0.0,2015-10-10 07:00:00,-10,-60,0.0,0.0,0.0,"{""type"":""MultiPoint"",""coordinates"":[]}"
20151010T08,0.0,2015-10-10 08:00:00,-10,-60,0.0,0.0,0.0,"{""type"":""MultiPoint"",""coordinates"":[]}"
20151010T09,0.0,2015-10-10 09:00:00,-10,-60,0.0,0.0,0.0,"{""type"":""MultiPoint"",""coordinates"":[]}"
20151010T10,0.0074673000000000005,2015-10-10 10:00:00,-10,-60,16594.0,0.016594,4.609444444444445,"{""type"":""MultiPoint"",""coordinates"":[]}"
20151010T11,0.1487241,2015-10-10 11:00:00,-10,-60,330498.0,0.330498,91.805,"{""type"":""MultiPoint"",""coordinates"":[]}"
20151010T12,0.4190481,2015-10-10 12:00:00,-10,-60,931218.0,0.931218,258.6716666666667,"{""type"":""MultiPoint"",""coordinates"":[]}"
20151010T13,0.8233011,2015-10-10 13:00:00,-10,-60,1829558.0,1.829558,508.2105555555556,"{""type"":""MultiPoint"",""coordinates"":[]}"
20151010T14,1.3450932,2015-10-10 14:00:00,-10,-60,2989096.0,2.989096,830.3044444444445,"{""type"":""MultiPoint"",""coordinates"":[]}"
20151010T15,2.1401838,2015-10-10 15:00:00,-10,-60,4755964.0,4.755964,1321.101111111111,"{""type"":""MultiPoint"",""coordinates"":[]}"
20151010T16,2.8952180999999997,2015-10-10 16:00:00,-10,-60,6433818.0,6.433818,1787.1716666666666,"{""type"":""MultiPoint"",""coordinates"":[]}"
20151010T17,3.5235243,2015-10-10 17:00:00,-10,-60,7830054.0,7.830054,2175.015,"{""type"":""MultiPoint"",""coordinates"":[]}"
20151010T18,4.2911892,2015-10-10 18:00:00,-10,-60,9535976.0,9.535976,2648.882222222222,"{""type"":""MultiPoint"",""coordinates"":[]}"
20151010T19,5.1030243,2015-10-10 19:00:00,-10,-60,1.1340054E7,11.340054,3150.015,"{""type"":""MultiPoint"",""coordinates"":[]}"
20151010T20,5.506911,2015-10-10 20:00:00,-10,-60,1.223758E7,12.23758,3399.3277777777776,"{""type"":""MultiPoint"",""coordinates"":[]}"
20151010T21,5.6305125,2015-10-10 21:00:00,-10,-60,1.251225E7,12.51225,3475.625,"{""type"":""MultiPoint"",""coordinates"":[]}"
20151010T22,5.654406600000001,2015-10-10 22:00:00,-10,-60,1.2565348E7,12.565348,3490.3744444444446,"{""type"":""MultiPoint"",""coordinates"":[]}"
20151010T23,5.654406600000001,2015-10-10 23:00:00,-10,-60,1.2565348E7,12.565348,3490.3744444444446,"{""type"":""MultiPoint"",""coordinates"":[]}"
20151011T00,5.654406600000001,2015-10-11 00:00:00,-10,-60,1.2565348E7,12.565348,3490.3744444444446,"{""type"":""MultiPoint"",""coordinates"":[]}"
20151011T01,0.0,2015-10-11 01:00:00,-10,-60,0.0,0.0,0.0,"{""type"":""MultiPoint"",""coordinates"":[]}"
20151011T02,0.0,2015-10-11 02:00:00,-10,-60,0.0,0.0,0.0,"{""type"":""MultiPoint"",""coordinates"":[]}"
20151011T03,0.0,2015-10-11 03:00:00,-10,-60,0.0,0.0,0.0,"{""type"":""MultiPoint"",""coordinates"":[]}"
20151011T04,0.0,2015-10-11 04:00:00,-10,-60,0.0,0.0,0.0,"{""type"":""MultiPoint"",""coordinates"":[]}"
20151011T05,0.0,2015-10-11 05:00:00,-10,-60,0.0,0.0,0.0,"{""type"":""MultiPoint"",""coordinates"":[]}"
20151011T06,0.0,2015-10-11 06:00:00,-10,-60,0.0,0.0,0.0,"{""type"":""MultiPoint"",""coordinates"":[]}"
20151011T07,0.0,2015-10-11 07:00:00,-10,-60,0.0,0.0,0.0,"{""type"":""MultiPoint"",""coordinates"":[]}"
20151011T08,0.0,2015-10-11 08:00:00,-10,-60,0.0,0.0,0.0,"{""type"":""MultiPoint"",""coordinates"":[]}"
20151011T09,0.0,2015-10-11 09:00:00,-10,-60,0.0,0.0,0.0,"{""type"":""MultiPoint"",""coordinates"":[]}"
20151011T10,0.0032526,2015-10-11 10:00:00,-10,-60,7228.0,0.007228,2.0077777777777777,"{""type"":""MultiPoint"",""coordinates"":[]}"
20151011T11,0.0943398,2015-10-11 11:00:00,-10,-60,209644.0,0.209644,58.23444444444444,"{""type"":""MultiPoint"",""coordinates"":[]}"
20151011T12,0.3510207,2015-10-11 12:00:00,-10,-60,780046.0,0.780046,216.67944444444444,"{""type"":""MultiPoint"",""coordinates"":[]}"
20151011T13,0.893898,2015-10-11 13:00:00,-10,-60,1986440.0,1.98644,551.7888888888889,"{""type"":""MultiPoint"",""coordinates"":[]}"
20151011T14,1.4708331,2015-10-11 14:00:00,-10,-60,3268518.0,3.268518,907.9216666666666,"{""type"":""MultiPoint"",""coordinates"":[]}"
20151011T15,2.3306859,2015-10-11 15:00:00,-10,-60,5179302.0,5.179302,1438.695,"{""type"":""MultiPoint"",""coordinates"":[]}"
20151011T16,3.3897087,2015-10-11 16:00:00,-10,-60,7532686.0,7.532686,2092.4127777777776,"{""type"":""MultiPoint"",""coordinates"":[]}"
20151011T17,4.642551,2015-10-11 17:00:00,-10,-60,1.031678E7,10.31678,2865.7722222222224,"{""type"":""MultiPoint"",""coordinates"":[]}"
20151011T18,5.40981,2015-10-11 18:00:00,-10,-60,1.20218E7,12.0218,3339.3888888888887,"{""type"":""MultiPoint"",""coordinates"":[]}"
20151011T19,6.3491444999999995,2015-10-11 19:00:00,-10,-60,1.410921E7,14.10921,3919.225,"{""type"":""MultiPoint"",""coordinates"":[]}"
20151011T20,6.9669459,2015-10-11 20:00:00,-10,-60,1.5482102E7,15.482102,4300.583888888889,"{""type"":""MultiPoint"",""coordinates"":[]}"
20151011T21,7.1202006,2015-10-11 21:00:00,-10,-60,1.5822668E7,15.822668,4395.185555555556,"{""type"":""MultiPoint"",""coordinates"":[]}"
20151011T22,7.1698896,2015-10-11 22:00:00,-10,-60,1.5933088E7,15.933088,4425.857777777778,"{""type"":""MultiPoint"",""coordinates"":[]}"
20151011T23,7.1698896,2015-10-11 23:00:00,-10,-60,1.5933088E7,15.933088,4425.857777777778,"{""type"":""MultiPoint"",""coordinates"":[]}"
20151012T00,7.1698896,2015-10-12 00:00:00,-10,-60,1.5933088E7,15.933088,4425.857777777778,"{""type"":""MultiPoint"",""coordinates"":[]}"
20151012T01,0.0,2015-10-12 01:00:00,-10,-60,0.0,0.0,0.0,"{""type"":""MultiPoint"",""coordinates"":[]}"
20151012T02,0.0,2015-10-12 02:00:00,-10,-60,0.0,0.0,0.0,"{""type"":""MultiPoint"",""coordinates"":[]}"
20151012T03,0.0,2015-10-12 03:00:00,-10,-60,0.0,0.0,0.0,"{""type"":""MultiPoint"",""coordinates"":[]}"
20151012T04,0.0,2015-10-12 04:00:00,-10,-60,0.0,0.0,0.0,"{""type"":""MultiPoint"",""coordinates"":[]}"
20151012T05,0.0,2015-10-12 05:00:00,-10,-60,0.0,0.0,0.0,"{""type"":""MultiPoint"",""coordinates"":[]}"
20151012T06,0.0,2015-10-12 06:00:00,-10,-60,0.0,0.0,0.0,"{""type"":""MultiPoint"",""coordinates"":[]}"
20151012T07,0.0,2015-10-12 07:00:00,-10,-60,0.0,0.0,0.0,"{""type"":""MultiPoint"",""coordinates"":[]}"
20151012T08,0.0,2015-10-12 08:00:00,-10,-60,0.0,0.0,0.0,"{""type"":""MultiPoint"",""coordinates"":[]}"
20151012T09,0.0,2015-10-12 09:00:00,-10,-60,0.0,0.0,0.0,"{""type"":""MultiPoint"",""coordinates"":[]}"
20151012T10,0.008011800000000001,2015-10-12 10:00:00,-10,-60,17804.0,0.017804,4.945555555555556,"{""type"":""MultiPoint"",""coordinates"":[]}"
20151012T11,0.2187513,2015-10-12 11:00:00,-10,-60,486114.0,0.486114,135.03166666666667,"{""type"":""MultiPoint"",""coordinates"":[]}"
20151012T12,0.7510095,2015-10-12 12:00:00,-10,-60,1668910.0,1.66891,463.5861111111111,"{""type"":""MultiPoint"",""coordinates"":[]}"
20151012T13,1.6089255,2015-10-12 13:00:00,-10,-60,3575390.0,3.57539,993.1638888888889,"{""type"":""MultiPoint"",""coordinates"":[]}"
20151012T14,2.5956954000000003,2015-10-12 14:00:00,-10,-60,5768212.0,5.768212,1602.2811111111112,"{""type"":""MultiPoint"",""coordinates"":[]}"
20151012T15,3.9898827,2015-10-12 15:00:00,-10,-60,8866406.0,8.866406,2462.8905555555557,"{""type"":""MultiPoint"",""coordinates"":[]}"
20151012T16,5.249939400000001,2015-10-12 16:00:00,-10,-60,1.1666532E7,11.666532,3240.7033333333334,"{""type"":""MultiPoint"",""coordinates"":[]}"
20151012T17,6.4602063,2015-10-12 17:00:00,-10,-60,1.4356014E7,14.356014,3987.7816666666668,"{""type"":""MultiPoint"",""coordinates"":[]}"
20151012T18,7.394427,2015-10-12 18:00:00,-10,-60,1.643206E7,16.43206,4564.461111111111,"{""type"":""MultiPoint"",""coordinates"":[]}"
20151012T19,8.3532636,2015-10-12 19:00:00,-10,-60,1.8562808E7,18.562808,5156.335555555555,"{""type"":""MultiPoint"",""coordinates"":[]}"
20151012T20,8.9078733,2015-10-12 20:00:00,-10,-60,1.9795274E7,19.795274,5498.687222222222,"{""type"":""MultiPoint"",""coordinates"":[]}"
20151012T21,9.1848177,2015-10-12 21:00:00,-10,-60,2.0410706E7,20.410706,5669.640555555556,"{""type"":""MultiPoint"",""coordinates"":[]}"
20151012T22,9.251136,2015-10-12 22:00:00,-10,-60,2.055808E7,20.55808,5710.577777777778,"{""type"":""MultiPoint"",""coordinates"":[]}"
20151012T23,9.251136,2015-10-12 23:00:00,-10,-60,2.055808E7,20.55808,5710.577777777778,"{""type"":""MultiPoint"",""coordinates"":[]}"
20151013T00,9.251136,2015-10-13 00:00:00,-10,-60,2.055808E7,20.55808,5710.577777777778,"{""type"":""MultiPoint"",""coordinates"":[]}"
20151013T01,0.0,2015-10-13 01:00:00,-10,-60,0.0,0.0,0.0,"{""type"":""MultiPoint"",""coordinates"":[]}"
20151013T02,0.0,2015-10-13 02:00:00,-10,-60,0.0,0.0,0.0,"{""type"":""MultiPoint"",""coordinates"":[]}"
20151013T03,0.0,2015-10-13 03:00:00,-10,-60,0.0,0.0,0.0,"{""type"":""MultiPoint"",""coordinates"":[]}"
20151013T04,0.0,2015-10-13 04:00:00,-10,-60,0.0,0.0,0.0,"{""type"":""MultiPoint"",""coordinates"":[]}"
20151013T05,0.0,2015-10-13 05:00:00,-10,-60,0.0,0.0,0.0,"{""type"":""MultiPoint"",""coordinates"":[]}"
20151013T06,0.0,2015-10-13 06:00:00,-10,-60,0.0,0.0,0.0,"{""type"":""MultiPoint"",""coordinates"":[]}"
20151013T07,0.0,2015-10-13 07:00:00,-10,-60,0.0,0.0,0.0,"{""type"":""MultiPoint"",""coordinates"":[]}"
20151013T08,0.0,2015-10-13 08:00:00,-10,-60,0.0,0.0,0.0,"{""type"":""MultiPoint"",""coordinates"":[]}"
20151013T09,0.0,2015-10-13 09:00:00,-10,-60,0.0,0.0,0.0,"{""type"":""MultiPoint"",""coordinates"":[]}"
20151013T10,0.0092772,2015-10-13 10:00:00,-10,-60,20616.0,0.020616,5.726666666666667,"{""type"":""MultiPoint"",""coordinates"":[]}"
20151013T11,0.2400768,2015-10-13 11:00:00,-10,-60,533504.0,0.533504,148.19555555555556,"{""type"":""MultiPoint"",""coordinates"":[]}"
20151013T12,0.8576766,2015-10-13 12:00:00,-10,-60,1905948.0,1.905948,529.43,"{""type"":""MultiPoint"",""coordinates"":[]}"
20151013T13,1.8115011,2015-10-13 13:00:00,-10,-60,4025558.0,4.025558,1118.2105555555556,"{""type"":""MultiPoint"",""coordinates"":[]}"
20151013T14,2.945097,2015-10-13 14:00:00,-10,-60,6544660.0,6.54466,1817.9611111111112,"{""type"":""MultiPoint"",""coordinates"":[]}"
20151013T15,4.3766324999999995,2015-10-13 15:00:00,-10,-60,9725850.0,9.72585,2701.625,"{""type"":""MultiPoint"",""coordinates"":[]}"
20151013T16,5.8310757,2015-10-13 16:00:00,-10,-60,1.2957946E7,12.957946,3599.4294444444445,"{""type"":""MultiPoint"",""coordinates"":[]}"
20151013T17,6.9144633,2015-10-13 17:00:00,-10,-60,1.5365474E7,15.365474,4268.187222222222,"{""type"":""MultiPoint"",""coordinates"":[]}"
20151013T18,7.8484689,2015-10-13 18:00:00,-10,-60,1.7441042E7,17.441042,4844.733888888889,"{""type"":""MultiPoint"",""coordinates"":[]}"
20151013T19,8.7745905,2015-10-13 19:00:00,-10,-60,1.949909E7,19.49909,5416.413888888889,"{""type"":""MultiPoint"",""coordinates"":[]}"
20151013T20,9.4618629,2015-10-13 20:00:00,-10,-60,2.1026362E7,21.026362,5840.656111111111,"{""type"":""MultiPoint"",""coordinates"":[]}"
20151013T21,9.7997463,2015-10-13 21:00:00,-10,-60,2.1777214E7,21.777214,6049.226111111111,"{""type"":""MultiPoint"",""coordinates"":[]}"
20151013T22,9.8752536,2015-10-13 22:00:00,-10,-60,2.1945008E7,21.945008,6095.835555555555,"{""type"":""MultiPoint"",""coordinates"":[]}"
20151013T23,9.8752536,2015-10-13 23:00:00,-10,-60,2.1945008E7,21.945008,6095.835555555555,"{""type"":""MultiPoint"",""coordinates"":[]}"
20151014T00,9.8752536,2015-10-14 00:00:00,-10,-60,2.1945008E7,21.945008,6095.835555555555,"{""type"":""MultiPoint"",""coordinates"":[]}"
20151014T01,0.0,2015-10-14 01:00:00,-10,-60,0.0,0.0,0.0,"{""type"":""MultiPoint"",""coordinates"":[]}"
20151014T02,0.0,2015-10-14 02:00:00,-10,-60,0.0,0.0,0.0,"{""type"":""MultiPoint"",""coordinates"":[]}"
20151014T03,0.0,2015-10-14 03:00:00,-10,-60,0.0,0.0,0.0,"{""type"":""MultiPoint"",""coordinates"":[]}"
20151014T04,0.0,2015-10-14 04:00:00,-10,-60,0.0,0.0,0.0,"{""type"":""MultiPoint"",""coordinates"":[]}"
20151014T05,0.0,2015-10-14 05:00:00,-10,-60,0.0,0.0,0.0,"{""type"":""MultiPoint"",""coordinates"":[]}"
20151014T06,0.0,2015-10-14 06:00:00,-10,-60,0.0,0.0,0.0,"{""type"":""MultiPoint"",""coordinates"":[]}"
20151014T07,0.0,2015-10-14 07:00:00,-10,-60,0.0,0.0,0.0,"{""type"":""MultiPoint"",""coordinates"":[]}"
20151014T08,0.0,2015-10-14 08:00:00,-10,-60,0.0,0.0,0.0,"{""type"":""MultiPoint"",""coordinates"":[]}"
20151014T09,0.0,2015-10-14 09:00:00,-10,-60,0.0,0.0,0.0,"{""type"":""MultiPoint"",""coordinates"":[]}"
20151014T10,0.008847,2015-10-14 10:00:00,-10,-60,19660.0,0.01966,5.461111111111111,"{""type"":""MultiPoint"",""coordinates"":[]}"
20151014T11,0.2293695,2015-10-14 11:00:00,-10,-60,509710.0,0.50971,141.5861111111111,"{""type"":""MultiPoint"",""coordinates"":[]}"
20151014T12,0.7979895,2015-10-14 12:00:00,-10,-60,1773310.0,1.77331,492.5861111111111,"{""type"":""MultiPoint"",""coordinates"":[]}"
20151014T13,1.7359308,2015-10-14 13:00:00,-10,-60,3857624.0,3.857624,1071.5622222222223,"{""type"":""MultiPoint"",""coordinates"":[]}"
20151014T14,2.84796,2015-10-14 14:00:00,-10,-60,6328800.0,6.3288,1758.0,"{""type"":""MultiPoint"",""coordinates"":[]}"
20151014T15,3.9861612,2015-10-14 15:00:00,-10,-60,8858136.0,8.858136,2460.5933333333332,"{""type"":""MultiPoint"",""coordinates"":[]}"
20151014T16,5.1428547,2015-10-14 16:00:00,-10,-60,1.1428566E7,11.428566,3174.6016666666665,"{""type"":""MultiPoint"",""coordinates"":[]}"
20151014T17,6.3368577,2015-10-14 17:00:00,-10,-60,1.4081906E7,14.081906,3911.6405555555557,"{""type"":""MultiPoint"",""coordinates"":[]}"
20151014T18,7.465276800000001,2015-10-14 18:00:00,-10,-60,1.6589504E7,16.589504,4608.195555555556,"{""type"":""MultiPoint"",""coordinates"":[]}"
20151014T19,8.251546500000002,2015-10-14 19:00:00,-10,-60,1.833677E7,18.33677,5093.547222222222,"{""type"":""MultiPoint"",""coordinates"":[]}"
20151014T20,8.816622299999999,2015-10-14 20:00:00,-10,-60,1.9592494E7,19.592494,5442.359444444444,"{""type"":""MultiPoint"",""coordinates"":[]}"
20151014T21,9.1397232,2015-10-14 21:00:00,-10,-60,2.0310496E7,20.310496,5641.804444444444,"{""type"":""MultiPoint"",""coordinates"":[]}"
20151014T22,9.203688,2015-10-14 22:00:00,-10,-60,2.045264E7,20.45264,5681.288888888889,"{""type"":""MultiPoint"",""coordinates"":[]}"
20151014T23,9.203688,2015-10-14 23:00:00,-10,-60,2.045264E7,20.45264,5681.288888888889,"{""type"":""MultiPoint"",""coordinates"":[]}"
20151015T00,9.203688,2015-10-15 00:00:00,-10,-60,2.045264E7,20.45264,5681.288888888889,"{""type"":""MultiPoint"",""coordinates"":[]}"
20151015T01,0.0,2015-10-15 01:00:00,-10,-60,0.0,0.0,0.0,"{""type"":""MultiPoint"",""coordinates"":[]}"
20151015T02,0.0,2015-10-15 02:00:00,-10,-60,0.0,0.0,0.0,"{""type"":""MultiPoint"",""coordinates"":[]}"
20151015T03,0.0,2015-10-15 03:00:00,-10,-60,0.0,0.0,0.0,"{""type"":""MultiPoint"",""coordinates"":[]}"
20151015T04,0.0,2015-10-15 04:00:00,-10,-60,0.0,0.0,0.0,"{""type"":""MultiPoint"",""coordinates"":[]}"
20151015T05,0.0,2015-10-15 05:00:00,-10,-60,0.0,0.0,0.0,"{""type"":""MultiPoint"",""coordinates"":[]}"
20151015T06,0.0,2015-10-15 06:00:00,-10,-60,0.0,0.0,0.0,"{""type"":""MultiPoint"",""coordinates"":[]}"
20151015T07,0.0,2015-10-15 07:00:00,-10,-60,0.0,0.0,0.0,"{""type"":""MultiPoint"",""coordinates"":[]}"
20151015T08,0.0,2015-10-15 08:00:00,-10,-60,0.0,0.0,0.0,"{""type"":""MultiPoint"",""coordinates"":[]}"
20151015T09,0.0,2015-10-15 09:00:00,-10,-60,0.0,0.0,0.0,"{""type"":""MultiPoint"",""coordinates"":[]}"
20151015T10,0.008973900000000002,2015-10-15 10:00:00,-10,-60,19942.0,0.019942,5.539444444444444,"{""type"":""MultiPoint"",""coordinates"":[]}"
20151015T11,0.25087230000000005,2015-10-15 11:00:00,-10,-60,557494.0,0.557494,154.85944444444445,"{""type"":""MultiPoint"",""coordinates"":[]}"
20151015T12,0.8482734,2015-10-15 12:00:00,-10,-60,1885052.0,1.885052,523.6255555555556,"{""type"":""MultiPoint"",""coordinates"":[]}"
20151015T13,1.8250947000000002,2015-10-15 13:00:00,-10,-60,4055766.0,4.055766,1126.6016666666667,"{""type"":""MultiPoint"",""coordinates"":[]}"
20151015T14,3.1423068,2015-10-15 14:00:00,-10,-60,6982904.0,6.982904,1939.6955555555555,"{""type"":""MultiPoint"",""coordinates"":[]}"
20151015T15,4.596712200000001,2015-10-15 15:00:00,-10,-60,1.0214916E7,10.214916,2837.4766666666665,"{""type"":""MultiPoint"",""coordinates"":[]}"
20151015T16,6.0629769,2015-10-15 16:00:00,-10,-60,1.3473282E7,13.473282,3742.5783333333334,"{""type"":""MultiPoint"",""coordinates"":[]}"
20151015T17,7.2767367,2015-10-15 17:00:00,-10,-60,1.6170526E7,16.170526,4491.812777777778,"{""type"":""MultiPoint"",""coordinates"":[]}"
20151015T18,8.341722,2015-10-15 18:00:00,-10,-60,1.853716E7,18.53716,5149.211111111111,"{""type"":""MultiPoint"",""coordinates"":[]}"
20151015T19,9.2909151,2015-10-15 19:00:00,-10,-60,2.0646478E7,20.646478,5735.132777777778,"{""type"":""MultiPoint"",""coordinates"":[]}"
20151015T20,9.8791902,2015-10-15 20:00:00,-10,-60,2.1953756E7,21.953756,6098.265555555556,"{""type"":""MultiPoint"",""coordinates"":[]}"
20151015T21,10.215099,2015-10-15 21:00:00,-10,-60,2.270022E7,22.70022,6305.616666666667,"{""type"":""MultiPoint"",""coordinates"":[]}"
20151015T22,10.2786966,2015-10-15 22:00:00,-10,-60,2.2841548E7,22.841548,6344.874444444445,"{""type"":""MultiPoint"",""coordinates"":[]}"
20151015T23,10.2786966,2015-10-15 23:00:00,-10,-60,2.2841548E7,22.841548,6344.874444444445,"{""type"":""MultiPoint"",""coordinates"":[]}"
20151016T00,10.2786966,2015-10-16 00:00:00,-10,-60,2.2841548E7,22.841548,6344.874444444445,"{""type"":""MultiPoint"",""coordinates"":[]}"
20151016T01,0.0,2015-10-16 01:00:00,-10,-60,0.0,0.0,0.0,"{""type"":""MultiPoint"",""coordinates"":[]}"
20151016T02,0.0,2015-10-16 02:00:00,-10,-60,0.0,0.0,0.0,"{""type"":""MultiPoint"",""coordinates"":[]}"
20151016T03,0.0,2015-10-16 03:00:00,-10,-60,0.0,0.0,0.0,"{""type"":""MultiPoint"",""coordinates"":[]}"
20151016T04,0.0,2015-10-16 04:00:00,-10,-60,0.0,0.0,0.0,"{""type"":""MultiPoint"",""coordinates"":[]}"
20151016T05,0.0,2015-10-16 05:00:00,-10,-60,0.0,0.0,0.0,"{""type"":""MultiPoint"",""coordinates"":[]}"
20151016T06,0.0,2015-10-16 06:00:00,-10,-60,0.0,0.0,0.0,"{""type"":""MultiPoint"",""coordinates"":[]}"
20151016T07,0.0,2015-10-16 07:00:00,-10,-60,0.0,0.0,0.0,"{""type"":""MultiPoint"",""coordinates"":[]}"
20151016T08,0.0,2015-10-16 08:00:00,-10,-60,0.0,0.0,0.0,"{""type"":""MultiPoint"",""coordinates"":[]}"
20151016T09,0.0,2015-10-16 09:00:00,-10,-60,0.0,0.0,0.0,"{""type"":""MultiPoint"",""coordinates"":[]}"
20151016T10,0.009024299999999999,2015-10-16 10:00:00,-10,-60,20054.0,0.020054,5.570555555555556,"{""type"":""MultiPoint"",""coordinates"":[]}"
20151016T11,0.2617695,2015-10-16 11:00:00,-10,-60,581710.0,0.58171,161.5861111111111,"{""type"":""MultiPoint"",""coordinates"":[]}"
20151016T12,0.8426151000000001,2015-10-16 12:00:00,-10,-60,1872478.0,1.872478,520.1327777777777,"{""type"":""MultiPoint"",""coordinates"":[]}"
20151016T13,1.8354087000000001,2015-10-16 13:00:00,-10,-60,4078686.0,4.078686,1132.9683333333332,"{""type"":""MultiPoint"",""coordinates"":[]}"
20151016T14,3.0955923000000003,2015-10-16 14:00:00,-10,-60,6879094.0,6.879094,1910.8594444444445,"{""type"":""MultiPoint"",""coordinates"":[]}"
20151016T15,4.4720865000000005,2015-10-16 15:00:00,-10,-60,9937970.0,9.93797,2760.5472222222224,"{""type"":""MultiPoint"",""coordinates"":[]}"
20151016T16,6.0374997,2015-10-16 16:00:00,-10,-60,1.3416666E7,13.416666,3726.8516666666665,"{""type"":""MultiPoint"",""coordinates"":[]}"
20151016T17,7.5171041999999995,2015-10-16 17:00:00,-10,-60,1.6704676E7,16.704676,4640.187777777778,"{""type"":""MultiPoint"",""coordinates"":[]}"
20151016T18,8.770983300000001,2015-10-16 18:00:00,-10,-60,1.9491074E7,19.491074,5414.187222222222,"{""type"":""MultiPoint"",""coordinates"":[]}"
20151016T19,9.9021618,2015-10-16 19:00:00,-10,-60,2.2004804E7,22.004804,6112.445555555556,"{""type"":""MultiPoint"",""coordinates"":[]}"
20151016T20,10.5865488,2015-10-16 20:00:00,-10,-60,2.3525664E7,23.525664,6534.906666666667,"{""type"":""MultiPoint"",""coordinates"":[]}"
20151016T21,10.969704,2015-10-16 21:00:00,-10,-60,2.437712E7,24.37712,6771.422222222222,"{""type"":""MultiPoint"",""coordinates"":[]}"
20151016T22,11.052324,2015-10-16 22:00:00,-10,-60,2.456072E7,24.56072,6822.422222222222,"{""type"":""MultiPoint"",""coordinates"":[]}"
20151016T23,11.052324,2015-10-16 23:00:00,-10,-60,2.456072E7,24.56072,6822.422222222222,"{""type"":""MultiPoint"",""coordinates"":[]}"
20151017T00,11.052324,2015-10-17 00:00:00,-10,-60,2.456072E7,24.56072,6822.422222222222,"{""type"":""MultiPoint"",""coordinates"":[]}"
20151017T01,0.0,2015-10-17 01:00:00,-10,-60,0.0,0.0,0.0,"{""type"":""MultiPoint"",""coordinates"":[]}"
20151017T02,0.0,2015-10-17 02:00:00,-10,-60,0.0,0.0,0.0,"{""type"":""MultiPoint"",""coordinates"":[]}"
20151017T03,0.0,2015-10-17 03:00:00,-10,-60,0.0,0.0,0.0,"{""type"":""MultiPoint"",""coordinates"":[]}"
20151017T04,0.0,2015-10-17 04:00:00,-10,-60,0.0,0.0,0.0,"{""type"":""MultiPoint"",""coordinates"":[]}"
20151017T05,0.0,2015-10-17 05:00:00,-10,-60,0.0,0.0,0.0,"{""type"":""MultiPoint"",""coordinates"":[]}"
20151017T06,0.0,2015-10-17 06:00:00,-10,-60,0.0,0.0,0.0,"{""type"":""MultiPoint"",""coordinates"":[]}"
20151017T07,0.0,2015-10-17 07:00:00,-10,-60,0.0,0.0,0.0,"{""type"":""MultiPoint"",""coordinates"":[]}"
20151017T08,0.0,2015-10-17 08:00:00,-10,-60,0.0,0.0,0.0,"{""type"":""MultiPoint"",""coordinates"":[]}"
20151017T09,0.0,2015-10-17 09:00:00,-10,-60,0.0,0.0,0.0,"{""type"":""MultiPoint"",""coordinates"":[]}"
20151017T10,0.0089604,2015-10-17 10:00:00,-10,-60,19912.0,0.019912,5.5311111111111115,"{""type"":""MultiPoint"",""coordinates"":[]}"
20151017T11,0.1782252,2015-10-17 11:00:00,-10,-60,396056.0,0.396056,110.01555555555555,"{""type"":""MultiPoint"",""coordinates"":[]}"
20151017T12,0.7543629,2015-10-17 12:00:00,-10,-60,1676362.0,1.676362,465.6561111111111,"{""type"":""MultiPoint"",""coordinates"":[]}"
20151017T13,1.5330267,2015-10-17 13:00:00,-10,-60,3406726.0,3.406726,946.3127777777778,"{""type"":""MultiPoint"",""coordinates"":[]}"
20151017T14,2.7995625000000004,2015-10-17 14:00:00,-10,-60,6221250.0,6.22125,1728.125,"{""type"":""MultiPoint"",""coordinates"":[]}"
20151017T15,4.368356100000001,2015-10-17 15:00:00,-10,-60,9707458.0,9.707458,2696.516111111111,"{""type"":""MultiPoint"",""coordinates"":[]}"
20151017T16,6.029982,2015-10-17 16:00:00,-10,-60,1.339996E7,13.39996,3722.211111111111,"{""type"":""MultiPoint"",""coordinates"":[]}"
20151017T17,7.5371391,2015-10-17 17:00:00,-10,-60,1.6749198E7,16.749198,4652.555,"{""type"":""MultiPoint"",""coordinates"":[]}"
20151017T18,8.930882700000002,2015-10-17 18:00:00,-10,-60,1.9846406E7,19.846406,5512.890555555556,"{""type"":""MultiPoint"",""coordinates"":[]}"
20151017T19,10.0114488,2015-10-17 19:00:00,-10,-60,2.2247664E7,22.247664,6179.906666666667,"{""type"":""MultiPoint"",""coordinates"":[]}"
20151017T20,10.7259066,2015-10-17 20:00:00,-10,-60,2.3835348E7,23.835348,6620.93,"{""type"":""MultiPoint"",""coordinates"":[]}"
20151017T21,11.1250593,2015-10-17 21:00:00,-10,-60,2.4722354E7,24.722354,6867.320555555556,"{""type"":""MultiPoint"",""coordinates"":[]}"
20151017T22,11.2159566,2015-10-17 22:00:00,-10,-60,2.4924348E7,24.924348,6923.43,"{""type"":""MultiPoint"",""coordinates"":[]}"
20151017T23,11.2159566,2015-10-17 23:00:00,-10,-60,2.4924348E7,24.924348,6923.43,"{""type"":""MultiPoint"",""coordinates"":[]}"
20151018T00,11.2159566,2015-10-18 00:00:00,-10,-60,2.4924348E7,24.924348,6923.43,"{""type"":""MultiPoint"",""coordinates"":[]}"
20151018T01,0.0,2015-10-18 01:00:00,-10,-60,0.0,0.0,0.0,"{""type"":""MultiPoint"",""coordinates"":[]}"
20151018T02,0.0,2015-10-18 02:00:00,-10,-60,0.0,0.0,0.0,"{""type"":""MultiPoint"",""coordinates"":[]}"
20151018T03,0.0,2015-10-18 03:00:00,-10,-60,0.0,0.0,0.0,"{""type"":""MultiPoint"",""coordinates"":[]}"
20151018T04,0.0,2015-10-18 04:00:00,-10,-60,0.0,0.0,0.0,"{""type"":""MultiPoint"",""coordinates"":[]}"
20151018T05,0.0,2015-10-18 05:00:00,-10,-60,0.0,0.0,0.0,"{""type"":""MultiPoint"",""coordinates"":[]}"
20151018T06,0.0,2015-10-18 06:00:00,-10,-60,0.0,0.0,0.0,"{""type"":""MultiPoint"",""coordinates"":[]}"
20151018T07,0.0,2015-10-18 07:00:00,-10,-60,0.0,0.0,0.0,"{""type"":""MultiPoint"",""coordinates"":[]}"
20151018T08,0.0,2015-10-18 08:00:00,-10,-60,0.0,0.0,0.0,"{""type"":""MultiPoint"",""coordinates"":[]}"
20151018T09,0.0,2015-10-18 09:00:00,-10,-60,0.0,0.0,0.0,"{""type"":""MultiPoint"",""coordinates"":[]}"
20151018T10,0.012086999999999999,2015-10-18 10:00:00,-10,-60,26860.0,0.02686,7.461111111111111,"{""type"":""MultiPoint"",""coordinates"":[]}"
20151018T11,0.2581371,2015-10-18 11:00:00,-10,-60,573638.0,0.573638,159.3438888888889,"{""type"":""MultiPoint"",""coordinates"":[]}"
20151018T12,0.9232866,2015-10-18 12:00:00,-10,-60,2051748.0,2.051748,569.93,"{""type"":""MultiPoint"",""coordinates"":[]}"
20151018T13,1.9570869000000002,2015-10-18 13:00:00,-10,-60,4349082.0,4.349082,1208.0783333333334,"{""type"":""MultiPoint"",""coordinates"":[]}"
20151018T14,3.3163047,2015-10-18 14:00:00,-10,-60,7369566.0,7.369566,2047.1016666666667,"{""type"":""MultiPoint"",""coordinates"":[]}"
20151018T15,4.9067649,2015-10-18 15:00:00,-10,-60,1.0903922E7,10.903922,3028.867222222222,"{""type"":""MultiPoint"",""coordinates"":[]}"
20151018T16,6.182806500000001,2015-10-18 16:00:00,-10,-60,1.373957E7,13.73957,3816.5472222222224,"{""type"":""MultiPoint"",""coordinates"":[]}"
20151018T17,7.4547477,2015-10-18 17:00:00,-10,-60,1.6566106E7,16.566106,4601.696111111111,"{""type"":""MultiPoint"",""coordinates"":[]}"
20151018T18,8.7782616,2015-10-18 18:00:00,-10,-60,1.9507248E7,19.507248,5418.68,"{""type"":""MultiPoint"",""coordinates"":[]}"
20151018T19,9.811758600000001,2015-10-18 19:00:00,-10,-60,2.1803908E7,21.803908,6056.641111111111,"{""type"":""MultiPoint"",""coordinates"":[]}"
20151018T20,10.547820900000001,2015-10-18 20:00:00,-10,-60,2.3439602E7,23.439602,6511.000555555555,"{""type"":""MultiPoint"",""coordinates"":[]}"
20151018T21,10.9407978,2015-10-18 21:00:00,-10,-60,2.4312884E7,24.312884,6753.578888888889,"{""type"":""MultiPoint"",""coordinates"":[]}"
20151018T22,11.0311245,2015-10-18 22:00:00,-10,-60,2.451361E7,24.51361,6809.336111111111,"{""type"":""MultiPoint"",""coordinates"":[]}"
20151018T23,11.0311245,2015-10-18 23:00:00,-10,-60,2.451361E7,24.51361,6809.336111111111,"{""type"":""MultiPoint"",""coordinates"":[]}"
20151019T00,11.0311245,2015-10-19 00:00:00,-10,-60,2.451361E7,24.51361,6809.336111111111,"{""type"":""MultiPoint"",""coordinates"":[]}"
20151019T01,0.0,2015-10-19 01:00:00,-10,-60,0.0,0.0,0.0,"{""type"":""MultiPoint"",""coordinates"":[]}"
20151019T02,0.0,2015-10-19 02:00:00,-10,-60,0.0,0.0,0.0,"{""type"":""MultiPoint"",""coordinates"":[]}"
20151019T03,0.0,2015-10-19 03:00:00,-10,-60,0.0,0.0,0.0,"{""type"":""MultiPoint"",""coordinates"":[]}"
20151019T04,0.0,2015-10-19 04:00:00,-10,-60,0.0,0.0,0.0,"{""type"":""MultiPoint"",""coordinates"":[]}"
20151019T05,0.0,2015-10-19 05:00:00,-10,-60,0.0,0.0,0.0,"{""type"":""MultiPoint"",""coordinates"":[]}"
20151019T06,0.0,2015-10-19 06:00:00,-10,-60,0.0,0.0,0.0,"{""type"":""MultiPoint"",""coordinates"":[]}"
20151019T07,0.0,2015-10-19 07:00:00,-10,-60,0.0,0.0,0.0,"{""type"":""MultiPoint"",""coordinates"":[]}"
20151019T08,0.0,2015-10-19 08:00:00,-10,-60,0.0,0.0,0.0,"{""type"":""MultiPoint"",""coordinates"":[]}"
20151019T09,0.0,2015-10-19 09:00:00,-10,-60,0.0,0.0,0.0,"{""type"":""MultiPoint"",""coordinates"":[]}"
20151019T10,0.013491900000000001,2015-10-19 10:00:00,-10,-60,29982.0,0.029982,8.328333333333333,"{""type"":""MultiPoint"",""coordinates"":[]}"
20151019T11,0.2748177,2015-10-19 11:00:00,-10,-60,610706.0,0.610706,169.64055555555555,"{""type"":""MultiPoint"",""coordinates"":[]}"
20151019T12,0.9056051999999999,2015-10-19 12:00:00,-10,-60,2012456.0,2.012456,559.0155555555556,"{""type"":""MultiPoint"",""coordinates"":[]}"
20151019T13,1.9326222000000002,2015-10-19 13:00:00,-10,-60,4294716.0,4.294716,1192.9766666666667,"{""type"":""MultiPoint"",""coordinates"":[]}"
20151019T14,3.2901057000000002,2015-10-19 14:00:00,-10,-60,7311346.0,7.311346,2030.9294444444445,"{""type"":""MultiPoint"",""coordinates"":[]}"
20151019T15,4.8528612,2015-10-19 15:00:00,-10,-60,1.0784136E7,10.784136,2995.5933333333332,"{""type"":""MultiPoint"",""coordinates"":[]}"
20151019T16,6.4357407,2015-10-19 16:00:00,-10,-60,1.4301646E7,14.301646,3972.6794444444445,"{""type"":""MultiPoint"",""coordinates"":[]}"
20151019T17,7.768925100000001,2015-10-19 17:00:00,-10,-60,1.7264278E7,17.264278,4795.632777777778,"{""type"":""MultiPoint"",""coordinates"":[]}"
20151019T18,9.083011500000001,2015-10-19 18:00:00,-10,-60,2.018447E7,20.18447,5606.797222222222,"{""type"":""MultiPoint"",""coordinates"":[]}"
20151019T19,10.05048,2015-10-19 19:00:00,-10,-60,2.23344E7,22.3344,6204.0,"{""type"":""MultiPoint"",""coordinates"":[]}"
20151019T20,10.658196,2015-10-19 20:00:00,-10,-60,2.368488E7,23.68488,6579.133333333333,"{""type"":""MultiPoint"",""coordinates"":[]}"
20151019T21,10.9936116,2015-10-19 21:00:00,-10,-60,2.4430248E7,24.430248,6786.18,"{""type"":""MultiPoint"",""coordinates"":[]}"
20151019T22,11.0741049,2015-10-19 22:00:00,-10,-60,2.4609122E7,24.609122,6835.867222222222,"{""type"":""MultiPoint"",""coordinates"":[]}"
20151019T23,11.0741049,2015-10-19 23:00:00,-10,-60,2.4609122E7,24.609122,6835.867222222222,"{""type"":""MultiPoint"",""coordinates"":[]}"
20151020T00,11.0741049,2015-10-20 00:00:00,-10,-60,2.4609122E7,24.609122,6835.867222222222,"{""type"":""MultiPoint"",""coordinates"":[]}"
20151020T01,0.0,2015-10-20 01:00:00,-10,-60,0.0,0.0,0.0,"{""type"":""MultiPoint"",""coordinates"":[]}"
20151020T02,0.0,2015-10-20 02:00:00,-10,-60,0.0,0.0,0.0,"{""type"":""MultiPoint"",""coordinates"":[]}"
20151020T03,0.0,2015-10-20 03:00:00,-10,-60,0.0,0.0,0.0,"{""type"":""MultiPoint"",""coordinates"":[]}"
20151020T04,0.0,2015-10-20 04:00:00,-10,-60,0.0,0.0,0.0,"{""type"":""MultiPoint"",""coordinates"":[]}"
20151020T05,0.0,2015-10-20 05:00:00,-10,-60,0.0,0.0,0.0,"{""type"":""MultiPoint"",""coordinates"":[]}"
20151020T06,0.0,2015-10-20 06:00:00,-10,-60,0.0,0.0,0.0,"{""type"":""MultiPoint"",""coordinates"":[]}"
20151020T07,0.0,2015-10-20 07:00:00,-10,-60,0.0,0.0,0.0,"{""type"":""MultiPoint"",""coordinates"":[]}"
20151020T08,0.0,2015-10-20 08:00:00,-10,-60,0.0,0.0,0.0,"{""type"":""MultiPoint"",""coordinates"":[]}"
20151020T09,0.0,2015-10-20 09:00:00,-10,-60,0.0,0.0,0.0,"{""type"":""MultiPoint"",""coordinates"":[]}"
20151020T10,0.0121122,2015-10-20 10:00:00,-10,-60,26916.0,0.026916,7.476666666666667,"{""type"":""MultiPoint"",""coordinates"":[]}"
20151020T11,0.2320902,2015-10-20 11:00:00,-10,-60,515756.0,0.515756,143.26555555555555,"{""type"":""MultiPoint"",""coordinates"":[]}"
20151020T12,0.7692849,2015-10-20 12:00:00,-10,-60,1709522.0,1.709522,474.8672222222222,"{""type"":""MultiPoint"",""coordinates"":[]}"
20151020T13,1.5726024,2015-10-20 13:00:00,-10,-60,3494672.0,3.494672,970.7422222222223,"{""type"":""MultiPoint"",""coordinates"":[]}"
20151020T14,2.7933615,2015-10-20 14:00:00,-10,-60,6207470.0,6.20747,1724.2972222222222,"{""type"":""MultiPoint"",""coordinates"":[]}"
20151020T15,4.2558165,2015-10-20 15:00:00,-10,-60,9457370.0,9.45737,2627.0472222222224,"{""type"":""MultiPoint"",""coordinates"":[]}"
20151020T16,5.3124237,2015-10-20 16:00:00,-10,-60,1.1805386E7,11.805386,3279.273888888889,"{""type"":""MultiPoint"",""coordinates"":[]}"
20151020T17,6.3928367999999995,2015-10-20 17:00:00,-10,-60,1.4206304E7,14.206304,3946.1955555555555,"{""type"":""MultiPoint"",""coordinates"":[]}"
20151020T18,7.397908200000001,2015-10-20 18:00:00,-10,-60,1.6439796E7,16.439796,4566.61,"{""type"":""MultiPoint"",""coordinates"":[]}"
20151020T19,8.1431325,2015-10-20 19:00:00,-10,-60,1.809585E7,18.09585,5026.625,"{""type"":""MultiPoint"",""coordinates"":[]}"
20151020T20,8.6267538,2015-10-20 20:00:00,-10,-60,1.9170564E7,19.170564,5325.156666666667,"{""type"":""MultiPoint"",""coordinates"":[]}"
20151020T21,8.864982000000001,2015-10-20 21:00:00,-10,-60,1.969996E7,19.69996,5472.211111111111,"{""type"":""MultiPoint"",""coordinates"":[]}"
20151020T22,8.930022300000001,2015-10-20 22:00:00,-10,-60,1.9844494E7,19.844494,5512.359444444444,"{""type"":""MultiPoint"",""coordinates"":[]}"
20151020T23,8.930022300000001,2015-10-20 23:00:00,-10,-60,1.9844494E7,19.844494,5512.359444444444,"{""type"":""MultiPoint"",""coordinates"":[]}"
20151021T00,8.930022300000001,2015-10-21 00:00:00,-10,-60,1.9844494E7,19.844494,5512.359444444444,"{""type"":""MultiPoint"",""coordinates"":[]}"
20151021T01,0.0,2015-10-21 01:00:00,-10,-60,0.0,0.0,0.0,"{""type"":""MultiPoint"",""coordinates"":[]}"
20151021T02,0.0,2015-10-21 02:00:00,-10,-60,0.0,0.0,0.0,"{""type"":""MultiPoint"",""coordinates"":[]}"
20151021T03,0.0,2015-10-21 03:00:00,-10,-60,0.0,0.0,0.0,"{""type"":""MultiPoint"",""coordinates"":[]}"
20151021T04,0.0,2015-10-21 04:00:00,-10,-60,0.0,0.0,0.0,"{""type"":""MultiPoint"",""coordinates"":[]}"
20151021T05,0.0,2015-10-21 05:00:00,-10,-60,0.0,0.0,0.0,"{""type"":""MultiPoint"",""coordinates"":[]}"
20151021T06,0.0,2015-10-21 06:00:00,-10,-60,0.0,0.0,0.0,"{""type"":""MultiPoint"",""coordinates"":[]}"
20151021T07,0.0,2015-10-21 07:00:00,-10,-60,0.0,0.0,0.0,"{""type"":""MultiPoint"",""coordinates"":[]}"
20151021T08,0.0,2015-10-21 08:00:00,-10,-60,0.0,0.0,0.0,"{""type"":""MultiPoint"",""coordinates"":[]}"
20151021T09,0.0,2015-10-21 09:00:00,-10,-60,0.0,0.0,0.0,"{""type"":""MultiPoint"",""coordinates"":[]}"
20151021T10,0.0141876,2015-10-21 10:00:00,-10,-60,31528.0,0.031528,8.757777777777777,"{""type"":""MultiPoint"",""coordinates"":[]}"
20151021T11,0.27945000000000003,2015-10-21 11:00:00,-10,-60,621000.0,0.621,172.5,"{""type"":""MultiPoint"",""coordinates"":[]}"
20151021T12,0.8974422,2015-10-21 12:00:00,-10,-60,1994316.0,1.994316,553.9766666666667,"{""type"":""MultiPoint"",""coordinates"":[]}"
20151021T13,1.9095498000000002,2015-10-21 13:00:00,-10,-60,4243444.0,4.243444,1178.7344444444445,"{""type"":""MultiPoint"",""coordinates"":[]}"
20151021T14,3.2451129,2015-10-21 14:00:00,-10,-60,7211362.0,7.211362,2003.1561111111112,"{""type"":""MultiPoint"",""coordinates"":[]}"
20151021T15,4.4054388,2015-10-21 15:00:00,-10,-60,9789864.0,9.789864,2719.4066666666668,"{""type"":""MultiPoint"",""coordinates"":[]}"
20151021T16,5.6286027,2015-10-21 16:00:00,-10,-60,1.2508006E7,12.508006,3474.446111111111,"{""type"":""MultiPoint"",""coordinates"":[]}"
20151021T17,6.8841279,2015-10-21 17:00:00,-10,-60,1.5298062E7,15.298062,4249.461666666667,"{""type"":""MultiPoint"",""coordinates"":[]}"
20151021T18,8.0899137,2015-10-21 18:00:00,-10,-60,1.7977586E7,17.977586,4993.773888888889,"{""type"":""MultiPoint"",""coordinates"":[]}"
20151021T19,9.0837837,2015-10-21 19:00:00,-10,-60,2.0186186E7,20.186186,5607.273888888889,"{""type"":""MultiPoint"",""coordinates"":[]}"
20151021T20,9.8544357,2015-10-21 20:00:00,-10,-60,2.1898746E7,21.898746,6082.985,"{""type"":""MultiPoint"",""coordinates"":[]}"
20151021T21,10.2225807,2015-10-21 21:00:00,-10,-60,2.2716846E7,22.716846,6310.235,"{""type"":""MultiPoint"",""coordinates"":[]}"
20151021T22,10.2844575,2015-10-21 22:00:00,-10,-60,2.285435E7,22.85435,6348.430555555556,"{""type"":""MultiPoint"",""coordinates"":[]}"
20151021T23,10.2844575,2015-10-21 23:00:00,-10,-60,2.285435E7,22.85435,6348.430555555556,"{""type"":""MultiPoint"",""coordinates"":[]}"
20151022T00,10.2844575,2015-10-22 00:00:00,-10,-60,2.285435E7,22.85435,6348.430555555556,"{""type"":""MultiPoint"",""coordinates"":[]}"
20151022T01,0.0,2015-10-22 01:00:00,-10,-60,0.0,0.0,0.0,"{""type"":""MultiPoint"",""coordinates"":[]}"
20151022T02,0.0,2015-10-22 02:00:00,-10,-60,0.0,0.0,0.0,"{""type"":""MultiPoint"",""coordinates"":[]}"
20151022T03,0.0,2015-10-22 03:00:00,-10,-60,0.0,0.0,0.0,"{""type"":""MultiPoint"",""coordinates"":[]}"
20151022T04,0.0,2015-10-22 04:00:00,-10,-60,0.0,0.0,0.0,"{""type"":""MultiPoint"",""coordinates"":[]}"
20151022T05,0.0,2015-10-22 05:00:00,-10,-60,0.0,0.0,0.0,"{""type"":""MultiPoint"",""coordinates"":[]}"
20151022T06,0.0,2015-10-22 06:00:00,-10,-60,0.0,0.0,0.0,"{""type"":""MultiPoint"",""coordinates"":[]}"
20151022T07,0.0,2015-10-22 07:00:00,-10,-60,0.0,0.0,0.0,"{""type"":""MultiPoint"",""coordinates"":[]}"
20151022T08,0.0,2015-10-22 08:00:00,-10,-60,0.0,0.0,0.0,"{""type"":""MultiPoint"",""coordinates"":[]}"
20151022T09,0.0,2015-10-22 09:00:00,-10,-60,0.0,0.0,0.0,"{""type"":""MultiPoint"",""coordinates"":[]}"
20151022T10,0.014997600000000002,2015-10-22 10:00:00,-10,-60,33328.0,0.033328,9.257777777777777,"{""type"":""MultiPoint"",""coordinates"":[]}"
20151022T11,0.2795769,2015-10-22 11:00:00,-10,-60,621282.0,0.621282,172.57833333333335,"{""type"":""MultiPoint"",""coordinates"":[]}"
20151022T12,0.8892783000000001,2015-10-22 12:00:00,-10,-60,1976174.0,1.976174,548.9372222222222,"{""type"":""MultiPoint"",""coordinates"":[]}"
20151022T13,1.9557954000000002,2015-10-22 13:00:00,-10,-60,4346212.0,4.346212,1207.2811111111112,"{""type"":""MultiPoint"",""coordinates"":[]}"
20151022T14,3.3359724,2015-10-22 14:00:00,-10,-60,7413272.0,7.413272,2059.242222222222,"{""type"":""MultiPoint"",""coordinates"":[]}"
20151022T15,4.9303557,2015-10-22 15:00:00,-10,-60,1.0956346E7,10.956346,3043.4294444444445,"{""type"":""MultiPoint"",""coordinates"":[]}"
20151022T16,6.6198006000000005,2015-10-22 16:00:00,-10,-60,1.4710668E7,14.710668,4086.2966666666666,"{""type"":""MultiPoint"",""coordinates"":[]}"
20151022T17,8.2151721,2015-10-22 17:00:00,-10,-60,1.8255938E7,18.255938,5071.093888888889,"{""type"":""MultiPoint"",""coordinates"":[]}"
20151022T18,9.5102226,2015-10-22 18:00:00,-10,-60,2.1133828E7,21.133828,5870.507777777778,"{""type"":""MultiPoint"",""coordinates"":[]}"
20151022T19,10.566981,2015-10-22 19:00:00,-10,-60,2.348218E7,23.48218,6522.827777777778,"{""type"":""MultiPoint"",""coordinates"":[]}"
20151022T20,11.2864635,2015-10-22 20:00:00,-10,-60,2.508103E7,25.08103,6966.952777777778,"{""type"":""MultiPoint"",""coordinates"":[]}"
20151022T21,11.675466,2015-10-22 21:00:00,-10,-60,2.594548E7,25.94548,7207.077777777778,"{""type"":""MultiPoint"",""coordinates"":[]}"
20151022T22,11.763693,2015-10-22 22:00:00,-10,-60,2.614154E7,26.14154,7261.538888888889,"{""type"":""MultiPoint"",""coordinates"":[]}"
20151022T23,11.763693,2015-10-22 23:00:00,-10,-60,2.614154E7,26.14154,7261.538888888889,"{""type"":""MultiPoint"",""coordinates"":[]}"
20151023T00,11.763693,2015-10-23 00:00:00,-10,-60,2.614154E7,26.14154,7261.538888888889,"{""type"":""MultiPoint"",""coordinates"":[]}"
20151023T01,0.0,2015-10-23 01:00:00,-10,-60,0.0,0.0,0.0,"{""type"":""MultiPoint"",""coordinates"":[]}"
20151023T02,0.0,2015-10-23 02:00:00,-10,-60,0.0,0.0,0.0,"{""type"":""MultiPoint"",""coordinates"":[]}"
20151023T03,0.0,2015-10-23 03:00:00,-10,-60,0.0,0.0,0.0,"{""type"":""MultiPoint"",""coordinates"":[]}"
20151023T04,0.0,2015-10-23 04:00:00,-10,-60,0.0,0.0,0.0,"{""type"":""MultiPoint"",""coordinates"":[]}"
20151023T05,0.0,2015-10-23 05:00:00,-10,-60,0.0,0.0,0.0,"{""type"":""MultiPoint"",""coordinates"":[]}"
20151023T06,0.0,2015-10-23 06:00:00,-10,-60,0.0,0.0,0.0,"{""type"":""MultiPoint"",""coordinates"":[]}"
20151023T07,0.0,2015-10-23 07:00:00,-10,-60,0.0,0.0,0.0,"{""type"":""MultiPoint"",""coordinates"":[]}"
20151023T08,0.0,2015-10-23 08:00:00,-10,-60,0.0,0.0,0.0,"{""type"":""MultiPoint"",""coordinates"":[]}"
20151023T09,0.0,2015-10-23 09:00:00,-10,-60,0.0,0.0,0.0,"{""type"":""MultiPoint"",""coordinates"":[]}"
20151023T10,0.0164655,2015-10-23 10:00:00,-10,-60,36590.0,0.03659,10.16388888888889,"{""type"":""MultiPoint"",""coordinates"":[]}"
20151023T11,0.2932578,2015-10-23 11:00:00,-10,-60,651684.0,0.651684,181.02333333333334,"{""type"":""MultiPoint"",""coordinates"":[]}"
20151023T12,0.9767331,2015-10-23 12:00:00,-10,-60,2170518.0,2.170518,602.9216666666666,"{""type"":""MultiPoint"",""coordinates"":[]}"
20151023T13,2.0463003,2015-10-23 13:00:00,-10,-60,4547334.0,4.547334,1263.1483333333333,"{""type"":""MultiPoint"",""coordinates"":[]}"
20151023T14,3.4303374,2015-10-23 14:00:00,-10,-60,7622972.0,7.622972,2117.492222222222,"{""type"":""MultiPoint"",""coordinates"":[]}"
20151023T15,4.8064644,2015-10-23 15:00:00,-10,-60,1.0681032E7,10.681032,2966.9533333333334,"{""type"":""MultiPoint"",""coordinates"":[]}"
20151023T16,6.3685368,2015-10-23 16:00:00,-10,-60,1.4152304E7,14.152304,3931.1955555555555,"{""type"":""MultiPoint"",""coordinates"":[]}"
20151023T17,7.822651499999999,2015-10-23 17:00:00,-10,-60,1.738367E7,17.38367,4828.797222222222,"{""type"":""MultiPoint"",""coordinates"":[]}"
20151023T18,9.160569,2015-10-23 18:00:00,-10,-60,2.035682E7,20.35682,5654.672222222222,"{""type"":""MultiPoint"",""coordinates"":[]}"
20151023T19,10.2009762,2015-10-23 19:00:00,-10,-60,2.2668836E7,22.668836,6296.898888888889,"{""type"":""MultiPoint"",""coordinates"":[]}"
20151023T20,10.8564048,2015-10-23 20:00:00,-10,-60,2.4125344E7,24.125344,6701.484444444444,"{""type"":""MultiPoint"",""coordinates"":[]}"
20151023T21,11.2085901,2015-10-23 21:00:00,-10,-60,2.4907978E7,24.907978,6918.882777777778,"{""type"":""MultiPoint"",""coordinates"":[]}"
20151023T22,11.286376200000001,2015-10-23 22:00:00,-10,-60,2.5080836E7,25.080836,6966.898888888889,"{""type"":""MultiPoint"",""coordinates"":[]}"
20151023T23,11.286376200000001,2015-10-23 23:00:00,-10,-60,2.5080836E7,25.080836,6966.898888888889,"{""type"":""MultiPoint"",""coordinates"":[]}"
20151024T00,11.286376200000001,2015-10-24 00:00:00,-10,-60,2.5080836E7,25.080836,6966.898888888889,"{""type"":""MultiPoint"",""coordinates"":[]}"
20151024T01,0.0,2015-10-24 01:00:00,-10,-60,0.0,0.0,0.0,"{""type"":""MultiPoint"",""coordinates"":[]}"
20151024T02,0.0,2015-10-24 02:00:00,-10,-60,0.0,0.0,0.0,"{""type"":""MultiPoint"",""coordinates"":[]}"
20151024T03,0.0,2015-10-24 03:00:00,-10,-60,0.0,0.0,0.0,"{""type"":""MultiPoint"",""coordinates"":[]}"
20151024T04,0.0,2015-10-24 04:00:00,-10,-60,0.0,0.0,0.0,"{""type"":""MultiPoint"",""coordinates"":[]}"
20151024T05,0.0,2015-10-24 05:00:00,-10,-60,0.0,0.0,0.0,"{""type"":""MultiPoint"",""coordinates"":[]}"
20151024T06,0.0,2015-10-24 06:00:00,-10,-60,0.0,0.0,0.0,"{""type"":""MultiPoint"",""coordinates"":[]}"
20151024T07,0.0,2015-10-24 07:00:00,-10,-60,0.0,0.0,0.0,"{""type"":""MultiPoint"",""coordinates"":[]}"
20151024T08,0.0,2015-10-24 08:00:00,-10,-60,0.0,0.0,0.0,"{""type"":""MultiPoint"",""coordinates"":[]}"
20151024T09,0.0,2015-10-24 09:00:00,-10,-60,0.0,0.0,0.0,"{""type"":""MultiPoint"",""coordinates"":[]}"
20151024T10,0.016326900000000002,2015-10-24 10:00:00,-10,-60,36282.0,0.036282,10.078333333333333,"{""type"":""MultiPoint"",""coordinates"":[]}"
20151024T11,0.2738178,2015-10-24 11:00:00,-10,-60,608484.0,0.608484,169.02333333333334,"{""type"":""MultiPoint"",""coordinates"":[]}"
20151024T12,0.895455,2015-10-24 12:00:00,-10,-60,1989900.0,1.9899,552.75,"{""type"":""MultiPoint"",""coordinates"":[]}"
20151024T13,1.8584694000000002,2015-10-24 13:00:00,-10,-60,4129932.0,4.129932,1147.2033333333334,"{""type"":""MultiPoint"",""coordinates"":[]}"
20151024T14,3.1904757000000004,2015-10-24 14:00:00,-10,-60,7089946.0,7.089946,1969.4294444444445,"{""type"":""MultiPoint"",""coordinates"":[]}"
20151024T15,4.764850200000001,2015-10-24 15:00:00,-10,-60,1.0588556E7,10.588556,2941.2655555555557,"{""type"":""MultiPoint"",""coordinates"":[]}"
20151024T16,6.3341361,2015-10-24 16:00:00,-10,-60,1.4075858E7,14.075858,3909.9605555555554,"{""type"":""MultiPoint"",""coordinates"":[]}"
20151024T17,7.8694281,2015-10-24 17:00:00,-10,-60,1.7487618E7,17.487618,4857.671666666667,"{""type"":""MultiPoint"",""coordinates"":[]}"
20151024T18,8.9140365,2015-10-24 18:00:00,-10,-60,1.980897E7,19.80897,5502.491666666667,"{""type"":""MultiPoint"",""coordinates"":[]}"
20151024T19,9.8245152,2015-10-24 19:00:00,-10,-60,2.1832256E7,21.832256,6064.515555555556,"{""type"":""MultiPoint"",""coordinates"":[]}"
20151024T20,10.291897800000001,2015-10-24 20:00:00,-10,-60,2.2870884E7,22.870884,6353.0233333333335,"{""type"":""MultiPoint"",""coordinates"":[]}"
20151024T21,10.5290514,2015-10-24 21:00:00,-10,-60,2.3397892E7,23.397892,6499.414444444445,"{""type"":""MultiPoint"",""coordinates"":[]}"
20151024T22,10.5869025,2015-10-24 22:00:00,-10,-60,2.352645E7,23.52645,6535.125,"{""type"":""MultiPoint"",""coordinates"":[]}"
20151024T23,10.5869025,2015-10-24 23:00:00,-10,-60,2.352645E7,23.52645,6535.125,"{""type"":""MultiPoint"",""coordinates"":[]}"
20151025T00,10.5869025,2015-10-25 00:00:00,-10,-60,2.352645E7,23.52645,6535.125,"{""type"":""MultiPoint"",""coordinates"":[]}"
20151025T01,0.0,2015-10-25 01:00:00,-10,-60,0.0,0.0,0.0,"{""type"":""MultiPoint"",""coordinates"":[]}"
20151025T02,0.0,2015-10-25 02:00:00,-10,-60,0.0,0.0,0.0,"{""type"":""MultiPoint"",""coordinates"":[]}"
20151025T03,0.0,2015-10-25 03:00:00,-10,-60,0.0,0.0,0.0,"{""type"":""MultiPoint"",""coordinates"":[]}"
20151025T04,0.0,2015-10-25 04:00:00,-10,-60,0.0,0.0,0.0,"{""type"":""MultiPoint"",""coordinates"":[]}"
20151025T05,0.0,2015-10-25 05:00:00,-10,-60,0.0,0.0,0.0,"{""type"":""MultiPoint"",""coordinates"":[]}"
20151025T06,0.0,2015-10-25 06:00:00,-10,-60,0.0,0.0,0.0,"{""type"":""MultiPoint"",""coordinates"":[]}"
20151025T07,0.0,2015-10-25 07:00:00,-10,-60,0.0,0.0,0.0,"{""type"":""MultiPoint"",""coordinates"":[]}"
20151025T08,0.0,2015-10-25 08:00:00,-10,-60,0.0,0.0,0.0,"{""type"":""MultiPoint"",""coordinates"":[]}"
20151025T09,0.0,2015-10-25 09:00:00,-10,-60,0.0,0.0,0.0,"{""type"":""MultiPoint"",""coordinates"":[]}"
20151025T10,0.015465600000000001,2015-10-25 10:00:00,-10,-60,34368.0,0.034368,9.546666666666667,"{""type"":""MultiPoint"",""coordinates"":[]}"
20151025T11,0.2796399,2015-10-25 11:00:00,-10,-60,621422.0,0.621422,172.6172222222222,"{""type"":""MultiPoint"",""coordinates"":[]}"
20151025T12,0.9345249000000001,2015-10-25 12:00:00,-10,-60,2076722.0,2.076722,576.8672222222223,"{""type"":""MultiPoint"",""coordinates"":[]}"
20151025T13,1.9183455000000003,2015-10-25 13:00:00,-10,-60,4262990.0,4.26299,1184.1638888888888,"{""type"":""MultiPoint"",""coordinates"":[]}"
20151025T14,3.008808,2015-10-25 14:00:00,-10,-60,6686240.0,6.68624,1857.2888888888888,"{""type"":""MultiPoint"",""coordinates"":[]}"
20151025T15,4.4053488000000005,2015-10-25 15:00:00,-10,-60,9789664.0,9.789664,2719.351111111111,"{""type"":""MultiPoint"",""coordinates"":[]}"
20151025T16,5.8230639,2015-10-25 16:00:00,-10,-60,1.2940142E7,12.940142,3594.483888888889,"{""type"":""MultiPoint"",""coordinates"":[]}"
20151025T17,7.1975322,2015-10-25 17:00:00,-10,-60,1.5994516E7,15.994516,4442.921111111111,"{""type"":""MultiPoint"",""coordinates"":[]}"
20151025T18,8.5466637,2015-10-25 18:00:00,-10,-60,1.8992586E7,18.992586,5275.718333333333,"{""type"":""MultiPoint"",""coordinates"":[]}"
20151025T19,9.702937799999999,2015-10-25 19:00:00,-10,-60,2.1562084E7,21.562084,5989.467777777778,"{""type"":""MultiPoint"",""coordinates"":[]}"
20151025T20,10.365277500000001,2015-10-25 20:00:00,-10,-60,2.303395E7,23.03395,6398.319444444444,"{""type"":""MultiPoint"",""coordinates"":[]}"
20151025T21,10.6342992,2015-10-25 21:00:00,-10,-60,2.3631776E7,23.631776,6564.3822222222225,"{""type"":""MultiPoint"",""coordinates"":[]}"
20151025T22,10.7142246,2015-10-25 22:00:00,-10,-60,2.3809388E7,23.809388,6613.718888888889,"{""type"":""MultiPoint"",""coordinates"":[]}"
20151025T23,10.7142246,2015-10-25 23:00:00,-10,-60,2.3809388E7,23.809388,6613.718888888889,"{""type"":""MultiPoint"",""coordinates"":[]}"
20151026T00,10.7142246,2015-10-26 00:00:00,-10,-60,2.3809388E7,23.809388,6613.718888888889,"{""type"":""MultiPoint"",""coordinates"":[]}"
20151026T01,0.0,2015-10-26 01:00:00,-10,-60,0.0,0.0,0.0,"{""type"":""MultiPoint"",""coordinates"":[]}"
20151026T02,0.0,2015-10-26 02:00:00,-10,-60,0.0,0.0,0.0,"{""type"":""MultiPoint"",""coordinates"":[]}"
20151026T03,0.0,2015-10-26 03:00:00,-10,-60,0.0,0.0,0.0,"{""type"":""MultiPoint"",""coordinates"":[]}"
20151026T04,0.0,2015-10-26 04:00:00,-10,-60,0.0,0.0,0.0,"{""type"":""MultiPoint"",""coordinates"":[]}"
20151026T05,0.0,2015-10-26 05:00:00,-10,-60,0.0,0.0,0.0,"{""type"":""MultiPoint"",""coordinates"":[]}"
20151026T06,0.0,2015-10-26 06:00:00,-10,-60,0.0,0.0,0.0,"{""type"":""MultiPoint"",""coordinates"":[]}"
20151026T07,0.0,2015-10-26 07:00:00,-10,-60,0.0,0.0,0.0,"{""type"":""MultiPoint"",""coordinates"":[]}"
20151026T08,0.0,2015-10-26 08:00:00,-10,-60,0.0,0.0,0.0,"{""type"":""MultiPoint"",""coordinates"":[]}"
20151026T09,0.0,2015-10-26 09:00:00,-10,-60,0.0,0.0,0.0,"{""type"":""MultiPoint"",""coordinates"":[]}"
20151026T10,0.0153522,2015-10-26 10:00:00,-10,-60,34116.0,0.034116,9.476666666666667,"{""type"":""MultiPoint"",""coordinates"":[]}"
20151026T11,0.23711490000000002,2015-10-26 11:00:00,-10,-60,526922.0,0.526922,146.3672222222222,"{""type"":""MultiPoint"",""coordinates"":[]}"
20151026T12,0.8378316,2015-10-26 12:00:00,-10,-60,1861848.0,1.861848,517.18,"{""type"":""MultiPoint"",""coordinates"":[]}"
20151026T13,1.7450568,2015-10-26 13:00:00,-10,-60,3877904.0,3.877904,1077.1955555555555,"{""type"":""MultiPoint"",""coordinates"":[]}"
20151026T14,2.9453633999999997,2015-10-26 14:00:00,-10,-60,6545252.0,6.545252,1818.1255555555556,"{""type"":""MultiPoint"",""coordinates"":[]}"
20151026T15,4.1742342,2015-10-26 15:00:00,-10,-60,9276076.0,9.276076,2576.6877777777777,"{""type"":""MultiPoint"",""coordinates"":[]}"
20151026T16,5.412091500000001,2015-10-26 16:00:00,-10,-60,1.202687E7,12.02687,3340.7972222222224,"{""type"":""MultiPoint"",""coordinates"":[]}"
20151026T17,6.5265498,2015-10-26 17:00:00,-10,-60,1.4503444E7,14.503444,4028.7344444444443,"{""type"":""MultiPoint"",""coordinates"":[]}"
20151026T18,7.515585,2015-10-26 18:00:00,-10,-60,1.67013E7,16.7013,4639.25,"{""type"":""MultiPoint"",""coordinates"":[]}"
20151026T19,8.360451900000001,2015-10-26 19:00:00,-10,-60,1.8578782E7,18.578782,5160.772777777778,"{""type"":""MultiPoint"",""coordinates"":[]}"
20151026T20,8.9080245,2015-10-26 20:00:00,-10,-60,1.979561E7,19.79561,5498.780555555555,"{""type"":""MultiPoint"",""coordinates"":[]}"
20151026T21,9.1811214,2015-10-26 21:00:00,-10,-60,2.0402492E7,20.402492,5667.358888888889,"{""type"":""MultiPoint"",""coordinates"":[]}"
20151026T22,9.250655400000001,2015-10-26 22:00:00,-10,-60,2.0557012E7,20.557012,5710.281111111111,"{""type"":""MultiPoint"",""coordinates"":[]}"
20151026T23,9.250655400000001,2015-10-26 23:00:00,-10,-60,2.0557012E7,20.557012,5710.281111111111,"{""type"":""MultiPoint"",""coordinates"":[]}"
20151027T00,9.250655400000001,2015-10-27 00:00:00,-10,-60,2.0557012E7,20.557012,5710.281111111111,"{""type"":""MultiPoint"",""coordinates"":[]}"
20151027T01,0.0,2015-10-27 01:00:00,-10,-60,0.0,0.0,0.0,"{""type"":""MultiPoint"",""coordinates"":[]}"
20151027T02,0.0,2015-10-27 02:00:00,-10,-60,0.0,0.0,0.0,"{""type"":""MultiPoint"",""coordinates"":[]}"
20151027T03,0.0,2015-10-27 03:00:00,-10,-60,0.0,0.0,0.0,"{""type"":""MultiPoint"",""coordinates"":[]}"
20151027T04,0.0,2015-10-27 04:00:00,-10,-60,0.0,0.0,0.0,"{""type"":""MultiPoint"",""coordinates"":[]}"
20151027T05,0.0,2015-10-27 05:00:00,-10,-60,0.0,0.0,0.0,"{""type"":""MultiPoint"",""coordinates"":[]}"
20151027T06,0.0,2015-10-27 06:00:00,-10,-60,0.0,0.0,0.0,"{""type"":""MultiPoint"",""coordinates"":[]}"
20151027T07,0.0,2015-10-27 07:00:00,-10,-60,0.0,0.0,0.0,"{""type"":""MultiPoint"",""coordinates"":[]}"
20151027T08,0.0,2015-10-27 08:00:00,-10,-60,0.0,0.0,0.0,"{""type"":""MultiPoint"",""coordinates"":[]}"
20151027T09,0.0,2015-10-27 09:00:00,-10,-60,0.0,0.0,0.0,"{""type"":""MultiPoint"",""coordinates"":[]}"
20151027T10,0.0169218,2015-10-27 10:00:00,-10,-60,37604.0,0.037604,10.445555555555556,"{""type"":""MultiPoint"",""coordinates"":[]}"
20151027T11,0.2819187,2015-10-27 11:00:00,-10,-60,626486.0,0.626486,174.02388888888888,"{""type"":""MultiPoint"",""coordinates"":[]}"
20151027T12,0.8607897,2015-10-27 12:00:00,-10,-60,1912866.0,1.912866,531.3516666666667,"{""type"":""MultiPoint"",""coordinates"":[]}"
20151027T13,1.6011792,2015-10-27 13:00:00,-10,-60,3558176.0,3.558176,988.3822222222223,"{""type"":""MultiPoint"",""coordinates"":[]}"
20151027T14,2.2535577,2015-10-27 14:00:00,-10,-60,5007906.0,5.007906,1391.085,"{""type"":""MultiPoint"",""coordinates"":[]}"
20151027T15,2.9590929,2015-10-27 15:00:00,-10,-60,6575762.0,6.575762,1826.6005555555555,"{""type"":""MultiPoint"",""coordinates"":[]}"
20151027T16,3.8891637,2015-10-27 16:00:00,-10,-60,8642586.0,8.642586,2400.7183333333332,"{""type"":""MultiPoint"",""coordinates"":[]}"
20151027T17,4.7781891,2015-10-27 17:00:00,-10,-60,1.0618198E7,10.618198,2949.4994444444446,"{""type"":""MultiPoint"",""coordinates"":[]}"
20151027T18,5.5866195,2015-10-27 18:00:00,-10,-60,1.241471E7,12.41471,3448.5305555555556,"{""type"":""MultiPoint"",""coordinates"":[]}"
20151027T19,6.199396200000001,2015-10-27 19:00:00,-10,-60,1.3776436E7,13.776436,3826.7877777777776,"{""type"":""MultiPoint"",""coordinates"":[]}"
20151027T20,6.5669472,2015-10-27 20:00:00,-10,-60,1.4593216E7,14.593216,4053.6711111111113,"{""type"":""MultiPoint"",""coordinates"":[]}"
20151027T21,6.7880016,2015-10-27 21:00:00,-10,-60,1.5084448E7,15.084448,4190.124444444445,"{""type"":""MultiPoint"",""coordinates"":[]}"
20151027T22,6.8515614000000005,2015-10-27 22:00:00,-10,-60,1.5225692E7,15.225692,4229.358888888889,"{""type"":""MultiPoint"",""coordinates"":[]}"
20151027T23,6.8515614000000005,2015-10-27 23:00:00,-10,-60,1.5225692E7,15.225692,4229.358888888889,"{""type"":""MultiPoint"",""coordinates"":[]}"
20151028T00,6.8515614000000005,2015-10-28 00:00:00,-10,-60,1.5225692E7,15.225692,4229.358888888889,"{""type"":""MultiPoint"",""coordinates"":[]}"
20151028T01,0.0,2015-10-28 01:00:00,-10,-60,0.0,0.0,0.0,"{""type"":""MultiPoint"",""coordinates"":[]}"
20151028T02,0.0,2015-10-28 02:00:00,-10,-60,0.0,0.0,0.0,"{""type"":""MultiPoint"",""coordinates"":[]}"
20151028T03,0.0,2015-10-28 03:00:00,-10,-60,0.0,0.0,0.0,"{""type"":""MultiPoint"",""coordinates"":[]}"
20151028T04,0.0,2015-10-28 04:00:00,-10,-60,0.0,0.0,0.0,"{""type"":""MultiPoint"",""coordinates"":[]}"
20151028T05,0.0,2015-10-28 05:00:00,-10,-60,0.0,0.0,0.0,"{""type"":""MultiPoint"",""coordinates"":[]}"
20151028T06,0.0,2015-10-28 06:00:00,-10,-60,0.0,0.0,0.0,"{""type"":""MultiPoint"",""coordinates"":[]}"
20151028T07,0.0,2015-10-28 07:00:00,-10,-60,0.0,0.0,0.0,"{""type"":""MultiPoint"",""coordinates"":[]}"
20151028T08,0.0,2015-10-28 08:00:00,-10,-60,0.0,0.0,0.0,"{""type"":""MultiPoint"",""coordinates"":[]}"
20151028T09,0.0,2015-10-28 09:00:00,-10,-60,0.0,0.0,0.0,"{""type"":""MultiPoint"",""coordinates"":[]}"
20151028T10,0.0093402,2015-10-28 10:00:00,-10,-60,20756.0,0.020756,5.765555555555555,"{""type"":""MultiPoint"",""coordinates"":[]}"
20151028T11,0.170568,2015-10-28 11:00:00,-10,-60,379040.0,0.37904,105.28888888888889,"{""type"":""MultiPoint"",""coordinates"":[]}"
20151028T12,0.6793362000000001,2015-10-28 12:00:00,-10,-60,1509636.0,1.509636,419.3433333333333,"{""type"":""MultiPoint"",""coordinates"":[]}"
20151028T13,1.5168636,2015-10-28 13:00:00,-10,-60,3370808.0,3.370808,936.3355555555555,"{""type"":""MultiPoint"",""coordinates"":[]}"
20151028T14,2.6111349,2015-10-28 14:00:00,-10,-60,5802522.0,5.802522,1611.8116666666667,"{""type"":""MultiPoint"",""coordinates"":[]}"
20151028T15,3.7117350000000005,2015-10-28 15:00:00,-10,-60,8248300.0,8.2483,2291.1944444444443,"{""type"":""MultiPoint"",""coordinates"":[]}"
20151028T16,4.5179262,2015-10-28 16:00:00,-10,-60,1.0039836E7,10.039836,2788.8433333333332,"{""type"":""MultiPoint"",""coordinates"":[]}"
20151028T17,4.987296,2015-10-28 17:00:00,-10,-60,1.108288E7,11.08288,3078.5777777777776,"{""type"":""MultiPoint"",""coordinates"":[]}"
20151028T18,5.4568430999999995,2015-10-28 18:00:00,-10,-60,1.2126318E7,12.126318,3368.4216666666666,"{""type"":""MultiPoint"",""coordinates"":[]}"
20151028T19,5.7315852,2015-10-28 19:00:00,-10,-60,1.2736856E7,12.736856,3538.0155555555557,"{""type"":""MultiPoint"",""coordinates"":[]}"
20151028T20,6.013135800000001,2015-10-28 20:00:00,-10,-60,1.3362524E7,13.362524,3711.8122222222223,"{""type"":""MultiPoint"",""coordinates"":[]}"
20151028T21,6.2206092,2015-10-28 21:00:00,-10,-60,1.3823576E7,13.823576,3839.882222222222,"{""type"":""MultiPoint"",""coordinates"":[]}"
20151028T22,6.276182400000001,2015-10-28 22:00:00,-10,-60,1.3947072E7,13.947072,3874.1866666666665,"{""type"":""MultiPoint"",""coordinates"":[]}"
20151028T23,6.276182400000001,2015-10-28 23:00:00,-10,-60,1.3947072E7,13.947072,3874.1866666666665,"{""type"":""MultiPoint"",""coordinates"":[]}"
20151029T00,6.276182400000001,2015-10-29 00:00:00,-10,-60,1.3947072E7,13.947072,3874.1866666666665,"{""type"":""MultiPoint"",""coordinates"":[]}"
20151029T01,0.0,2015-10-29 01:00:00,-10,-60,0.0,0.0,0.0,"{""type"":""MultiPoint"",""coordinates"":[]}"
20151029T02,0.0,2015-10-29 02:00:00,-10,-60,0.0,0.0,0.0,"{""type"":""MultiPoint"",""coordinates"":[]}"
20151029T03,0.0,2015-10-29 03:00:00,-10,-60,0.0,0.0,0.0,"{""type"":""MultiPoint"",""coordinates"":[]}"
20151029T04,0.0,2015-10-29 04:00:00,-10,-60,0.0,0.0,0.0,"{""type"":""MultiPoint"",""coordinates"":[]}"
20151029T05,0.0,2015-10-29 05:00:00,-10,-60,0.0,0.0,0.0,"{""type"":""MultiPoint"",""coordinates"":[]}"
20151029T06,0.0,2015-10-29 06:00:00,-10,-60,0.0,0.0,0.0,"{""type"":""MultiPoint"",""coordinates"":[]}"
20151029T07,0.0,2015-10-29 07:00:00,-10,-60,0.0,0.0,0.0,"{""type"":""MultiPoint"",""coordinates"":[]}"
20151029T08,0.0,2015-10-29 08:00:00,-10,-60,0.0,0.0,0.0,"{""type"":""MultiPoint"",""coordinates"":[]}"
20151029T09,0.0,2015-10-29 09:00:00,-10,-60,0.0,0.0,0.0,"{""type"":""MultiPoint"",""coordinates"":[]}"
20151029T10,0.0037467,2015-10-29 10:00:00,-10,-60,8326.0,0.008326,2.312777777777778,"{""type"":""MultiPoint"",""coordinates"":[]}"
20151029T11,0.057054600000000004,2015-10-29 11:00:00,-10,-60,126788.0,0.126788,35.21888888888889,"{""type"":""MultiPoint"",""coordinates"":[]}"
20151029T12,0.19260270000000002,2015-10-29 12:00:00,-10,-60,428006.0,0.428006,118.89055555555555,"{""type"":""MultiPoint"",""coordinates"":[]}"
20151029T13,0.3698154,2015-10-29 13:00:00,-10,-60,821812.0,0.821812,228.2811111111111,"{""type"":""MultiPoint"",""coordinates"":[]}"
20151029T14,0.744795,2015-10-29 14:00:00,-10,-60,1655100.0,1.6551,459.75,"{""type"":""MultiPoint"",""coordinates"":[]}"
20151029T15,1.3179465000000001,2015-10-29 15:00:00,-10,-60,2928770.0,2.92877,813.5472222222222,"{""type"":""MultiPoint"",""coordinates"":[]}"
20151029T16,1.9699335,2015-10-29 16:00:00,-10,-60,4377630.0,4.37763,1216.0083333333334,"{""type"":""MultiPoint"",""coordinates"":[]}"
20151029T17,3.1257657,2015-10-29 17:00:00,-10,-60,6946146.0,6.946146,1929.485,"{""type"":""MultiPoint"",""coordinates"":[]}"
20151029T18,4.0060080000000005,2015-10-29 18:00:00,-10,-60,8902240.0,8.90224,2472.8444444444444,"{""type"":""MultiPoint"",""coordinates"":[]}"
20151029T19,4.8803148,2015-10-29 19:00:00,-10,-60,1.0845144E7,10.845144,3012.54,"{""type"":""MultiPoint"",""coordinates"":[]}"
20151029T20,5.420634300000001,2015-10-29 20:00:00,-10,-60,1.2045854E7,12.045854,3346.0705555555555,"{""type"":""MultiPoint"",""coordinates"":[]}"
20151029T21,5.597733600000001,2015-10-29 21:00:00,-10,-60,1.2439408E7,12.439408,3455.391111111111,"{""type"":""MultiPoint"",""coordinates"":[]}"
20151029T22,5.6339424,2015-10-29 22:00:00,-10,-60,1.2519872E7,12.519872,3477.742222222222,"{""type"":""MultiPoint"",""coordinates"":[]}"
20151029T23,5.6339424,2015-10-29 23:00:00,-10,-60,1.2519872E7,12.519872,3477.742222222222,"{""type"":""MultiPoint"",""coordinates"":[]}"
20151030T00,5.6339424,2015-10-30 00:00:00,-10,-60,1.2519872E7,12.519872,3477.742222222222,"{""type"":""MultiPoint"",""coordinates"":[]}"
20151030T01,0.0,2015-10-30 01:00:00,-10,-60,0.0,0.0,0.0,"{""type"":""MultiPoint"",""coordinates"":[]}"
20151030T02,0.0,2015-10-30 02:00:00,-10,-60,0.0,0.0,0.0,"{""type"":""MultiPoint"",""coordinates"":[]}"
20151030T03,0.0,2015-10-30 03:00:00,-10,-60,0.0,0.0,0.0,"{""type"":""MultiPoint"",""coordinates"":[]}"
20151030T04,0.0,2015-10-30 04:00:00,-10,-60,0.0,0.0,0.0,"{""type"":""MultiPoint"",""coordinates"":[]}"
20151030T05,0.0,2015-10-30 05:00:00,-10,-60,0.0,0.0,0.0,"{""type"":""MultiPoint"",""coordinates"":[]}"
20151030T06,0.0,2015-10-30 06:00:00,-10,-60,0.0,0.0,0.0,"{""type"":""MultiPoint"",""coordinates"":[]}"
20151030T07,0.0,2015-10-30 07:00:00,-10,-60,0.0,0.0,0.0,"{""type"":""MultiPoint"",""coordinates"":[]}"
20151030T08,0.0,2015-10-30 08:00:00,-10,-60,0.0,0.0,0.0,"{""type"":""MultiPoint"",""coordinates"":[]}"
20151030T09,0.0,2015-10-30 09:00:00,-10,-60,0.0,0.0,0.0,"{""type"":""MultiPoint"",""coordinates"":[]}"
20151030T10,0.006075,2015-10-30 10:00:00,-10,-60,13500.0,0.0135,3.75,"{""type"":""MultiPoint"",""coordinates"":[]}"
20151030T11,0.0954531,2015-10-30 11:00:00,-10,-60,212118.0,0.212118,58.92166666666667,"{""type"":""MultiPoint"",""coordinates"":[]}"
20151030T12,0.2816901,2015-10-30 12:00:00,-10,-60,625978.0,0.625978,173.8827777777778,"{""type"":""MultiPoint"",""coordinates"":[]}"
20151030T13,0.6269778,2015-10-30 13:00:00,-10,-60,1393284.0,1.393284,387.0233333333333,"{""type"":""MultiPoint"",""coordinates"":[]}"
20151030T14,1.2256695,2015-10-30 14:00:00,-10,-60,2723710.0,2.72371,756.5861111111111,"{""type"":""MultiPoint"",""coordinates"":[]}"
20151030T15,1.9365579,2015-10-30 15:00:00,-10,-60,4303462.0,4.303462,1195.4061111111112,"{""type"":""MultiPoint"",""coordinates"":[]}"
20151030T16,2.6567108999999998,2015-10-30 16:00:00,-10,-60,5903802.0,5.903802,1639.945,"{""type"":""MultiPoint"",""coordinates"":[]}"
20151030T17,3.616182,2015-10-30 17:00:00,-10,-60,8035960.0,8.03596,2232.211111111111,"{""type"":""MultiPoint"",""coordinates"":[]}"
20151030T18,4.4444196,2015-10-30 18:00:00,-10,-60,9876488.0,9.876488,2743.468888888889,"{""type"":""MultiPoint"",""coordinates"":[]}"
20151030T19,5.2158815999999995,2015-10-30 19:00:00,-10,-60,1.1590848E7,11.590848,3219.68,"{""type"":""MultiPoint"",""coordinates"":[]}"
20151030T20,6.0029613,2015-10-30 20:00:00,-10,-60,1.3339914E7,13.339914,3705.5316666666668,"{""type"":""MultiPoint"",""coordinates"":[]}"
20151030T21,6.4286154,2015-10-30 21:00:00,-10,-60,1.4285812E7,14.285812,3968.281111111111,"{""type"":""MultiPoint"",""coordinates"":[]}"
20151030T22,6.5271204,2015-10-30 22:00:00,-10,-60,1.4504712E7,14.504712,4029.0866666666666,"{""type"":""MultiPoint"",""coordinates"":[]}"
20151030T23,6.5271204,2015-10-30 23:00:00,-10,-60,1.4504712E7,14.504712,4029.0866666666666,"{""type"":""MultiPoint"",""coordinates"":[]}"
20151031T00,6.5271204,2015-10-31 00:00:00,-10,-60,1.4504712E7,14.504712,4029.0866666666666,"{""type"":""MultiPoint"",""coordinates"":[]}"
20151031T01,0.0,2015-10-31 01:00:00,-10,-60,0.0,0.0,0.0,"{""type"":""MultiPoint"",""coordinates"":[]}"
20151031T02,0.0,2015-10-31 02:00:00,-10,-60,0.0,0.0,0.0,"{""type"":""MultiPoint"",""coordinates"":[]}"
20151031T03,0.0,2015-10-31 03:00:00,-10,-60,0.0,0.0,0.0,"{""type"":""MultiPoint"",""coordinates"":[]}"
20151031T04,0.0,2015-10-31 04:00:00,-10,-60,0.0,0.0,0.0,"{""type"":""MultiPoint"",""coordinates"":[]}"
20151031T05,0.0,2015-10-31 05:00:00,-10,-60,0.0,0.0,0.0,"{""type"":""MultiPoint"",""coordinates"":[]}"
20151031T06,0.0,2015-10-31 06:00:00,-10,-60,0.0,0.0,0.0,"{""type"":""MultiPoint"",""coordinates"":[]}"
20151031T07,0.0,2015-10-31 07:00:00,-10,-60,0.0,0.0,0.0,"{""type"":""MultiPoint"",""coordinates"":[]}"
20151031T08,0.0,2015-10-31 08:00:00,-10,-60,0.0,0.0,0.0,"{""type"":""MultiPoint"",""coordinates"":[]}"
20151031T09,0.0,2015-10-31 09:00:00,-10,-60,0.0,0.0,0.0,"{""type"":""MultiPoint"",""coordinates"":[]}"
20151031T10,0.0179091,2015-10-31 10:00:00,-10,-60,39798.0,0.039798,11.055,"{""type"":""MultiPoint"",""coordinates"":[]}"
20151031T11,0.26904690000000003,2015-10-31 11:00:00,-10,-60,597882.0,0.597882,166.07833333333335,"{""type"":""MultiPoint"",""coordinates"":[]}"
20151031T12,0.9141228,2015-10-31 12:00:00,-10,-60,2031384.0,2.031384,564.2733333333333,"{""type"":""MultiPoint"",""coordinates"":[]}"
20151031T13,1.8092619,2015-10-31 13:00:00,-10,-60,4020582.0,4.020582,1116.8283333333334,"{""type"":""MultiPoint"",""coordinates"":[]}"
20151031T14,3.1053375,2015-10-31 14:00:00,-10,-60,6900750.0,6.90075,1916.875,"{""type"":""MultiPoint"",""coordinates"":[]}"
20151031T15,4.6235178,2015-10-31 15:00:00,-10,-60,1.0274484E7,10.274484,2854.0233333333335,"{""type"":""MultiPoint"",""coordinates"":[]}"
20151031T16,6.0880986,2015-10-31 16:00:00,-10,-60,1.3529108E7,13.529108,3758.0855555555554,"{""type"":""MultiPoint"",""coordinates"":[]}"
20151031T17,7.5713607000000005,2015-10-31 17:00:00,-10,-60,1.6825246E7,16.825246,4673.679444444444,"{""type"":""MultiPoint"",""coordinates"":[]}"
20151031T18,8.8297074,2015-10-31 18:00:00,-10,-60,1.9621572E7,19.621572,5450.4366666666665,"{""type"":""MultiPoint"",""coordinates"":[]}"
20151031T19,9.9465075,2015-10-31 19:00:00,-10,-60,2.210335E7,22.10335,6139.819444444444,"{""type"":""MultiPoint"",""coordinates"":[]}"
20151031T20,10.7128431,2015-10-31 20:00:00,-10,-60,2.3806318E7,23.806318,6612.866111111111,"{""type"":""MultiPoint"",""coordinates"":[]}"
20151031T21,11.123361,2015-10-31 21:00:00,-10,-60,2.471858E7,24.71858,6866.272222222222,"{""type"":""MultiPoint"",""coordinates"":[]}"
20151031T22,11.207993400000001,2015-10-31 22:00:00,-10,-60,2.4906652E7,24.906652,6918.514444444444,"{""type"":""MultiPoint"",""coordinates"":[]}"
20151031T23,11.207993400000001,2015-10-31 23:00:00,-10,-60,2.4906652E7,24.906652,6918.514444444444,"{""type"":""MultiPoint"",""coordinates"":[]}"
20151101T00,11.207993400000001,2015-11-01 00:00:00,-10,-60,2.4906652E7,24.906652,6918.514444444444,"{""type"":""MultiPoint"",""coordinates"":[]}"
20151101T01,0.0,2015-11-01 01:00:00,-10,-60,0.0,0.0,0.0,"{""type"":""MultiPoint"",""coordinates"":[]}"
20151101T02,0.0,2015-11-01 02:00:00,-10,-60,0.0,0.0,0.0,"{""type"":""MultiPoint"",""coordinates"":[]}"
20151101T03,0.0,2015-11-01 03:00:00,-10,-60,0.0,0.0,0.0,"{""type"":""MultiPoint"",""coordinates"":[]}"
20151101T04,0.0,2015-11-01 04:00:00,-10,-60,0.0,0.0,0.0,"{""type"":""MultiPoint"",""coordinates"":[]}"
20151101T05,0.0,2015-11-01 05:00:00,-10,-60,0.0,0.0,0.0,"{""type"":""MultiPoint"",""coordinates"":[]}"
20151101T06,0.0,2015-11-01 06:00:00,-10,-60,0.0,0.0,0.0,"{""type"":""MultiPoint"",""coordinates"":[]}"
20151101T07,0.0,2015-11-01 07:00:00,-10,-60,0.0,0.0,0.0,"{""type"":""MultiPoint"",""coordinates"":[]}"
20151101T08,0.0,2015-11-01 08:00:00,-10,-60,0.0,0.0,0.0,"{""type"":""MultiPoint"",""coordinates"":[]}"
20151101T09,0.0,2015-11-01 09:00:00,-10,-60,0.0,0.0,0.0,"{""type"":""MultiPoint"",""coordinates"":[]}"
20151101T10,0.0164655,2015-11-01 10:00:00,-10,-60,36590.0,0.03659,10.16388888888889,"{""type"":""MultiPoint"",""coordinates"":[]}"
20151101T11,0.2117646,2015-11-01 11:00:00,-10,-60,470588.0,0.470588,130.7188888888889,"{""type"":""MultiPoint"",""coordinates"":[]}"
20151101T12,0.7280253,2015-11-01 12:00:00,-10,-60,1617834.0,1.617834,449.3983333333333,"{""type"":""MultiPoint"",""coordinates"":[]}"
20151101T13,1.508283,2015-11-01 13:00:00,-10,-60,3351740.0,3.35174,931.0388888888889,"{""type"":""MultiPoint"",""coordinates"":[]}"
20151101T14,2.6917056,2015-11-01 14:00:00,-10,-60,5981568.0,5.981568,1661.5466666666666,"{""type"":""MultiPoint"",""coordinates"":[]}"
20151101T15,4.0207635,2015-11-01 15:00:00,-10,-60,8935030.0,8.93503,2481.9527777777776,"{""type"":""MultiPoint"",""coordinates"":[]}"
20151101T16,5.297652,2015-11-01 16:00:00,-10,-60,1.177256E7,11.77256,3270.1555555555556,"{""type"":""MultiPoint"",""coordinates"":[]}"
20151101T17,6.529698,2015-11-01 17:00:00,-10,-60,1.451044E7,14.51044,4030.677777777778,"{""type"":""MultiPoint"",""coordinates"":[]}"
20151101T18,7.5573477,2015-11-01 18:00:00,-10,-60,1.6794106E7,16.794106,4665.029444444444,"{""type"":""MultiPoint"",""coordinates"":[]}"
20151101T19,8.5688478,2015-11-01 19:00:00,-10,-60,1.9041884E7,19.041884,5289.412222222222,"{""type"":""MultiPoint"",""coordinates"":[]}"
20151101T20,9.2179107,2015-11-01 20:00:00,-10,-60,2.0484246E7,20.484246,5690.068333333334,"{""type"":""MultiPoint"",""coordinates"":[]}"
20151101T21,9.5431122,2015-11-01 21:00:00,-10,-60,2.1206916E7,21.206916,5890.81,"{""type"":""MultiPoint"",""coordinates"":[]}"
20151101T22,9.6061914,2015-11-01 22:00:00,-10,-60,2.1347092E7,21.347092,5929.747777777778,"{""type"":""MultiPoint"",""coordinates"":[]}"
20151101T23,9.6061914,2015-11-01 23:00:00,-10,-60,2.1347092E7,21.347092,5929.747777777778,"{""type"":""MultiPoint"",""coordinates"":[]}"
20151102T00,9.6061914,2015-11-02 00:00:00,-10,-60,2.1347092E7,21.347092,5929.747777777778,"{""type"":""MultiPoint"",""coordinates"":[]}"
20151102T01,0.0,2015-11-02 01:00:00,-10,-60,0.0,0.0,0.0,"{""type"":""MultiPoint"",""coordinates"":[]}"
20151102T02,0.0,2015-11-02 02:00:00,-10,-60,0.0,0.0,0.0,"{""type"":""MultiPoint"",""coordinates"":[]}"
20151102T03,0.0,2015-11-02 03:00:00,-10,-60,0.0,0.0,0.0,"{""type"":""MultiPoint"",""coordinates"":[]}"
20151102T04,0.0,2015-11-02 04:00:00,-10,-60,0.0,0.0,0.0,"{""type"":""MultiPoint"",""coordinates"":[]}"
20151102T05,0.0,2015-11-02 05:00:00,-10,-60,0.0,0.0,0.0,"{""type"":""MultiPoint"",""coordinates"":[]}"
20151102T06,0.0,2015-11-02 06:00:00,-10,-60,0.0,0.0,0.0,"{""type"":""MultiPoint"",""coordinates"":[]}"
20151102T07,0.0,2015-11-02 07:00:00,-10,-60,0.0,0.0,0.0,"{""type"":""MultiPoint"",""coordinates"":[]}"
20151102T08,0.0,2015-11-02 08:00:00,-10,-60,0.0,0.0,0.0,"{""type"":""MultiPoint"",""coordinates"":[]}"
20151102T09,0.0,2015-11-02 09:00:00,-10,-60,0.0,0.0,0.0,"{""type"":""MultiPoint"",""coordinates"":[]}"
20151102T10,0.018667800000000002,2015-11-02 10:00:00,-10,-60,41484.0,0.041484,11.523333333333333,"{""type"":""MultiPoint"",""coordinates"":[]}"
20151102T11,0.28062719999999997,2015-11-02 11:00:00,-10,-60,623616.0,0.623616,173.22666666666666,"{""type"":""MultiPoint"",""coordinates"":[]}"
20151102T12,0.9269946000000001,2015-11-02 12:00:00,-10,-60,2059988.0,2.059988,572.2188888888888,"{""type"":""MultiPoint"",""coordinates"":[]}"
20151102T13,1.9166373,2015-11-02 13:00:00,-10,-60,4259194.0,4.259194,1183.1094444444445,"{""type"":""MultiPoint"",""coordinates"":[]}"
20151102T14,3.2311152,2015-11-02 14:00:00,-10,-60,7180256.0,7.180256,1994.5155555555555,"{""type"":""MultiPoint"",""coordinates"":[]}"
20151102T15,4.7337921000000005,2015-11-02 15:00:00,-10,-60,1.0519538E7,10.519538,2922.093888888889,"{""type"":""MultiPoint"",""coordinates"":[]}"
20151102T16,6.2262684,2015-11-02 16:00:00,-10,-60,1.3836152E7,13.836152,3843.3755555555554,"{""type"":""MultiPoint"",""coordinates"":[]}"
20151102T17,7.253361000000001,2015-11-02 17:00:00,-10,-60,1.611858E7,16.11858,4477.383333333333,"{""type"":""MultiPoint"",""coordinates"":[]}"
20151102T18,8.1956682,2015-11-02 18:00:00,-10,-60,1.8212596E7,18.212596,5059.054444444444,"{""type"":""MultiPoint"",""coordinates"":[]}"
20151102T19,8.4900141,2015-11-02 19:00:00,-10,-60,1.8866698E7,18.866698,5240.749444444445,"{""type"":""MultiPoint"",""coordinates"":[]}"
20151102T20,8.767199699999999,2015-11-02 20:00:00,-10,-60,1.9482666E7,19.482666,5411.8516666666665,"{""type"":""MultiPoint"",""coordinates"":[]}"
20151102T21,8.972166600000001,2015-11-02 21:00:00,-10,-60,1.9938148E7,19.938148,5538.374444444445,"{""type"":""MultiPoint"",""coordinates"":[]}"
20151102T22,9.0259956,2015-11-02 22:00:00,-10,-60,2.0057768E7,20.057768,5571.602222222222,"{""type"":""MultiPoint"",""coordinates"":[]}"
20151102T23,9.0259956,2015-11-02 23:00:00,-10,-60,2.0057768E7,20.057768,5571.602222222222,"{""type"":""MultiPoint"",""coordinates"":[]}"
20151103T00,9.0259956,2015-11-03 00:00:00,-10,-60,2.0057768E7,20.057768,5571.602222222222,"{""type"":""MultiPoint"",""coordinates"":[]}"
20151103T01,0.0,2015-11-03 01:00:00,-10,-60,0.0,0.0,0.0,"{""type"":""MultiPoint"",""coordinates"":[]}"
20151103T02,0.0,2015-11-03 02:00:00,-10,-60,0.0,0.0,0.0,"{""type"":""MultiPoint"",""coordinates"":[]}"
20151103T03,0.0,2015-11-03 03:00:00,-10,-60,0.0,0.0,0.0,"{""type"":""MultiPoint"",""coordinates"":[]}"
20151103T04,0.0,2015-11-03 04:00:00,-10,-60,0.0,0.0,0.0,"{""type"":""MultiPoint"",""coordinates"":[]}"
20151103T05,0.0,2015-11-03 05:00:00,-10,-60,0.0,0.0,0.0,"{""type"":""MultiPoint"",""coordinates"":[]}"
20151103T06,0.0,2015-11-03 06:00:00,-10,-60,0.0,0.0,0.0,"{""type"":""MultiPoint"",""coordinates"":[]}"
20151103T07,0.0,2015-11-03 07:00:00,-10,-60,0.0,0.0,0.0,"{""type"":""MultiPoint"",""coordinates"":[]}"
20151103T08,0.0,2015-11-03 08:00:00,-10,-60,0.0,0.0,0.0,"{""type"":""MultiPoint"",""coordinates"":[]}"
20151103T09,0.0,2015-11-03 09:00:00,-10,-60,0.0,0.0,0.0,"{""type"":""MultiPoint"",""coordinates"":[]}"
20151103T10,0.016832700000000003,2015-11-03 10:00:00,-10,-60,37406.0,0.037406,10.390555555555556,"{""type"":""MultiPoint"",""coordinates"":[]}"
20151103T11,0.215928,2015-11-03 11:00:00,-10,-60,479840.0,0.47984,133.2888888888889,"{""type"":""MultiPoint"",""coordinates"":[]}"
20151103T12,0.666756,2015-11-03 12:00:00,-10,-60,1481680.0,1.48168,411.5777777777778,"{""type"":""MultiPoint"",""coordinates"":[]}"
20151103T13,1.1641968,2015-11-03 13:00:00,-10,-60,2587104.0,2.587104,718.64,"{""type"":""MultiPoint"",""coordinates"":[]}"
20151103T14,1.6919109,2015-11-03 14:00:00,-10,-60,3759802.0,3.759802,1044.3894444444445,"{""type"":""MultiPoint"",""coordinates"":[]}"
20151103T15,2.3955732,2015-11-03 15:00:00,-10,-60,5323496.0,5.323496,1478.7488888888888,"{""type"":""MultiPoint"",""coordinates"":[]}"
20151103T16,3.3923916000000003,2015-11-03 16:00:00,-10,-60,7538648.0,7.538648,2094.068888888889,"{""type"":""MultiPoint"",""coordinates"":[]}"
20151103T17,4.6628505,2015-11-03 17:00:00,-10,-60,1.036189E7,10.36189,2878.302777777778,"{""type"":""MultiPoint"",""coordinates"":[]}"
20151103T18,5.8350969,2015-11-03 18:00:00,-10,-60,1.2966882E7,12.966882,3601.911666666667,"{""type"":""MultiPoint"",""coordinates"":[]}"
20151103T19,6.8730615,2015-11-03 19:00:00,-10,-60,1.527347E7,15.27347,4242.6305555555555,"{""type"":""MultiPoint"",""coordinates"":[]}"
20151103T20,7.5235545,2015-11-03 20:00:00,-10,-60,1.671901E7,16.71901,4644.169444444445,"{""type"":""MultiPoint"",""coordinates"":[]}"
20151103T21,7.9074576,2015-11-03 21:00:00,-10,-60,1.7572128E7,17.572128,4881.1466666666665,"{""type"":""MultiPoint"",""coordinates"":[]}"
20151103T22,7.989975000000001,2015-11-03 22:00:00,-10,-60,1.77555E7,17.7555,4932.083333333333,"{""type"":""MultiPoint"",""coordinates"":[]}"
20151103T23,7.989975000000001,2015-11-03 23:00:00,-10,-60,1.77555E7,17.7555,4932.083333333333,"{""type"":""MultiPoint"",""coordinates"":[]}"
20151104T00,7.989975000000001,2015-11-04 00:00:00,-10,-60,1.77555E7,17.7555,4932.083333333333,"{""type"":""MultiPoint"",""coordinates"":[]}"
20151104T01,0.0,2015-11-04 01:00:00,-10,-60,0.0,0.0,0.0,"{""type"":""MultiPoint"",""coordinates"":[]}"
20151104T02,0.0,2015-11-04 02:00:00,-10,-60,0.0,0.0,0.0,"{""type"":""MultiPoint"",""coordinates"":[]}"
20151104T03,0.0,2015-11-04 03:00:00,-10,-60,0.0,0.0,0.0,"{""type"":""MultiPoint"",""coordinates"":[]}"
20151104T04,0.0,2015-11-04 04:00:00,-10,-60,0.0,0.0,0.0,"{""type"":""MultiPoint"",""coordinates"":[]}"
20151104T05,0.0,2015-11-04 05:00:00,-10,-60,0.0,0.0,0.0,"{""type"":""MultiPoint"",""coordinates"":[]}"
20151104T06,0.0,2015-11-04 06:00:00,-10,-60,0.0,0.0,0.0,"{""type"":""MultiPoint"",""coordinates"":[]}"
20151104T07,0.0,2015-11-04 07:00:00,-10,-60,0.0,0.0,0.0,"{""type"":""MultiPoint"",""coordinates"":[]}"
20151104T08,0.0,2015-11-04 08:00:00,-10,-60,0.0,0.0,0.0,"{""type"":""MultiPoint"",""coordinates"":[]}"
20151104T09,0.0,2015-11-04 09:00:00,-10,-60,0.0,0.0,0.0,"{""type"":""MultiPoint"",""coordinates"":[]}"
20151104T10,0.014465700000000001,2015-11-04 10:00:00,-10,-60,32146.0,0.032146,8.929444444444444,"{""type"":""MultiPoint"",""coordinates"":[]}"
20151104T11,0.25954200000000005,2015-11-04 11:00:00,-10,-60,576760.0,0.57676,160.2111111111111,"{""type"":""MultiPoint"",""coordinates"":[]}"
20151104T12,0.8666748000000001,2015-11-04 12:00:00,-10,-60,1925944.0,1.925944,534.9844444444444,"{""type"":""MultiPoint"",""coordinates"":[]}"
20151104T13,1.7522829000000002,2015-11-04 13:00:00,-10,-60,3893962.0,3.893962,1081.6561111111112,"{""type"":""MultiPoint"",""coordinates"":[]}"
20151104T14,2.6794035,2015-11-04 14:00:00,-10,-60,5954230.0,5.95423,1653.9527777777778,"{""type"":""MultiPoint"",""coordinates"":[]}"
20151104T15,3.8176047,2015-11-04 15:00:00,-10,-60,8483566.0,8.483566,2356.5461111111113,"{""type"":""MultiPoint"",""coordinates"":[]}"
20151104T16,4.7897568,2015-11-04 16:00:00,-10,-60,1.0643904E7,10.643904,2956.64,"{""type"":""MultiPoint"",""coordinates"":[]}"
20151104T17,5.6021364,2015-11-04 17:00:00,-10,-60,1.2449192E7,12.449192,3458.108888888889,"{""type"":""MultiPoint"",""coordinates"":[]}"
20151104T18,6.4537758,2015-11-04 18:00:00,-10,-60,1.4341724E7,14.341724,3983.8122222222223,"{""type"":""MultiPoint"",""coordinates"":[]}"
20151104T19,7.422219,2015-11-04 19:00:00,-10,-60,1.649382E7,16.49382,4581.616666666667,"{""type"":""MultiPoint"",""coordinates"":[]}"
20151104T20,8.129007,2015-11-04 20:00:00,-10,-60,1.806446E7,18.06446,5017.905555555555,"{""type"":""MultiPoint"",""coordinates"":[]}"
20151104T21,8.4733578,2015-11-04 21:00:00,-10,-60,1.8829684E7,18.829684,5230.467777777778,"{""type"":""MultiPoint"",""coordinates"":[]}"
20151104T22,8.5376268,2015-11-04 22:00:00,-10,-60,1.8972504E7,18.972504,5270.14,"{""type"":""MultiPoint"",""coordinates"":[]}"
20151104T23,8.5376268,2015-11-04 23:00:00,-10,-60,1.8972504E7,18.972504,5270.14,"{""type"":""MultiPoint"",""coordinates"":[]}"
20151105T00,8.5376268,2015-11-05 00:00:00,-10,-60,1.8972504E7,18.972504,5270.14,"{""type"":""MultiPoint"",""coordinates"":[]}"
20151105T01,0.0,2015-11-05 01:00:00,-10,-60,0.0,0.0,0.0,"{""type"":""MultiPoint"",""coordinates"":[]}"
20151105T02,0.0,2015-11-05 02:00:00,-10,-60,0.0,0.0,0.0,"{""type"":""MultiPoint"",""coordinates"":[]}"
20151105T03,0.0,2015-11-05 03:00:00,-10,-60,0.0,0.0,0.0,"{""type"":""MultiPoint"",""coordinates"":[]}"
20151105T04,0.0,2015-11-05 04:00:00,-10,-60,0.0,0.0,0.0,"{""type"":""MultiPoint"",""coordinates"":[]}"
20151105T05,0.0,2015-11-05 05:00:00,-10,-60,0.0,0.0,0.0,"{""type"":""MultiPoint"",""coordinates"":[]}"
20151105T06,0.0,2015-11-05 06:00:00,-10,-60,0.0,0.0,0.0,"{""type"":""MultiPoint"",""coordinates"":[]}"
20151105T07,0.0,2015-11-05 07:00:00,-10,-60,0.0,0.0,0.0,"{""type"":""MultiPoint"",""coordinates"":[]}"
20151105T08,0.0,2015-11-05 08:00:00,-10,-60,0.0,0.0,0.0,"{""type"":""MultiPoint"",""coordinates"":[]}"
20151105T09,0.0,2015-11-05 09:00:00,-10,-60,0.0,0.0,0.0,"{""type"":""MultiPoint"",""coordinates"":[]}"
20151105T10,0.0130491,2015-11-05 10:00:00,-10,-60,28998.0,0.028998,8.055,"{""type"":""MultiPoint"",""coordinates"":[]}"
20151105T11,0.1032246,2015-11-05 11:00:00,-10,-60,229388.0,0.229388,63.71888888888889,"{""type"":""MultiPoint"",""coordinates"":[]}"
20151105T12,0.2151432,2015-11-05 12:00:00,-10,-60,478096.0,0.478096,132.80444444444444,"{""type"":""MultiPoint"",""coordinates"":[]}"
20151105T13,0.3559698,2015-11-05 13:00:00,-10,-60,791044.0,0.791044,219.73444444444445,"{""type"":""MultiPoint"",""coordinates"":[]}"
20151105T14,0.6368616,2015-11-05 14:00:00,-10,-60,1415248.0,1.415248,393.12444444444446,"{""type"":""MultiPoint"",""coordinates"":[]}"
20151105T15,1.3177052999999999,2015-11-05 15:00:00,-10,-60,2928234.0,2.928234,813.3983333333333,"{""type"":""MultiPoint"",""coordinates"":[]}"
20151105T16,2.2402584,2015-11-05 16:00:00,-10,-60,4978352.0,4.978352,1382.8755555555556,"{""type"":""MultiPoint"",""coordinates"":[]}"
20151105T17,3.4437789,2015-11-05 17:00:00,-10,-60,7652842.0,7.652842,2125.7894444444446,"{""type"":""MultiPoint"",""coordinates"":[]}"
20151105T18,4.6669932,2015-11-05 18:00:00,-10,-60,1.0371096E7,10.371096,2880.86,"{""type"":""MultiPoint"",""coordinates"":[]}"
20151105T19,5.1959241,2015-11-05 19:00:00,-10,-60,1.1546498E7,11.546498,3207.3605555555555,"{""type"":""MultiPoint"",""coordinates"":[]}"
20151105T20,5.705894700000001,2015-11-05 20:00:00,-10,-60,1.2679766E7,12.679766,3522.157222222222,"{""type"":""MultiPoint"",""coordinates"":[]}"
20151105T21,5.9371488,2015-11-05 21:00:00,-10,-60,1.3193664E7,13.193664,3664.9066666666668,"{""type"":""MultiPoint"",""coordinates"":[]}"
20151105T22,5.9983037999999995,2015-11-05 22:00:00,-10,-60,1.3329564E7,13.329564,3702.6566666666668,"{""type"":""MultiPoint"",""coordinates"":[]}"
20151105T23,5.9983037999999995,2015-11-05 23:00:00,-10,-60,1.3329564E7,13.329564,3702.6566666666668,"{""type"":""MultiPoint"",""coordinates"":[]}"
20151106T00,5.9983037999999995,2015-11-06 00:00:00,-10,-60,1.3329564E7,13.329564,3702.6566666666668,"{""type"":""MultiPoint"",""coordinates"":[]}"
20151106T01,0.0,2015-11-06 01:00:00,-10,-60,0.0,0.0,0.0,"{""type"":""MultiPoint"",""coordinates"":[]}"
20151106T02,0.0,2015-11-06 02:00:00,-10,-60,0.0,0.0,0.0,"{""type"":""MultiPoint"",""coordinates"":[]}"
20151106T03,0.0,2015-11-06 03:00:00,-10,-60,0.0,0.0,0.0,"{""type"":""MultiPoint"",""coordinates"":[]}"
20151106T04,0.0,2015-11-06 04:00:00,-10,-60,0.0,0.0,0.0,"{""type"":""MultiPoint"",""coordinates"":[]}"
20151106T05,0.0,2015-11-06 05:00:00,-10,-60,0.0,0.0,0.0,"{""type"":""MultiPoint"",""coordinates"":[]}"
20151106T06,0.0,2015-11-06 06:00:00,-10,-60,0.0,0.0,0.0,"{""type"":""MultiPoint"",""coordinates"":[]}"
20151106T07,0.0,2015-11-06 07:00:00,-10,-60,0.0,0.0,0.0,"{""type"":""MultiPoint"",""coordinates"":[]}"
20151106T08,0.0,2015-11-06 08:00:00,-10,-60,0.0,0.0,0.0,"{""type"":""MultiPoint"",""coordinates"":[]}"
20151106T09,0.0,2015-11-06 09:00:00,-10,-60,0.0,0.0,0.0,"{""type"":""MultiPoint"",""coordinates"":[]}"
20151106T10,0.0160353,2015-11-06 10:00:00,-10,-60,35634.0,0.035634,9.898333333333333,"{""type"":""MultiPoint"",""coordinates"":[]}"
20151106T11,0.1958301,2015-11-06 11:00:00,-10,-60,435178.0,0.435178,120.88277777777778,"{""type"":""MultiPoint"",""coordinates"":[]}"
20151106T12,0.7508196,2015-11-06 12:00:00,-10,-60,1668488.0,1.668488,463.4688888888889,"{""type"":""MultiPoint"",""coordinates"":[]}"
20151106T13,1.5858405000000002,2015-11-06 13:00:00,-10,-60,3524090.0,3.52409,978.9138888888889,"{""type"":""MultiPoint"",""coordinates"":[]}"
20151106T14,2.6459784,2015-11-06 14:00:00,-10,-60,5879952.0,5.879952,1633.32,"{""type"":""MultiPoint"",""coordinates"":[]}"
20151106T15,3.6479609999999996,2015-11-06 15:00:00,-10,-60,8106580.0,8.10658,2251.8277777777776,"{""type"":""MultiPoint"",""coordinates"":[]}"
20151106T16,4.4654148000000005,2015-11-06 16:00:00,-10,-60,9923144.0,9.923144,2756.428888888889,"{""type"":""MultiPoint"",""coordinates"":[]}"
20151106T17,5.4553743,2015-11-06 17:00:00,-10,-60,1.2123054E7,12.123054,3367.515,"{""type"":""MultiPoint"",""coordinates"":[]}"
20151106T18,6.2833464,2015-11-06 18:00:00,-10,-60,1.3962992E7,13.962992,3878.608888888889,"{""type"":""MultiPoint"",""coordinates"":[]}"
20151106T19,6.9051222,2015-11-06 19:00:00,-10,-60,1.5344716E7,15.344716,4262.421111111111,"{""type"":""MultiPoint"",""coordinates"":[]}"
20151106T20,7.285607100000001,2015-11-06 20:00:00,-10,-60,1.6190238E7,16.190238,4497.288333333333,"{""type"":""MultiPoint"",""coordinates"":[]}"
20151106T21,7.5192407999999995,2015-11-06 21:00:00,-10,-60,1.6709424E7,16.709424,4641.506666666667,"{""type"":""MultiPoint"",""coordinates"":[]}"
20151106T22,7.566728400000001,2015-11-06 22:00:00,-10,-60,1.6814952E7,16.814952,4670.82,"{""type"":""MultiPoint"",""coordinates"":[]}"
20151106T23,7.566728400000001,2015-11-06 23:00:00,-10,-60,1.6814952E7,16.814952,4670.82,"{""type"":""MultiPoint"",""coordinates"":[]}"
20151107T00,7.566728400000001,2015-11-07 00:00:00,-10,-60,1.6814952E7,16.814952,4670.82,"{""type"":""MultiPoint"",""coordinates"":[]}"
20151107T01,0.0,2015-11-07 01:00:00,-10,-60,0.0,0.0,0.0,"{""type"":""MultiPoint"",""coordinates"":[]}"
20151107T02,0.0,2015-11-07 02:00:00,-10,-60,0.0,0.0,0.0,"{""type"":""MultiPoint"",""coordinates"":[]}"
20151107T03,0.0,2015-11-07 03:00:00,-10,-60,0.0,0.0,0.0,"{""type"":""MultiPoint"",""coordinates"":[]}"
20151107T04,0.0,2015-11-07 04:00:00,-10,-60,0.0,0.0,0.0,"{""type"":""MultiPoint"",""coordinates"":[]}"
20151107T05,0.0,2015-11-07 05:00:00,-10,-60,0.0,0.0,0.0,"{""type"":""MultiPoint"",""coordinates"":[]}"
20151107T06,0.0,2015-11-07 06:00:00,-10,-60,0.0,0.0,0.0,"{""type"":""MultiPoint"",""coordinates"":[]}"
20151107T07,0.0,2015-11-07 07:00:00,-10,-60,0.0,0.0,0.0,"{""type"":""MultiPoint"",""coordinates"":[]}"
20151107T08,0.0,2015-11-07 08:00:00,-10,-60,0.0,0.0,0.0,"{""type"":""MultiPoint"",""coordinates"":[]}"
20151107T09,0.0,2015-11-07 09:00:00,-10,-60,0.0,0.0,0.0,"{""type"":""MultiPoint"",""coordinates"":[]}"
20151107T10,0.0091125,2015-11-07 10:00:00,-10,-60,20250.0,0.02025,5.625,"{""type"":""MultiPoint"",""coordinates"":[]}"
20151107T11,0.09363060000000001,2015-11-07 11:00:00,-10,-60,208068.0,0.208068,57.79666666666667,"{""type"":""MultiPoint"",""coordinates"":[]}"
20151107T12,0.3570579,2015-11-07 12:00:00,-10,-60,793462.0,0.793462,220.4061111111111,"{""type"":""MultiPoint"",""coordinates"":[]}"
20151107T13,0.7712595,2015-11-07 13:00:00,-10,-60,1713910.0,1.71391,476.0861111111111,"{""type"":""MultiPoint"",""coordinates"":[]}"
20151107T14,1.3648761,2015-11-07 14:00:00,-10,-60,3033058.0,3.033058,842.5161111111111,"{""type"":""MultiPoint"",""coordinates"":[]}"
20151107T15,2.3554304999999998,2015-11-07 15:00:00,-10,-60,5234290.0,5.23429,1453.9694444444444,"{""type"":""MultiPoint"",""coordinates"":[]}"
20151107T16,3.62646,2015-11-07 16:00:00,-10,-60,8058800.0,8.0588,2238.5555555555557,"{""type"":""MultiPoint"",""coordinates"":[]}"
20151107T17,4.8632157,2015-11-07 17:00:00,-10,-60,1.0807146E7,10.807146,3001.985,"{""type"":""MultiPoint"",""coordinates"":[]}"
20151107T18,6.1100082,2015-11-07 18:00:00,-10,-60,1.3577796E7,13.577796,3771.61,"{""type"":""MultiPoint"",""coordinates"":[]}"
20151107T19,7.0785783,2015-11-07 19:00:00,-10,-60,1.5730174E7,15.730174,4369.4927777777775,"{""type"":""MultiPoint"",""coordinates"":[]}"
20151107T20,7.8744798,2015-11-07 20:00:00,-10,-60,1.7498844E7,17.498844,4860.79,"{""type"":""MultiPoint"",""coordinates"":[]}"
20151107T21,8.206705800000002,2015-11-07 21:00:00,-10,-60,1.8237124E7,18.237124,5065.8677777777775,"{""type"":""MultiPoint"",""coordinates"":[]}"
20151107T22,8.2906938,2015-11-07 22:00:00,-10,-60,1.8423764E7,18.423764,5117.712222222222,"{""type"":""MultiPoint"",""coordinates"":[]}"
20151107T23,8.2906938,2015-11-07 23:00:00,-10,-60,1.8423764E7,18.423764,5117.712222222222,"{""type"":""MultiPoint"",""coordinates"":[]}"
20151108T00,8.2906938,2015-11-08 00:00:00,-10,-60,1.8423764E7,18.423764,5117.712222222222,"{""type"":""MultiPoint"",""coordinates"":[]}"
20151108T01,0.0,2015-11-08 01:00:00,-10,-60,0.0,0.0,0.0,"{""type"":""MultiPoint"",""coordinates"":[]}"
20151108T02,0.0,2015-11-08 02:00:00,-10,-60,0.0,0.0,0.0,"{""type"":""MultiPoint"",""coordinates"":[]}"
20151108T03,0.0,2015-11-08 03:00:00,-10,-60,0.0,0.0,0.0,"{""type"":""MultiPoint"",""coordinates"":[]}"
20151108T04,0.0,2015-11-08 04:00:00,-10,-60,0.0,0.0,0.0,"{""type"":""MultiPoint"",""coordinates"":[]}"
20151108T05,0.0,2015-11-08 05:00:00,-10,-60,0.0,0.0,0.0,"{""type"":""MultiPoint"",""coordinates"":[]}"
20151108T06,0.0,2015-11-08 06:00:00,-10,-60,0.0,0.0,0.0,"{""type"":""MultiPoint"",""coordinates"":[]}"
20151108T07,0.0,2015-11-08 07:00:00,-10,-60,0.0,0.0,0.0,"{""type"":""MultiPoint"",""coordinates"":[]}"
20151108T08,0.0,2015-11-08 08:00:00,-10,-60,0.0,0.0,0.0,"{""type"":""MultiPoint"",""coordinates"":[]}"
20151108T09,0.0,2015-11-08 09:00:00,-10,-60,0.0,0.0,0.0,"{""type"":""MultiPoint"",""coordinates"":[]}"
20151108T10,0.0215028,2015-11-08 10:00:00,-10,-60,47784.0,0.047784,13.273333333333333,"{""type"":""MultiPoint"",""coordinates"":[]}"
20151108T11,0.30009240000000004,2015-11-08 11:00:00,-10,-60,666872.0,0.666872,185.2422222222222,"{""type"":""MultiPoint"",""coordinates"":[]}"
20151108T12,0.9751131,2015-11-08 12:00:00,-10,-60,2166918.0,2.166918,601.9216666666666,"{""type"":""MultiPoint"",""coordinates"":[]}"
20151108T13,1.9970298000000002,2015-11-08 13:00:00,-10,-60,4437844.0,4.437844,1232.7344444444445,"{""type"":""MultiPoint"",""coordinates"":[]}"
20151108T14,3.2953068,2015-11-08 14:00:00,-10,-60,7322904.0,7.322904,2034.14,"{""type"":""MultiPoint"",""coordinates"":[]}"
20151108T15,4.6931274,2015-11-08 15:00:00,-10,-60,1.0429172E7,10.429172,2896.992222222222,"{""type"":""MultiPoint"",""coordinates"":[]}"
20151108T16,6.0265899,2015-11-08 16:00:00,-10,-60,1.3392422E7,13.392422,3720.117222222222,"{""type"":""MultiPoint"",""coordinates"":[]}"
20151108T17,7.0848288,2015-11-08 17:00:00,-10,-60,1.5744064E7,15.744064,4373.351111111111,"{""type"":""MultiPoint"",""coordinates"":[]}"
20151108T18,8.085204000000001,2015-11-08 18:00:00,-10,-60,1.796712E7,17.96712,4990.866666666667,"{""type"":""MultiPoint"",""coordinates"":[]}"
20151108T19,9.1773504,2015-11-08 19:00:00,-10,-60,2.0394112E7,20.394112,5665.031111111111,"{""type"":""MultiPoint"",""coordinates"":[]}"
20151108T20,9.9446481,2015-11-08 20:00:00,-10,-60,2.2099218E7,22.099218,6138.671666666667,"{""type"":""MultiPoint"",""coordinates"":[]}"
20151108T21,10.2928716,2015-11-08 21:00:00,-10,-60,2.2873048E7,22.873048,6353.624444444445,"{""type"":""MultiPoint"",""coordinates"":[]}"
20151108T22,10.3738464,2015-11-08 22:00:00,-10,-60,2.3052992E7,23.052992,6403.608888888889,"{""type"":""MultiPoint"",""coordinates"":[]}"
20151108T23,10.3738464,2015-11-08 23:00:00,-10,-60,2.3052992E7,23.052992,6403.608888888889,"{""type"":""MultiPoint"",""coordinates"":[]}"
20151109T00,10.3738464,2015-11-09 00:00:00,-10,-60,2.3052992E7,23.052992,6403.608888888889,"{""type"":""MultiPoint"",""coordinates"":[]}"
20151109T01,0.0,2015-11-09 01:00:00,-10,-60,0.0,0.0,0.0,"{""type"":""MultiPoint"",""coordinates"":[]}"
20151109T02,0.0,2015-11-09 02:00:00,-10,-60,0.0,0.0,0.0,"{""type"":""MultiPoint"",""coordinates"":[]}"
20151109T03,0.0,2015-11-09 03:00:00,-10,-60,0.0,0.0,0.0,"{""type"":""MultiPoint"",""coordinates"":[]}"
20151109T04,0.0,2015-11-09 04:00:00,-10,-60,0.0,0.0,0.0,"{""type"":""MultiPoint"",""coordinates"":[]}"
20151109T05,0.0,2015-11-09 05:00:00,-10,-60,0.0,0.0,0.0,"{""type"":""MultiPoint"",""coordinates"":[]}"
20151109T06,0.0,2015-11-09 06:00:00,-10,-60,0.0,0.0,0.0,"{""type"":""MultiPoint"",""coordinates"":[]}"
20151109T07,0.0,2015-11-09 07:00:00,-10,-60,0.0,0.0,0.0,"{""type"":""MultiPoint"",""coordinates"":[]}"
20151109T08,0.0,2015-11-09 08:00:00,-10,-60,0.0,0.0,0.0,"{""type"":""MultiPoint"",""coordinates"":[]}"
20151109T09,0.0,2015-11-09 09:00:00,-10,-60,0.0,0.0,0.0,"{""type"":""MultiPoint"",""coordinates"":[]}"
20151109T10,0.0204525,2015-11-09 10:00:00,-10,-60,45450.0,0.04545,12.625,"{""type"":""MultiPoint"",""coordinates"":[]}"
20151109T11,0.28494270000000005,2015-11-09 11:00:00,-10,-60,633206.0,0.633206,175.89055555555555,"{""type"":""MultiPoint"",""coordinates"":[]}"
20151109T12,0.8639154,2015-11-09 12:00:00,-10,-60,1919812.0,1.919812,533.2811111111112,"{""type"":""MultiPoint"",""coordinates"":[]}"
20151109T13,1.7936685,2015-11-09 13:00:00,-10,-60,3985930.0,3.98593,1107.2027777777778,"{""type"":""MultiPoint"",""coordinates"":[]}"
20151109T14,2.8860543,2015-11-09 14:00:00,-10,-60,6413454.0,6.413454,1781.515,"{""type"":""MultiPoint"",""coordinates"":[]}"
20151109T15,4.0659075,2015-11-09 15:00:00,-10,-60,9035350.0,9.03535,2509.8194444444443,"{""type"":""MultiPoint"",""coordinates"":[]}"
20151109T16,5.0955687,2015-11-09 16:00:00,-10,-60,1.1323486E7,11.323486,3145.4127777777776,"{""type"":""MultiPoint"",""coordinates"":[]}"
20151109T17,5.943310200000001,2015-11-09 17:00:00,-10,-60,1.3207356E7,13.207356,3668.71,"{""type"":""MultiPoint"",""coordinates"":[]}"
20151109T18,6.7910129999999995,2015-11-09 18:00:00,-10,-60,1.509114E7,15.09114,4191.983333333334,"{""type"":""MultiPoint"",""coordinates"":[]}"
20151109T19,7.877261700000001,2015-11-09 19:00:00,-10,-60,1.7505026E7,17.505026,4862.5072222222225,"{""type"":""MultiPoint"",""coordinates"":[]}"
20151109T20,8.6094252,2015-11-09 20:00:00,-10,-60,1.9132056E7,19.132056,5314.46,"{""type"":""MultiPoint"",""coordinates"":[]}"
20151109T21,8.945638200000001,2015-11-09 21:00:00,-10,-60,1.9879196E7,19.879196,5521.998888888889,"{""type"":""MultiPoint"",""coordinates"":[]}"
20151109T22,9.036018,2015-11-09 22:00:00,-10,-60,2.008004E7,20.08004,5577.788888888889,"{""type"":""MultiPoint"",""coordinates"":[]}"
20151109T23,9.036018,2015-11-09 23:00:00,-10,-60,2.008004E7,20.08004,5577.788888888889,"{""type"":""MultiPoint"",""coordinates"":[]}"
20151110T00,9.036018,2015-11-10 00:00:00,-10,-60,2.008004E7,20.08004,5577.788888888889,"{""type"":""MultiPoint"",""coordinates"":[]}"
20151110T01,0.0,2015-11-10 01:00:00,-10,-60,0.0,0.0,0.0,"{""type"":""MultiPoint"",""coordinates"":[]}"
20151110T02,0.0,2015-11-10 02:00:00,-10,-60,0.0,0.0,0.0,"{""type"":""MultiPoint"",""coordinates"":[]}"
20151110T03,0.0,2015-11-10 03:00:00,-10,-60,0.0,0.0,0.0,"{""type"":""MultiPoint"",""coordinates"":[]}"
20151110T04,0.0,2015-11-10 04:00:00,-10,-60,0.0,0.0,0.0,"{""type"":""MultiPoint"",""coordinates"":[]}"
20151110T05,0.0,2015-11-10 05:00:00,-10,-60,0.0,0.0,0.0,"{""type"":""MultiPoint"",""coordinates"":[]}"
20151110T06,0.0,2015-11-10 06:00:00,-10,-60,0.0,0.0,0.0,"{""type"":""MultiPoint"",""coordinates"":[]}"
20151110T07,0.0,2015-11-10 07:00:00,-10,-60,0.0,0.0,0.0,"{""type"":""MultiPoint"",""coordinates"":[]}"
20151110T08,0.0,2015-11-10 08:00:00,-10,-60,0.0,0.0,0.0,"{""type"":""MultiPoint"",""coordinates"":[]}"
20151110T09,0.0,2015-11-10 09:00:00,-10,-60,0.0,0.0,0.0,"{""type"":""MultiPoint"",""coordinates"":[]}"
20151110T10,0.0193635,2015-11-10 10:00:00,-10,-60,43030.0,0.04303,11.952777777777778,"{""type"":""MultiPoint"",""coordinates"":[]}"
20151110T11,0.241722,2015-11-10 11:00:00,-10,-60,537160.0,0.53716,149.2111111111111,"{""type"":""MultiPoint"",""coordinates"":[]}"
20151110T12,0.8755083,2015-11-10 12:00:00,-10,-60,1945574.0,1.945574,540.4372222222222,"{""type"":""MultiPoint"",""coordinates"":[]}"
20151110T13,1.8976653,2015-11-10 13:00:00,-10,-60,4217034.0,4.217034,1171.3983333333333,"{""type"":""MultiPoint"",""coordinates"":[]}"
20151110T14,3.1151961000000004,2015-11-10 14:00:00,-10,-60,6922658.0,6.922658,1922.9605555555556,"{""type"":""MultiPoint"",""coordinates"":[]}"
20151110T15,4.578600600000001,2015-11-10 15:00:00,-10,-60,1.0174668E7,10.174668,2826.2966666666666,"{""type"":""MultiPoint"",""coordinates"":[]}"
20151110T16,5.988265200000001,2015-11-10 16:00:00,-10,-60,1.3307256E7,13.307256,3696.46,"{""type"":""MultiPoint"",""coordinates"":[]}"
20151110T17,7.2291483,2015-11-10 17:00:00,-10,-60,1.6064774E7,16.064774,4462.437222222222,"{""type"":""MultiPoint"",""coordinates"":[]}"
20151110T18,8.6233095,2015-11-10 18:00:00,-10,-60,1.916291E7,19.16291,5323.030555555555,"{""type"":""MultiPoint"",""coordinates"":[]}"
20151110T19,9.7717887,2015-11-10 19:00:00,-10,-60,2.1715086E7,21.715086,6031.968333333333,"{""type"":""MultiPoint"",""coordinates"":[]}"
20151110T20,10.5172659,2015-11-10 20:00:00,-10,-60,2.3371702E7,23.371702,6492.139444444444,"{""type"":""MultiPoint"",""coordinates"":[]}"
20151110T21,10.881918,2015-11-10 21:00:00,-10,-60,2.418204E7,24.18204,6717.233333333334,"{""type"":""MultiPoint"",""coordinates"":[]}"
20151110T22,10.9758024,2015-11-10 22:00:00,-10,-60,2.4390672E7,24.390672,6775.1866666666665,"{""type"":""MultiPoint"",""coordinates"":[]}"
20151110T23,10.9758024,2015-11-10 23:00:00,-10,-60,2.4390672E7,24.390672,6775.1866666666665,"{""type"":""MultiPoint"",""coordinates"":[]}"
20151111T00,10.9758024,2015-11-11 00:00:00,-10,-60,2.4390672E7,24.390672,6775.1866666666665,"{""type"":""MultiPoint"",""coordinates"":[]}"
20151111T01,0.0,2015-11-11 01:00:00,-10,-60,0.0,0.0,0.0,"{""type"":""MultiPoint"",""coordinates"":[]}"
20151111T02,0.0,2015-11-11 02:00:00,-10,-60,0.0,0.0,0.0,"{""type"":""MultiPoint"",""coordinates"":[]}"
20151111T03,0.0,2015-11-11 03:00:00,-10,-60,0.0,0.0,0.0,"{""type"":""MultiPoint"",""coordinates"":[]}"
20151111T04,0.0,2015-11-11 04:00:00,-10,-60,0.0,0.0,0.0,"{""type"":""MultiPoint"",""coordinates"":[]}"
20151111T05,0.0,2015-11-11 05:00:00,-10,-60,0.0,0.0,0.0,"{""type"":""MultiPoint"",""coordinates"":[]}"
20151111T06,0.0,2015-11-11 06:00:00,-10,-60,0.0,0.0,0.0,"{""type"":""MultiPoint"",""coordinates"":[]}"
20151111T07,0.0,2015-11-11 07:00:00,-10,-60,0.0,0.0,0.0,"{""type"":""MultiPoint"",""coordinates"":[]}"
20151111T08,0.0,2015-11-11 08:00:00,-10,-60,0.0,0.0,0.0,"{""type"":""MultiPoint"",""coordinates"":[]}"
20151111T09,0.0,2015-11-11 09:00:00,-10,-60,0.0,0.0,0.0,"{""type"":""MultiPoint"",""coordinates"":[]}"
20151111T10,0.0221229,2015-11-11 10:00:00,-10,-60,49162.0,0.049162,13.65611111111111,"{""type"":""MultiPoint"",""coordinates"":[]}"
20151111T11,0.30904020000000004,2015-11-11 11:00:00,-10,-60,686756.0,0.686756,190.76555555555555,"{""type"":""MultiPoint"",""coordinates"":[]}"
20151111T12,0.9906552,2015-11-11 12:00:00,-10,-60,2201456.0,2.201456,611.5155555555556,"{""type"":""MultiPoint"",""coordinates"":[]}"
20151111T13,2.0769794999999998,2015-11-11 13:00:00,-10,-60,4615510.0,4.61551,1282.0861111111112,"{""type"":""MultiPoint"",""coordinates"":[]}"
20151111T14,3.439602,2015-11-11 14:00:00,-10,-60,7643560.0,7.64356,2123.211111111111,"{""type"":""MultiPoint"",""coordinates"":[]}"
20151111T15,4.8685428,2015-11-11 15:00:00,-10,-60,1.0818984E7,10.818984,3005.2733333333335,"{""type"":""MultiPoint"",""coordinates"":[]}"
20151111T16,6.294294900000001,2015-11-11 16:00:00,-10,-60,1.3987322E7,13.987322,3885.367222222222,"{""type"":""MultiPoint"",""coordinates"":[]}"
20151111T17,7.6267431000000006,2015-11-11 17:00:00,-10,-60,1.6948318E7,16.948318,4707.866111111111,"{""type"":""MultiPoint"",""coordinates"":[]}"
20151111T18,8.559547199999999,2015-11-11 18:00:00,-10,-60,1.9021216E7,19.021216,5283.671111111111,"{""type"":""MultiPoint"",""coordinates"":[]}"
20151111T19,9.6204321,2015-11-11 19:00:00,-10,-60,2.1378738E7,21.378738,5938.538333333333,"{""type"":""MultiPoint"",""coordinates"":[]}"
20151111T20,10.3592151,2015-11-11 20:00:00,-10,-60,2.3020478E7,23.020478,6394.577222222222,"{""type"":""MultiPoint"",""coordinates"":[]}"
20151111T21,10.733423400000001,2015-11-11 21:00:00,-10,-60,2.3852052E7,23.852052,6625.57,"{""type"":""MultiPoint"",""coordinates"":[]}"
20151111T22,10.831698000000001,2015-11-11 22:00:00,-10,-60,2.407044E7,24.07044,6686.233333333334,"{""type"":""MultiPoint"",""coordinates"":[]}"
20151111T23,10.831698000000001,2015-11-11 23:00:00,-10,-60,2.407044E7,24.07044,6686.233333333334,"{""type"":""MultiPoint"",""coordinates"":[]}"
20151112T00,10.831698000000001,2015-11-12 00:00:00,-10,-60,2.407044E7,24.07044,6686.233333333334,"{""type"":""MultiPoint"",""coordinates"":[]}"
20151112T01,0.0,2015-11-12 01:00:00,-10,-60,0.0,0.0,0.0,"{""type"":""MultiPoint"",""coordinates"":[]}"
20151112T02,0.0,2015-11-12 02:00:00,-10,-60,0.0,0.0,0.0,"{""type"":""MultiPoint"",""coordinates"":[]}"
20151112T03,0.0,2015-11-12 03:00:00,-10,-60,0.0,0.0,0.0,"{""type"":""MultiPoint"",""coordinates"":[]}"
20151112T04,0.0,2015-11-12 04:00:00,-10,-60,0.0,0.0,0.0,"{""type"":""MultiPoint"",""coordinates"":[]}"
20151112T05,0.0,2015-11-12 05:00:00,-10,-60,0.0,0.0,0.0,"{""type"":""MultiPoint"",""coordinates"":[]}"
20151112T06,0.0,2015-11-12 06:00:00,-10,-60,0.0,0.0,0.0,"{""type"":""MultiPoint"",""coordinates"":[]}"
20151112T07,0.0,2015-11-12 07:00:00,-10,-60,0.0,0.0,0.0,"{""type"":""MultiPoint"",""coordinates"":[]}"
20151112T08,0.0,2015-11-12 08:00:00,-10,-60,0.0,0.0,0.0,"{""type"":""MultiPoint"",""coordinates"":[]}"
20151112T09,0.0,2015-11-12 09:00:00,-10,-60,0.0,0.0,0.0,"{""type"":""MultiPoint"",""coordinates"":[]}"
20151112T10,0.022806899999999998,2015-11-12 10:00:00,-10,-60,50682.0,0.050682,14.078333333333333,"{""type"":""MultiPoint"",""coordinates"":[]}"
20151112T11,0.3083319,2015-11-12 11:00:00,-10,-60,685182.0,0.685182,190.32833333333335,"{""type"":""MultiPoint"",""coordinates"":[]}"
20151112T12,0.9466874999999999,2015-11-12 12:00:00,-10,-60,2103750.0,2.10375,584.375,"{""type"":""MultiPoint"",""coordinates"":[]}"
20151112T13,1.8415089,2015-11-12 13:00:00,-10,-60,4092242.0,4.092242,1136.733888888889,"{""type"":""MultiPoint"",""coordinates"":[]}"
20151112T14,2.9026854,2015-11-12 14:00:00,-10,-60,6450412.0,6.450412,1791.7811111111112,"{""type"":""MultiPoint"",""coordinates"":[]}"
20151112T15,4.175764200000001,2015-11-12 15:00:00,-10,-60,9279476.0,9.279476,2577.632222222222,"{""type"":""MultiPoint"",""coordinates"":[]}"
20151112T16,5.177330100000001,2015-11-12 16:00:00,-10,-60,1.1505178E7,11.505178,3195.882777777778,"{""type"":""MultiPoint"",""coordinates"":[]}"
20151112T17,6.0195276,2015-11-12 17:00:00,-10,-60,1.3376728E7,13.376728,3715.757777777778,"{""type"":""MultiPoint"",""coordinates"":[]}"
20151112T18,6.656808600000001,2015-11-12 18:00:00,-10,-60,1.4792908E7,14.792908,4109.141111111111,"{""type"":""MultiPoint"",""coordinates"":[]}"
20151112T19,7.432523100000001,2015-11-12 19:00:00,-10,-60,1.6516718E7,16.516718,4587.977222222222,"{""type"":""MultiPoint"",""coordinates"":[]}"
20151112T20,7.952176799999999,2015-11-12 20:00:00,-10,-60,1.7671504E7,17.671504,4908.751111111111,"{""type"":""MultiPoint"",""coordinates"":[]}"
20151112T21,8.214060600000002,2015-11-12 21:00:00,-10,-60,1.8253468E7,18.253468,5070.4077777777775,"{""type"":""MultiPoint"",""coordinates"":[]}"
20151112T22,8.2810368,2015-11-12 22:00:00,-10,-60,1.8402304E7,18.402304,5111.751111111111,"{""type"":""MultiPoint"",""coordinates"":[]}"
20151112T23,8.2810368,2015-11-12 23:00:00,-10,-60,1.8402304E7,18.402304,5111.751111111111,"{""type"":""MultiPoint"",""coordinates"":[]}"
20151113T00,8.2810368,2015-11-13 00:00:00,-10,-60,1.8402304E7,18.402304,5111.751111111111,"{""type"":""MultiPoint"",""coordinates"":[]}"
20151113T01,0.0,2015-11-13 01:00:00,-10,-60,0.0,0.0,0.0,"{""type"":""MultiPoint"",""coordinates"":[]}"
20151113T02,0.0,2015-11-13 02:00:00,-10,-60,0.0,0.0,0.0,"{""type"":""MultiPoint"",""coordinates"":[]}"
20151113T03,0.0,2015-11-13 03:00:00,-10,-60,0.0,0.0,0.0,"{""type"":""MultiPoint"",""coordinates"":[]}"
20151113T04,0.0,2015-11-13 04:00:00,-10,-60,0.0,0.0,0.0,"{""type"":""MultiPoint"",""coordinates"":[]}"
20151113T05,0.0,2015-11-13 05:00:00,-10,-60,0.0,0.0,0.0,"{""type"":""MultiPoint"",""coordinates"":[]}"
20151113T06,0.0,2015-11-13 06:00:00,-10,-60,0.0,0.0,0.0,"{""type"":""MultiPoint"",""coordinates"":[]}"
20151113T07,0.0,2015-11-13 07:00:00,-10,-60,0.0,0.0,0.0,"{""type"":""MultiPoint"",""coordinates"":[]}"
20151113T08,0.0,2015-11-13 08:00:00,-10,-60,0.0,0.0,0.0,"{""type"":""MultiPoint"",""coordinates"":[]}"
20151113T09,0.0,2015-11-13 09:00:00,-10,-60,0.0,0.0,0.0,"{""type"":""MultiPoint"",""coordinates"":[]}"
20151113T10,0.015364800000000001,2015-11-13 10:00:00,-10,-60,34144.0,0.034144,9.484444444444444,"{""type"":""MultiPoint"",""coordinates"":[]}"
20151113T11,0.1534572,2015-11-13 11:00:00,-10,-60,341016.0,0.341016,94.72666666666667,"{""type"":""MultiPoint"",""coordinates"":[]}"
20151113T12,0.6107274,2015-11-13 12:00:00,-10,-60,1357172.0,1.357172,376.9922222222222,"{""type"":""MultiPoint"",""coordinates"":[]}"
20151113T13,1.2651056999999999,2015-11-13 13:00:00,-10,-60,2811346.0,2.811346,780.9294444444445,"{""type"":""MultiPoint"",""coordinates"":[]}"
20151113T14,2.3444819999999997,2015-11-13 14:00:00,-10,-60,5209960.0,5.20996,1447.2111111111112,"{""type"":""MultiPoint"",""coordinates"":[]}"
20151113T15,3.4100622,2015-11-13 15:00:00,-10,-60,7577916.0,7.577916,2104.9766666666665,"{""type"":""MultiPoint"",""coordinates"":[]}"
20151113T16,4.4162343,2015-11-13 16:00:00,-10,-60,9813854.0,9.813854,2726.0705555555555,"{""type"":""MultiPoint"",""coordinates"":[]}"
20151113T17,5.6539026,2015-11-13 17:00:00,-10,-60,1.2564228E7,12.564228,3490.0633333333335,"{""type"":""MultiPoint"",""coordinates"":[]}"
20151113T18,6.878862900000001,2015-11-13 18:00:00,-10,-60,1.5286362E7,15.286362,4246.211666666667,"{""type"":""MultiPoint"",""coordinates"":[]}"
20151113T19,7.8869079,2015-11-13 19:00:00,-10,-60,1.7526462E7,17.526462,4868.461666666667,"{""type"":""MultiPoint"",""coordinates"":[]}"
20151113T20,8.6203638,2015-11-13 20:00:00,-10,-60,1.9156364E7,19.156364,5321.212222222222,"{""type"":""MultiPoint"",""coordinates"":[]}"
20151113T21,9.019377,2015-11-13 21:00:00,-10,-60,2.004306E7,20.04306,5567.516666666666,"{""type"":""MultiPoint"",""coordinates"":[]}"
20151113T22,9.13932,2015-11-13 22:00:00,-10,-60,2.03096E7,20.3096,5641.555555555556,"{""type"":""MultiPoint"",""coordinates"":[]}"
20151113T23,9.13932,2015-11-13 23:00:00,-10,-60,2.03096E7,20.3096,5641.555555555556,"{""type"":""MultiPoint"",""coordinates"":[]}"
20151114T00,9.13932,2015-11-14 00:00:00,-10,-60,2.03096E7,20.3096,5641.555555555556,"{""type"":""MultiPoint"",""coordinates"":[]}"
20151114T01,0.0,2015-11-14 01:00:00,-10,-60,0.0,0.0,0.0,"{""type"":""MultiPoint"",""coordinates"":[]}"
20151114T02,0.0,2015-11-14 02:00:00,-10,-60,0.0,0.0,0.0,"{""type"":""MultiPoint"",""coordinates"":[]}"
20151114T03,0.0,2015-11-14 03:00:00,-10,-60,0.0,0.0,0.0,"{""type"":""MultiPoint"",""coordinates"":[]}"
20151114T04,0.0,2015-11-14 04:00:00,-10,-60,0.0,0.0,0.0,"{""type"":""MultiPoint"",""coordinates"":[]}"
20151114T05,0.0,2015-11-14 05:00:00,-10,-60,0.0,0.0,0.0,"{""type"":""MultiPoint"",""coordinates"":[]}"
20151114T06,0.0,2015-11-14 06:00:00,-10,-60,0.0,0.0,0.0,"{""type"":""MultiPoint"",""coordinates"":[]}"
20151114T07,0.0,2015-11-14 07:00:00,-10,-60,0.0,0.0,0.0,"{""type"":""MultiPoint"",""coordinates"":[]}"
20151114T08,0.0,2015-11-14 08:00:00,-10,-60,0.0,0.0,0.0,"{""type"":""MultiPoint"",""coordinates"":[]}"
20151114T09,0.0,2015-11-14 09:00:00,-10,-60,0.0,0.0,0.0,"{""type"":""MultiPoint"",""coordinates"":[]}"
20151114T10,0.0232623,2015-11-14 10:00:00,-10,-60,51694.0,0.051694,14.359444444444444,"{""type"":""MultiPoint"",""coordinates"":[]}"
20151114T11,0.23322959999999998,2015-11-14 11:00:00,-10,-60,518288.0,0.518288,143.9688888888889,"{""type"":""MultiPoint"",""coordinates"":[]}"
20151114T12,0.5416236,2015-11-14 12:00:00,-10,-60,1203608.0,1.203608,334.3355555555556,"{""type"":""MultiPoint"",""coordinates"":[]}"
20151114T13,0.9670887,2015-11-14 13:00:00,-10,-60,2149086.0,2.149086,596.9683333333334,"{""type"":""MultiPoint"",""coordinates"":[]}"
20151114T14,1.4621508,2015-11-14 14:00:00,-10,-60,3249224.0,3.249224,902.5622222222222,"{""type"":""MultiPoint"",""coordinates"":[]}"
20151114T15,2.1255912,2015-11-14 15:00:00,-10,-60,4723536.0,4.723536,1312.0933333333332,"{""type"":""MultiPoint"",""coordinates"":[]}"
20151114T16,3.1260798,2015-11-14 16:00:00,-10,-60,6946844.0,6.946844,1929.6788888888889,"{""type"":""MultiPoint"",""coordinates"":[]}"
20151114T17,4.138668,2015-11-14 17:00:00,-10,-60,9197040.0,9.19704,2554.733333333333,"{""type"":""MultiPoint"",""coordinates"":[]}"
20151114T18,5.1877206000000005,2015-11-14 18:00:00,-10,-60,1.1528268E7,11.528268,3202.2966666666666,"{""type"":""MultiPoint"",""coordinates"":[]}"
20151114T19,6.305292000000001,2015-11-14 19:00:00,-10,-60,1.401176E7,14.01176,3892.1555555555556,"{""type"":""MultiPoint"",""coordinates"":[]}"
20151114T20,7.0542,2015-11-14 20:00:00,-10,-60,1.5676E7,15.676,4354.444444444444,"{""type"":""MultiPoint"",""coordinates"":[]}"
20151114T21,7.386692399999999,2015-11-14 21:00:00,-10,-60,1.6414872E7,16.414872,4559.6866666666665,"{""type"":""MultiPoint"",""coordinates"":[]}"
20151114T22,7.4788686,2015-11-14 22:00:00,-10,-60,1.6619708E7,16.619708,4616.585555555555,"{""type"":""MultiPoint"",""coordinates"":[]}"
20151114T23,7.4788686,2015-11-14 23:00:00,-10,-60,1.6619708E7,16.619708,4616.585555555555,"{""type"":""MultiPoint"",""coordinates"":[]}"
20151115T00,7.4788686,2015-11-15 00:00:00,-10,-60,1.6619708E7,16.619708,4616.585555555555,"{""type"":""MultiPoint"",""coordinates"":[]}"
20151115T01,0.0,2015-11-15 01:00:00,-10,-60,0.0,0.0,0.0,"{""type"":""MultiPoint"",""coordinates"":[]}"
20151115T02,0.0,2015-11-15 02:00:00,-10,-60,0.0,0.0,0.0,"{""type"":""MultiPoint"",""coordinates"":[]}"
20151115T03,0.0,2015-11-15 03:00:00,-10,-60,0.0,0.0,0.0,"{""type"":""MultiPoint"",""coordinates"":[]}"
20151115T04,0.0,2015-11-15 04:00:00,-10,-60,0.0,0.0,0.0,"{""type"":""MultiPoint"",""coordinates"":[]}"
20151115T05,0.0,2015-11-15 05:00:00,-10,-60,0.0,0.0,0.0,"{""type"":""MultiPoint"",""coordinates"":[]}"
20151115T06,0.0,2015-11-15 06:00:00,-10,-60,0.0,0.0,0.0,"{""type"":""MultiPoint"",""coordinates"":[]}"
20151115T07,0.0,2015-11-15 07:00:00,-10,-60,0.0,0.0,0.0,"{""type"":""MultiPoint"",""coordinates"":[]}"
20151115T08,0.0,2015-11-15 08:00:00,-10,-60,0.0,0.0,0.0,"{""type"":""MultiPoint"",""coordinates"":[]}"
20151115T09,0.0,2015-11-15 09:00:00,-10,-60,0.0,0.0,0.0,"{""type"":""MultiPoint"",""coordinates"":[]}"
20151115T10,0.0232623,2015-11-15 10:00:00,-10,-60,51694.0,0.051694,14.359444444444444,"{""type"":""MultiPoint"",""coordinates"":[]}"
20151115T11,0.3208617,2015-11-15 11:00:00,-10,-60,713026.0,0.713026,198.06277777777777,"{""type"":""MultiPoint"",""coordinates"":[]}"
20151115T12,1.0008315,2015-11-15 12:00:00,-10,-60,2224070.0,2.22407,617.7972222222222,"{""type"":""MultiPoint"",""coordinates"":[]}"
20151115T13,2.0303028,2015-11-15 13:00:00,-10,-60,4511784.0,4.511784,1253.2733333333333,"{""type"":""MultiPoint"",""coordinates"":[]}"
20151115T14,3.2937894,2015-11-15 14:00:00,-10,-60,7319532.0,7.319532,2033.2033333333334,"{""type"":""MultiPoint"",""coordinates"":[]}"
20151115T15,4.602420899999999,2015-11-15 15:00:00,-10,-60,1.0227602E7,10.227602,2841.0005555555554,"{""type"":""MultiPoint"",""coordinates"":[]}"
20151115T16,5.798486700000001,2015-11-15 16:00:00,-10,-60,1.2885526E7,12.885526,3579.3127777777777,"{""type"":""MultiPoint"",""coordinates"":[]}"
20151115T17,7.2808245000000005,2015-11-15 17:00:00,-10,-60,1.617961E7,16.17961,4494.336111111111,"{""type"":""MultiPoint"",""coordinates"":[]}"
20151115T18,8.465942700000001,2015-11-15 18:00:00,-10,-60,1.8813206E7,18.813206,5225.890555555556,"{""type"":""MultiPoint"",""coordinates"":[]}"
20151115T19,9.3875823,2015-11-15 19:00:00,-10,-60,2.0861294E7,20.861294,5794.803888888889,"{""type"":""MultiPoint"",""coordinates"":[]}"
20151115T20,10.036633499999999,2015-11-15 20:00:00,-10,-60,2.230363E7,22.30363,6195.452777777778,"{""type"":""MultiPoint"",""coordinates"":[]}"
20151115T21,10.3724532,2015-11-15 21:00:00,-10,-60,2.3049896E7,23.049896,6402.748888888889,"{""type"":""MultiPoint"",""coordinates"":[]}"
20151115T22,10.455188399999999,2015-11-15 22:00:00,-10,-60,2.3233752E7,23.233752,6453.82,"{""type"":""MultiPoint"",""coordinates"":[]}"
20151115T23,10.455188399999999,2015-11-15 23:00:00,-10,-60,2.3233752E7,23.233752,6453.82,"{""type"":""MultiPoint"",""coordinates"":[]}"
20151116T00,10.455188399999999,2015-11-16 00:00:00,-10,-60,2.3233752E7,23.233752,6453.82,"{""type"":""MultiPoint"",""coordinates"":[]}"
20151116T01,0.0,2015-11-16 01:00:00,-10,-60,0.0,0.0,0.0,"{""type"":""MultiPoint"",""coordinates"":[]}"
20151116T02,0.0,2015-11-16 02:00:00,-10,-60,0.0,0.0,0.0,"{""type"":""MultiPoint"",""coordinates"":[]}"
20151116T03,0.0,2015-11-16 03:00:00,-10,-60,0.0,0.0,0.0,"{""type"":""MultiPoint"",""coordinates"":[]}"
20151116T04,0.0,2015-11-16 04:00:00,-10,-60,0.0,0.0,0.0,"{""type"":""MultiPoint"",""coordinates"":[]}"
20151116T05,0.0,2015-11-16 05:00:00,-10,-60,0.0,0.0,0.0,"{""type"":""MultiPoint"",""coordinates"":[]}"
20151116T06,0.0,2015-11-16 06:00:00,-10,-60,0.0,0.0,0.0,"{""type"":""MultiPoint"",""coordinates"":[]}"
20151116T07,0.0,2015-11-16 07:00:00,-10,-60,0.0,0.0,0.0,"{""type"":""MultiPoint"",""coordinates"":[]}"
20151116T08,0.0,2015-11-16 08:00:00,-10,-60,0.0,0.0,0.0,"{""type"":""MultiPoint"",""coordinates"":[]}"
20151116T09,0.0,2015-11-16 09:00:00,-10,-60,0.0,0.0,0.0,"{""type"":""MultiPoint"",""coordinates"":[]}"
20151116T10,0.0214902,2015-11-16 10:00:00,-10,-60,47756.0,0.047756,13.265555555555556,"{""type"":""MultiPoint"",""coordinates"":[]}"
20151116T11,0.2650095,2015-11-16 11:00:00,-10,-60,588910.0,0.58891,163.5861111111111,"{""type"":""MultiPoint"",""coordinates"":[]}"
20151116T12,0.8723826,2015-11-16 12:00:00,-10,-60,1938628.0,1.938628,538.5077777777777,"{""type"":""MultiPoint"",""coordinates"":[]}"
20151116T13,1.771875,2015-11-16 13:00:00,-10,-60,3937500.0,3.9375,1093.75,"{""type"":""MultiPoint"",""coordinates"":[]}"
20151116T14,2.7554049000000003,2015-11-16 14:00:00,-10,-60,6123122.0,6.123122,1700.8672222222222,"{""type"":""MultiPoint"",""coordinates"":[]}"
20151116T15,3.9222486,2015-11-16 15:00:00,-10,-60,8716108.0,8.716108,2421.141111111111,"{""type"":""MultiPoint"",""coordinates"":[]}"
20151116T16,5.008293900000001,2015-11-16 16:00:00,-10,-60,1.1129542E7,11.129542,3091.5394444444446,"{""type"":""MultiPoint"",""coordinates"":[]}"
20151116T17,6.121031400000001,2015-11-16 17:00:00,-10,-60,1.3602292E7,13.602292,3778.4144444444446,"{""type"":""MultiPoint"",""coordinates"":[]}"
20151116T18,7.089904799999999,2015-11-16 18:00:00,-10,-60,1.5755344E7,15.755344,4376.484444444444,"{""type"":""MultiPoint"",""coordinates"":[]}"
20151116T19,8.083432799999999,2015-11-16 19:00:00,-10,-60,1.7963184E7,17.963184,4989.7733333333335,"{""type"":""MultiPoint"",""coordinates"":[]}"
20151116T20,8.588064600000001,2015-11-16 20:00:00,-10,-60,1.9084588E7,19.084588,5301.274444444444,"{""type"":""MultiPoint"",""coordinates"":[]}"
20151116T21,8.931985200000002,2015-11-16 21:00:00,-10,-60,1.9848856E7,19.848856,5513.571111111111,"{""type"":""MultiPoint"",""coordinates"":[]}"
20151116T22,9.0392328,2015-11-16 22:00:00,-10,-60,2.0087184E7,20.087184,5579.7733333333335,"{""type"":""MultiPoint"",""coordinates"":[]}"
20151116T23,9.0392328,2015-11-16 23:00:00,-10,-60,2.0087184E7,20.087184,5579.7733333333335,"{""type"":""MultiPoint"",""coordinates"":[]}"
20151117T00,9.0392328,2015-11-17 00:00:00,-10,-60,2.0087184E7,20.087184,5579.7733333333335,"{""type"":""MultiPoint"",""coordinates"":[]}"
20151117T01,0.0,2015-11-17 01:00:00,-10,-60,0.0,0.0,0.0,"{""type"":""MultiPoint"",""coordinates"":[]}"
20151117T02,0.0,2015-11-17 02:00:00,-10,-60,0.0,0.0,0.0,"{""type"":""MultiPoint"",""coordinates"":[]}"
20151117T03,0.0,2015-11-17 03:00:00,-10,-60,0.0,0.0,0.0,"{""type"":""MultiPoint"",""coordinates"":[]}"
20151117T04,0.0,2015-11-17 04:00:00,-10,-60,0.0,0.0,0.0,"{""type"":""MultiPoint"",""coordinates"":[]}"
20151117T05,0.0,2015-11-17 05:00:00,-10,-60,0.0,0.0,0.0,"{""type"":""MultiPoint"",""coordinates"":[]}"
20151117T06,0.0,2015-11-17 06:00:00,-10,-60,0.0,0.0,0.0,"{""type"":""MultiPoint"",""coordinates"":[]}"
20151117T07,0.0,2015-11-17 07:00:00,-10,-60,0.0,0.0,0.0,"{""type"":""MultiPoint"",""coordinates"":[]}"
20151117T08,0.0,2015-11-17 08:00:00,-10,-60,0.0,0.0,0.0,"{""type"":""MultiPoint"",""coordinates"":[]}"
20151117T09,0.0,2015-11-17 09:00:00,-10,-60,0.0,0.0,0.0,"{""type"":""MultiPoint"",""coordinates"":[]}"
20151117T10,0.0239076,2015-11-17 10:00:00,-10,-60,53128.0,0.053128,14.757777777777777,"{""type"":""MultiPoint"",""coordinates"":[]}"
20151117T11,0.3094578,2015-11-17 11:00:00,-10,-60,687684.0,0.687684,191.02333333333334,"{""type"":""MultiPoint"",""coordinates"":[]}"
20151117T12,0.9626724000000001,2015-11-17 12:00:00,-10,-60,2139272.0,2.139272,594.2422222222223,"{""type"":""MultiPoint"",""coordinates"":[]}"
20151117T13,2.0082051,2015-11-17 13:00:00,-10,-60,4462678.0,4.462678,1239.6327777777778,"{""type"":""MultiPoint"",""coordinates"":[]}"
20151117T14,3.3274044,2015-11-17 14:00:00,-10,-60,7394232.0,7.394232,2053.9533333333334,"{""type"":""MultiPoint"",""coordinates"":[]}"
20151117T15,4.4507349000000005,2015-11-17 15:00:00,-10,-60,9890522.0,9.890522,2747.367222222222,"{""type"":""MultiPoint"",""coordinates"":[]}"
20151117T16,5.6281212,2015-11-17 16:00:00,-10,-60,1.2506936E7,12.506936,3474.148888888889,"{""type"":""MultiPoint"",""coordinates"":[]}"
20151117T17,7.0337502,2015-11-17 17:00:00,-10,-60,1.5630556E7,15.630556,4341.821111111111,"{""type"":""MultiPoint"",""coordinates"":[]}"
20151117T18,8.089395300000001,2015-11-17 18:00:00,-10,-60,1.7976434E7,17.976434,4993.453888888889,"{""type"":""MultiPoint"",""coordinates"":[]}"
20151117T19,9.187198200000001,2015-11-17 19:00:00,-10,-60,2.0415996E7,20.415996,5671.11,"{""type"":""MultiPoint"",""coordinates"":[]}"
20151117T20,9.883570500000001,2015-11-17 20:00:00,-10,-60,2.196349E7,21.96349,6100.969444444445,"{""type"":""MultiPoint"",""coordinates"":[]}"
20151117T21,10.262322000000001,2015-11-17 21:00:00,-10,-60,2.280516E7,22.80516,6334.766666666666,"{""type"":""MultiPoint"",""coordinates"":[]}"
20151117T22,10.3818726,2015-11-17 22:00:00,-10,-60,2.3070828E7,23.070828,6408.5633333333335,"{""type"":""MultiPoint"",""coordinates"":[]}"
20151117T23,10.3818726,2015-11-17 23:00:00,-10,-60,2.3070828E7,23.070828,6408.5633333333335,"{""type"":""MultiPoint"",""coordinates"":[]}"
20151118T00,10.3818726,2015-11-18 00:00:00,-10,-60,2.3070828E7,23.070828,6408.5633333333335,"{""type"":""MultiPoint"",""coordinates"":[]}"
20151118T01,0.0,2015-11-18 01:00:00,-10,-60,0.0,0.0,0.0,"{""type"":""MultiPoint"",""coordinates"":[]}"
20151118T02,0.0,2015-11-18 02:00:00,-10,-60,0.0,0.0,0.0,"{""type"":""MultiPoint"",""coordinates"":[]}"
20151118T03,0.0,2015-11-18 03:00:00,-10,-60,0.0,0.0,0.0,"{""type"":""MultiPoint"",""coordinates"":[]}"
20151118T04,0.0,2015-11-18 04:00:00,-10,-60,0.0,0.0,0.0,"{""type"":""MultiPoint"",""coordinates"":[]}"
20151118T05,0.0,2015-11-18 05:00:00,-10,-60,0.0,0.0,0.0,"{""type"":""MultiPoint"",""coordinates"":[]}"
20151118T06,0.0,2015-11-18 06:00:00,-10,-60,0.0,0.0,0.0,"{""type"":""MultiPoint"",""coordinates"":[]}"
20151118T07,0.0,2015-11-18 07:00:00,-10,-60,0.0,0.0,0.0,"{""type"":""MultiPoint"",""coordinates"":[]}"
20151118T08,0.0,2015-11-18 08:00:00,-10,-60,0.0,0.0,0.0,"{""type"":""MultiPoint"",""coordinates"":[]}"
20151118T09,0.0,2015-11-18 09:00:00,-10,-60,0.0,0.0,0.0,"{""type"":""MultiPoint"",""coordinates"":[]}"
20151118T10,0.0257688,2015-11-18 10:00:00,-10,-60,57264.0,0.057264,15.906666666666666,"{""type"":""MultiPoint"",""coordinates"":[]}"
20151118T11,0.3311001,2015-11-18 11:00:00,-10,-60,735778.0,0.735778,204.3827777777778,"{""type"":""MultiPoint"",""coordinates"":[]}"
20151118T12,1.02951,2015-11-18 12:00:00,-10,-60,2287800.0,2.2878,635.5,"{""type"":""MultiPoint"",""coordinates"":[]}"
20151118T13,2.11005,2015-11-18 13:00:00,-10,-60,4689000.0,4.689,1302.5,"{""type"":""MultiPoint"",""coordinates"":[]}"
20151118T14,3.4514739,2015-11-18 14:00:00,-10,-60,7669942.0,7.669942,2130.5394444444446,"{""type"":""MultiPoint"",""coordinates"":[]}"
20151118T15,4.9942701000000005,2015-11-18 15:00:00,-10,-60,1.1098378E7,11.098378,3082.882777777778,"{""type"":""MultiPoint"",""coordinates"":[]}"
20151118T16,6.528827700000001,2015-11-18 16:00:00,-10,-60,1.4508506E7,14.508506,4030.1405555555557,"{""type"":""MultiPoint"",""coordinates"":[]}"
20151118T17,7.9504668,2015-11-18 17:00:00,-10,-60,1.7667704E7,17.667704,4907.695555555556,"{""type"":""MultiPoint"",""coordinates"":[]}"
20151118T18,9.2575026,2015-11-18 18:00:00,-10,-60,2.0572228E7,20.572228,5714.507777777778,"{""type"":""MultiPoint"",""coordinates"":[]}"
20151118T19,10.249803,2015-11-18 19:00:00,-10,-60,2.277734E7,22.77734,6327.038888888889,"{""type"":""MultiPoint"",""coordinates"":[]}"
20151118T20,11.0410452,2015-11-18 20:00:00,-10,-60,2.4535656E7,24.535656,6815.46,"{""type"":""MultiPoint"",""coordinates"":[]}"
20151118T21,11.439642599999999,2015-11-18 21:00:00,-10,-60,2.5421428E7,25.421428,7061.507777777778,"{""type"":""MultiPoint"",""coordinates"":[]}"
20151118T22,11.5514478,2015-11-18 22:00:00,-10,-60,2.5669884E7,25.669884,7130.5233333333335,"{""type"":""MultiPoint"",""coordinates"":[]}"
20151118T23,11.5514478,2015-11-18 23:00:00,-10,-60,2.5669884E7,25.669884,7130.5233333333335,"{""type"":""MultiPoint"",""coordinates"":[]}"
20151119T00,11.5514478,2015-11-19 00:00:00,-10,-60,2.5669884E7,25.669884,7130.5233333333335,"{""type"":""MultiPoint"",""coordinates"":[]}"
20151119T01,0.0,2015-11-19 01:00:00,-10,-60,0.0,0.0,0.0,"{""type"":""MultiPoint"",""coordinates"":[]}"
20151119T02,0.0,2015-11-19 02:00:00,-10,-60,0.0,0.0,0.0,"{""type"":""MultiPoint"",""coordinates"":[]}"
20151119T03,0.0,2015-11-19 03:00:00,-10,-60,0.0,0.0,0.0,"{""type"":""MultiPoint"",""coordinates"":[]}"
20151119T04,0.0,2015-11-19 04:00:00,-10,-60,0.0,0.0,0.0,"{""type"":""MultiPoint"",""coordinates"":[]}"
20151119T05,0.0,2015-11-19 05:00:00,-10,-60,0.0,0.0,0.0,"{""type"":""MultiPoint"",""coordinates"":[]}"
20151119T06,0.0,2015-11-19 06:00:00,-10,-60,0.0,0.0,0.0,"{""type"":""MultiPoint"",""coordinates"":[]}"
20151119T07,0.0,2015-11-19 07:00:00,-10,-60,0.0,0.0,0.0,"{""type"":""MultiPoint"",""coordinates"":[]}"
20151119T08,0.0,2015-11-19 08:00:00,-10,-60,0.0,0.0,0.0,"{""type"":""MultiPoint"",""coordinates"":[]}"
20151119T09,0.0,2015-11-19 09:00:00,-10,-60,0.0,0.0,0.0,"{""type"":""MultiPoint"",""coordinates"":[]}"
20151119T10,0.0241227,2015-11-19 10:00:00,-10,-60,53606.0,0.053606,14.890555555555556,"{""type"":""MultiPoint"",""coordinates"":[]}"
20151119T11,0.3055473,2015-11-19 11:00:00,-10,-60,678994.0,0.678994,188.60944444444445,"{""type"":""MultiPoint"",""coordinates"":[]}"
20151119T12,0.9535347,2015-11-19 12:00:00,-10,-60,2118966.0,2.118966,588.6016666666667,"{""type"":""MultiPoint"",""coordinates"":[]}"
20151119T13,2.0064087,2015-11-19 13:00:00,-10,-60,4458686.0,4.458686,1238.523888888889,"{""type"":""MultiPoint"",""coordinates"":[]}"
20151119T14,3.0752667000000002,2015-11-19 14:00:00,-10,-60,6833926.0,6.833926,1898.3127777777777,"{""type"":""MultiPoint"",""coordinates"":[]}"
20151119T15,4.313301300000001,2015-11-19 15:00:00,-10,-60,9585114.0,9.585114,2662.5316666666668,"{""type"":""MultiPoint"",""coordinates"":[]}"
20151119T16,5.8026123,2015-11-19 16:00:00,-10,-60,1.2894694E7,12.894694,3581.8594444444443,"{""type"":""MultiPoint"",""coordinates"":[]}"
20151119T17,7.1971794,2015-11-19 17:00:00,-10,-60,1.5993732E7,15.993732,4442.703333333333,"{""type"":""MultiPoint"",""coordinates"":[]}"
20151119T18,8.4015225,2015-11-19 18:00:00,-10,-60,1.867005E7,18.67005,5186.125,"{""type"":""MultiPoint"",""coordinates"":[]}"
20151119T19,9.4081887,2015-11-19 19:00:00,-10,-60,2.0907086E7,20.907086,5807.523888888889,"{""type"":""MultiPoint"",""coordinates"":[]}"
20151119T20,10.1315691,2015-11-19 20:00:00,-10,-60,2.2514598E7,22.514598,6254.055,"{""type"":""MultiPoint"",""coordinates"":[]}"
20151119T21,10.515105,2015-11-19 21:00:00,-10,-60,2.33669E7,23.3669,6490.805555555556,"{""type"":""MultiPoint"",""coordinates"":[]}"
20151119T22,10.6227828,2015-11-19 22:00:00,-10,-60,2.3606184E7,23.606184,6557.2733333333335,"{""type"":""MultiPoint"",""coordinates"":[]}"
20151119T23,10.6227828,2015-11-19 23:00:00,-10,-60,2.3606184E7,23.606184,6557.2733333333335,"{""type"":""MultiPoint"",""coordinates"":[]}"
20151120T00,10.6227828,2015-11-20 00:00:00,-10,-60,2.3606184E7,23.606184,6557.2733333333335,"{""type"":""MultiPoint"",""coordinates"":[]}"
20151120T01,0.0,2015-11-20 01:00:00,-10,-60,0.0,0.0,0.0,"{""type"":""MultiPoint"",""coordinates"":[]}"
20151120T02,0.0,2015-11-20 02:00:00,-10,-60,0.0,0.0,0.0,"{""type"":""MultiPoint"",""coordinates"":[]}"
20151120T03,0.0,2015-11-20 03:00:00,-10,-60,0.0,0.0,0.0,"{""type"":""MultiPoint"",""coordinates"":[]}"
20151120T04,0.0,2015-11-20 04:00:00,-10,-60,0.0,0.0,0.0,"{""type"":""MultiPoint"",""coordinates"":[]}"
20151120T05,0.0,2015-11-20 05:00:00,-10,-60,0.0,0.0,0.0,"{""type"":""MultiPoint"",""coordinates"":[]}"
20151120T06,0.0,2015-11-20 06:00:00,-10,-60,0.0,0.0,0.0,"{""type"":""MultiPoint"",""coordinates"":[]}"
20151120T07,0.0,2015-11-20 07:00:00,-10,-60,0.0,0.0,0.0,"{""type"":""MultiPoint"",""coordinates"":[]}"
20151120T08,0.0,2015-11-20 08:00:00,-10,-60,0.0,0.0,0.0,"{""type"":""MultiPoint"",""coordinates"":[]}"
20151120T09,0.0,2015-11-20 09:00:00,-10,-60,0.0,0.0,0.0,"{""type"":""MultiPoint"",""coordinates"":[]}"
20151120T10,0.0176931,2015-11-20 10:00:00,-10,-60,39318.0,0.039318,10.921666666666667,"{""type"":""MultiPoint"",""coordinates"":[]}"
20151120T11,0.2271546,2015-11-20 11:00:00,-10,-60,504788.0,0.504788,140.2188888888889,"{""type"":""MultiPoint"",""coordinates"":[]}"
20151120T12,0.7276716000000001,2015-11-20 12:00:00,-10,-60,1617048.0,1.617048,449.18,"{""type"":""MultiPoint"",""coordinates"":[]}"
20151120T13,1.5336216,2015-11-20 13:00:00,-10,-60,3408048.0,3.408048,946.68,"{""type"":""MultiPoint"",""coordinates"":[]}"
20151120T14,2.701287,2015-11-20 14:00:00,-10,-60,6002860.0,6.00286,1667.4611111111112,"{""type"":""MultiPoint"",""coordinates"":[]}"
20151120T15,3.6434061,2015-11-20 15:00:00,-10,-60,8096458.0,8.096458,2249.016111111111,"{""type"":""MultiPoint"",""coordinates"":[]}"
20151120T16,4.866759,2015-11-20 16:00:00,-10,-60,1.081502E7,10.81502,3004.1722222222224,"{""type"":""MultiPoint"",""coordinates"":[]}"
20151120T17,5.6778597,2015-11-20 17:00:00,-10,-60,1.2617466E7,12.617466,3504.8516666666665,"{""type"":""MultiPoint"",""coordinates"":[]}"
20151120T18,6.2792847,2015-11-20 18:00:00,-10,-60,1.3953966E7,13.953966,3876.1016666666665,"{""type"":""MultiPoint"",""coordinates"":[]}"
20151120T19,7.0786017,2015-11-20 19:00:00,-10,-60,1.5730226E7,15.730226,4369.5072222222225,"{""type"":""MultiPoint"",""coordinates"":[]}"
20151120T20,7.669332000000001,2015-11-20 20:00:00,-10,-60,1.704296E7,17.04296,4734.155555555555,"{""type"":""MultiPoint"",""coordinates"":[]}"
20151120T21,8.034894,2015-11-20 21:00:00,-10,-60,1.785532E7,17.85532,4959.811111111111,"{""type"":""MultiPoint"",""coordinates"":[]}"
20151120T22,8.147357999999999,2015-11-20 22:00:00,-10,-60,1.810524E7,18.10524,5029.233333333334,"{""type"":""MultiPoint"",""coordinates"":[]}"
20151120T23,8.147357999999999,2015-11-20 23:00:00,-10,-60,1.810524E7,18.10524,5029.233333333334,"{""type"":""MultiPoint"",""coordinates"":[]}"
20151121T00,8.147357999999999,2015-11-21 00:00:00,-10,-60,1.810524E7,18.10524,5029.233333333334,"{""type"":""MultiPoint"",""coordinates"":[]}"
20151121T01,0.0,2015-11-21 01:00:00,-10,-60,0.0,0.0,0.0,"{""type"":""MultiPoint"",""coordinates"":[]}"
20151121T02,0.0,2015-11-21 02:00:00,-10,-60,0.0,0.0,0.0,"{""type"":""MultiPoint"",""coordinates"":[]}"
20151121T03,0.0,2015-11-21 03:00:00,-10,-60,0.0,0.0,0.0,"{""type"":""MultiPoint"",""coordinates"":[]}"
20151121T04,0.0,2015-11-21 04:00:00,-10,-60,0.0,0.0,0.0,"{""type"":""MultiPoint"",""coordinates"":[]}"
20151121T05,0.0,2015-11-21 05:00:00,-10,-60,0.0,0.0,0.0,"{""type"":""MultiPoint"",""coordinates"":[]}"
20151121T06,0.0,2015-11-21 06:00:00,-10,-60,0.0,0.0,0.0,"{""type"":""MultiPoint"",""coordinates"":[]}"
20151121T07,0.0,2015-11-21 07:00:00,-10,-60,0.0,0.0,0.0,"{""type"":""MultiPoint"",""coordinates"":[]}"
20151121T08,0.0,2015-11-21 08:00:00,-10,-60,0.0,0.0,0.0,"{""type"":""MultiPoint"",""coordinates"":[]}"
20151121T09,0.0,2015-11-21 09:00:00,-10,-60,0.0,0.0,0.0,"{""type"":""MultiPoint"",""coordinates"":[]}"
20151121T10,0.0143397,2015-11-21 10:00:00,-10,-60,31866.0,0.031866,8.851666666666667,"{""type"":""MultiPoint"",""coordinates"":[]}"
20151121T11,0.1878318,2015-11-21 11:00:00,-10,-60,417404.0,0.417404,115.94555555555556,"{""type"":""MultiPoint"",""coordinates"":[]}"
20151121T12,0.6671115,2015-11-21 12:00:00,-10,-60,1482470.0,1.48247,411.7972222222222,"{""type"":""MultiPoint"",""coordinates"":[]}"
20151121T13,1.5843987,2015-11-21 13:00:00,-10,-60,3520886.0,3.520886,978.0238888888889,"{""type"":""MultiPoint"",""coordinates"":[]}"
20151121T14,2.8045629,2015-11-21 14:00:00,-10,-60,6232362.0,6.232362,1731.2116666666666,"{""type"":""MultiPoint"",""coordinates"":[]}"
20151121T15,4.2387435,2015-11-21 15:00:00,-10,-60,9419430.0,9.41943,2616.508333333333,"{""type"":""MultiPoint"",""coordinates"":[]}"
20151121T16,5.7293208,2015-11-21 16:00:00,-10,-60,1.2731824E7,12.731824,3536.617777777778,"{""type"":""MultiPoint"",""coordinates"":[]}"
20151121T17,7.1976609,2015-11-21 17:00:00,-10,-60,1.5994802E7,15.994802,4443.000555555555,"{""type"":""MultiPoint"",""coordinates"":[]}"
20151121T18,8.5037616,2015-11-21 18:00:00,-10,-60,1.8897248E7,18.897248,5249.235555555556,"{""type"":""MultiPoint"",""coordinates"":[]}"
20151121T19,9.3657654,2015-11-21 19:00:00,-10,-60,2.0812812E7,20.812812,5781.336666666667,"{""type"":""MultiPoint"",""coordinates"":[]}"
20151121T20,9.9364482,2015-11-21 20:00:00,-10,-60,2.2080996E7,22.080996,6133.61,"{""type"":""MultiPoint"",""coordinates"":[]}"
20151121T21,10.2002814,2015-11-21 21:00:00,-10,-60,2.2667292E7,22.667292,6296.47,"{""type"":""MultiPoint"",""coordinates"":[]}"
20151121T22,10.2500082,2015-11-21 22:00:00,-10,-60,2.2777796E7,22.777796,6327.165555555555,"{""type"":""MultiPoint"",""coordinates"":[]}"
20151121T23,10.2500208,2015-11-21 23:00:00,-10,-60,2.2777824E7,22.777824,6327.173333333333,"{""type"":""MultiPoint"",""coordinates"":[]}"
20151122T00,10.2500208,2015-11-22 00:00:00,-10,-60,2.2777824E7,22.777824,6327.173333333333,"{""type"":""MultiPoint"",""coordinates"":[]}"
20151122T01,0.0,2015-11-22 01:00:00,-10,-60,0.0,0.0,0.0,"{""type"":""MultiPoint"",""coordinates"":[]}"
20151122T02,0.0,2015-11-22 02:00:00,-10,-60,0.0,0.0,0.0,"{""type"":""MultiPoint"",""coordinates"":[]}"
20151122T03,0.0,2015-11-22 03:00:00,-10,-60,0.0,0.0,0.0,"{""type"":""MultiPoint"",""coordinates"":[]}"
20151122T04,0.0,2015-11-22 04:00:00,-10,-60,0.0,0.0,0.0,"{""type"":""MultiPoint"",""coordinates"":[]}"
20151122T05,0.0,2015-11-22 05:00:00,-10,-60,0.0,0.0,0.0,"{""type"":""MultiPoint"",""coordinates"":[]}"
20151122T06,0.0,2015-11-22 06:00:00,-10,-60,0.0,0.0,0.0,"{""type"":""MultiPoint"",""coordinates"":[]}"
20151122T07,0.0,2015-11-22 07:00:00,-10,-60,0.0,0.0,0.0,"{""type"":""MultiPoint"",""coordinates"":[]}"
20151122T08,0.0,2015-11-22 08:00:00,-10,-60,0.0,0.0,0.0,"{""type"":""MultiPoint"",""coordinates"":[]}"
20151122T09,0.0,2015-11-22 09:00:00,-10,-60,0.0,0.0,0.0,"{""type"":""MultiPoint"",""coordinates"":[]}"
20151122T10,0.022047300000000002,2015-11-22 10:00:00,-10,-60,48994.0,0.048994,13.609444444444444,"{""type"":""MultiPoint"",""coordinates"":[]}"
20151122T11,0.26695800000000003,2015-11-22 11:00:00,-10,-60,593240.0,0.59324,164.7888888888889,"{""type"":""MultiPoint"",""coordinates"":[]}"
20151122T12,0.7779042,2015-11-22 12:00:00,-10,-60,1728676.0,1.728676,480.1877777777778,"{""type"":""MultiPoint"",""coordinates"":[]}"
20151122T13,1.7577126,2015-11-22 13:00:00,-10,-60,3906028.0,3.906028,1085.0077777777778,"{""type"":""MultiPoint"",""coordinates"":[]}"
20151122T14,2.8461627,2015-11-22 14:00:00,-10,-60,6324806.0,6.324806,1756.8905555555555,"{""type"":""MultiPoint"",""coordinates"":[]}"
20151122T15,4.2715854,2015-11-22 15:00:00,-10,-60,9492412.0,9.492412,2636.781111111111,"{""type"":""MultiPoint"",""coordinates"":[]}"
20151122T16,5.3694774,2015-11-22 16:00:00,-10,-60,1.1932172E7,11.932172,3314.492222222222,"{""type"":""MultiPoint"",""coordinates"":[]}"
20151122T17,6.180831,2015-11-22 17:00:00,-10,-60,1.373518E7,13.73518,3815.3277777777776,"{""type"":""MultiPoint"",""coordinates"":[]}"
20151122T18,6.8301359999999995,2015-11-22 18:00:00,-10,-60,1.517808E7,15.17808,4216.133333333333,"{""type"":""MultiPoint"",""coordinates"":[]}"
20151122T19,7.692874199999999,2015-11-22 19:00:00,-10,-60,1.7095276E7,17.095276,4748.687777777778,"{""type"":""MultiPoint"",""coordinates"":[]}"
20151122T20,8.419203000000001,2015-11-22 20:00:00,-10,-60,1.870934E7,18.70934,5197.038888888889,"{""type"":""MultiPoint"",""coordinates"":[]}"
20151122T21,8.7952338,2015-11-22 21:00:00,-10,-60,1.9544964E7,19.544964,5429.156666666667,"{""type"":""MultiPoint"",""coordinates"":[]}"
20151122T22,8.8837758,2015-11-22 22:00:00,-10,-60,1.9741724E7,19.741724,5483.812222222222,"{""type"":""MultiPoint"",""coordinates"":[]}"
20151122T23,8.8837884,2015-11-22 23:00:00,-10,-60,1.9741752E7,19.741752,5483.82,"{""type"":""MultiPoint"",""coordinates"":[]}"
20151123T00,8.8837884,2015-11-23 00:00:00,-10,-60,1.9741752E7,19.741752,5483.82,"{""type"":""MultiPoint"",""coordinates"":[]}"
20151123T01,0.0,2015-11-23 01:00:00,-10,-60,0.0,0.0,0.0,"{""type"":""MultiPoint"",""coordinates"":[]}"
20151123T02,0.0,2015-11-23 02:00:00,-10,-60,0.0,0.0,0.0,"{""type"":""MultiPoint"",""coordinates"":[]}"
20151123T03,0.0,2015-11-23 03:00:00,-10,-60,0.0,0.0,0.0,"{""type"":""MultiPoint"",""coordinates"":[]}"
20151123T04,0.0,2015-11-23 04:00:00,-10,-60,0.0,0.0,0.0,"{""type"":""MultiPoint"",""coordinates"":[]}"
20151123T05,0.0,2015-11-23 05:00:00,-10,-60,0.0,0.0,0.0,"{""type"":""MultiPoint"",""coordinates"":[]}"
20151123T06,0.0,2015-11-23 06:00:00,-10,-60,0.0,0.0,0.0,"{""type"":""MultiPoint"",""coordinates"":[]}"
20151123T07,0.0,2015-11-23 07:00:00,-10,-60,0.0,0.0,0.0,"{""type"":""MultiPoint"",""coordinates"":[]}"
20151123T08,0.0,2015-11-23 08:00:00,-10,-60,0.0,0.0,0.0,"{""type"":""MultiPoint"",""coordinates"":[]}"
20151123T09,0.0,2015-11-23 09:00:00,-10,-60,0.0,0.0,0.0,"{""type"":""MultiPoint"",""coordinates"":[]}"
20151123T10,0.0172755,2015-11-23 10:00:00,-10,-60,38390.0,0.03839,10.66388888888889,"{""type"":""MultiPoint"",""coordinates"":[]}"
20151123T11,0.1903248,2015-11-23 11:00:00,-10,-60,422944.0,0.422944,117.48444444444445,"{""type"":""MultiPoint"",""coordinates"":[]}"
20151123T12,0.6557715000000001,2015-11-23 12:00:00,-10,-60,1457270.0,1.45727,404.7972222222222,"{""type"":""MultiPoint"",""coordinates"":[]}"
20151123T13,1.3149459000000001,2015-11-23 13:00:00,-10,-60,2922102.0,2.922102,811.695,"{""type"":""MultiPoint"",""coordinates"":[]}"
20151123T14,2.1835692,2015-11-23 14:00:00,-10,-60,4852376.0,4.852376,1347.8822222222223,"{""type"":""MultiPoint"",""coordinates"":[]}"
20151123T15,3.0689991,2015-11-23 15:00:00,-10,-60,6819998.0,6.819998,1894.443888888889,"{""type"":""MultiPoint"",""coordinates"":[]}"
20151123T16,3.8061243000000005,2015-11-23 16:00:00,-10,-60,8458054.0,8.458054,2349.4594444444447,"{""type"":""MultiPoint"",""coordinates"":[]}"
20151123T17,4.4136864000000005,2015-11-23 17:00:00,-10,-60,9808192.0,9.808192,2724.4977777777776,"{""type"":""MultiPoint"",""coordinates"":[]}"
20151123T18,5.1260184,2015-11-23 18:00:00,-10,-60,1.1391152E7,11.391152,3164.208888888889,"{""type"":""MultiPoint"",""coordinates"":[]}"
20151123T19,6.0525198,2015-11-23 19:00:00,-10,-60,1.3450044E7,13.450044,3736.1233333333334,"{""type"":""MultiPoint"",""coordinates"":[]}"
20151123T20,6.6342132000000005,2015-11-23 20:00:00,-10,-60,1.4742696E7,14.742696,4095.193333333333,"{""type"":""MultiPoint"",""coordinates"":[]}"
20151123T21,6.9135372,2015-11-23 21:00:00,-10,-60,1.5363416E7,15.363416,4267.615555555555,"{""type"":""MultiPoint"",""coordinates"":[]}"
20151123T22,6.992891999999999,2015-11-23 22:00:00,-10,-60,1.553976E7,15.53976,4316.6,"{""type"":""MultiPoint"",""coordinates"":[]}"
20151123T23,6.9929424000000004,2015-11-23 23:00:00,-10,-60,1.5539872E7,15.539872,4316.631111111111,"{""type"":""MultiPoint"",""coordinates"":[]}"
20151124T00,6.9929424000000004,2015-11-24 00:00:00,-10,-60,1.5539872E7,15.539872,4316.631111111111,"{""type"":""MultiPoint"",""coordinates"":[]}"
20151124T01,0.0,2015-11-24 01:00:00,-10,-60,0.0,0.0,0.0,"{""type"":""MultiPoint"",""coordinates"":[]}"
20151124T02,0.0,2015-11-24 02:00:00,-10,-60,0.0,0.0,0.0,"{""type"":""MultiPoint"",""coordinates"":[]}"
20151124T03,0.0,2015-11-24 03:00:00,-10,-60,0.0,0.0,0.0,"{""type"":""MultiPoint"",""coordinates"":[]}"
20151124T04,0.0,2015-11-24 04:00:00,-10,-60,0.0,0.0,0.0,"{""type"":""MultiPoint"",""coordinates"":[]}"
20151124T05,0.0,2015-11-24 05:00:00,-10,-60,0.0,0.0,0.0,"{""type"":""MultiPoint"",""coordinates"":[]}"
20151124T06,0.0,2015-11-24 06:00:00,-10,-60,0.0,0.0,0.0,"{""type"":""MultiPoint"",""coordinates"":[]}"
20151124T07,0.0,2015-11-24 07:00:00,-10,-60,0.0,0.0,0.0,"{""type"":""MultiPoint"",""coordinates"":[]}"
20151124T08,0.0,2015-11-24 08:00:00,-10,-60,0.0,0.0,0.0,"{""type"":""MultiPoint"",""coordinates"":[]}"
20151124T09,0.0,2015-11-24 09:00:00,-10,-60,0.0,0.0,0.0,"{""type"":""MultiPoint"",""coordinates"":[]}"
20151124T10,0.0213633,2015-11-24 10:00:00,-10,-60,47474.0,0.047474,13.187222222222223,"{""type"":""MultiPoint"",""coordinates"":[]}"
20151124T11,0.2764125,2015-11-24 11:00:00,-10,-60,614250.0,0.61425,170.625,"{""type"":""MultiPoint"",""coordinates"":[]}"
20151124T12,0.9119835,2015-11-24 12:00:00,-10,-60,2026630.0,2.02663,562.9527777777778,"{""type"":""MultiPoint"",""coordinates"":[]}"
20151124T13,1.9625157,2015-11-24 13:00:00,-10,-60,4361146.0,4.361146,1211.4294444444445,"{""type"":""MultiPoint"",""coordinates"":[]}"
20151124T14,3.2704254,2015-11-24 14:00:00,-10,-60,7267612.0,7.267612,2018.7811111111112,"{""type"":""MultiPoint"",""coordinates"":[]}"
20151124T15,4.6583613,2015-11-24 15:00:00,-10,-60,1.0351914E7,10.351914,2875.5316666666668,"{""type"":""MultiPoint"",""coordinates"":[]}"
20151124T16,6.0957567,2015-11-24 16:00:00,-10,-60,1.3546126E7,13.546126,3762.8127777777777,"{""type"":""MultiPoint"",""coordinates"":[]}"
20151124T17,7.460201700000001,2015-11-24 17:00:00,-10,-60,1.6578226E7,16.578226,4605.062777777778,"{""type"":""MultiPoint"",""coordinates"":[]}"
20151124T18,8.581153500000001,2015-11-24 18:00:00,-10,-60,1.906923E7,19.06923,5297.008333333333,"{""type"":""MultiPoint"",""coordinates"":[]}"
20151124T19,9.5462937,2015-11-24 19:00:00,-10,-60,2.1213986E7,21.213986,5892.773888888889,"{""type"":""MultiPoint"",""coordinates"":[]}"
20151124T20,10.1406942,2015-11-24 20:00:00,-10,-60,2.2534876E7,22.534876,6259.687777777778,"{""type"":""MultiPoint"",""coordinates"":[]}"
20151124T21,10.5220152,2015-11-24 21:00:00,-10,-60,2.3382256E7,23.382256,6495.071111111111,"{""type"":""MultiPoint"",""coordinates"":[]}"
20151124T22,10.62648,2015-11-24 22:00:00,-10,-60,2.36144E7,23.6144,6559.555555555556,"{""type"":""MultiPoint"",""coordinates"":[]}"
20151124T23,10.626543000000002,2015-11-24 23:00:00,-10,-60,2.361454E7,23.61454,6559.594444444445,"{""type"":""MultiPoint"",""coordinates"":[]}"
20151125T00,10.626543000000002,2015-11-25 00:00:00,-10,-60,2.361454E7,23.61454,6559.594444444445,"{""type"":""MultiPoint"",""coordinates"":[]}"
20151125T01,0.0,2015-11-25 01:00:00,-10,-60,0.0,0.0,0.0,"{""type"":""MultiPoint"",""coordinates"":[]}"
20151125T02,0.0,2015-11-25 02:00:00,-10,-60,0.0,0.0,0.0,"{""type"":""MultiPoint"",""coordinates"":[]}"
20151125T03,0.0,2015-11-25 03:00:00,-10,-60,0.0,0.0,0.0,"{""type"":""MultiPoint"",""coordinates"":[]}"
20151125T04,0.0,2015-11-25 04:00:00,-10,-60,0.0,0.0,0.0,"{""type"":""MultiPoint"",""coordinates"":[]}"
20151125T05,0.0,2015-11-25 05:00:00,-10,-60,0.0,0.0,0.0,"{""type"":""MultiPoint"",""coordinates"":[]}"
20151125T06,0.0,2015-11-25 06:00:00,-10,-60,0.0,0.0,0.0,"{""type"":""MultiPoint"",""coordinates"":[]}"
20151125T07,0.0,2015-11-25 07:00:00,-10,-60,0.0,0.0,0.0,"{""type"":""MultiPoint"",""coordinates"":[]}"
20151125T08,0.0,2015-11-25 08:00:00,-10,-60,0.0,0.0,0.0,"{""type"":""MultiPoint"",""coordinates"":[]}"
20151125T09,0.0,2015-11-25 09:00:00,-10,-60,0.0,0.0,0.0,"{""type"":""MultiPoint"",""coordinates"":[]}"
20151125T10,0.022768200000000002,2015-11-25 10:00:00,-10,-60,50596.0,0.050596,14.054444444444444,"{""type"":""MultiPoint"",""coordinates"":[]}"
20151125T11,0.3018258,2015-11-25 11:00:00,-10,-60,670724.0,0.670724,186.31222222222223,"{""type"":""MultiPoint"",""coordinates"":[]}"
20151125T12,0.9683424,2015-11-25 12:00:00,-10,-60,2151872.0,2.151872,597.7422222222223,"{""type"":""MultiPoint"",""coordinates"":[]}"
20151125T13,1.9335708,2015-11-25 13:00:00,-10,-60,4296824.0,4.296824,1193.5622222222223,"{""type"":""MultiPoint"",""coordinates"":[]}"
20151125T14,3.1883112000000002,2015-11-25 14:00:00,-10,-60,7085136.0,7.085136,1968.0933333333332,"{""type"":""MultiPoint"",""coordinates"":[]}"
20151125T15,4.4356734,2015-11-25 15:00:00,-10,-60,9857052.0,9.857052,2738.07,"{""type"":""MultiPoint"",""coordinates"":[]}"
20151125T16,5.7905253000000005,2015-11-25 16:00:00,-10,-60,1.2867834E7,12.867834,3574.3983333333335,"{""type"":""MultiPoint"",""coordinates"":[]}"
20151125T17,7.052909400000001,2015-11-25 17:00:00,-10,-60,1.5673132E7,15.673132,4353.647777777778,"{""type"":""MultiPoint"",""coordinates"":[]}"
20151125T18,8.0552466,2015-11-25 18:00:00,-10,-60,1.7900548E7,17.900548,4972.374444444445,"{""type"":""MultiPoint"",""coordinates"":[]}"
20151125T19,8.8176726,2015-11-25 19:00:00,-10,-60,1.9594828E7,19.594828,5443.007777777778,"{""type"":""MultiPoint"",""coordinates"":[]}"
20151125T20,9.2636406,2015-11-25 20:00:00,-10,-60,2.0585868E7,20.585868,5718.296666666667,"{""type"":""MultiPoint"",""coordinates"":[]}"
20151125T21,9.4652928,2015-11-25 21:00:00,-10,-60,2.1033984E7,21.033984,5842.7733333333335,"{""type"":""MultiPoint"",""coordinates"":[]}"
20151125T22,9.5263344,2015-11-25 22:00:00,-10,-60,2.1169632E7,21.169632,5880.453333333333,"{""type"":""MultiPoint"",""coordinates"":[]}"
20151125T23,9.5264352,2015-11-25 23:00:00,-10,-60,2.1169856E7,21.169856,5880.515555555556,"{""type"":""MultiPoint"",""coordinates"":[]}"
20151126T00,9.5264352,2015-11-26 00:00:00,-10,-60,2.1169856E7,21.169856,5880.515555555556,"{""type"":""MultiPoint"",""coordinates"":[]}"
20151126T01,0.0,2015-11-26 01:00:00,-10,-60,0.0,0.0,0.0,"{""type"":""MultiPoint"",""coordinates"":[]}"
20151126T02,0.0,2015-11-26 02:00:00,-10,-60,0.0,0.0,0.0,"{""type"":""MultiPoint"",""coordinates"":[]}"
20151126T03,0.0,2015-11-26 03:00:00,-10,-60,0.0,0.0,0.0,"{""type"":""MultiPoint"",""coordinates"":[]}"
20151126T04,0.0,2015-11-26 04:00:00,-10,-60,0.0,0.0,0.0,"{""type"":""MultiPoint"",""coordinates"":[]}"
20151126T05,0.0,2015-11-26 05:00:00,-10,-60,0.0,0.0,0.0,"{""type"":""MultiPoint"",""coordinates"":[]}"
20151126T06,0.0,2015-11-26 06:00:00,-10,-60,0.0,0.0,0.0,"{""type"":""MultiPoint"",""coordinates"":[]}"
20151126T07,0.0,2015-11-26 07:00:00,-10,-60,0.0,0.0,0.0,"{""type"":""MultiPoint"",""coordinates"":[]}"
20151126T08,0.0,2015-11-26 08:00:00,-10,-60,0.0,0.0,0.0,"{""type"":""MultiPoint"",""coordinates"":[]}"
20151126T09,0.0,2015-11-26 09:00:00,-10,-60,0.0,0.0,0.0,"{""type"":""MultiPoint"",""coordinates"":[]}"
20151126T10,0.0210978,2015-11-26 10:00:00,-10,-60,46884.0,0.046884,13.023333333333333,"{""type"":""MultiPoint"",""coordinates"":[]}"
20151126T11,0.3005865,2015-11-26 11:00:00,-10,-60,667970.0,0.66797,185.54722222222222,"{""type"":""MultiPoint"",""coordinates"":[]}"
20151126T12,0.9806319,2015-11-26 12:00:00,-10,-60,2179182.0,2.179182,605.3283333333334,"{""type"":""MultiPoint"",""coordinates"":[]}"
20151126T13,1.9517085,2015-11-26 13:00:00,-10,-60,4337130.0,4.33713,1204.7583333333334,"{""type"":""MultiPoint"",""coordinates"":[]}"
20151126T14,3.2587569,2015-11-26 14:00:00,-10,-60,7241682.0,7.241682,2011.5783333333334,"{""type"":""MultiPoint"",""coordinates"":[]}"
20151126T15,4.7007342,2015-11-26 15:00:00,-10,-60,1.0446076E7,10.446076,2901.6877777777777,"{""type"":""MultiPoint"",""coordinates"":[]}"
20151126T16,6.3271638,2015-11-26 16:00:00,-10,-60,1.4060364E7,14.060364,3905.6566666666668,"{""type"":""MultiPoint"",""coordinates"":[]}"
20151126T17,7.891968599999999,2015-11-26 17:00:00,-10,-60,1.7537708E7,17.537708,4871.585555555555,"{""type"":""MultiPoint"",""coordinates"":[]}"
20151126T18,8.991278999999999,2015-11-26 18:00:00,-10,-60,1.998062E7,19.98062,5550.172222222222,"{""type"":""MultiPoint"",""coordinates"":[]}"
20151126T19,9.8760528,2015-11-26 19:00:00,-10,-60,2.1946784E7,21.946784,6096.328888888889,"{""type"":""MultiPoint"",""coordinates"":[]}"
20151126T20,10.4995116,2015-11-26 20:00:00,-10,-60,2.3332248E7,23.332248,6481.18,"{""type"":""MultiPoint"",""coordinates"":[]}"
20151126T21,10.9120428,2015-11-26 21:00:00,-10,-60,2.4248984E7,24.248984,6735.828888888889,"{""type"":""MultiPoint"",""coordinates"":[]}"
20151126T22,11.049159600000001,2015-11-26 22:00:00,-10,-60,2.4553688E7,24.553688,6820.468888888889,"{""type"":""MultiPoint"",""coordinates"":[]}"
20151126T23,11.0493126,2015-11-26 23:00:00,-10,-60,2.4554028E7,24.554028,6820.5633333333335,"{""type"":""MultiPoint"",""coordinates"":[]}"
20151127T00,11.0493126,2015-11-27 00:00:00,-10,-60,2.4554028E7,24.554028,6820.5633333333335,"{""type"":""MultiPoint"",""coordinates"":[]}"
20151127T01,0.0,2015-11-27 01:00:00,-10,-60,0.0,0.0,0.0,"{""type"":""MultiPoint"",""coordinates"":[]}"
20151127T02,0.0,2015-11-27 02:00:00,-10,-60,0.0,0.0,0.0,"{""type"":""MultiPoint"",""coordinates"":[]}"
20151127T03,0.0,2015-11-27 03:00:00,-10,-60,0.0,0.0,0.0,"{""type"":""MultiPoint"",""coordinates"":[]}"
20151127T04,0.0,2015-11-27 04:00:00,-10,-60,0.0,0.0,0.0,"{""type"":""MultiPoint"",""coordinates"":[]}"
20151127T05,0.0,2015-11-27 05:00:00,-10,-60,0.0,0.0,0.0,"{""type"":""MultiPoint"",""coordinates"":[]}"
20151127T06,0.0,2015-11-27 06:00:00,-10,-60,0.0,0.0,0.0,"{""type"":""MultiPoint"",""coordinates"":[]}"
20151127T07,0.0,2015-11-27 07:00:00,-10,-60,0.0,0.0,0.0,"{""type"":""MultiPoint"",""coordinates"":[]}"
20151127T08,0.0,2015-11-27 08:00:00,-10,-60,0.0,0.0,0.0,"{""type"":""MultiPoint"",""coordinates"":[]}"
20151127T09,0.0,2015-11-27 09:00:00,-10,-60,0.0,0.0,0.0,"{""type"":""MultiPoint"",""coordinates"":[]}"
20151127T10,0.0206298,2015-11-27 10:00:00,-10,-60,45844.0,0.045844,12.734444444444444,"{""type"":""MultiPoint"",""coordinates"":[]}"
20151127T11,0.2996109,2015-11-27 11:00:00,-10,-60,665802.0,0.665802,184.945,"{""type"":""MultiPoint"",""coordinates"":[]}"
20151127T12,0.9321453000000001,2015-11-27 12:00:00,-10,-60,2071434.0,2.071434,575.3983333333333,"{""type"":""MultiPoint"",""coordinates"":[]}"
20151127T13,1.9674900000000002,2015-11-27 13:00:00,-10,-60,4372200.0,4.3722,1214.5,"{""type"":""MultiPoint"",""coordinates"":[]}"
20151127T14,3.1312439999999997,2015-11-27 14:00:00,-10,-60,6958320.0,6.95832,1932.8666666666666,"{""type"":""MultiPoint"",""coordinates"":[]}"
20151127T15,4.2139854,2015-11-27 15:00:00,-10,-60,9364412.0,9.364412,2601.2255555555557,"{""type"":""MultiPoint"",""coordinates"":[]}"
20151127T16,5.4008514,2015-11-27 16:00:00,-10,-60,1.2001892E7,12.001892,3333.858888888889,"{""type"":""MultiPoint"",""coordinates"":[]}"
20151127T17,6.380406,2015-11-27 17:00:00,-10,-60,1.417868E7,14.17868,3938.5222222222224,"{""type"":""MultiPoint"",""coordinates"":[]}"
20151127T18,7.4651364000000004,2015-11-27 18:00:00,-10,-60,1.6589192E7,16.589192,4608.108888888889,"{""type"":""MultiPoint"",""coordinates"":[]}"
20151127T19,8.2399392,2015-11-27 19:00:00,-10,-60,1.8310976E7,18.310976,5086.3822222222225,"{""type"":""MultiPoint"",""coordinates"":[]}"
20151127T20,8.730774,2015-11-27 20:00:00,-10,-60,1.940172E7,19.40172,5389.366666666667,"{""type"":""MultiPoint"",""coordinates"":[]}"
20151127T21,9.0358146,2015-11-27 21:00:00,-10,-60,2.0079588E7,20.079588,5577.663333333333,"{""type"":""MultiPoint"",""coordinates"":[]}"
20151127T22,9.135480600000001,2015-11-27 22:00:00,-10,-60,2.0301068E7,20.301068,5639.185555555556,"{""type"":""MultiPoint"",""coordinates"":[]}"
20151127T23,9.135684,2015-11-27 23:00:00,-10,-60,2.030152E7,20.30152,5639.311111111111,"{""type"":""MultiPoint"",""coordinates"":[]}"
20151128T00,9.135684,2015-11-28 00:00:00,-10,-60,2.030152E7,20.30152,5639.311111111111,"{""type"":""MultiPoint"",""coordinates"":[]}"
20151128T01,0.0,2015-11-28 01:00:00,-10,-60,0.0,0.0,0.0,"{""type"":""MultiPoint"",""coordinates"":[]}"
20151128T02,0.0,2015-11-28 02:00:00,-10,-60,0.0,0.0,0.0,"{""type"":""MultiPoint"",""coordinates"":[]}"
20151128T03,0.0,2015-11-28 03:00:00,-10,-60,0.0,0.0,0.0,"{""type"":""MultiPoint"",""coordinates"":[]}"
20151128T04,0.0,2015-11-28 04:00:00,-10,-60,0.0,0.0,0.0,"{""type"":""MultiPoint"",""coordinates"":[]}"
20151128T05,0.0,2015-11-28 05:00:00,-10,-60,0.0,0.0,0.0,"{""type"":""MultiPoint"",""coordinates"":[]}"
20151128T06,0.0,2015-11-28 06:00:00,-10,-60,0.0,0.0,0.0,"{""type"":""MultiPoint"",""coordinates"":[]}"
20151128T07,0.0,2015-11-28 07:00:00,-10,-60,0.0,0.0,0.0,"{""type"":""MultiPoint"",""coordinates"":[]}"
20151128T08,0.0,2015-11-28 08:00:00,-10,-60,0.0,0.0,0.0,"{""type"":""MultiPoint"",""coordinates"":[]}"
20151128T09,0.0,2015-11-28 09:00:00,-10,-60,0.0,0.0,0.0,"{""type"":""MultiPoint"",""coordinates"":[]}"
20151128T10,0.0176553,2015-11-28 10:00:00,-10,-60,39234.0,0.039234,10.898333333333333,"{""type"":""MultiPoint"",""coordinates"":[]}"
20151128T11,0.23419170000000003,2015-11-28 11:00:00,-10,-60,520426.0,0.520426,144.56277777777777,"{""type"":""MultiPoint"",""coordinates"":[]}"
20151128T12,0.8181503999999999,2015-11-28 12:00:00,-10,-60,1818112.0,1.818112,505.0311111111111,"{""type"":""MultiPoint"",""coordinates"":[]}"
20151128T13,1.744461,2015-11-28 13:00:00,-10,-60,3876580.0,3.87658,1076.8277777777778,"{""type"":""MultiPoint"",""coordinates"":[]}"
20151128T14,2.7315225,2015-11-28 14:00:00,-10,-60,6070050.0,6.07005,1686.125,"{""type"":""MultiPoint"",""coordinates"":[]}"
20151128T15,3.6886140000000003,2015-11-28 15:00:00,-10,-60,8196920.0,8.19692,2276.9222222222224,"{""type"":""MultiPoint"",""coordinates"":[]}"
20151128T16,4.6662083999999995,2015-11-28 16:00:00,-10,-60,1.0369352E7,10.369352,2880.3755555555554,"{""type"":""MultiPoint"",""coordinates"":[]}"
20151128T17,5.4235962,2015-11-28 17:00:00,-10,-60,1.2052436E7,12.052436,3347.898888888889,"{""type"":""MultiPoint"",""coordinates"":[]}"
20151128T18,6.2246736,2015-11-28 18:00:00,-10,-60,1.3832608E7,13.832608,3842.391111111111,"{""type"":""MultiPoint"",""coordinates"":[]}"
20151128T19,6.956622,2015-11-28 19:00:00,-10,-60,1.545916E7,15.45916,4294.211111111111,"{""type"":""MultiPoint"",""coordinates"":[]}"
20151128T20,7.483071600000001,2015-11-28 20:00:00,-10,-60,1.6629048E7,16.629048,4619.18,"{""type"":""MultiPoint"",""coordinates"":[]}"
20151128T21,7.788099600000001,2015-11-28 21:00:00,-10,-60,1.7306888E7,17.306888,4807.468888888889,"{""type"":""MultiPoint"",""coordinates"":[]}"
20151128T22,7.8807312000000005,2015-11-28 22:00:00,-10,-60,1.7512736E7,17.512736,4864.648888888889,"{""type"":""MultiPoint"",""coordinates"":[]}"
20151128T23,7.880995800000001,2015-11-28 23:00:00,-10,-60,1.7513324E7,17.513324,4864.812222222222,"{""type"":""MultiPoint"",""coordinates"":[]}"
20151129T00,7.880995800000001,2015-11-29 00:00:00,-10,-60,1.7513324E7,17.513324,4864.812222222222,"{""type"":""MultiPoint"",""coordinates"":[]}"
20151129T01,0.0,2015-11-29 01:00:00,-10,-60,0.0,0.0,0.0,"{""type"":""MultiPoint"",""coordinates"":[]}"
20151129T02,0.0,2015-11-29 02:00:00,-10,-60,0.0,0.0,0.0,"{""type"":""MultiPoint"",""coordinates"":[]}"
20151129T03,0.0,2015-11-29 03:00:00,-10,-60,0.0,0.0,0.0,"{""type"":""MultiPoint"",""coordinates"":[]}"
20151129T04,0.0,2015-11-29 04:00:00,-10,-60,0.0,0.0,0.0,"{""type"":""MultiPoint"",""coordinates"":[]}"
20151129T05,0.0,2015-11-29 05:00:00,-10,-60,0.0,0.0,0.0,"{""type"":""MultiPoint"",""coordinates"":[]}"
20151129T06,0.0,2015-11-29 06:00:00,-10,-60,0.0,0.0,0.0,"{""type"":""MultiPoint"",""coordinates"":[]}"
20151129T07,0.0,2015-11-29 07:00:00,-10,-60,0.0,0.0,0.0,"{""type"":""MultiPoint"",""coordinates"":[]}"
20151129T08,0.0,2015-11-29 08:00:00,-10,-60,0.0,0.0,0.0,"{""type"":""MultiPoint"",""coordinates"":[]}"
20151129T09,0.0,2015-11-29 09:00:00,-10,-60,0.0,0.0,0.0,"{""type"":""MultiPoint"",""coordinates"":[]}"
20151129T10,0.016440299999999998,2015-11-29 10:00:00,-10,-60,36534.0,0.036534,10.148333333333333,"{""type"":""MultiPoint"",""coordinates"":[]}"
20151129T11,0.1967922,2015-11-29 11:00:00,-10,-60,437316.0,0.437316,121.47666666666667,"{""type"":""MultiPoint"",""coordinates"":[]}"
20151129T12,0.7148376,2015-11-29 12:00:00,-10,-60,1588528.0,1.588528,441.2577777777778,"{""type"":""MultiPoint"",""coordinates"":[]}"
20151129T13,1.5972696000000002,2015-11-29 13:00:00,-10,-60,3549488.0,3.549488,985.9688888888888,"{""type"":""MultiPoint"",""coordinates"":[]}"
20151129T14,2.8040427,2015-11-29 14:00:00,-10,-60,6231206.0,6.231206,1730.8905555555555,"{""type"":""MultiPoint"",""coordinates"":[]}"
20151129T15,3.9404862,2015-11-29 15:00:00,-10,-60,8756636.0,8.756636,2432.398888888889,"{""type"":""MultiPoint"",""coordinates"":[]}"
20151129T16,5.2540398,2015-11-29 16:00:00,-10,-60,1.1675644E7,11.675644,3243.2344444444443,"{""type"":""MultiPoint"",""coordinates"":[]}"
20151129T17,6.557634,2015-11-29 17:00:00,-10,-60,1.457252E7,14.57252,4047.9222222222224,"{""type"":""MultiPoint"",""coordinates"":[]}"
20151129T18,7.7209074,2015-11-29 18:00:00,-10,-60,1.7157572E7,17.157572,4765.992222222222,"{""type"":""MultiPoint"",""coordinates"":[]}"
20151129T19,8.6931612,2015-11-29 19:00:00,-10,-60,1.9318136E7,19.318136,5366.148888888889,"{""type"":""MultiPoint"",""coordinates"":[]}"
20151129T20,9.3471732,2015-11-29 20:00:00,-10,-60,2.0771496E7,20.771496,5769.86,"{""type"":""MultiPoint"",""coordinates"":[]}"
20151129T21,9.6808428,2015-11-29 21:00:00,-10,-60,2.1512984E7,21.512984,5975.828888888889,"{""type"":""MultiPoint"",""coordinates"":[]}"
20151129T22,9.7795854,2015-11-29 22:00:00,-10,-60,2.1732412E7,21.732412,6036.781111111111,"{""type"":""MultiPoint"",""coordinates"":[]}"
20151129T23,9.7799022,2015-11-29 23:00:00,-10,-60,2.1733116E7,21.733116,6036.9766666666665,"{""type"":""MultiPoint"",""coordinates"":[]}"
20151130T00,9.7799022,2015-11-30 00:00:00,-10,-60,2.1733116E7,21.733116,6036.9766666666665,"{""type"":""MultiPoint"",""coordinates"":[]}"
20151130T01,0.0,2015-11-30 01:00:00,-10,-60,0.0,0.0,0.0,"{""type"":""MultiPoint"",""coordinates"":[]}"
20151130T02,0.0,2015-11-30 02:00:00,-10,-60,0.0,0.0,0.0,"{""type"":""MultiPoint"",""coordinates"":[]}"
20151130T03,0.0,2015-11-30 03:00:00,-10,-60,0.0,0.0,0.0,"{""type"":""MultiPoint"",""coordinates"":[]}"
20151130T04,0.0,2015-11-30 04:00:00,-10,-60,0.0,0.0,0.0,"{""type"":""MultiPoint"",""coordinates"":[]}"
20151130T05,0.0,2015-11-30 05:00:00,-10,-60,0.0,0.0,0.0,"{""type"":""MultiPoint"",""coordinates"":[]}"
20151130T06,0.0,2015-11-30 06:00:00,-10,-60,0.0,0.0,0.0,"{""type"":""MultiPoint"",""coordinates"":[]}"
20151130T07,0.0,2015-11-30 07:00:00,-10,-60,0.0,0.0,0.0,"{""type"":""MultiPoint"",""coordinates"":[]}"
20151130T08,0.0,2015-11-30 08:00:00,-10,-60,0.0,0.0,0.0,"{""type"":""MultiPoint"",""coordinates"":[]}"
20151130T09,0.0,2015-11-30 09:00:00,-10,-60,0.0,0.0,0.0,"{""type"":""MultiPoint"",""coordinates"":[]}"
20151130T10,0.0122517,2015-11-30 10:00:00,-10,-60,27226.0,0.027226,7.562777777777778,"{""type"":""MultiPoint"",""coordinates"":[]}"
20151130T11,0.17155530000000002,2015-11-30 11:00:00,-10,-60,381234.0,0.381234,105.89833333333333,"{""type"":""MultiPoint"",""coordinates"":[]}"
20151130T12,0.5499774000000001,2015-11-30 12:00:00,-10,-60,1222172.0,1.222172,339.4922222222222,"{""type"":""MultiPoint"",""coordinates"":[]}"
20151130T13,1.1105226,2015-11-30 13:00:00,-10,-60,2467828.0,2.467828,685.5077777777777,"{""type"":""MultiPoint"",""coordinates"":[]}"
20151130T14,1.7858223000000002,2015-11-30 14:00:00,-10,-60,3968494.0,3.968494,1102.3594444444445,"{""type"":""MultiPoint"",""coordinates"":[]}"
20151130T15,2.5470702,2015-11-30 15:00:00,-10,-60,5660156.0,5.660156,1572.2655555555555,"{""type"":""MultiPoint"",""coordinates"":[]}"
20151130T16,3.7957356,2015-11-30 16:00:00,-10,-60,8434968.0,8.434968,2343.0466666666666,"{""type"":""MultiPoint"",""coordinates"":[]}"
20151130T17,5.097951,2015-11-30 17:00:00,-10,-60,1.132878E7,11.32878,3146.883333333333,"{""type"":""MultiPoint"",""coordinates"":[]}"
20151130T18,6.123627,2015-11-30 18:00:00,-10,-60,1.360806E7,13.60806,3780.016666666667,"{""type"":""MultiPoint"",""coordinates"":[]}"
20151130T19,7.0151076,2015-11-30 19:00:00,-10,-60,1.5589128E7,15.589128,4330.3133333333335,"{""type"":""MultiPoint"",""coordinates"":[]}"
20151130T20,7.62948,2015-11-30 20:00:00,-10,-60,1.69544E7,16.9544,4709.555555555556,"{""type"":""MultiPoint"",""coordinates"":[]}"
20151130T21,7.9519608,2015-11-30 21:00:00,-10,-60,1.7671024E7,17.671024,4908.6177777777775,"{""type"":""MultiPoint"",""coordinates"":[]}"
20151130T22,8.0447562,2015-11-30 22:00:00,-10,-60,1.7877236E7,17.877236,4965.898888888889,"{""type"":""MultiPoint"",""coordinates"":[]}"
20151130T23,8.045060399999999,2015-11-30 23:00:00,-10,-60,1.7877912E7,17.877912,4966.086666666667,"{""type"":""MultiPoint"",""coordinates"":[]}"
20151201T00,8.045060399999999,2015-12-01 00:00:00,-10,-60,1.7877912E7,17.877912,4966.086666666667,"{""type"":""MultiPoint"",""coordinates"":[]}"
20151201T01,0.0,2015-12-01 01:00:00,-10,-60,0.0,0.0,0.0,"{""type"":""MultiPoint"",""coordinates"":[]}"
20151201T02,0.0,2015-12-01 02:00:00,-10,-60,0.0,0.0,0.0,"{""type"":""MultiPoint"",""coordinates"":[]}"
20151201T03,0.0,2015-12-01 03:00:00,-10,-60,0.0,0.0,0.0,"{""type"":""MultiPoint"",""coordinates"":[]}"
20151201T04,0.0,2015-12-01 04:00:00,-10,-60,0.0,0.0,0.0,"{""type"":""MultiPoint"",""coordinates"":[]}"
20151201T05,0.0,2015-12-01 05:00:00,-10,-60,0.0,0.0,0.0,"{""type"":""MultiPoint"",""coordinates"":[]}"
20151201T06,0.0,2015-12-01 06:00:00,-10,-60,0.0,0.0,0.0,"{""type"":""MultiPoint"",""coordinates"":[]}"
20151201T07,0.0,2015-12-01 07:00:00,-10,-60,0.0,0.0,0.0,"{""type"":""MultiPoint"",""coordinates"":[]}"
20151201T08,0.0,2015-12-01 08:00:00,-10,-60,0.0,0.0,0.0,"{""type"":""MultiPoint"",""coordinates"":[]}"
20151201T09,0.0,2015-12-01 09:00:00,-10,-60,0.0,0.0,0.0,"{""type"":""MultiPoint"",""coordinates"":[]}"
20151201T10,0.0170352,2015-12-01 10:00:00,-10,-60,37856.0,0.037856,10.515555555555556,"{""type"":""MultiPoint"",""coordinates"":[]}"
20151201T11,0.2673891,2015-12-01 11:00:00,-10,-60,594198.0,0.594198,165.055,"{""type"":""MultiPoint"",""coordinates"":[]}"
20151201T12,0.8910252000000001,2015-12-01 12:00:00,-10,-60,1980056.0,1.980056,550.0155555555556,"{""type"":""MultiPoint"",""coordinates"":[]}"
20151201T13,1.7783676000000002,2015-12-01 13:00:00,-10,-60,3951928.0,3.951928,1097.7577777777778,"{""type"":""MultiPoint"",""coordinates"":[]}"
20151201T14,2.9743074000000003,2015-12-01 14:00:00,-10,-60,6609572.0,6.609572,1835.9922222222222,"{""type"":""MultiPoint"",""coordinates"":[]}"
20151201T15,4.3905411,2015-12-01 15:00:00,-10,-60,9756758.0,9.756758,2710.2105555555554,"{""type"":""MultiPoint"",""coordinates"":[]}"
20151201T16,5.6262222,2015-12-01 16:00:00,-10,-60,1.2502716E7,12.502716,3472.9766666666665,"{""type"":""MultiPoint"",""coordinates"":[]}"
20151201T17,6.626016,2015-12-01 17:00:00,-10,-60,1.472448E7,14.72448,4090.133333333333,"{""type"":""MultiPoint"",""coordinates"":[]}"
20151201T18,7.516015199999999,2015-12-01 18:00:00,-10,-60,1.6702256E7,16.702256,4639.515555555556,"{""type"":""MultiPoint"",""coordinates"":[]}"
20151201T19,8.5572828,2015-12-01 19:00:00,-10,-60,1.9016184E7,19.016184,5282.2733333333335,"{""type"":""MultiPoint"",""coordinates"":[]}"
20151201T20,9.2368098,2015-12-01 20:00:00,-10,-60,2.0526244E7,20.526244,5701.734444444444,"{""type"":""MultiPoint"",""coordinates"":[]}"
20151201T21,9.5675688,2015-12-01 21:00:00,-10,-60,2.1261264E7,21.261264,5905.906666666667,"{""type"":""MultiPoint"",""coordinates"":[]}"
20151201T22,9.686259000000002,2015-12-01 22:00:00,-10,-60,2.152502E7,21.52502,5979.172222222222,"{""type"":""MultiPoint"",""coordinates"":[]}"
20151201T23,9.6866766,2015-12-01 23:00:00,-10,-60,2.1525948E7,21.525948,5979.43,"{""type"":""MultiPoint"",""coordinates"":[]}"
20151202T00,9.6866766,2015-12-02 00:00:00,-10,-60,2.1525948E7,21.525948,5979.43,"{""type"":""MultiPoint"",""coordinates"":[]}"
20151202T01,0.0,2015-12-02 01:00:00,-10,-60,0.0,0.0,0.0,"{""type"":""MultiPoint"",""coordinates"":[]}"
20151202T02,0.0,2015-12-02 02:00:00,-10,-60,0.0,0.0,0.0,"{""type"":""MultiPoint"",""coordinates"":[]}"
20151202T03,0.0,2015-12-02 03:00:00,-10,-60,0.0,0.0,0.0,"{""type"":""MultiPoint"",""coordinates"":[]}"
20151202T04,0.0,2015-12-02 04:00:00,-10,-60,0.0,0.0,0.0,"{""type"":""MultiPoint"",""coordinates"":[]}"
20151202T05,0.0,2015-12-02 05:00:00,-10,-60,0.0,0.0,0.0,"{""type"":""MultiPoint"",""coordinates"":[]}"
20151202T06,0.0,2015-12-02 06:00:00,-10,-60,0.0,0.0,0.0,"{""type"":""MultiPoint"",""coordinates"":[]}"
20151202T07,0.0,2015-12-02 07:00:00,-10,-60,0.0,0.0,0.0,"{""type"":""MultiPoint"",""coordinates"":[]}"
20151202T08,0.0,2015-12-02 08:00:00,-10,-60,0.0,0.0,0.0,"{""type"":""MultiPoint"",""coordinates"":[]}"
20151202T09,0.0,2015-12-02 09:00:00,-10,-60,0.0,0.0,0.0,"{""type"":""MultiPoint"",""coordinates"":[]}"
20151202T10,0.013744800000000001,2015-12-02 10:00:00,-10,-60,30544.0,0.030544,8.484444444444444,"{""type"":""MultiPoint"",""coordinates"":[]}"
20151202T11,0.1856169,2015-12-02 11:00:00,-10,-60,412482.0,0.412482,114.57833333333333,"{""type"":""MultiPoint"",""coordinates"":[]}"
20151202T12,0.6818679000000001,2015-12-02 12:00:00,-10,-60,1515262.0,1.515262,420.9061111111111,"{""type"":""MultiPoint"",""coordinates"":[]}"
20151202T13,1.4844132,2015-12-02 13:00:00,-10,-60,3298696.0,3.298696,916.3044444444445,"{""type"":""MultiPoint"",""coordinates"":[]}"
20151202T14,2.5037487,2015-12-02 14:00:00,-10,-60,5563886.0,5.563886,1545.523888888889,"{""type"":""MultiPoint"",""coordinates"":[]}"
20151202T15,3.7385046,2015-12-02 15:00:00,-10,-60,8307788.0,8.307788,2307.718888888889,"{""type"":""MultiPoint"",""coordinates"":[]}"
20151202T16,4.9527198,2015-12-02 16:00:00,-10,-60,1.1006044E7,11.006044,3057.2344444444443,"{""type"":""MultiPoint"",""coordinates"":[]}"
20151202T17,6.214953599999999,2015-12-02 17:00:00,-10,-60,1.3811008E7,13.811008,3836.391111111111,"{""type"":""MultiPoint"",""coordinates"":[]}"
20151202T18,7.426915200000001,2015-12-02 18:00:00,-10,-60,1.6504256E7,16.504256,4584.515555555556,"{""type"":""MultiPoint"",""coordinates"":[]}"
20151202T19,8.3835522,2015-12-02 19:00:00,-10,-60,1.8630116E7,18.630116,5175.032222222222,"{""type"":""MultiPoint"",""coordinates"":[]}"
20151202T20,8.998164000000001,2015-12-02 20:00:00,-10,-60,1.999592E7,19.99592,5554.422222222222,"{""type"":""MultiPoint"",""coordinates"":[]}"
20151202T21,9.306748800000001,2015-12-02 21:00:00,-10,-60,2.0681664E7,20.681664,5744.906666666667,"{""type"":""MultiPoint"",""coordinates"":[]}"
20151202T22,9.4203396,2015-12-02 22:00:00,-10,-60,2.0934088E7,20.934088,5815.024444444444,"{""type"":""MultiPoint"",""coordinates"":[]}"
20151202T23,9.4209966,2015-12-02 23:00:00,-10,-60,2.0935548E7,20.935548,5815.43,"{""type"":""MultiPoint"",""coordinates"":[]}"
20151203T00,9.4209966,2015-12-03 00:00:00,-10,-60,2.0935548E7,20.935548,5815.43,"{""type"":""MultiPoint"",""coordinates"":[]}"
20151203T01,0.0,2015-12-03 01:00:00,-10,-60,0.0,0.0,0.0,"{""type"":""MultiPoint"",""coordinates"":[]}"
20151203T02,0.0,2015-12-03 02:00:00,-10,-60,0.0,0.0,0.0,"{""type"":""MultiPoint"",""coordinates"":[]}"
20151203T03,0.0,2015-12-03 03:00:00,-10,-60,0.0,0.0,0.0,"{""type"":""MultiPoint"",""coordinates"":[]}"
20151203T04,0.0,2015-12-03 04:00:00,-10,-60,0.0,0.0,0.0,"{""type"":""MultiPoint"",""coordinates"":[]}"
20151203T05,0.0,2015-12-03 05:00:00,-10,-60,0.0,0.0,0.0,"{""type"":""MultiPoint"",""coordinates"":[]}"
20151203T06,0.0,2015-12-03 06:00:00,-10,-60,0.0,0.0,0.0,"{""type"":""MultiPoint"",""coordinates"":[]}"
20151203T07,0.0,2015-12-03 07:00:00,-10,-60,0.0,0.0,0.0,"{""type"":""MultiPoint"",""coordinates"":[]}"
20151203T08,0.0,2015-12-03 08:00:00,-10,-60,0.0,0.0,0.0,"{""type"":""MultiPoint"",""coordinates"":[]}"
20151203T09,0.0,2015-12-03 09:00:00,-10,-60,0.0,0.0,0.0,"{""type"":""MultiPoint"",""coordinates"":[]}"
20151203T10,0.014226300000000002,2015-12-03 10:00:00,-10,-60,31614.0,0.031614,8.781666666666666,"{""type"":""MultiPoint"",""coordinates"":[]}"
20151203T11,0.22466160000000002,2015-12-03 11:00:00,-10,-60,499248.0,0.499248,138.68,"{""type"":""MultiPoint"",""coordinates"":[]}"
20151203T12,0.8255673,2015-12-03 12:00:00,-10,-60,1834594.0,1.834594,509.6094444444444,"{""type"":""MultiPoint"",""coordinates"":[]}"
20151203T13,1.832562,2015-12-03 13:00:00,-10,-60,4072360.0,4.07236,1131.2111111111112,"{""type"":""MultiPoint"",""coordinates"":[]}"
20151203T14,3.1368897000000002,2015-12-03 14:00:00,-10,-60,6970866.0,6.970866,1936.3516666666667,"{""type"":""MultiPoint"",""coordinates"":[]}"
20151203T15,4.4848188,2015-12-03 15:00:00,-10,-60,9966264.0,9.966264,2768.4066666666668,"{""type"":""MultiPoint"",""coordinates"":[]}"
20151203T16,5.722093800000001,2015-12-03 16:00:00,-10,-60,1.2715764E7,12.715764,3532.1566666666668,"{""type"":""MultiPoint"",""coordinates"":[]}"
20151203T17,7.226188199999999,2015-12-03 17:00:00,-10,-60,1.6058196E7,16.058196,4460.61,"{""type"":""MultiPoint"",""coordinates"":[]}"
20151203T18,8.390259,2015-12-03 18:00:00,-10,-60,1.864502E7,18.64502,5179.172222222222,"{""type"":""MultiPoint"",""coordinates"":[]}"
20151203T19,9.4198572,2015-12-03 19:00:00,-10,-60,2.0933016E7,20.933016,5814.7266666666665,"{""type"":""MultiPoint"",""coordinates"":[]}"
20151203T20,10.249704,2015-12-03 20:00:00,-10,-60,2.277712E7,22.77712,6326.977777777778,"{""type"":""MultiPoint"",""coordinates"":[]}"
20151203T21,10.6267194,2015-12-03 21:00:00,-10,-60,2.3614932E7,23.614932,6559.703333333333,"{""type"":""MultiPoint"",""coordinates"":[]}"
20151203T22,10.7413092,2015-12-03 22:00:00,-10,-60,2.3869576E7,23.869576,6630.437777777778,"{""type"":""MultiPoint"",""coordinates"":[]}"
20151203T23,10.7419302,2015-12-03 23:00:00,-10,-60,2.3870956E7,23.870956,6630.821111111111,"{""type"":""MultiPoint"",""coordinates"":[]}"
20151204T00,10.7419302,2015-12-04 00:00:00,-10,-60,2.3870956E7,23.870956,6630.821111111111,"{""type"":""MultiPoint"",""coordinates"":[]}"
20151204T01,0.0,2015-12-04 01:00:00,-10,-60,0.0,0.0,0.0,"{""type"":""MultiPoint"",""coordinates"":[]}"
20151204T02,0.0,2015-12-04 02:00:00,-10,-60,0.0,0.0,0.0,"{""type"":""MultiPoint"",""coordinates"":[]}"
20151204T03,0.0,2015-12-04 03:00:00,-10,-60,0.0,0.0,0.0,"{""type"":""MultiPoint"",""coordinates"":[]}"
20151204T04,0.0,2015-12-04 04:00:00,-10,-60,0.0,0.0,0.0,"{""type"":""MultiPoint"",""coordinates"":[]}"
20151204T05,0.0,2015-12-04 05:00:00,-10,-60,0.0,0.0,0.0,"{""type"":""MultiPoint"",""coordinates"":[]}"
20151204T06,0.0,2015-12-04 06:00:00,-10,-60,0.0,0.0,0.0,"{""type"":""MultiPoint"",""coordinates"":[]}"
20151204T07,0.0,2015-12-04 07:00:00,-10,-60,0.0,0.0,0.0,"{""type"":""MultiPoint"",""coordinates"":[]}"
20151204T08,0.0,2015-12-04 08:00:00,-10,-60,0.0,0.0,0.0,"{""type"":""MultiPoint"",""coordinates"":[]}"
20151204T09,0.0,2015-12-04 09:00:00,-10,-60,0.0,0.0,0.0,"{""type"":""MultiPoint"",""coordinates"":[]}"
20151204T10,0.0127071,2015-12-04 10:00:00,-10,-60,28238.0,0.028238,7.8438888888888885,"{""type"":""MultiPoint"",""coordinates"":[]}"
20151204T11,0.1863378,2015-12-04 11:00:00,-10,-60,414084.0,0.414084,115.02333333333333,"{""type"":""MultiPoint"",""coordinates"":[]}"
20151204T12,0.6965874,2015-12-04 12:00:00,-10,-60,1547972.0,1.547972,429.9922222222222,"{""type"":""MultiPoint"",""coordinates"":[]}"
20151204T13,1.2255057,2015-12-04 13:00:00,-10,-60,2723346.0,2.723346,756.485,"{""type"":""MultiPoint"",""coordinates"":[]}"
20151204T14,1.9999296000000002,2015-12-04 14:00:00,-10,-60,4444288.0,4.444288,1234.5244444444445,"{""type"":""MultiPoint"",""coordinates"":[]}"
20151204T15,2.7657855,2015-12-04 15:00:00,-10,-60,6146190.0,6.14619,1707.275,"{""type"":""MultiPoint"",""coordinates"":[]}"
20151204T16,3.6354096,2015-12-04 16:00:00,-10,-60,8078688.0,8.078688,2244.08,"{""type"":""MultiPoint"",""coordinates"":[]}"
20151204T17,4.4387658000000005,2015-12-04 17:00:00,-10,-60,9863924.0,9.863924,2739.978888888889,"{""type"":""MultiPoint"",""coordinates"":[]}"
20151204T18,5.0929542,2015-12-04 18:00:00,-10,-60,1.1317676E7,11.317676,3143.798888888889,"{""type"":""MultiPoint"",""coordinates"":[]}"
20151204T19,6.108062400000001,2015-12-04 19:00:00,-10,-60,1.3573472E7,13.573472,3770.4088888888887,"{""type"":""MultiPoint"",""coordinates"":[]}"
20151204T20,6.707689200000001,2015-12-04 20:00:00,-10,-60,1.4905976E7,14.905976,4140.5488888888885,"{""type"":""MultiPoint"",""coordinates"":[]}"
20151204T21,7.0120854,2015-12-04 21:00:00,-10,-60,1.5582412E7,15.582412,4328.447777777777,"{""type"":""MultiPoint"",""coordinates"":[]}"
20151204T22,7.0997292000000005,2015-12-04 22:00:00,-10,-60,1.5777176E7,15.777176,4382.5488888888885,"{""type"":""MultiPoint"",""coordinates"":[]}"
20151204T23,7.100451,2015-12-04 23:00:00,-10,-60,1.577878E7,15.77878,4382.9944444444445,"{""type"":""MultiPoint"",""coordinates"":[]}"
20151205T00,7.100451,2015-12-05 00:00:00,-10,-60,1.577878E7,15.77878,4382.9944444444445,"{""type"":""MultiPoint"",""coordinates"":[]}"
20151205T01,0.0,2015-12-05 01:00:00,-10,-60,0.0,0.0,0.0,"{""type"":""MultiPoint"",""coordinates"":[]}"
20151205T02,0.0,2015-12-05 02:00:00,-10,-60,0.0,0.0,0.0,"{""type"":""MultiPoint"",""coordinates"":[]}"
20151205T03,0.0,2015-12-05 03:00:00,-10,-60,0.0,0.0,0.0,"{""type"":""MultiPoint"",""coordinates"":[]}"
20151205T04,0.0,2015-12-05 04:00:00,-10,-60,0.0,0.0,0.0,"{""type"":""MultiPoint"",""coordinates"":[]}"
20151205T05,0.0,2015-12-05 05:00:00,-10,-60,0.0,0.0,0.0,"{""type"":""MultiPoint"",""coordinates"":[]}"
20151205T06,0.0,2015-12-05 06:00:00,-10,-60,0.0,0.0,0.0,"{""type"":""MultiPoint"",""coordinates"":[]}"
20151205T07,0.0,2015-12-05 07:00:00,-10,-60,0.0,0.0,0.0,"{""type"":""MultiPoint"",""coordinates"":[]}"
20151205T08,0.0,2015-12-05 08:00:00,-10,-60,0.0,0.0,0.0,"{""type"":""MultiPoint"",""coordinates"":[]}"
20151205T09,0.0,2015-12-05 09:00:00,-10,-60,0.0,0.0,0.0,"{""type"":""MultiPoint"",""coordinates"":[]}"
20151205T10,0.0154026,2015-12-05 10:00:00,-10,-60,34228.0,0.034228,9.507777777777777,"{""type"":""MultiPoint"",""coordinates"":[]}"
20151205T11,0.24462,2015-12-05 11:00:00,-10,-60,543600.0,0.5436,151.0,"{""type"":""MultiPoint"",""coordinates"":[]}"
20151205T12,0.8462475,2015-12-05 12:00:00,-10,-60,1880550.0,1.88055,522.375,"{""type"":""MultiPoint"",""coordinates"":[]}"
20151205T13,1.8163872,2015-12-05 13:00:00,-10,-60,4036416.0,4.036416,1121.2266666666667,"{""type"":""MultiPoint"",""coordinates"":[]}"
20151205T14,3.1016538000000002,2015-12-05 14:00:00,-10,-60,6892564.0,6.892564,1914.601111111111,"{""type"":""MultiPoint"",""coordinates"":[]}"
20151205T15,4.6382238000000005,2015-12-05 15:00:00,-10,-60,1.0307164E7,10.307164,2863.101111111111,"{""type"":""MultiPoint"",""coordinates"":[]}"
20151205T16,5.9422212000000005,2015-12-05 16:00:00,-10,-60,1.3204936E7,13.204936,3668.0377777777776,"{""type"":""MultiPoint"",""coordinates"":[]}"
20151205T17,6.7135698,2015-12-05 17:00:00,-10,-60,1.4919044E7,14.919044,4144.178888888889,"{""type"":""MultiPoint"",""coordinates"":[]}"
20151205T18,7.633476000000001,2015-12-05 18:00:00,-10,-60,1.696328E7,16.96328,4712.022222222222,"{""type"":""MultiPoint"",""coordinates"":[]}"
20151205T19,8.514999,2015-12-05 19:00:00,-10,-60,1.892222E7,18.92222,5256.172222222222,"{""type"":""MultiPoint"",""coordinates"":[]}"
20151205T20,9.1533294,2015-12-05 20:00:00,-10,-60,2.0340732E7,20.340732,5650.203333333333,"{""type"":""MultiPoint"",""coordinates"":[]}"
20151205T21,9.5817294,2015-12-05 21:00:00,-10,-60,2.1292732E7,21.292732,5914.647777777778,"{""type"":""MultiPoint"",""coordinates"":[]}"
20151205T22,9.704205000000002,2015-12-05 22:00:00,-10,-60,2.15649E7,21.5649,5990.25,"{""type"":""MultiPoint"",""coordinates"":[]}"
20151205T23,9.705078,2015-12-05 23:00:00,-10,-60,2.156684E7,21.56684,5990.788888888889,"{""type"":""MultiPoint"",""coordinates"":[]}"
20151206T00,9.705078,2015-12-06 00:00:00,-10,-60,2.156684E7,21.56684,5990.788888888889,"{""type"":""MultiPoint"",""coordinates"":[]}"
20151206T01,0.0,2015-12-06 01:00:00,-10,-60,0.0,0.0,0.0,"{""type"":""MultiPoint"",""coordinates"":[]}"
20151206T02,0.0,2015-12-06 02:00:00,-10,-60,0.0,0.0,0.0,"{""type"":""MultiPoint"",""coordinates"":[]}"
20151206T03,0.0,2015-12-06 03:00:00,-10,-60,0.0,0.0,0.0,"{""type"":""MultiPoint"",""coordinates"":[]}"
20151206T04,0.0,2015-12-06 04:00:00,-10,-60,0.0,0.0,0.0,"{""type"":""MultiPoint"",""coordinates"":[]}"
20151206T05,0.0,2015-12-06 05:00:00,-10,-60,0.0,0.0,0.0,"{""type"":""MultiPoint"",""coordinates"":[]}"
20151206T06,0.0,2015-12-06 06:00:00,-10,-60,0.0,0.0,0.0,"{""type"":""MultiPoint"",""coordinates"":[]}"
20151206T07,0.0,2015-12-06 07:00:00,-10,-60,0.0,0.0,0.0,"{""type"":""MultiPoint"",""coordinates"":[]}"
20151206T08,0.0,2015-12-06 08:00:00,-10,-60,0.0,0.0,0.0,"{""type"":""MultiPoint"",""coordinates"":[]}"
20151206T09,0.0,2015-12-06 09:00:00,-10,-60,0.0,0.0,0.0,"{""type"":""MultiPoint"",""coordinates"":[]}"
20151206T10,0.015200100000000001,2015-12-06 10:00:00,-10,-60,33778.0,0.033778,9.382777777777777,"{""type"":""MultiPoint"",""coordinates"":[]}"
20151206T11,0.22445910000000002,2015-12-06 11:00:00,-10,-60,498798.0,0.498798,138.555,"{""type"":""MultiPoint"",""coordinates"":[]}"
20151206T12,0.7970400000000001,2015-12-06 12:00:00,-10,-60,1771200.0,1.7712,492.0,"{""type"":""MultiPoint"",""coordinates"":[]}"
20151206T13,1.6619814,2015-12-06 13:00:00,-10,-60,3693292.0,3.693292,1025.9144444444444,"{""type"":""MultiPoint"",""coordinates"":[]}"
20151206T14,2.6435493,2015-12-06 14:00:00,-10,-60,5874554.0,5.874554,1631.8205555555555,"{""type"":""MultiPoint"",""coordinates"":[]}"
20151206T15,3.6701082000000005,2015-12-06 15:00:00,-10,-60,8155796.0,8.155796,2265.498888888889,"{""type"":""MultiPoint"",""coordinates"":[]}"
20151206T16,4.5273276,2015-12-06 16:00:00,-10,-60,1.0060728E7,10.060728,2794.6466666666665,"{""type"":""MultiPoint"",""coordinates"":[]}"
20151206T17,5.0369076,2015-12-06 17:00:00,-10,-60,1.1193128E7,11.193128,3109.202222222222,"{""type"":""MultiPoint"",""coordinates"":[]}"
20151206T18,5.455056600000001,2015-12-06 18:00:00,-10,-60,1.2122348E7,12.122348,3367.318888888889,"{""type"":""MultiPoint"",""coordinates"":[]}"
20151206T19,6.3207054,2015-12-06 19:00:00,-10,-60,1.4046012E7,14.046012,3901.67,"{""type"":""MultiPoint"",""coordinates"":[]}"
20151206T20,6.9831072,2015-12-06 20:00:00,-10,-60,1.5518016E7,15.518016,4310.56,"{""type"":""MultiPoint"",""coordinates"":[]}"
20151206T21,7.203540599999999,2015-12-06 21:00:00,-10,-60,1.6007868E7,16.007868,4446.63,"{""type"":""MultiPoint"",""coordinates"":[]}"
20151206T22,7.288361999999999,2015-12-06 22:00:00,-10,-60,1.619636E7,16.19636,4498.988888888889,"{""type"":""MultiPoint"",""coordinates"":[]}"
20151206T23,7.289186399999999,2015-12-06 23:00:00,-10,-60,1.6198192E7,16.198192,4499.497777777778,"{""type"":""MultiPoint"",""coordinates"":[]}"
20151207T00,7.289186399999999,2015-12-07 00:00:00,-10,-60,1.6198192E7,16.198192,4499.497777777778,"{""type"":""MultiPoint"",""coordinates"":[]}"
20151207T01,0.0,2015-12-07 01:00:00,-10,-60,0.0,0.0,0.0,"{""type"":""MultiPoint"",""coordinates"":[]}"
20151207T02,0.0,2015-12-07 02:00:00,-10,-60,0.0,0.0,0.0,"{""type"":""MultiPoint"",""coordinates"":[]}"
20151207T03,0.0,2015-12-07 03:00:00,-10,-60,0.0,0.0,0.0,"{""type"":""MultiPoint"",""coordinates"":[]}"
20151207T04,0.0,2015-12-07 04:00:00,-10,-60,0.0,0.0,0.0,"{""type"":""MultiPoint"",""coordinates"":[]}"
20151207T05,0.0,2015-12-07 05:00:00,-10,-60,0.0,0.0,0.0,"{""type"":""MultiPoint"",""coordinates"":[]}"
20151207T06,0.0,2015-12-07 06:00:00,-10,-60,0.0,0.0,0.0,"{""type"":""MultiPoint"",""coordinates"":[]}"
20151207T07,0.0,2015-12-07 07:00:00,-10,-60,0.0,0.0,0.0,"{""type"":""MultiPoint"",""coordinates"":[]}"
20151207T08,0.0,2015-12-07 08:00:00,-10,-60,0.0,0.0,0.0,"{""type"":""MultiPoint"",""coordinates"":[]}"
20151207T09,0.0,2015-12-07 09:00:00,-10,-60,0.0,0.0,0.0,"{""type"":""MultiPoint"",""coordinates"":[]}"
20151207T10,0.003582,2015-12-07 10:00:00,-10,-60,7960.0,0.00796,2.2111111111111112,"{""type"":""MultiPoint"",""coordinates"":[]}"
20151207T11,0.0552447,2015-12-07 11:00:00,-10,-60,122766.0,0.122766,34.10166666666667,"{""type"":""MultiPoint"",""coordinates"":[]}"
20151207T12,0.2443545,2015-12-07 12:00:00,-10,-60,543010.0,0.54301,150.8361111111111,"{""type"":""MultiPoint"",""coordinates"":[]}"
20151207T13,0.533727,2015-12-07 13:00:00,-10,-60,1186060.0,1.18606,329.4611111111111,"{""type"":""MultiPoint"",""coordinates"":[]}"
20151207T14,1.2416175,2015-12-07 14:00:00,-10,-60,2759150.0,2.75915,766.4305555555555,"{""type"":""MultiPoint"",""coordinates"":[]}"
20151207T15,2.1967452,2015-12-07 15:00:00,-10,-60,4881656.0,4.881656,1356.0155555555555,"{""type"":""MultiPoint"",""coordinates"":[]}"
20151207T16,3.0964392000000003,2015-12-07 16:00:00,-10,-60,6880976.0,6.880976,1911.3822222222223,"{""type"":""MultiPoint"",""coordinates"":[]}"
20151207T17,3.932145,2015-12-07 17:00:00,-10,-60,8738100.0,8.7381,2427.25,"{""type"":""MultiPoint"",""coordinates"":[]}"
20151207T18,4.5870678,2015-12-07 18:00:00,-10,-60,1.0193484E7,10.193484,2831.5233333333335,"{""type"":""MultiPoint"",""coordinates"":[]}"
20151207T19,5.4001818,2015-12-07 19:00:00,-10,-60,1.2000404E7,12.000404,3333.4455555555555,"{""type"":""MultiPoint"",""coordinates"":[]}"
20151207T20,5.994556200000001,2015-12-07 20:00:00,-10,-60,1.3321236E7,13.321236,3700.3433333333332,"{""type"":""MultiPoint"",""coordinates"":[]}"
20151207T21,6.3402246,2015-12-07 21:00:00,-10,-60,1.4089388E7,14.089388,3913.718888888889,"{""type"":""MultiPoint"",""coordinates"":[]}"
20151207T22,6.461307,2015-12-07 22:00:00,-10,-60,1.435846E7,14.35846,3988.461111111111,"{""type"":""MultiPoint"",""coordinates"":[]}"
20151207T23,6.462333,2015-12-07 23:00:00,-10,-60,1.436074E7,14.36074,3989.0944444444444,"{""type"":""MultiPoint"",""coordinates"":[]}"
20151208T00,6.462333,2015-12-08 00:00:00,-10,-60,1.436074E7,14.36074,3989.0944444444444,"{""type"":""MultiPoint"",""coordinates"":[]}"
20151208T01,0.0,2015-12-08 01:00:00,-10,-60,0.0,0.0,0.0,"{""type"":""MultiPoint"",""coordinates"":[]}"
20151208T02,0.0,2015-12-08 02:00:00,-10,-60,0.0,0.0,0.0,"{""type"":""MultiPoint"",""coordinates"":[]}"
20151208T03,0.0,2015-12-08 03:00:00,-10,-60,0.0,0.0,0.0,"{""type"":""MultiPoint"",""coordinates"":[]}"
20151208T04,0.0,2015-12-08 04:00:00,-10,-60,0.0,0.0,0.0,"{""type"":""MultiPoint"",""coordinates"":[]}"
20151208T05,0.0,2015-12-08 05:00:00,-10,-60,0.0,0.0,0.0,"{""type"":""MultiPoint"",""coordinates"":[]}"
20151208T06,0.0,2015-12-08 06:00:00,-10,-60,0.0,0.0,0.0,"{""type"":""MultiPoint"",""coordinates"":[]}"
20151208T07,0.0,2015-12-08 07:00:00,-10,-60,0.0,0.0,0.0,"{""type"":""MultiPoint"",""coordinates"":[]}"
20151208T08,0.0,2015-12-08 08:00:00,-10,-60,0.0,0.0,0.0,"{""type"":""MultiPoint"",""coordinates"":[]}"
20151208T09,0.0,2015-12-08 09:00:00,-10,-60,0.0,0.0,0.0,"{""type"":""MultiPoint"",""coordinates"":[]}"
20151208T10,0.0113904,2015-12-08 10:00:00,-10,-60,25312.0,0.025312,7.0311111111111115,"{""type"":""MultiPoint"",""coordinates"":[]}"
20151208T11,0.17327700000000001,2015-12-08 11:00:00,-10,-60,385060.0,0.38506,106.96111111111111,"{""type"":""MultiPoint"",""coordinates"":[]}"
20151208T12,0.6772365,2015-12-08 12:00:00,-10,-60,1504970.0,1.50497,418.0472222222222,"{""type"":""MultiPoint"",""coordinates"":[]}"
20151208T13,1.4724279,2015-12-08 13:00:00,-10,-60,3272062.0,3.272062,908.9061111111112,"{""type"":""MultiPoint"",""coordinates"":[]}"
20151208T14,2.5775091,2015-12-08 14:00:00,-10,-60,5727798.0,5.727798,1591.055,"{""type"":""MultiPoint"",""coordinates"":[]}"
20151208T15,3.9562433999999995,2015-12-08 15:00:00,-10,-60,8791652.0,8.791652,2442.1255555555554,"{""type"":""MultiPoint"",""coordinates"":[]}"
20151208T16,4.8656196000000005,2015-12-08 16:00:00,-10,-60,1.0812488E7,10.812488,3003.468888888889,"{""type"":""MultiPoint"",""coordinates"":[]}"
20151208T17,5.7069684,2015-12-08 17:00:00,-10,-60,1.2682152E7,12.682152,3522.82,"{""type"":""MultiPoint"",""coordinates"":[]}"
20151208T18,6.553494,2015-12-08 18:00:00,-10,-60,1.456332E7,14.56332,4045.366666666667,"{""type"":""MultiPoint"",""coordinates"":[]}"
20151208T19,7.311236399999999,2015-12-08 19:00:00,-10,-60,1.6247192E7,16.247192,4513.108888888889,"{""type"":""MultiPoint"",""coordinates"":[]}"
20151208T20,7.9828668,2015-12-08 20:00:00,-10,-60,1.7739704E7,17.739704,4927.695555555556,"{""type"":""MultiPoint"",""coordinates"":[]}"
20151208T21,8.4080016,2015-12-08 21:00:00,-10,-60,1.8684448E7,18.684448,5190.124444444445,"{""type"":""MultiPoint"",""coordinates"":[]}"
20151208T22,8.5534362,2015-12-08 22:00:00,-10,-60,1.9007636E7,19.007636,5279.898888888889,"{""type"":""MultiPoint"",""coordinates"":[]}"
20151208T23,8.5548024,2015-12-08 23:00:00,-10,-60,1.9010672E7,19.010672,5280.742222222222,"{""type"":""MultiPoint"",""coordinates"":[]}"
20151209T00,8.5548024,2015-12-09 00:00:00,-10,-60,1.9010672E7,19.010672,5280.742222222222,"{""type"":""MultiPoint"",""coordinates"":[]}"
20151209T01,0.0,2015-12-09 01:00:00,-10,-60,0.0,0.0,0.0,"{""type"":""MultiPoint"",""coordinates"":[]}"
20151209T02,0.0,2015-12-09 02:00:00,-10,-60,0.0,0.0,0.0,"{""type"":""MultiPoint"",""coordinates"":[]}"
20151209T03,0.0,2015-12-09 03:00:00,-10,-60,0.0,0.0,0.0,"{""type"":""MultiPoint"",""coordinates"":[]}"
20151209T04,0.0,2015-12-09 04:00:00,-10,-60,0.0,0.0,0.0,"{""type"":""MultiPoint"",""coordinates"":[]}"
20151209T05,0.0,2015-12-09 05:00:00,-10,-60,0.0,0.0,0.0,"{""type"":""MultiPoint"",""coordinates"":[]}"
20151209T06,0.0,2015-12-09 06:00:00,-10,-60,0.0,0.0,0.0,"{""type"":""MultiPoint"",""coordinates"":[]}"
20151209T07,0.0,2015-12-09 07:00:00,-10,-60,0.0,0.0,0.0,"{""type"":""MultiPoint"",""coordinates"":[]}"
20151209T08,0.0,2015-12-09 08:00:00,-10,-60,0.0,0.0,0.0,"{""type"":""MultiPoint"",""coordinates"":[]}"
20151209T09,0.0,2015-12-09 09:00:00,-10,-60,0.0,0.0,0.0,"{""type"":""MultiPoint"",""coordinates"":[]}"
20151209T10,0.010922399999999999,2015-12-09 10:00:00,-10,-60,24272.0,0.024272,6.742222222222222,"{""type"":""MultiPoint"",""coordinates"":[]}"
20151209T11,0.1573812,2015-12-09 11:00:00,-10,-60,349736.0,0.349736,97.14888888888889,"{""type"":""MultiPoint"",""coordinates"":[]}"
20151209T12,0.449361,2015-12-09 12:00:00,-10,-60,998580.0,0.99858,277.3833333333333,"{""type"":""MultiPoint"",""coordinates"":[]}"
20151209T13,0.9311202000000001,2015-12-09 13:00:00,-10,-60,2069156.0,2.069156,574.7655555555556,"{""type"":""MultiPoint"",""coordinates"":[]}"
20151209T14,1.6834329000000001,2015-12-09 14:00:00,-10,-60,3740962.0,3.740962,1039.1561111111112,"{""type"":""MultiPoint"",""coordinates"":[]}"
20151209T15,2.7894888000000004,2015-12-09 15:00:00,-10,-60,6198864.0,6.198864,1721.9066666666668,"{""type"":""MultiPoint"",""coordinates"":[]}"
20151209T16,4.0122972,2015-12-09 16:00:00,-10,-60,8916216.0,8.916216,2476.7266666666665,"{""type"":""MultiPoint"",""coordinates"":[]}"
20151209T17,5.3499996,2015-12-09 17:00:00,-10,-60,1.1888888E7,11.888888,3302.468888888889,"{""type"":""MultiPoint"",""coordinates"":[]}"
20151209T18,6.304914,2015-12-09 18:00:00,-10,-60,1.401092E7,14.01092,3891.9222222222224,"{""type"":""MultiPoint"",""coordinates"":[]}"
20151209T19,7.084184400000001,2015-12-09 19:00:00,-10,-60,1.5742632E7,15.742632,4372.953333333333,"{""type"":""MultiPoint"",""coordinates"":[]}"
20151209T20,7.562527200000001,2015-12-09 20:00:00,-10,-60,1.6805616E7,16.805616,4668.2266666666665,"{""type"":""MultiPoint"",""coordinates"":[]}"
20151209T21,7.8789474,2015-12-09 21:00:00,-10,-60,1.7508772E7,17.508772,4863.547777777778,"{""type"":""MultiPoint"",""coordinates"":[]}"
20151209T22,7.9775514,2015-12-09 22:00:00,-10,-60,1.7727892E7,17.727892,4924.414444444445,"{""type"":""MultiPoint"",""coordinates"":[]}"
20151209T23,7.978753800000001,2015-12-09 23:00:00,-10,-60,1.7730564E7,17.730564,4925.156666666667,"{""type"":""MultiPoint"",""coordinates"":[]}"
20151210T00,7.978753800000001,2015-12-10 00:00:00,-10,-60,1.7730564E7,17.730564,4925.156666666667,"{""type"":""MultiPoint"",""coordinates"":[]}"
20151210T01,0.0,2015-12-10 01:00:00,-10,-60,0.0,0.0,0.0,"{""type"":""MultiPoint"",""coordinates"":[]}"
20151210T02,0.0,2015-12-10 02:00:00,-10,-60,0.0,0.0,0.0,"{""type"":""MultiPoint"",""coordinates"":[]}"
20151210T03,0.0,2015-12-10 03:00:00,-10,-60,0.0,0.0,0.0,"{""type"":""MultiPoint"",""coordinates"":[]}"
20151210T04,0.0,2015-12-10 04:00:00,-10,-60,0.0,0.0,0.0,"{""type"":""MultiPoint"",""coordinates"":[]}"
20151210T05,0.0,2015-12-10 05:00:00,-10,-60,0.0,0.0,0.0,"{""type"":""MultiPoint"",""coordinates"":[]}"
20151210T06,0.0,2015-12-10 06:00:00,-10,-60,0.0,0.0,0.0,"{""type"":""MultiPoint"",""coordinates"":[]}"
20151210T07,0.0,2015-12-10 07:00:00,-10,-60,0.0,0.0,0.0,"{""type"":""MultiPoint"",""coordinates"":[]}"
20151210T08,0.0,2015-12-10 08:00:00,-10,-60,0.0,0.0,0.0,"{""type"":""MultiPoint"",""coordinates"":[]}"
20151210T09,0.0,2015-12-10 09:00:00,-10,-60,0.0,0.0,0.0,"{""type"":""MultiPoint"",""coordinates"":[]}"
20151210T10,0.0127197,2015-12-10 10:00:00,-10,-60,28266.0,0.028266,7.851666666666667,"{""type"":""MultiPoint"",""coordinates"":[]}"
20151210T11,0.1907172,2015-12-10 11:00:00,-10,-60,423816.0,0.423816,117.72666666666667,"{""type"":""MultiPoint"",""coordinates"":[]}"
20151210T12,0.7546797,2015-12-10 12:00:00,-10,-60,1677066.0,1.677066,465.8516666666667,"{""type"":""MultiPoint"",""coordinates"":[]}"
20151210T13,1.7354376,2015-12-10 13:00:00,-10,-60,3856528.0,3.856528,1071.2577777777778,"{""type"":""MultiPoint"",""coordinates"":[]}"
20151210T14,3.0513969000000003,2015-12-10 14:00:00,-10,-60,6780882.0,6.780882,1883.5783333333334,"{""type"":""MultiPoint"",""coordinates"":[]}"
20151210T15,4.5098658,2015-12-10 15:00:00,-10,-60,1.0021924E7,10.021924,2783.867777777778,"{""type"":""MultiPoint"",""coordinates"":[]}"
20151210T16,6.0310458,2015-12-10 16:00:00,-10,-60,1.3402324E7,13.402324,3722.867777777778,"{""type"":""MultiPoint"",""coordinates"":[]}"
20151210T17,7.2677754,2015-12-10 17:00:00,-10,-60,1.6150612E7,16.150612,4486.281111111111,"{""type"":""MultiPoint"",""coordinates"":[]}"
20151210T18,8.5553712,2015-12-10 18:00:00,-10,-60,1.9011936E7,19.011936,5281.093333333333,"{""type"":""MultiPoint"",""coordinates"":[]}"
20151210T19,9.4349682,2015-12-10 19:00:00,-10,-60,2.0966596E7,20.966596,5824.054444444444,"{""type"":""MultiPoint"",""coordinates"":[]}"
20151210T20,10.1316312,2015-12-10 20:00:00,-10,-60,2.2514736E7,22.514736,6254.093333333333,"{""type"":""MultiPoint"",""coordinates"":[]}"
20151210T21,10.4230674,2015-12-10 21:00:00,-10,-60,2.3162372E7,23.162372,6433.992222222222,"{""type"":""MultiPoint"",""coordinates"":[]}"
20151210T22,10.5124716,2015-12-10 22:00:00,-10,-60,2.3361048E7,23.361048,6489.18,"{""type"":""MultiPoint"",""coordinates"":[]}"
20151210T23,10.514167200000001,2015-12-10 23:00:00,-10,-60,2.3364816E7,23.364816,6490.2266666666665,"{""type"":""MultiPoint"",""coordinates"":[]}"
20151211T00,10.514167200000001,2015-12-11 00:00:00,-10,-60,2.3364816E7,23.364816,6490.2266666666665,"{""type"":""MultiPoint"",""coordinates"":[]}"
20151211T01,0.0,2015-12-11 01:00:00,-10,-60,0.0,0.0,0.0,"{""type"":""MultiPoint"",""coordinates"":[]}"
20151211T02,0.0,2015-12-11 02:00:00,-10,-60,0.0,0.0,0.0,"{""type"":""MultiPoint"",""coordinates"":[]}"
20151211T03,0.0,2015-12-11 03:00:00,-10,-60,0.0,0.0,0.0,"{""type"":""MultiPoint"",""coordinates"":[]}"
20151211T04,0.0,2015-12-11 04:00:00,-10,-60,0.0,0.0,0.0,"{""type"":""MultiPoint"",""coordinates"":[]}"
20151211T05,0.0,2015-12-11 05:00:00,-10,-60,0.0,0.0,0.0,"{""type"":""MultiPoint"",""coordinates"":[]}"
20151211T06,0.0,2015-12-11 06:00:00,-10,-60,0.0,0.0,0.0,"{""type"":""MultiPoint"",""coordinates"":[]}"
20151211T07,0.0,2015-12-11 07:00:00,-10,-60,0.0,0.0,0.0,"{""type"":""MultiPoint"",""coordinates"":[]}"
20151211T08,0.0,2015-12-11 08:00:00,-10,-60,0.0,0.0,0.0,"{""type"":""MultiPoint"",""coordinates"":[]}"
20151211T09,0.0,2015-12-11 09:00:00,-10,-60,0.0,0.0,0.0,"{""type"":""MultiPoint"",""coordinates"":[]}"
20151211T10,0.0133272,2015-12-11 10:00:00,-10,-60,29616.0,0.029616,8.226666666666667,"{""type"":""MultiPoint"",""coordinates"":[]}"
20151211T11,0.22668570000000002,2015-12-11 11:00:00,-10,-60,503746.0,0.503746,139.92944444444444,"{""type"":""MultiPoint"",""coordinates"":[]}"
20151211T12,0.8343126000000001,2015-12-11 12:00:00,-10,-60,1854028.0,1.854028,515.0077777777777,"{""type"":""MultiPoint"",""coordinates"":[]}"
20151211T13,1.7506377,2015-12-11 13:00:00,-10,-60,3890306.0,3.890306,1080.6405555555555,"{""type"":""MultiPoint"",""coordinates"":[]}"
20151211T14,2.9730420000000004,2015-12-11 14:00:00,-10,-60,6606760.0,6.60676,1835.2111111111112,"{""type"":""MultiPoint"",""coordinates"":[]}"
20151211T15,4.4570502,2015-12-11 15:00:00,-10,-60,9904556.0,9.904556,2751.2655555555557,"{""type"":""MultiPoint"",""coordinates"":[]}"
20151211T16,5.9021532,2015-12-11 16:00:00,-10,-60,1.3115896E7,13.115896,3643.3044444444445,"{""type"":""MultiPoint"",""coordinates"":[]}"
20151211T17,6.8714946,2015-12-11 17:00:00,-10,-60,1.5269988E7,15.269988,4241.663333333333,"{""type"":""MultiPoint"",""coordinates"":[]}"
20151211T18,7.886907,2015-12-11 18:00:00,-10,-60,1.752646E7,17.52646,4868.461111111111,"{""type"":""MultiPoint"",""coordinates"":[]}"
20151211T19,8.799523200000001,2015-12-11 19:00:00,-10,-60,1.9554496E7,19.554496,5431.804444444444,"{""type"":""MultiPoint"",""coordinates"":[]}"
20151211T20,9.4615974,2015-12-11 20:00:00,-10,-60,2.1025772E7,21.025772,5840.492222222222,"{""type"":""MultiPoint"",""coordinates"":[]}"
20151211T21,9.909374399999999,2015-12-11 21:00:00,-10,-60,2.2020832E7,22.020832,6116.897777777778,"{""type"":""MultiPoint"",""coordinates"":[]}"
20151211T22,10.0469358,2015-12-11 22:00:00,-10,-60,2.2326524E7,22.326524,6201.812222222222,"{""type"":""MultiPoint"",""coordinates"":[]}"
20151211T23,10.0487322,2015-12-11 23:00:00,-10,-60,2.2330516E7,22.330516,6202.921111111111,"{""type"":""MultiPoint"",""coordinates"":[]}"
20151212T00,10.0487322,2015-12-12 00:00:00,-10,-60,2.2330516E7,22.330516,6202.921111111111,"{""type"":""MultiPoint"",""coordinates"":[]}"
20151212T01,0.0,2015-12-12 01:00:00,-10,-60,0.0,0.0,0.0,"{""type"":""MultiPoint"",""coordinates"":[]}"
20151212T02,0.0,2015-12-12 02:00:00,-10,-60,0.0,0.0,0.0,"{""type"":""MultiPoint"",""coordinates"":[]}"
20151212T03,0.0,2015-12-12 03:00:00,-10,-60,0.0,0.0,0.0,"{""type"":""MultiPoint"",""coordinates"":[]}"
20151212T04,0.0,2015-12-12 04:00:00,-10,-60,0.0,0.0,0.0,"{""type"":""MultiPoint"",""coordinates"":[]}"
20151212T05,0.0,2015-12-12 05:00:00,-10,-60,0.0,0.0,0.0,"{""type"":""MultiPoint"",""coordinates"":[]}"
20151212T06,0.0,2015-12-12 06:00:00,-10,-60,0.0,0.0,0.0,"{""type"":""MultiPoint"",""coordinates"":[]}"
20151212T07,0.0,2015-12-12 07:00:00,-10,-60,0.0,0.0,0.0,"{""type"":""MultiPoint"",""coordinates"":[]}"
20151212T08,0.0,2015-12-12 08:00:00,-10,-60,0.0,0.0,0.0,"{""type"":""MultiPoint"",""coordinates"":[]}"
20151212T09,0.0,2015-12-12 09:00:00,-10,-60,0.0,0.0,0.0,"{""type"":""MultiPoint"",""coordinates"":[]}"
20151212T10,0.013744800000000001,2015-12-12 10:00:00,-10,-60,30544.0,0.030544,8.484444444444444,"{""type"":""MultiPoint"",""coordinates"":[]}"
20151212T11,0.2217375,2015-12-12 11:00:00,-10,-60,492750.0,0.49275,136.875,"{""type"":""MultiPoint"",""coordinates"":[]}"
20151212T12,0.823491,2015-12-12 12:00:00,-10,-60,1829980.0,1.82998,508.3277777777778,"{""type"":""MultiPoint"",""coordinates"":[]}"
20151212T13,1.7806968,2015-12-12 13:00:00,-10,-60,3957104.0,3.957104,1099.1955555555555,"{""type"":""MultiPoint"",""coordinates"":[]}"
20151212T14,2.7962586000000003,2015-12-12 14:00:00,-10,-60,6213908.0,6.213908,1726.0855555555556,"{""type"":""MultiPoint"",""coordinates"":[]}"
20151212T15,3.4609140000000003,2015-12-12 15:00:00,-10,-60,7690920.0,7.69092,2136.366666666667,"{""type"":""MultiPoint"",""coordinates"":[]}"
20151212T16,4.2855444,2015-12-12 16:00:00,-10,-60,9523432.0,9.523432,2645.3977777777777,"{""type"":""MultiPoint"",""coordinates"":[]}"
20151212T17,5.2447104,2015-12-12 17:00:00,-10,-60,1.1654912E7,11.654912,3237.4755555555557,"{""type"":""MultiPoint"",""coordinates"":[]}"
20151212T18,6.1075746,2015-12-12 18:00:00,-10,-60,1.3572388E7,13.572388,3770.1077777777778,"{""type"":""MultiPoint"",""coordinates"":[]}"
20151212T19,6.9216120000000005,2015-12-12 19:00:00,-10,-60,1.538136E7,15.38136,4272.6,"{""type"":""MultiPoint"",""coordinates"":[]}"
20151212T20,7.6591926,2015-12-12 20:00:00,-10,-60,1.7020428E7,17.020428,4727.8966666666665,"{""type"":""MultiPoint"",""coordinates"":[]}"
20151212T21,8.101274400000001,2015-12-12 21:00:00,-10,-60,1.8002832E7,18.002832,5000.786666666667,"{""type"":""MultiPoint"",""coordinates"":[]}"
20151212T22,8.240355000000001,2015-12-12 22:00:00,-10,-60,1.83119E7,18.3119,5086.638888888889,"{""type"":""MultiPoint"",""coordinates"":[]}"
20151212T23,8.2425564,2015-12-12 23:00:00,-10,-60,1.8316792E7,18.316792,5087.997777777778,"{""type"":""MultiPoint"",""coordinates"":[]}"
20151213T00,8.2425564,2015-12-13 00:00:00,-10,-60,1.8316792E7,18.316792,5087.997777777778,"{""type"":""MultiPoint"",""coordinates"":[]}"
20151213T01,0.0,2015-12-13 01:00:00,-10,-60,0.0,0.0,0.0,"{""type"":""MultiPoint"",""coordinates"":[]}"
20151213T02,0.0,2015-12-13 02:00:00,-10,-60,0.0,0.0,0.0,"{""type"":""MultiPoint"",""coordinates"":[]}"
20151213T03,0.0,2015-12-13 03:00:00,-10,-60,0.0,0.0,0.0,"{""type"":""MultiPoint"",""coordinates"":[]}"
20151213T04,0.0,2015-12-13 04:00:00,-10,-60,0.0,0.0,0.0,"{""type"":""MultiPoint"",""coordinates"":[]}"
20151213T05,0.0,2015-12-13 05:00:00,-10,-60,0.0,0.0,0.0,"{""type"":""MultiPoint"",""coordinates"":[]}"
20151213T06,0.0,2015-12-13 06:00:00,-10,-60,0.0,0.0,0.0,"{""type"":""MultiPoint"",""coordinates"":[]}"
20151213T07,0.0,2015-12-13 07:00:00,-10,-60,0.0,0.0,0.0,"{""type"":""MultiPoint"",""coordinates"":[]}"
20151213T08,0.0,2015-12-13 08:00:00,-10,-60,0.0,0.0,0.0,"{""type"":""MultiPoint"",""coordinates"":[]}"
20151213T09,0.0,2015-12-13 09:00:00,-10,-60,0.0,0.0,0.0,"{""type"":""MultiPoint"",""coordinates"":[]}"
20151213T10,0.0141498,2015-12-13 10:00:00,-10,-60,31444.0,0.031444,8.734444444444444,"{""type"":""MultiPoint"",""coordinates"":[]}"
20151213T11,0.2531754,2015-12-13 11:00:00,-10,-60,562612.0,0.562612,156.2811111111111,"{""type"":""MultiPoint"",""coordinates"":[]}"
20151213T12,0.8427798,2015-12-13 12:00:00,-10,-60,1872844.0,1.872844,520.2344444444444,"{""type"":""MultiPoint"",""coordinates"":[]}"
20151213T13,1.7505117000000001,2015-12-13 13:00:00,-10,-60,3890026.0,3.890026,1080.5627777777777,"{""type"":""MultiPoint"",""coordinates"":[]}"
20151213T14,3.0429423,2015-12-13 14:00:00,-10,-60,6762094.0,6.762094,1878.3594444444445,"{""type"":""MultiPoint"",""coordinates"":[]}"
20151213T15,4.0303332,2015-12-13 15:00:00,-10,-60,8956296.0,8.956296,2487.86,"{""type"":""MultiPoint"",""coordinates"":[]}"
20151213T16,5.161914,2015-12-13 16:00:00,-10,-60,1.147092E7,11.47092,3186.366666666667,"{""type"":""MultiPoint"",""coordinates"":[]}"
20151213T17,6.0141852,2015-12-13 17:00:00,-10,-60,1.3364856E7,13.364856,3712.46,"{""type"":""MultiPoint"",""coordinates"":[]}"
20151213T18,6.926043600000001,2015-12-13 18:00:00,-10,-60,1.5391208E7,15.391208,4275.335555555555,"{""type"":""MultiPoint"",""coordinates"":[]}"
20151213T19,8.0446284,2015-12-13 19:00:00,-10,-60,1.7876952E7,17.876952,4965.82,"{""type"":""MultiPoint"",""coordinates"":[]}"
20151213T20,8.7478218,2015-12-13 20:00:00,-10,-60,1.9439604E7,19.439604,5399.89,"{""type"":""MultiPoint"",""coordinates"":[]}"
20151213T21,9.164707199999999,2015-12-13 21:00:00,-10,-60,2.0366016E7,20.366016,5657.2266666666665,"{""type"":""MultiPoint"",""coordinates"":[]}"
20151213T22,9.2988504,2015-12-13 22:00:00,-10,-60,2.0664112E7,20.664112,5740.031111111111,"{""type"":""MultiPoint"",""coordinates"":[]}"
20151213T23,9.3014316,2015-12-13 23:00:00,-10,-60,2.0669848E7,20.669848,5741.624444444445,"{""type"":""MultiPoint"",""coordinates"":[]}"
20151214T00,9.3014316,2015-12-14 00:00:00,-10,-60,2.0669848E7,20.669848,5741.624444444445,"{""type"":""MultiPoint"",""coordinates"":[]}"
20151214T01,0.0,2015-12-14 01:00:00,-10,-60,0.0,0.0,0.0,"{""type"":""MultiPoint"",""coordinates"":[]}"
20151214T02,0.0,2015-12-14 02:00:00,-10,-60,0.0,0.0,0.0,"{""type"":""MultiPoint"",""coordinates"":[]}"
20151214T03,0.0,2015-12-14 03:00:00,-10,-60,0.0,0.0,0.0,"{""type"":""MultiPoint"",""coordinates"":[]}"
20151214T04,0.0,2015-12-14 04:00:00,-10,-60,0.0,0.0,0.0,"{""type"":""MultiPoint"",""coordinates"":[]}"
20151214T05,0.0,2015-12-14 05:00:00,-10,-60,0.0,0.0,0.0,"{""type"":""MultiPoint"",""coordinates"":[]}"
20151214T06,0.0,2015-12-14 06:00:00,-10,-60,0.0,0.0,0.0,"{""type"":""MultiPoint"",""coordinates"":[]}"
20151214T07,0.0,2015-12-14 07:00:00,-10,-60,0.0,0.0,0.0,"{""type"":""MultiPoint"",""coordinates"":[]}"
20151214T08,0.0,2015-12-14 08:00:00,-10,-60,0.0,0.0,0.0,"{""type"":""MultiPoint"",""coordinates"":[]}"
20151214T09,0.0,2015-12-14 09:00:00,-10,-60,0.0,0.0,0.0,"{""type"":""MultiPoint"",""coordinates"":[]}"
20151214T10,0.012239100000000001,2015-12-14 10:00:00,-10,-60,27198.0,0.027198,7.555,"{""type"":""MultiPoint"",""coordinates"":[]}"
20151214T11,0.2603142,2015-12-14 11:00:00,-10,-60,578476.0,0.578476,160.68777777777777,"{""type"":""MultiPoint"",""coordinates"":[]}"
20151214T12,0.8875197,2015-12-14 12:00:00,-10,-60,1972266.0,1.972266,547.8516666666667,"{""type"":""MultiPoint"",""coordinates"":[]}"
20151214T13,1.8666954,2015-12-14 13:00:00,-10,-60,4148212.0,4.148212,1152.2811111111112,"{""type"":""MultiPoint"",""coordinates"":[]}"
20151214T14,3.1405599,2015-12-14 14:00:00,-10,-60,6979022.0,6.979022,1938.6172222222222,"{""type"":""MultiPoint"",""coordinates"":[]}"
20151214T15,4.5846756,2015-12-14 15:00:00,-10,-60,1.0188168E7,10.188168,2830.0466666666666,"{""type"":""MultiPoint"",""coordinates"":[]}"
20151214T16,5.842985400000001,2015-12-14 16:00:00,-10,-60,1.2984412E7,12.984412,3606.781111111111,"{""type"":""MultiPoint"",""coordinates"":[]}"
20151214T17,7.0919424,2015-12-14 17:00:00,-10,-60,1.5759872E7,15.759872,4377.742222222222,"{""type"":""MultiPoint"",""coordinates"":[]}"
20151214T18,8.353794599999999,2015-12-14 18:00:00,-10,-60,1.8563988E7,18.563988,5156.663333333333,"{""type"":""MultiPoint"",""coordinates"":[]}"
20151214T19,9.228115800000001,2015-12-14 19:00:00,-10,-60,2.0506924E7,20.506924,5696.3677777777775,"{""type"":""MultiPoint"",""coordinates"":[]}"
20151214T20,9.9963864,2015-12-14 20:00:00,-10,-60,2.2214192E7,22.214192,6170.608888888889,"{""type"":""MultiPoint"",""coordinates"":[]}"
20151214T21,10.464757200000001,2015-12-14 21:00:00,-10,-60,2.3255016E7,23.255016,6459.7266666666665,"{""type"":""MultiPoint"",""coordinates"":[]}"
20151214T22,10.623796200000001,2015-12-14 22:00:00,-10,-60,2.3608436E7,23.608436,6557.898888888889,"{""type"":""MultiPoint"",""coordinates"":[]}"
20151214T23,10.6265664,2015-12-14 23:00:00,-10,-60,2.3614592E7,23.614592,6559.608888888889,"{""type"":""MultiPoint"",""coordinates"":[]}"
20151215T00,10.6265664,2015-12-15 00:00:00,-10,-60,2.3614592E7,23.614592,6559.608888888889,"{""type"":""MultiPoint"",""coordinates"":[]}"
20151215T01,0.0,2015-12-15 01:00:00,-10,-60,0.0,0.0,0.0,"{""type"":""MultiPoint"",""coordinates"":[]}"
20151215T02,0.0,2015-12-15 02:00:00,-10,-60,0.0,0.0,0.0,"{""type"":""MultiPoint"",""coordinates"":[]}"
20151215T03,0.0,2015-12-15 03:00:00,-10,-60,0.0,0.0,0.0,"{""type"":""MultiPoint"",""coordinates"":[]}"
20151215T04,0.0,2015-12-15 04:00:00,-10,-60,0.0,0.0,0.0,"{""type"":""MultiPoint"",""coordinates"":[]}"
20151215T05,0.0,2015-12-15 05:00:00,-10,-60,0.0,0.0,0.0,"{""type"":""MultiPoint"",""coordinates"":[]}"
20151215T06,0.0,2015-12-15 06:00:00,-10,-60,0.0,0.0,0.0,"{""type"":""MultiPoint"",""coordinates"":[]}"
20151215T07,0.0,2015-12-15 07:00:00,-10,-60,0.0,0.0,0.0,"{""type"":""MultiPoint"",""coordinates"":[]}"
20151215T08,0.0,2015-12-15 08:00:00,-10,-60,0.0,0.0,0.0,"{""type"":""MultiPoint"",""coordinates"":[]}"
20151215T09,0.0,2015-12-15 09:00:00,-10,-60,0.0,0.0,0.0,"{""type"":""MultiPoint"",""coordinates"":[]}"
20151215T10,0.0091512,2015-12-15 10:00:00,-10,-60,20336.0,0.020336,5.648888888888889,"{""type"":""MultiPoint"",""coordinates"":[]}"
20151215T11,0.2188017,2015-12-15 11:00:00,-10,-60,486226.0,0.486226,135.06277777777777,"{""type"":""MultiPoint"",""coordinates"":[]}"
20151215T12,0.797103,2015-12-15 12:00:00,-10,-60,1771340.0,1.77134,492.0388888888889,"{""type"":""MultiPoint"",""coordinates"":[]}"
20151215T13,1.6548174,2015-12-15 13:00:00,-10,-60,3677372.0,3.677372,1021.4922222222223,"{""type"":""MultiPoint"",""coordinates"":[]}"
20151215T14,2.612124,2015-12-15 14:00:00,-10,-60,5804720.0,5.80472,1612.4222222222222,"{""type"":""MultiPoint"",""coordinates"":[]}"
20151215T15,3.9887441999999997,2015-12-15 15:00:00,-10,-60,8863876.0,8.863876,2462.1877777777777,"{""type"":""MultiPoint"",""coordinates"":[]}"
20151215T16,5.4358218,2015-12-15 16:00:00,-10,-60,1.2079604E7,12.079604,3355.4455555555555,"{""type"":""MultiPoint"",""coordinates"":[]}"
20151215T17,6.766398000000001,2015-12-15 17:00:00,-10,-60,1.503644E7,15.03644,4176.788888888889,"{""type"":""MultiPoint"",""coordinates"":[]}"
20151215T18,7.8917399999999995,2015-12-15 18:00:00,-10,-60,1.75372E7,17.5372,4871.444444444444,"{""type"":""MultiPoint"",""coordinates"":[]}"
20151215T19,8.746659000000001,2015-12-15 19:00:00,-10,-60,1.943702E7,19.43702,5399.172222222222,"{""type"":""MultiPoint"",""coordinates"":[]}"
20151215T20,9.3038616,2015-12-15 20:00:00,-10,-60,2.0675248E7,20.675248,5743.124444444445,"{""type"":""MultiPoint"",""coordinates"":[]}"
20151215T21,9.5747184,2015-12-15 21:00:00,-10,-60,2.1277152E7,21.277152,5910.32,"{""type"":""MultiPoint"",""coordinates"":[]}"
20151215T22,9.7039782,2015-12-15 22:00:00,-10,-60,2.1564396E7,21.564396,5990.11,"{""type"":""MultiPoint"",""coordinates"":[]}"
20151215T23,9.7065216,2015-12-15 23:00:00,-10,-60,2.1570048E7,21.570048,5991.68,"{""type"":""MultiPoint"",""coordinates"":[]}"
20151216T00,9.7065216,2015-12-16 00:00:00,-10,-60,2.1570048E7,21.570048,5991.68,"{""type"":""MultiPoint"",""coordinates"":[]}"
20151216T01,0.0,2015-12-16 01:00:00,-10,-60,0.0,0.0,0.0,"{""type"":""MultiPoint"",""coordinates"":[]}"
20151216T02,0.0,2015-12-16 02:00:00,-10,-60,0.0,0.0,0.0,"{""type"":""MultiPoint"",""coordinates"":[]}"
20151216T03,0.0,2015-12-16 03:00:00,-10,-60,0.0,0.0,0.0,"{""type"":""MultiPoint"",""coordinates"":[]}"
20151216T04,0.0,2015-12-16 04:00:00,-10,-60,0.0,0.0,0.0,"{""type"":""MultiPoint"",""coordinates"":[]}"
20151216T05,0.0,2015-12-16 05:00:00,-10,-60,0.0,0.0,0.0,"{""type"":""MultiPoint"",""coordinates"":[]}"
20151216T06,0.0,2015-12-16 06:00:00,-10,-60,0.0,0.0,0.0,"{""type"":""MultiPoint"",""coordinates"":[]}"
20151216T07,0.0,2015-12-16 07:00:00,-10,-60,0.0,0.0,0.0,"{""type"":""MultiPoint"",""coordinates"":[]}"
20151216T08,0.0,2015-12-16 08:00:00,-10,-60,0.0,0.0,0.0,"{""type"":""MultiPoint"",""coordinates"":[]}"
20151216T09,0.0,2015-12-16 09:00:00,-10,-60,0.0,0.0,0.0,"{""type"":""MultiPoint"",""coordinates"":[]}"
20151216T10,0.0092142,2015-12-16 10:00:00,-10,-60,20476.0,0.020476,5.687777777777778,"{""type"":""MultiPoint"",""coordinates"":[]}"
20151216T11,0.1443951,2015-12-16 11:00:00,-10,-60,320878.0,0.320878,89.13277777777778,"{""type"":""MultiPoint"",""coordinates"":[]}"
20151216T12,0.6498225000000001,2015-12-16 12:00:00,-10,-60,1444050.0,1.44405,401.125,"{""type"":""MultiPoint"",""coordinates"":[]}"
20151216T13,1.3168818,2015-12-16 13:00:00,-10,-60,2926404.0,2.926404,812.89,"{""type"":""MultiPoint"",""coordinates"":[]}"
20151216T14,1.9324683000000002,2015-12-16 14:00:00,-10,-60,4294374.0,4.294374,1192.8816666666667,"{""type"":""MultiPoint"",""coordinates"":[]}"
20151216T15,2.3866758,2015-12-16 15:00:00,-10,-60,5303724.0,5.303724,1473.2566666666667,"{""type"":""MultiPoint"",""coordinates"":[]}"
20151216T16,3.0756312,2015-12-16 16:00:00,-10,-60,6834736.0,6.834736,1898.5377777777778,"{""type"":""MultiPoint"",""coordinates"":[]}"
20151216T17,3.8925792,2015-12-16 17:00:00,-10,-60,8650176.0,8.650176,2402.826666666667,"{""type"":""MultiPoint"",""coordinates"":[]}"
20151216T18,4.663737,2015-12-16 18:00:00,-10,-60,1.036386E7,10.36386,2878.85,"{""type"":""MultiPoint"",""coordinates"":[]}"
20151216T19,5.8093056,2015-12-16 19:00:00,-10,-60,1.2909568E7,12.909568,3585.991111111111,"{""type"":""MultiPoint"",""coordinates"":[]}"
20151216T20,6.699141,2015-12-16 20:00:00,-10,-60,1.488698E7,14.88698,4135.272222222222,"{""type"":""MultiPoint"",""coordinates"":[]}"
20151216T21,7.228943999999999,2015-12-16 21:00:00,-10,-60,1.606432E7,16.06432,4462.311111111111,"{""type"":""MultiPoint"",""coordinates"":[]}"
20151216T22,7.3471662,2015-12-16 22:00:00,-10,-60,1.6327036E7,16.327036,4535.287777777778,"{""type"":""MultiPoint"",""coordinates"":[]}"
20151216T23,7.350039000000001,2015-12-16 23:00:00,-10,-60,1.633342E7,16.33342,4537.061111111111,"{""type"":""MultiPoint"",""coordinates"":[]}"
20151217T00,7.350039000000001,2015-12-17 00:00:00,-10,-60,1.633342E7,16.33342,4537.061111111111,"{""type"":""MultiPoint"",""coordinates"":[]}"
20151217T01,0.0,2015-12-17 01:00:00,-10,-60,0.0,0.0,0.0,"{""type"":""MultiPoint"",""coordinates"":[]}"
20151217T02,0.0,2015-12-17 02:00:00,-10,-60,0.0,0.0,0.0,"{""type"":""MultiPoint"",""coordinates"":[]}"
20151217T03,0.0,2015-12-17 03:00:00,-10,-60,0.0,0.0,0.0,"{""type"":""MultiPoint"",""coordinates"":[]}"
20151217T04,0.0,2015-12-17 04:00:00,-10,-60,0.0,0.0,0.0,"{""type"":""MultiPoint"",""coordinates"":[]}"
20151217T05,0.0,2015-12-17 05:00:00,-10,-60,0.0,0.0,0.0,"{""type"":""MultiPoint"",""coordinates"":[]}"
20151217T06,0.0,2015-12-17 06:00:00,-10,-60,0.0,0.0,0.0,"{""type"":""MultiPoint"",""coordinates"":[]}"
20151217T07,0.0,2015-12-17 07:00:00,-10,-60,0.0,0.0,0.0,"{""type"":""MultiPoint"",""coordinates"":[]}"
20151217T08,0.0,2015-12-17 08:00:00,-10,-60,0.0,0.0,0.0,"{""type"":""MultiPoint"",""coordinates"":[]}"
20151217T09,0.0,2015-12-17 09:00:00,-10,-60,0.0,0.0,0.0,"{""type"":""MultiPoint"",""coordinates"":[]}"
20151217T10,0.009036,2015-12-17 10:00:00,-10,-60,20080.0,0.02008,5.5777777777777775,"{""type"":""MultiPoint"",""coordinates"":[]}"
20151217T11,0.20175300000000002,2015-12-17 11:00:00,-10,-60,448340.0,0.44834,124.53888888888889,"{""type"":""MultiPoint"",""coordinates"":[]}"
20151217T12,0.7422129000000001,2015-12-17 12:00:00,-10,-60,1649362.0,1.649362,458.1561111111111,"{""type"":""MultiPoint"",""coordinates"":[]}"
20151217T13,1.5612624000000002,2015-12-17 13:00:00,-10,-60,3469472.0,3.469472,963.7422222222223,"{""type"":""MultiPoint"",""coordinates"":[]}"
20151217T14,2.7730602,2015-12-17 14:00:00,-10,-60,6162356.0,6.162356,1711.7655555555555,"{""type"":""MultiPoint"",""coordinates"":[]}"
20151217T15,4.2384258,2015-12-17 15:00:00,-10,-60,9418724.0,9.418724,2616.3122222222223,"{""type"":""MultiPoint"",""coordinates"":[]}"
20151217T16,5.7526956,2015-12-17 16:00:00,-10,-60,1.2783768E7,12.783768,3551.0466666666666,"{""type"":""MultiPoint"",""coordinates"":[]}"
20151217T17,7.2780264,2015-12-17 17:00:00,-10,-60,1.6173392E7,16.173392,4492.608888888889,"{""type"":""MultiPoint"",""coordinates"":[]}"
20151217T18,8.4714984,2015-12-17 18:00:00,-10,-60,1.8825552E7,18.825552,5229.32,"{""type"":""MultiPoint"",""coordinates"":[]}"
20151217T19,9.6439104,2015-12-17 19:00:00,-10,-60,2.1430912E7,21.430912,5953.031111111111,"{""type"":""MultiPoint"",""coordinates"":[]}"
20151217T20,10.4854608,2015-12-17 20:00:00,-10,-60,2.3301024E7,23.301024,6472.506666666667,"{""type"":""MultiPoint"",""coordinates"":[]}"
20151217T21,10.7883882,2015-12-17 21:00:00,-10,-60,2.3974196E7,23.974196,6659.498888888889,"{""type"":""MultiPoint"",""coordinates"":[]}"
20151217T22,10.9076616,2015-12-17 22:00:00,-10,-60,2.4239248E7,24.239248,6733.124444444445,"{""type"":""MultiPoint"",""coordinates"":[]}"
20151217T23,10.9109142,2015-12-17 23:00:00,-10,-60,2.4246476E7,24.246476,6735.1322222222225,"{""type"":""MultiPoint"",""coordinates"":[]}"
20151218T00,10.9109142,2015-12-18 00:00:00,-10,-60,2.4246476E7,24.246476,6735.1322222222225,"{""type"":""MultiPoint"",""coordinates"":[]}"
20151218T01,0.0,2015-12-18 01:00:00,-10,-60,0.0,0.0,0.0,"{""type"":""MultiPoint"",""coordinates"":[]}"
20151218T02,0.0,2015-12-18 02:00:00,-10,-60,0.0,0.0,0.0,"{""type"":""MultiPoint"",""coordinates"":[]}"
20151218T03,0.0,2015-12-18 03:00:00,-10,-60,0.0,0.0,0.0,"{""type"":""MultiPoint"",""coordinates"":[]}"
20151218T04,0.0,2015-12-18 04:00:00,-10,-60,0.0,0.0,0.0,"{""type"":""MultiPoint"",""coordinates"":[]}"
20151218T05,0.0,2015-12-18 05:00:00,-10,-60,0.0,0.0,0.0,"{""type"":""MultiPoint"",""coordinates"":[]}"
20151218T06,0.0,2015-12-18 06:00:00,-10,-60,0.0,0.0,0.0,"{""type"":""MultiPoint"",""coordinates"":[]}"
20151218T07,0.0,2015-12-18 07:00:00,-10,-60,0.0,0.0,0.0,"{""type"":""MultiPoint"",""coordinates"":[]}"
20151218T08,0.0,2015-12-18 08:00:00,-10,-60,0.0,0.0,0.0,"{""type"":""MultiPoint"",""coordinates"":[]}"
20151218T09,0.0,2015-12-18 09:00:00,-10,-60,0.0,0.0,0.0,"{""type"":""MultiPoint"",""coordinates"":[]}"
20151218T10,0.010808100000000001,2015-12-18 10:00:00,-10,-60,24018.0,0.024018,6.671666666666667,"{""type"":""MultiPoint"",""coordinates"":[]}"
20151218T11,0.2055879,2015-12-18 11:00:00,-10,-60,456862.0,0.456862,126.90611111111112,"{""type"":""MultiPoint"",""coordinates"":[]}"
20151218T12,0.7348977,2015-12-18 12:00:00,-10,-60,1633106.0,1.633106,453.6405555555556,"{""type"":""MultiPoint"",""coordinates"":[]}"
20151218T13,1.6555005,2015-12-18 13:00:00,-10,-60,3678890.0,3.67889,1021.9138888888889,"{""type"":""MultiPoint"",""coordinates"":[]}"
20151218T14,2.895345,2015-12-18 14:00:00,-10,-60,6434100.0,6.4341,1787.25,"{""type"":""MultiPoint"",""coordinates"":[]}"
20151218T15,4.2166449,2015-12-18 15:00:00,-10,-60,9370322.0,9.370322,2602.867222222222,"{""type"":""MultiPoint"",""coordinates"":[]}"
20151218T16,5.8386059999999995,2015-12-18 16:00:00,-10,-60,1.297468E7,12.97468,3604.0777777777776,"{""type"":""MultiPoint"",""coordinates"":[]}"
20151218T17,7.0840962,2015-12-18 17:00:00,-10,-60,1.5742436E7,15.742436,4372.898888888889,"{""type"":""MultiPoint"",""coordinates"":[]}"
20151218T18,8.3213694,2015-12-18 18:00:00,-10,-60,1.8491932E7,18.491932,5136.647777777778,"{""type"":""MultiPoint"",""coordinates"":[]}"
20151218T19,9.3933432,2015-12-18 19:00:00,-10,-60,2.0874096E7,20.874096,5798.36,"{""type"":""MultiPoint"",""coordinates"":[]}"
20151218T20,10.162931400000002,2015-12-18 20:00:00,-10,-60,2.2584292E7,22.584292,6273.414444444445,"{""type"":""MultiPoint"",""coordinates"":[]}"
20151218T21,10.581168600000002,2015-12-18 21:00:00,-10,-60,2.3513708E7,23.513708,6531.585555555555,"{""type"":""MultiPoint"",""coordinates"":[]}"
20151218T22,10.7447886,2015-12-18 22:00:00,-10,-60,2.3877308E7,23.877308,6632.585555555555,"{""type"":""MultiPoint"",""coordinates"":[]}"
20151218T23,10.7487756,2015-12-18 23:00:00,-10,-60,2.3886168E7,23.886168,6635.046666666667,"{""type"":""MultiPoint"",""coordinates"":[]}"
20151219T00,10.7487756,2015-12-19 00:00:00,-10,-60,2.3886168E7,23.886168,6635.046666666667,"{""type"":""MultiPoint"",""coordinates"":[]}"
20151219T01,0.0,2015-12-19 01:00:00,-10,-60,0.0,0.0,0.0,"{""type"":""MultiPoint"",""coordinates"":[]}"
20151219T02,0.0,2015-12-19 02:00:00,-10,-60,0.0,0.0,0.0,"{""type"":""MultiPoint"",""coordinates"":[]}"
20151219T03,0.0,2015-12-19 03:00:00,-10,-60,0.0,0.0,0.0,"{""type"":""MultiPoint"",""coordinates"":[]}"
20151219T04,0.0,2015-12-19 04:00:00,-10,-60,0.0,0.0,0.0,"{""type"":""MultiPoint"",""coordinates"":[]}"
20151219T05,0.0,2015-12-19 05:00:00,-10,-60,0.0,0.0,0.0,"{""type"":""MultiPoint"",""coordinates"":[]}"
20151219T06,0.0,2015-12-19 06:00:00,-10,-60,0.0,0.0,0.0,"{""type"":""MultiPoint"",""coordinates"":[]}"
20151219T07,0.0,2015-12-19 07:00:00,-10,-60,0.0,0.0,0.0,"{""type"":""MultiPoint"",""coordinates"":[]}"
20151219T08,0.0,2015-12-19 08:00:00,-10,-60,0.0,0.0,0.0,"{""type"":""MultiPoint"",""coordinates"":[]}"
20151219T09,0.0,2015-12-19 09:00:00,-10,-60,0.0,0.0,0.0,"{""type"":""MultiPoint"",""coordinates"":[]}"
20151219T10,0.007998300000000002,2015-12-19 10:00:00,-10,-60,17774.0,0.017774,4.937222222222222,"{""type"":""MultiPoint"",""coordinates"":[]}"
20151219T11,0.2242431,2015-12-19 11:00:00,-10,-60,498318.0,0.498318,138.42166666666665,"{""type"":""MultiPoint"",""coordinates"":[]}"
20151219T12,0.6724008,2015-12-19 12:00:00,-10,-60,1494224.0,1.494224,415.0622222222222,"{""type"":""MultiPoint"",""coordinates"":[]}"
20151219T13,1.3856814000000002,2015-12-19 13:00:00,-10,-60,3079292.0,3.079292,855.3588888888889,"{""type"":""MultiPoint"",""coordinates"":[]}"
20151219T14,2.5258203,2015-12-19 14:00:00,-10,-60,5612934.0,5.612934,1559.1483333333333,"{""type"":""MultiPoint"",""coordinates"":[]}"
20151219T15,4.0175244,2015-12-19 15:00:00,-10,-60,8927832.0,8.927832,2479.9533333333334,"{""type"":""MultiPoint"",""coordinates"":[]}"
20151219T16,5.5579410000000005,2015-12-19 16:00:00,-10,-60,1.235098E7,12.35098,3430.8277777777776,"{""type"":""MultiPoint"",""coordinates"":[]}"
20151219T17,6.7821804000000006,2015-12-19 17:00:00,-10,-60,1.5071512E7,15.071512,4186.531111111111,"{""type"":""MultiPoint"",""coordinates"":[]}"
20151219T18,7.9070166,2015-12-19 18:00:00,-10,-60,1.7571148E7,17.571148,4880.874444444445,"{""type"":""MultiPoint"",""coordinates"":[]}"
20151219T19,8.7702624,2015-12-19 19:00:00,-10,-60,1.9489472E7,19.489472,5413.742222222222,"{""type"":""MultiPoint"",""coordinates"":[]}"
20151219T20,9.4652802,2015-12-19 20:00:00,-10,-60,2.1033956E7,21.033956,5842.765555555556,"{""type"":""MultiPoint"",""coordinates"":[]}"
20151219T21,9.818123400000001,2015-12-19 21:00:00,-10,-60,2.1818052E7,21.818052,6060.57,"{""type"":""MultiPoint"",""coordinates"":[]}"
20151219T22,9.9508626,2015-12-19 22:00:00,-10,-60,2.2113028E7,22.113028,6142.507777777778,"{""type"":""MultiPoint"",""coordinates"":[]}"
20151219T23,9.9543942,2015-12-19 23:00:00,-10,-60,2.2120876E7,22.120876,6144.687777777778,"{""type"":""MultiPoint"",""coordinates"":[]}"
20151220T00,9.9543942,2015-12-20 00:00:00,-10,-60,2.2120876E7,22.120876,6144.687777777778,"{""type"":""MultiPoint"",""coordinates"":[]}"
20151220T01,0.0,2015-12-20 01:00:00,-10,-60,0.0,0.0,0.0,"{""type"":""MultiPoint"",""coordinates"":[]}"
20151220T02,0.0,2015-12-20 02:00:00,-10,-60,0.0,0.0,0.0,"{""type"":""MultiPoint"",""coordinates"":[]}"
20151220T03,0.0,2015-12-20 03:00:00,-10,-60,0.0,0.0,0.0,"{""type"":""MultiPoint"",""coordinates"":[]}"
20151220T04,0.0,2015-12-20 04:00:00,-10,-60,0.0,0.0,0.0,"{""type"":""MultiPoint"",""coordinates"":[]}"
20151220T05,0.0,2015-12-20 05:00:00,-10,-60,0.0,0.0,0.0,"{""type"":""MultiPoint"",""coordinates"":[]}"
20151220T06,0.0,2015-12-20 06:00:00,-10,-60,0.0,0.0,0.0,"{""type"":""MultiPoint"",""coordinates"":[]}"
20151220T07,0.0,2015-12-20 07:00:00,-10,-60,0.0,0.0,0.0,"{""type"":""MultiPoint"",""coordinates"":[]}"
20151220T08,0.0,2015-12-20 08:00:00,-10,-60,0.0,0.0,0.0,"{""type"":""MultiPoint"",""coordinates"":[]}"
20151220T09,0.0,2015-12-20 09:00:00,-10,-60,0.0,0.0,0.0,"{""type"":""MultiPoint"",""coordinates"":[]}"
20151220T10,0.0088218,2015-12-20 10:00:00,-10,-60,19604.0,0.019604,5.445555555555556,"{""type"":""MultiPoint"",""coordinates"":[]}"
20151220T11,0.2216232,2015-12-20 11:00:00,-10,-60,492496.0,0.492496,136.80444444444444,"{""type"":""MultiPoint"",""coordinates"":[]}"
20151220T12,0.6762870000000001,2015-12-20 12:00:00,-10,-60,1502860.0,1.50286,417.4611111111111,"{""type"":""MultiPoint"",""coordinates"":[]}"
20151220T13,1.4062986,2015-12-20 13:00:00,-10,-60,3125108.0,3.125108,868.0855555555555,"{""type"":""MultiPoint"",""coordinates"":[]}"
20151220T14,2.4944328000000002,2015-12-20 14:00:00,-10,-60,5543184.0,5.543184,1539.7733333333333,"{""type"":""MultiPoint"",""coordinates"":[]}"
20151220T15,3.6568332,2015-12-20 15:00:00,-10,-60,8126296.0,8.126296,2257.3044444444445,"{""type"":""MultiPoint"",""coordinates"":[]}"
20151220T16,4.6414134,2015-12-20 16:00:00,-10,-60,1.0314252E7,10.314252,2865.07,"{""type"":""MultiPoint"",""coordinates"":[]}"
20151220T17,5.9318333999999995,2015-12-20 17:00:00,-10,-60,1.3181852E7,13.181852,3661.6255555555554,"{""type"":""MultiPoint"",""coordinates"":[]}"
20151220T18,6.9249798,2015-12-20 18:00:00,-10,-60,1.5388844E7,15.388844,4274.678888888889,"{""type"":""MultiPoint"",""coordinates"":[]}"
20151220T19,8.0639172,2015-12-20 19:00:00,-10,-60,1.7919816E7,17.919816,4977.7266666666665,"{""type"":""MultiPoint"",""coordinates"":[]}"
20151220T20,8.8560198,2015-12-20 20:00:00,-10,-60,1.9680044E7,19.680044,5466.678888888889,"{""type"":""MultiPoint"",""coordinates"":[]}"
20151220T21,9.3000906,2015-12-20 21:00:00,-10,-60,2.0666868E7,20.666868,5740.796666666667,"{""type"":""MultiPoint"",""coordinates"":[]}"
20151220T22,9.434588399999999,2015-12-20 22:00:00,-10,-60,2.0965752E7,20.965752,5823.82,"{""type"":""MultiPoint"",""coordinates"":[]}"
20151220T23,9.4387158,2015-12-20 23:00:00,-10,-60,2.0974924E7,20.974924,5826.3677777777775,"{""type"":""MultiPoint"",""coordinates"":[]}"
20151221T00,9.4387158,2015-12-21 00:00:00,-10,-60,2.0974924E7,20.974924,5826.3677777777775,"{""type"":""MultiPoint"",""coordinates"":[]}"
20151221T01,0.0,2015-12-21 01:00:00,-10,-60,0.0,0.0,0.0,"{""type"":""MultiPoint"",""coordinates"":[]}"
20151221T02,0.0,2015-12-21 02:00:00,-10,-60,0.0,0.0,0.0,"{""type"":""MultiPoint"",""coordinates"":[]}"
20151221T03,0.0,2015-12-21 03:00:00,-10,-60,0.0,0.0,0.0,"{""type"":""MultiPoint"",""coordinates"":[]}"
20151221T04,0.0,2015-12-21 04:00:00,-10,-60,0.0,0.0,0.0,"{""type"":""MultiPoint"",""coordinates"":[]}"
20151221T05,0.0,2015-12-21 05:00:00,-10,-60,0.0,0.0,0.0,"{""type"":""MultiPoint"",""coordinates"":[]}"
20151221T06,0.0,2015-12-21 06:00:00,-10,-60,0.0,0.0,0.0,"{""type"":""MultiPoint"",""coordinates"":[]}"
20151221T07,0.0,2015-12-21 07:00:00,-10,-60,0.0,0.0,0.0,"{""type"":""MultiPoint"",""coordinates"":[]}"
20151221T08,0.0,2015-12-21 08:00:00,-10,-60,0.0,0.0,0.0,"{""type"":""MultiPoint"",""coordinates"":[]}"
20151221T09,0.0,2015-12-21 09:00:00,-10,-60,0.0,0.0,0.0,"{""type"":""MultiPoint"",""coordinates"":[]}"
20151221T10,0.0034173000000000003,2015-12-21 10:00:00,-10,-60,7594.0,0.007594,2.1094444444444442,"{""type"":""MultiPoint"",""coordinates"":[]}"
20151221T11,0.09603539999999999,2015-12-21 11:00:00,-10,-60,213412.0,0.213412,59.28111111111111,"{""type"":""MultiPoint"",""coordinates"":[]}"
20151221T12,0.3626649,2015-12-21 12:00:00,-10,-60,805922.0,0.805922,223.8672222222222,"{""type"":""MultiPoint"",""coordinates"":[]}"
20151221T13,0.8310087,2015-12-21 13:00:00,-10,-60,1846686.0,1.846686,512.9683333333334,"{""type"":""MultiPoint"",""coordinates"":[]}"
20151221T14,1.7844921,2015-12-21 14:00:00,-10,-60,3965538.0,3.965538,1101.5383333333334,"{""type"":""MultiPoint"",""coordinates"":[]}"
20151221T15,2.9806596,2015-12-21 15:00:00,-10,-60,6623688.0,6.623688,1839.9133333333334,"{""type"":""MultiPoint"",""coordinates"":[]}"
20151221T16,3.9968172,2015-12-21 16:00:00,-10,-60,8881816.0,8.881816,2467.1711111111113,"{""type"":""MultiPoint"",""coordinates"":[]}"
20151221T17,4.9811436,2015-12-21 17:00:00,-10,-60,1.1069208E7,11.069208,3074.78,"{""type"":""MultiPoint"",""coordinates"":[]}"
20151221T18,5.8594392,2015-12-21 18:00:00,-10,-60,1.3020976E7,13.020976,3616.9377777777777,"{""type"":""MultiPoint"",""coordinates"":[]}"
20151221T19,6.7404024,2015-12-21 19:00:00,-10,-60,1.4978672E7,14.978672,4160.742222222222,"{""type"":""MultiPoint"",""coordinates"":[]}"
20151221T20,7.360837200000001,2015-12-21 20:00:00,-10,-60,1.6357416E7,16.357416,4543.7266666666665,"{""type"":""MultiPoint"",""coordinates"":[]}"
20151221T21,7.7281200000000005,2015-12-21 21:00:00,-10,-60,1.71736E7,17.1736,4770.444444444444,"{""type"":""MultiPoint"",""coordinates"":[]}"
20151221T22,7.8628086,2015-12-21 22:00:00,-10,-60,1.7472908E7,17.472908,4853.585555555555,"{""type"":""MultiPoint"",""coordinates"":[]}"
20151221T23,7.866554399999999,2015-12-21 23:00:00,-10,-60,1.7481232E7,17.481232,4855.897777777778,"{""type"":""MultiPoint"",""coordinates"":[]}"
20151222T00,7.866554399999999,2015-12-22 00:00:00,-10,-60,1.7481232E7,17.481232,4855.897777777778,"{""type"":""MultiPoint"",""coordinates"":[]}"
20151222T01,0.0,2015-12-22 01:00:00,-10,-60,0.0,0.0,0.0,"{""type"":""MultiPoint"",""coordinates"":[]}"
20151222T02,0.0,2015-12-22 02:00:00,-10,-60,0.0,0.0,0.0,"{""type"":""MultiPoint"",""coordinates"":[]}"
20151222T03,0.0,2015-12-22 03:00:00,-10,-60,0.0,0.0,0.0,"{""type"":""MultiPoint"",""coordinates"":[]}"
20151222T04,0.0,2015-12-22 04:00:00,-10,-60,0.0,0.0,0.0,"{""type"":""MultiPoint"",""coordinates"":[]}"
20151222T05,0.0,2015-12-22 05:00:00,-10,-60,0.0,0.0,0.0,"{""type"":""MultiPoint"",""coordinates"":[]}"
20151222T06,0.0,2015-12-22 06:00:00,-10,-60,0.0,0.0,0.0,"{""type"":""MultiPoint"",""coordinates"":[]}"
20151222T07,0.0,2015-12-22 07:00:00,-10,-60,0.0,0.0,0.0,"{""type"":""MultiPoint"",""coordinates"":[]}"
20151222T08,0.0,2015-12-22 08:00:00,-10,-60,0.0,0.0,0.0,"{""type"":""MultiPoint"",""coordinates"":[]}"
20151222T09,0.0,2015-12-22 09:00:00,-10,-60,0.0,0.0,0.0,"{""type"":""MultiPoint"",""coordinates"":[]}"
20151222T10,0.0037332,2015-12-22 10:00:00,-10,-60,8296.0,0.008296,2.3044444444444445,"{""type"":""MultiPoint"",""coordinates"":[]}"
20151222T11,0.12452490000000001,2015-12-22 11:00:00,-10,-60,276722.0,0.276722,76.86722222222222,"{""type"":""MultiPoint"",""coordinates"":[]}"
20151222T12,0.5227155,2015-12-22 12:00:00,-10,-60,1161590.0,1.16159,322.6638888888889,"{""type"":""MultiPoint"",""coordinates"":[]}"
20151222T13,0.8979984,2015-12-22 13:00:00,-10,-60,1995552.0,1.995552,554.32,"{""type"":""MultiPoint"",""coordinates"":[]}"
20151222T14,1.4882220000000002,2015-12-22 14:00:00,-10,-60,3307160.0,3.30716,918.6555555555556,"{""type"":""MultiPoint"",""coordinates"":[]}"
20151222T15,2.1032298,2015-12-22 15:00:00,-10,-60,4673844.0,4.673844,1298.29,"{""type"":""MultiPoint"",""coordinates"":[]}"
20151222T16,3.1755690000000003,2015-12-22 16:00:00,-10,-60,7056820.0,7.05682,1960.2277777777779,"{""type"":""MultiPoint"",""coordinates"":[]}"
20151222T17,3.9416634,2015-12-22 17:00:00,-10,-60,8759252.0,8.759252,2433.1255555555554,"{""type"":""MultiPoint"",""coordinates"":[]}"
20151222T18,4.8103002,2015-12-22 18:00:00,-10,-60,1.0689556E7,10.689556,2969.321111111111,"{""type"":""MultiPoint"",""coordinates"":[]}"
20151222T19,5.797589400000001,2015-12-22 19:00:00,-10,-60,1.2883532E7,12.883532,3578.758888888889,"{""type"":""MultiPoint"",""coordinates"":[]}"
20151222T20,6.329151,2015-12-22 20:00:00,-10,-60,1.406478E7,14.06478,3906.883333333333,"{""type"":""MultiPoint"",""coordinates"":[]}"
20151222T21,6.7077756,2015-12-22 21:00:00,-10,-60,1.4906168E7,14.906168,4140.602222222222,"{""type"":""MultiPoint"",""coordinates"":[]}"
20151222T22,6.818454,2015-12-22 22:00:00,-10,-60,1.515212E7,15.15212,4208.922222222222,"{""type"":""MultiPoint"",""coordinates"":[]}"
20151222T23,6.8208714,2015-12-22 23:00:00,-10,-60,1.5157492E7,15.157492,4210.414444444445,"{""type"":""MultiPoint"",""coordinates"":[]}"
20151223T00,6.8208714,2015-12-23 00:00:00,-10,-60,1.5157492E7,15.157492,4210.414444444445,"{""type"":""MultiPoint"",""coordinates"":[]}"
20151223T01,0.0,2015-12-23 01:00:00,-10,-60,0.0,0.0,0.0,"{""type"":""MultiPoint"",""coordinates"":[]}"
20151223T02,0.0,2015-12-23 02:00:00,-10,-60,0.0,0.0,0.0,"{""type"":""MultiPoint"",""coordinates"":[]}"
20151223T03,0.0,2015-12-23 03:00:00,-10,-60,0.0,0.0,0.0,"{""type"":""MultiPoint"",""coordinates"":[]}"
20151223T04,0.0,2015-12-23 04:00:00,-10,-60,0.0,0.0,0.0,"{""type"":""MultiPoint"",""coordinates"":[]}"
20151223T05,0.0,2015-12-23 05:00:00,-10,-60,0.0,0.0,0.0,"{""type"":""MultiPoint"",""coordinates"":[]}"
20151223T06,0.0,2015-12-23 06:00:00,-10,-60,0.0,0.0,0.0,"{""type"":""MultiPoint"",""coordinates"":[]}"
20151223T07,0.0,2015-12-23 07:00:00,-10,-60,0.0,0.0,0.0,"{""type"":""MultiPoint"",""coordinates"":[]}"
20151223T08,0.0,2015-12-23 08:00:00,-10,-60,0.0,0.0,0.0,"{""type"":""MultiPoint"",""coordinates"":[]}"
20151223T09,0.0,2015-12-23 09:00:00,-10,-60,0.0,0.0,0.0,"{""type"":""MultiPoint"",""coordinates"":[]}"
20151223T10,0.0070245,2015-12-23 10:00:00,-10,-60,15610.0,0.01561,4.336111111111111,"{""type"":""MultiPoint"",""coordinates"":[]}"
20151223T11,0.1453446,2015-12-23 11:00:00,-10,-60,322988.0,0.322988,89.71888888888888,"{""type"":""MultiPoint"",""coordinates"":[]}"
20151223T12,0.6700851,2015-12-23 12:00:00,-10,-60,1489078.0,1.489078,413.6327777777778,"{""type"":""MultiPoint"",""coordinates"":[]}"
20151223T13,1.5159537,2015-12-23 13:00:00,-10,-60,3368786.0,3.368786,935.7738888888889,"{""type"":""MultiPoint"",""coordinates"":[]}"
20151223T14,2.6993628000000003,2015-12-23 14:00:00,-10,-60,5998584.0,5.998584,1666.2733333333333,"{""type"":""MultiPoint"",""coordinates"":[]}"
20151223T15,4.0739976,2015-12-23 15:00:00,-10,-60,9053328.0,9.053328,2514.8133333333335,"{""type"":""MultiPoint"",""coordinates"":[]}"
20151223T16,5.6135034,2015-12-23 16:00:00,-10,-60,1.2474452E7,12.474452,3465.1255555555554,"{""type"":""MultiPoint"",""coordinates"":[]}"
20151223T17,7.0880058,2015-12-23 17:00:00,-10,-60,1.5751124E7,15.751124,4375.312222222222,"{""type"":""MultiPoint"",""coordinates"":[]}"
20151223T18,8.326193400000001,2015-12-23 18:00:00,-10,-60,1.8502652E7,18.502652,5139.625555555555,"{""type"":""MultiPoint"",""coordinates"":[]}"
20151223T19,9.332744400000001,2015-12-23 19:00:00,-10,-60,2.0739432E7,20.739432,5760.953333333333,"{""type"":""MultiPoint"",""coordinates"":[]}"
20151223T20,10.086791400000001,2015-12-23 20:00:00,-10,-60,2.2415092E7,22.415092,6226.414444444445,"{""type"":""MultiPoint"",""coordinates"":[]}"
20151223T21,10.5201666,2015-12-23 21:00:00,-10,-60,2.3378148E7,23.378148,6493.93,"{""type"":""MultiPoint"",""coordinates"":[]}"
20151223T22,10.711188,2015-12-23 22:00:00,-10,-60,2.380264E7,23.80264,6611.844444444445,"{""type"":""MultiPoint"",""coordinates"":[]}"
20151223T23,10.716679800000001,2015-12-23 23:00:00,-10,-60,2.3814844E7,23.814844,6615.234444444444,"{""type"":""MultiPoint"",""coordinates"":[]}"
20151224T00,10.716679800000001,2015-12-24 00:00:00,-10,-60,2.3814844E7,23.814844,6615.234444444444,"{""type"":""MultiPoint"",""coordinates"":[]}"
20151224T01,0.0,2015-12-24 01:00:00,-10,-60,0.0,0.0,0.0,"{""type"":""MultiPoint"",""coordinates"":[]}"
20151224T02,0.0,2015-12-24 02:00:00,-10,-60,0.0,0.0,0.0,"{""type"":""MultiPoint"",""coordinates"":[]}"
20151224T03,0.0,2015-12-24 03:00:00,-10,-60,0.0,0.0,0.0,"{""type"":""MultiPoint"",""coordinates"":[]}"
20151224T04,0.0,2015-12-24 04:00:00,-10,-60,0.0,0.0,0.0,"{""type"":""MultiPoint"",""coordinates"":[]}"
20151224T05,0.0,2015-12-24 05:00:00,-10,-60,0.0,0.0,0.0,"{""type"":""MultiPoint"",""coordinates"":[]}"
20151224T06,0.0,2015-12-24 06:00:00,-10,-60,0.0,0.0,0.0,"{""type"":""MultiPoint"",""coordinates"":[]}"
20151224T07,0.0,2015-12-24 07:00:00,-10,-60,0.0,0.0,0.0,"{""type"":""MultiPoint"",""coordinates"":[]}"
20151224T08,0.0,2015-12-24 08:00:00,-10,-60,0.0,0.0,0.0,"{""type"":""MultiPoint"",""coordinates"":[]}"
20151224T09,0.0,2015-12-24 09:00:00,-10,-60,0.0,0.0,0.0,"{""type"":""MultiPoint"",""coordinates"":[]}"
20151224T10,0.0015948,2015-12-24 10:00:00,-10,-60,3544.0,0.003544,0.9844444444444445,"{""type"":""MultiPoint"",""coordinates"":[]}"
20151224T11,0.030007799999999998,2015-12-24 11:00:00,-10,-60,66684.0,0.066684,18.523333333333333,"{""type"":""MultiPoint"",""coordinates"":[]}"
20151224T12,0.1266129,2015-12-24 12:00:00,-10,-60,281362.0,0.281362,78.15611111111112,"{""type"":""MultiPoint"",""coordinates"":[]}"
20151224T13,0.3556413,2015-12-24 13:00:00,-10,-60,790314.0,0.790314,219.53166666666667,"{""type"":""MultiPoint"",""coordinates"":[]}"
20151224T14,0.7495416,2015-12-24 14:00:00,-10,-60,1665648.0,1.665648,462.68,"{""type"":""MultiPoint"",""coordinates"":[]}"
20151224T15,1.3558644,2015-12-24 15:00:00,-10,-60,3013032.0,3.013032,836.9533333333334,"{""type"":""MultiPoint"",""coordinates"":[]}"
20151224T16,2.3825412,2015-12-24 16:00:00,-10,-60,5294536.0,5.294536,1470.7044444444443,"{""type"":""MultiPoint"",""coordinates"":[]}"
20151224T17,3.4368930000000004,2015-12-24 17:00:00,-10,-60,7637540.0,7.63754,2121.538888888889,"{""type"":""MultiPoint"",""coordinates"":[]}"
20151224T18,4.480831800000001,2015-12-24 18:00:00,-10,-60,9957404.0,9.957404,2765.9455555555555,"{""type"":""MultiPoint"",""coordinates"":[]}"
20151224T19,5.2318782,2015-12-24 19:00:00,-10,-60,1.1626396E7,11.626396,3229.5544444444445,"{""type"":""MultiPoint"",""coordinates"":[]}"
20151224T20,5.7015396,2015-12-24 20:00:00,-10,-60,1.2670088E7,12.670088,3519.468888888889,"{""type"":""MultiPoint"",""coordinates"":[]}"
20151224T21,6.0391944,2015-12-24 21:00:00,-10,-60,1.3420432E7,13.420432,3727.8977777777777,"{""type"":""MultiPoint"",""coordinates"":[]}"
20151224T22,6.2227098,2015-12-24 22:00:00,-10,-60,1.3828244E7,13.828244,3841.178888888889,"{""type"":""MultiPoint"",""coordinates"":[]}"
20151224T23,6.2286336,2015-12-24 23:00:00,-10,-60,1.3841408E7,13.841408,3844.8355555555554,"{""type"":""MultiPoint"",""coordinates"":[]}"
20151225T00,6.2286336,2015-12-25 00:00:00,-10,-60,1.3841408E7,13.841408,3844.8355555555554,"{""type"":""MultiPoint"",""coordinates"":[]}"
20151225T01,0.0,2015-12-25 01:00:00,-10,-60,0.0,0.0,0.0,"{""type"":""MultiPoint"",""coordinates"":[]}"
20151225T02,0.0,2015-12-25 02:00:00,-10,-60,0.0,0.0,0.0,"{""type"":""MultiPoint"",""coordinates"":[]}"
20151225T03,0.0,2015-12-25 03:00:00,-10,-60,0.0,0.0,0.0,"{""type"":""MultiPoint"",""coordinates"":[]}"
20151225T04,0.0,2015-12-25 04:00:00,-10,-60,0.0,0.0,0.0,"{""type"":""MultiPoint"",""coordinates"":[]}"
20151225T05,0.0,2015-12-25 05:00:00,-10,-60,0.0,0.0,0.0,"{""type"":""MultiPoint"",""coordinates"":[]}"
20151225T06,0.0,2015-12-25 06:00:00,-10,-60,0.0,0.0,0.0,"{""type"":""MultiPoint"",""coordinates"":[]}"
20151225T07,0.0,2015-12-25 07:00:00,-10,-60,0.0,0.0,0.0,"{""type"":""MultiPoint"",""coordinates"":[]}"
20151225T08,0.0,2015-12-25 08:00:00,-10,-60,0.0,0.0,0.0,"{""type"":""MultiPoint"",""coordinates"":[]}"
20151225T09,0.0,2015-12-25 09:00:00,-10,-60,0.0,0.0,0.0,"{""type"":""MultiPoint"",""coordinates"":[]}"
20151225T10,0.0059868000000000005,2015-12-25 10:00:00,-10,-60,13304.0,0.013304,3.6955555555555555,"{""type"":""MultiPoint"",""coordinates"":[]}"
20151225T11,0.15396300000000002,2015-12-25 11:00:00,-10,-60,342140.0,0.34214,95.03888888888889,"{""type"":""MultiPoint"",""coordinates"":[]}"
20151225T12,0.5743026,2015-12-25 12:00:00,-10,-60,1276228.0,1.276228,354.5077777777778,"{""type"":""MultiPoint"",""coordinates"":[]}"
20151225T13,1.2731931,2015-12-25 13:00:00,-10,-60,2829318.0,2.829318,785.9216666666666,"{""type"":""MultiPoint"",""coordinates"":[]}"
20151225T14,2.1069486000000004,2015-12-25 14:00:00,-10,-60,4682108.0,4.682108,1300.5855555555556,"{""type"":""MultiPoint"",""coordinates"":[]}"
20151225T15,2.9725092,2015-12-25 15:00:00,-10,-60,6605576.0,6.605576,1834.8822222222223,"{""type"":""MultiPoint"",""coordinates"":[]}"
20151225T16,3.9351690000000006,2015-12-25 16:00:00,-10,-60,8744820.0,8.74482,2429.116666666667,"{""type"":""MultiPoint"",""coordinates"":[]}"
20151225T17,4.4610228,2015-12-25 17:00:00,-10,-60,9913384.0,9.913384,2753.717777777778,"{""type"":""MultiPoint"",""coordinates"":[]}"
20151225T18,5.1338808,2015-12-25 18:00:00,-10,-60,1.1408624E7,11.408624,3169.0622222222223,"{""type"":""MultiPoint"",""coordinates"":[]}"
20151225T19,5.8845744,2015-12-25 19:00:00,-10,-60,1.3076832E7,13.076832,3632.4533333333334,"{""type"":""MultiPoint"",""coordinates"":[]}"
20151225T20,6.189147,2015-12-25 20:00:00,-10,-60,1.375366E7,13.75366,3820.461111111111,"{""type"":""MultiPoint"",""coordinates"":[]}"
20151225T21,6.480531,2015-12-25 21:00:00,-10,-60,1.440118E7,14.40118,4000.3277777777776,"{""type"":""MultiPoint"",""coordinates"":[]}"
20151225T22,6.6030066000000005,2015-12-25 22:00:00,-10,-60,1.4673348E7,14.673348,4075.93,"{""type"":""MultiPoint"",""coordinates"":[]}"
20151225T23,6.609486599999999,2015-12-25 23:00:00,-10,-60,1.4687748E7,14.687748,4079.93,"{""type"":""MultiPoint"",""coordinates"":[]}"
20151226T00,6.609486599999999,2015-12-26 00:00:00,-10,-60,1.4687748E7,14.687748,4079.93,"{""type"":""MultiPoint"",""coordinates"":[]}"
20151226T01,0.0,2015-12-26 01:00:00,-10,-60,0.0,0.0,0.0,"{""type"":""MultiPoint"",""coordinates"":[]}"
20151226T02,0.0,2015-12-26 02:00:00,-10,-60,0.0,0.0,0.0,"{""type"":""MultiPoint"",""coordinates"":[]}"
20151226T03,0.0,2015-12-26 03:00:00,-10,-60,0.0,0.0,0.0,"{""type"":""MultiPoint"",""coordinates"":[]}"
20151226T04,0.0,2015-12-26 04:00:00,-10,-60,0.0,0.0,0.0,"{""type"":""MultiPoint"",""coordinates"":[]}"
20151226T05,0.0,2015-12-26 05:00:00,-10,-60,0.0,0.0,0.0,"{""type"":""MultiPoint"",""coordinates"":[]}"
20151226T06,0.0,2015-12-26 06:00:00,-10,-60,0.0,0.0,0.0,"{""type"":""MultiPoint"",""coordinates"":[]}"
20151226T07,0.0,2015-12-26 07:00:00,-10,-60,0.0,0.0,0.0,"{""type"":""MultiPoint"",""coordinates"":[]}"
20151226T08,0.0,2015-12-26 08:00:00,-10,-60,0.0,0.0,0.0,"{""type"":""MultiPoint"",""coordinates"":[]}"
20151226T09,0.0,2015-12-26 09:00:00,-10,-60,0.0,0.0,0.0,"{""type"":""MultiPoint"",""coordinates"":[]}"
20151226T10,0.0044928,2015-12-26 10:00:00,-10,-60,9984.0,0.009984,2.7733333333333334,"{""type"":""MultiPoint"",""coordinates"":[]}"
20151226T11,0.13340970000000002,2015-12-26 11:00:00,-10,-60,296466.0,0.296466,82.35166666666667,"{""type"":""MultiPoint"",""coordinates"":[]}"
20151226T12,0.594072,2015-12-26 12:00:00,-10,-60,1320160.0,1.32016,366.7111111111111,"{""type"":""MultiPoint"",""coordinates"":[]}"
20151226T13,1.3343607,2015-12-26 13:00:00,-10,-60,2965246.0,2.965246,823.6794444444445,"{""type"":""MultiPoint"",""coordinates"":[]}"
20151226T14,2.4252786,2015-12-26 14:00:00,-10,-60,5389508.0,5.389508,1497.0855555555556,"{""type"":""MultiPoint"",""coordinates"":[]}"
20151226T15,3.7684476,2015-12-26 15:00:00,-10,-60,8374328.0,8.374328,2326.202222222222,"{""type"":""MultiPoint"",""coordinates"":[]}"
20151226T16,5.0995188,2015-12-26 16:00:00,-10,-60,1.1332264E7,11.332264,3147.851111111111,"{""type"":""MultiPoint"",""coordinates"":[]}"
20151226T17,6.1952328,2015-12-26 17:00:00,-10,-60,1.3767184E7,13.767184,3824.217777777778,"{""type"":""MultiPoint"",""coordinates"":[]}"
20151226T18,7.0679952,2015-12-26 18:00:00,-10,-60,1.5706656E7,15.706656,4362.96,"{""type"":""MultiPoint"",""coordinates"":[]}"
20151226T19,8.172369000000002,2015-12-26 19:00:00,-10,-60,1.816082E7,18.16082,5044.672222222222,"{""type"":""MultiPoint"",""coordinates"":[]}"
20151226T20,9.0635832,2015-12-26 20:00:00,-10,-60,2.0141296E7,20.141296,5594.804444444444,"{""type"":""MultiPoint"",""coordinates"":[]}"
20151226T21,9.4424724,2015-12-26 21:00:00,-10,-60,2.0983272E7,20.983272,5828.6866666666665,"{""type"":""MultiPoint"",""coordinates"":[]}"
20151226T22,9.636910199999999,2015-12-26 22:00:00,-10,-60,2.1415356E7,21.415356,5948.71,"{""type"":""MultiPoint"",""coordinates"":[]}"
20151226T23,9.644567400000001,2015-12-26 23:00:00,-10,-60,2.1432372E7,21.432372,5953.4366666666665,"{""type"":""MultiPoint"",""coordinates"":[]}"
20151227T00,9.644567400000001,2015-12-27 00:00:00,-10,-60,2.1432372E7,21.432372,5953.4366666666665,"{""type"":""MultiPoint"",""coordinates"":[]}"
20151227T01,0.0,2015-12-27 01:00:00,-10,-60,0.0,0.0,0.0,"{""type"":""MultiPoint"",""coordinates"":[]}"
20151227T02,0.0,2015-12-27 02:00:00,-10,-60,0.0,0.0,0.0,"{""type"":""MultiPoint"",""coordinates"":[]}"
20151227T03,0.0,2015-12-27 03:00:00,-10,-60,0.0,0.0,0.0,"{""type"":""MultiPoint"",""coordinates"":[]}"
20151227T04,0.0,2015-12-27 04:00:00,-10,-60,0.0,0.0,0.0,"{""type"":""MultiPoint"",""coordinates"":[]}"
20151227T05,0.0,2015-12-27 05:00:00,-10,-60,0.0,0.0,0.0,"{""type"":""MultiPoint"",""coordinates"":[]}"
20151227T06,0.0,2015-12-27 06:00:00,-10,-60,0.0,0.0,0.0,"{""type"":""MultiPoint"",""coordinates"":[]}"
20151227T07,0.0,2015-12-27 07:00:00,-10,-60,0.0,0.0,0.0,"{""type"":""MultiPoint"",""coordinates"":[]}"
20151227T08,0.0,2015-12-27 08:00:00,-10,-60,0.0,0.0,0.0,"{""type"":""MultiPoint"",""coordinates"":[]}"
20151227T09,0.0,2015-12-27 09:00:00,-10,-60,0.0,0.0,0.0,"{""type"":""MultiPoint"",""coordinates"":[]}"
20151227T10,0.0043911,2015-12-27 10:00:00,-10,-60,9758.0,0.009758,2.7105555555555556,"{""type"":""MultiPoint"",""coordinates"":[]}"
20151227T11,0.1508499,2015-12-27 11:00:00,-10,-60,335222.0,0.335222,93.11722222222222,"{""type"":""MultiPoint"",""coordinates"":[]}"
20151227T12,0.5857559999999999,2015-12-27 12:00:00,-10,-60,1301680.0,1.30168,361.5777777777778,"{""type"":""MultiPoint"",""coordinates"":[]}"
20151227T13,1.4032602,2015-12-27 13:00:00,-10,-60,3118356.0,3.118356,866.21,"{""type"":""MultiPoint"",""coordinates"":[]}"
20151227T14,2.5480692,2015-12-27 14:00:00,-10,-60,5662376.0,5.662376,1572.8822222222223,"{""type"":""MultiPoint"",""coordinates"":[]}"
20151227T15,3.9522672,2015-12-27 15:00:00,-10,-60,8782816.0,8.782816,2439.6711111111113,"{""type"":""MultiPoint"",""coordinates"":[]}"
20151227T16,5.1726708,2015-12-27 16:00:00,-10,-60,1.1494824E7,11.494824,3193.0066666666667,"{""type"":""MultiPoint"",""coordinates"":[]}"
20151227T17,6.7187844,2015-12-27 17:00:00,-10,-60,1.4930632E7,14.930632,4147.397777777778,"{""type"":""MultiPoint"",""coordinates"":[]}"
20151227T18,7.6762673999999995,2015-12-27 18:00:00,-10,-60,1.7058372E7,17.058372,4738.4366666666665,"{""type"":""MultiPoint"",""coordinates"":[]}"
20151227T19,8.6157036,2015-12-27 19:00:00,-10,-60,1.9146008E7,19.146008,5318.335555555555,"{""type"":""MultiPoint"",""coordinates"":[]}"
20151227T20,9.2972808,2015-12-27 20:00:00,-10,-60,2.0660624E7,20.660624,5739.062222222222,"{""type"":""MultiPoint"",""coordinates"":[]}"
20151227T21,9.7674732,2015-12-27 21:00:00,-10,-60,2.1705496E7,21.705496,6029.304444444444,"{""type"":""MultiPoint"",""coordinates"":[]}"
20151227T22,9.952975799999999,2015-12-27 22:00:00,-10,-60,2.2117724E7,22.117724,6143.812222222222,"{""type"":""MultiPoint"",""coordinates"":[]}"
20151227T23,9.9609606,2015-12-27 23:00:00,-10,-60,2.2135468E7,22.135468,6148.741111111111,"{""type"":""MultiPoint"",""coordinates"":[]}"
20151228T00,9.9609606,2015-12-28 00:00:00,-10,-60,2.2135468E7,22.135468,6148.741111111111,"{""type"":""MultiPoint"",""coordinates"":[]}"
20151228T01,0.0,2015-12-28 01:00:00,-10,-60,0.0,0.0,0.0,"{""type"":""MultiPoint"",""coordinates"":[]}"
20151228T02,0.0,2015-12-28 02:00:00,-10,-60,0.0,0.0,0.0,"{""type"":""MultiPoint"",""coordinates"":[]}"
20151228T03,0.0,2015-12-28 03:00:00,-10,-60,0.0,0.0,0.0,"{""type"":""MultiPoint"",""coordinates"":[]}"
20151228T04,0.0,2015-12-28 04:00:00,-10,-60,0.0,0.0,0.0,"{""type"":""MultiPoint"",""coordinates"":[]}"
20151228T05,0.0,2015-12-28 05:00:00,-10,-60,0.0,0.0,0.0,"{""type"":""MultiPoint"",""coordinates"":[]}"
20151228T06,0.0,2015-12-28 06:00:00,-10,-60,0.0,0.0,0.0,"{""type"":""MultiPoint"",""coordinates"":[]}"
20151228T07,0.0,2015-12-28 07:00:00,-10,-60,0.0,0.0,0.0,"{""type"":""MultiPoint"",""coordinates"":[]}"
20151228T08,0.0,2015-12-28 08:00:00,-10,-60,0.0,0.0,0.0,"{""type"":""MultiPoint"",""coordinates"":[]}"
20151228T09,0.0,2015-12-28 09:00:00,-10,-60,0.0,0.0,0.0,"{""type"":""MultiPoint"",""coordinates"":[]}"
20151228T10,0.0051633,2015-12-28 10:00:00,-10,-60,11474.0,0.011474,3.187222222222222,"{""type"":""MultiPoint"",""coordinates"":[]}"
20151228T11,0.14820480000000003,2015-12-28 11:00:00,-10,-60,329344.0,0.329344,91.48444444444445,"{""type"":""MultiPoint"",""coordinates"":[]}"
20151228T12,0.5636718000000001,2015-12-28 12:00:00,-10,-60,1252604.0,1.252604,347.94555555555553,"{""type"":""MultiPoint"",""coordinates"":[]}"
20151228T13,1.1878902000000002,2015-12-28 13:00:00,-10,-60,2639756.0,2.639756,733.2655555555556,"{""type"":""MultiPoint"",""coordinates"":[]}"
20151228T14,2.154258,2015-12-28 14:00:00,-10,-60,4787240.0,4.78724,1329.7888888888888,"{""type"":""MultiPoint"",""coordinates"":[]}"
20151228T15,3.3462845999999997,2015-12-28 15:00:00,-10,-60,7436188.0,7.436188,2065.6077777777778,"{""type"":""MultiPoint"",""coordinates"":[]}"
20151228T16,4.6639152,2015-12-28 16:00:00,-10,-60,1.0364256E7,10.364256,2878.96,"{""type"":""MultiPoint"",""coordinates"":[]}"
20151228T17,5.8591836,2015-12-28 17:00:00,-10,-60,1.3020408E7,13.020408,3616.78,"{""type"":""MultiPoint"",""coordinates"":[]}"
20151228T18,6.7833054,2015-12-28 18:00:00,-10,-60,1.5074012E7,15.074012,4187.225555555556,"{""type"":""MultiPoint"",""coordinates"":[]}"
20151228T19,7.753914000000001,2015-12-28 19:00:00,-10,-60,1.723092E7,17.23092,4786.366666666667,"{""type"":""MultiPoint"",""coordinates"":[]}"
20151228T20,8.414469,2015-12-28 20:00:00,-10,-60,1.869882E7,18.69882,5194.116666666667,"{""type"":""MultiPoint"",""coordinates"":[]}"
20151228T21,8.7980292,2015-12-28 21:00:00,-10,-60,1.9551176E7,19.551176,5430.8822222222225,"{""type"":""MultiPoint"",""coordinates"":[]}"
20151228T22,8.9256546,2015-12-28 22:00:00,-10,-60,1.9834788E7,19.834788,5509.663333333333,"{""type"":""MultiPoint"",""coordinates"":[]}"
20151228T23,8.9320842,2015-12-28 23:00:00,-10,-60,1.9849076E7,19.849076,5513.6322222222225,"{""type"":""MultiPoint"",""coordinates"":[]}"
20151229T00,8.9320842,2015-12-29 00:00:00,-10,-60,1.9849076E7,19.849076,5513.6322222222225,"{""type"":""MultiPoint"",""coordinates"":[]}"
20151229T01,0.0,2015-12-29 01:00:00,-10,-60,0.0,0.0,0.0,"{""type"":""MultiPoint"",""coordinates"":[]}"
20151229T02,0.0,2015-12-29 02:00:00,-10,-60,0.0,0.0,0.0,"{""type"":""MultiPoint"",""coordinates"":[]}"
20151229T03,0.0,2015-12-29 03:00:00,-10,-60,0.0,0.0,0.0,"{""type"":""MultiPoint"",""coordinates"":[]}"
20151229T04,0.0,2015-12-29 04:00:00,-10,-60,0.0,0.0,0.0,"{""type"":""MultiPoint"",""coordinates"":[]}"
20151229T05,0.0,2015-12-29 05:00:00,-10,-60,0.0,0.0,0.0,"{""type"":""MultiPoint"",""coordinates"":[]}"
20151229T06,0.0,2015-12-29 06:00:00,-10,-60,0.0,0.0,0.0,"{""type"":""MultiPoint"",""coordinates"":[]}"
20151229T07,0.0,2015-12-29 07:00:00,-10,-60,0.0,0.0,0.0,"{""type"":""MultiPoint"",""coordinates"":[]}"
20151229T08,0.0,2015-12-29 08:00:00,-10,-60,0.0,0.0,0.0,"{""type"":""MultiPoint"",""coordinates"":[]}"
20151229T09,0.0,2015-12-29 09:00:00,-10,-60,0.0,0.0,0.0,"{""type"":""MultiPoint"",""coordinates"":[]}"
20151229T10,0.003177,2015-12-29 10:00:00,-10,-60,7060.0,0.00706,1.961111111111111,"{""type"":""MultiPoint"",""coordinates"":[]}"
20151229T11,0.0535995,2015-12-29 11:00:00,-10,-60,119110.0,0.11911,33.08611111111111,"{""type"":""MultiPoint"",""coordinates"":[]}"
20151229T12,0.2586429,2015-12-29 12:00:00,-10,-60,574762.0,0.574762,159.6561111111111,"{""type"":""MultiPoint"",""coordinates"":[]}"
20151229T13,0.5510664,2015-12-29 13:00:00,-10,-60,1224592.0,1.224592,340.1644444444444,"{""type"":""MultiPoint"",""coordinates"":[]}"
20151229T14,1.0631385,2015-12-29 14:00:00,-10,-60,2362530.0,2.36253,656.2583333333333,"{""type"":""MultiPoint"",""coordinates"":[]}"
20151229T15,1.8680886,2015-12-29 15:00:00,-10,-60,4151308.0,4.151308,1153.141111111111,"{""type"":""MultiPoint"",""coordinates"":[]}"
20151229T16,2.9545758,2015-12-29 16:00:00,-10,-60,6565724.0,6.565724,1823.8122222222223,"{""type"":""MultiPoint"",""coordinates"":[]}"
20151229T17,3.8455002,2015-12-29 17:00:00,-10,-60,8545556.0,8.545556,2373.7655555555557,"{""type"":""MultiPoint"",""coordinates"":[]}"
20151229T18,4.5681732,2015-12-29 18:00:00,-10,-60,1.0151496E7,10.151496,2819.86,"{""type"":""MultiPoint"",""coordinates"":[]}"
20151229T19,5.5009998,2015-12-29 19:00:00,-10,-60,1.2224444E7,12.224444,3395.678888888889,"{""type"":""MultiPoint"",""coordinates"":[]}"
20151229T20,5.994858600000001,2015-12-29 20:00:00,-10,-60,1.3321908E7,13.321908,3700.53,"{""type"":""MultiPoint"",""coordinates"":[]}"
20151229T21,6.142444200000001,2015-12-29 21:00:00,-10,-60,1.3649876E7,13.649876,3791.632222222222,"{""type"":""MultiPoint"",""coordinates"":[]}"
20151229T22,6.210054,2015-12-29 22:00:00,-10,-60,1.380012E7,13.80012,3833.366666666667,"{""type"":""MultiPoint"",""coordinates"":[]}"
20151229T23,6.2154828,2015-12-29 23:00:00,-10,-60,1.3812184E7,13.812184,3836.717777777778,"{""type"":""MultiPoint"",""coordinates"":[]}"
20151230T00,6.2154828,2015-12-30 00:00:00,-10,-60,1.3812184E7,13.812184,3836.717777777778,"{""type"":""MultiPoint"",""coordinates"":[]}"
20151230T01,0.0,2015-12-30 01:00:00,-10,-60,0.0,0.0,0.0,"{""type"":""MultiPoint"",""coordinates"":[]}"
20151230T02,0.0,2015-12-30 02:00:00,-10,-60,0.0,0.0,0.0,"{""type"":""MultiPoint"",""coordinates"":[]}"
20151230T03,0.0,2015-12-30 03:00:00,-10,-60,0.0,0.0,0.0,"{""type"":""MultiPoint"",""coordinates"":[]}"
20151230T04,0.0,2015-12-30 04:00:00,-10,-60,0.0,0.0,0.0,"{""type"":""MultiPoint"",""coordinates"":[]}"
20151230T05,0.0,2015-12-30 05:00:00,-10,-60,0.0,0.0,0.0,"{""type"":""MultiPoint"",""coordinates"":[]}"
20151230T06,0.0,2015-12-30 06:00:00,-10,-60,0.0,0.0,0.0,"{""type"":""MultiPoint"",""coordinates"":[]}"
20151230T07,0.0,2015-12-30 07:00:00,-10,-60,0.0,0.0,0.0,"{""type"":""MultiPoint"",""coordinates"":[]}"
20151230T08,0.0,2015-12-30 08:00:00,-10,-60,0.0,0.0,0.0,"{""type"":""MultiPoint"",""coordinates"":[]}"
20151230T09,0.0,2015-12-30 09:00:00,-10,-60,0.0,0.0,0.0,"{""type"":""MultiPoint"",""coordinates"":[]}"
20151230T10,0.0037332,2015-12-30 10:00:00,-10,-60,8296.0,0.008296,2.3044444444444445,"{""type"":""MultiPoint"",""coordinates"":[]}"
20151230T11,0.1329291,2015-12-30 11:00:00,-10,-60,295398.0,0.295398,82.055,"{""type"":""MultiPoint"",""coordinates"":[]}"
20151230T12,0.5040612,2015-12-30 12:00:00,-10,-60,1120136.0,1.120136,311.1488888888889,"{""type"":""MultiPoint"",""coordinates"":[]}"
20151230T13,1.1911941000000001,2015-12-30 13:00:00,-10,-60,2647098.0,2.647098,735.305,"{""type"":""MultiPoint"",""coordinates"":[]}"
20151230T14,2.0056374000000003,2015-12-30 14:00:00,-10,-60,4456972.0,4.456972,1238.0477777777778,"{""type"":""MultiPoint"",""coordinates"":[]}"
20151230T15,3.1332834,2015-12-30 15:00:00,-10,-60,6962852.0,6.962852,1934.1255555555556,"{""type"":""MultiPoint"",""coordinates"":[]}"
20151230T16,4.4376498,2015-12-30 16:00:00,-10,-60,9861444.0,9.861444,2739.29,"{""type"":""MultiPoint"",""coordinates"":[]}"
20151230T17,5.8688946,2015-12-30 17:00:00,-10,-60,1.3041988E7,13.041988,3622.7744444444443,"{""type"":""MultiPoint"",""coordinates"":[]}"
20151230T18,6.6485952,2015-12-30 18:00:00,-10,-60,1.4774656E7,14.774656,4104.071111111111,"{""type"":""MultiPoint"",""coordinates"":[]}"
20151230T19,7.686102600000001,2015-12-30 19:00:00,-10,-60,1.7080228E7,17.080228,4744.507777777778,"{""type"":""MultiPoint"",""coordinates"":[]}"
20151230T20,8.3663892,2015-12-30 20:00:00,-10,-60,1.8591976E7,18.591976,5164.437777777778,"{""type"":""MultiPoint"",""coordinates"":[]}"
20151230T21,8.791146,2015-12-30 21:00:00,-10,-60,1.953588E7,19.53588,5426.633333333333,"{""type"":""MultiPoint"",""coordinates"":[]}"
20151230T22,8.9299854,2015-12-30 22:00:00,-10,-60,1.9844412E7,19.844412,5512.336666666667,"{""type"":""MultiPoint"",""coordinates"":[]}"
20151230T23,8.935452000000002,2015-12-30 23:00:00,-10,-60,1.985656E7,19.85656,5515.711111111111,"{""type"":""MultiPoint"",""coordinates"":[]}"
